RUN_EXAM;year;model;correct;accuracy;category;score;model_order
2020_run_1;2020;CLA;128;0.914285714;closed;125.0;1
2020_run_1;2020;DPSK;125;0.892857143;closed;121.25;2
2020_run_1;2020;GPT;138;0.985714286;closed;137.5;3
2020_run_1;2020;GROK;135;0.964285714;closed;133.75;4
2020_run_1;2020;MSTRL;118;0.842857143;closed;112.5;5
2020_run_1;2020;QWEN;130;0.928571429;closed;127.5;6
2020_run_1;2020;MG4B;114;0.814285714;open;107.5;7
2020_run_1;2020;MT8B;89;0.635714286;open;76.25;8
2020_run_1;2020;mSTRL3B;104;0.742857143;open;95.0;9
2020_run_1;2020;Q1_7B;69;0.492857143;open;51.25;10
2020_run_1;2020;Q4B;101;0.721428571;open;91.25;11
2020_run_1;2020;Q8B;112;0.8;open;105.0;12
2020_run_1;2020;MG4Bq4;81;0.578571429;quantized;66.25;13
2020_run_1;2020;MG4Bq6;100;0.714285714;quantized;90.0;14
2020_run_1;2020;MG4Bq8;106;0.757142857;quantized;97.5;15
2020_run_1;2020;MT8Bq4;92;0.657142857;quantized;80.0;16
2020_run_1;2020;MT8Bq6;88;0.628571429;quantized;75.0;17
2020_run_1;2020;MT8Bq8;90;0.642857143;quantized;77.5;18
2020_run_2;2020;CLA;126;0.9;closed;122.5;1
2020_run_2;2020;DPSK;125;0.892857143;closed;121.25;2
2020_run_2;2020;GPT;137;0.978571429;closed;136.25;3
2020_run_2;2020;GROK;133;0.95;closed;131.25;4
2020_run_2;2020;MSTRL;118;0.842857143;closed;112.5;5
2020_run_2;2020;QWEN;134;0.957142857;closed;132.5;6
2020_run_2;2020;MG4B;109;0.778571429;open;101.25;7
2020_run_2;2020;MT8B;92;0.657142857;open;80.0;8
2020_run_2;2020;mSTRL3B;100;0.714285714;open;90.0;9
2020_run_2;2020;Q1_7B;74;0.528571429;open;57.5;10
2020_run_2;2020;Q4B;103;0.735714286;open;93.75;11
2020_run_2;2020;Q8B;104;0.742857143;open;95.0;12
2020_run_2;2020;MG4Bq4;85;0.607142857;quantized;71.25;13
2020_run_2;2020;MG4Bq6;108;0.771428571;quantized;100.0;14
2020_run_2;2020;MG4Bq8;115;0.821428571;quantized;108.75;15
2020_run_2;2020;MT8Bq4;92;0.657142857;quantized;80.0;16
2020_run_2;2020;MT8Bq6;95;0.678571429;quantized;83.75;17
2020_run_2;2020;MT8Bq8;96;0.685714286;quantized;85.0;18
2020_run_3;2020;CLA;128;0.914285714;closed;125.0;1
2020_run_3;2020;DPSK;128;0.914285714;closed;125.0;2
2020_run_3;2020;GPT;137;0.978571429;closed;136.25;3
2020_run_3;2020;GROK;133;0.95;closed;131.25;4
2020_run_3;2020;MSTRL;119;0.85;closed;113.75;5
2020_run_3;2020;QWEN;133;0.95;closed;131.25;6
2020_run_3;2020;MG4B;111;0.792857143;open;103.75;7
2020_run_3;2020;MT8B;92;0.657142857;open;80.0;8
2020_run_3;2020;mSTRL3B;97;0.692857143;open;86.25;9
2020_run_3;2020;Q1_7B;64;0.457142857;open;45.0;10
2020_run_3;2020;Q4B;103;0.735714286;open;93.75;11
2020_run_3;2020;Q8B;104;0.742857143;open;95.0;12
2020_run_3;2020;MG4Bq4;87;0.621428571;quantized;73.75;13
2020_run_3;2020;MG4Bq6;112;0.8;quantized;105.0;14
2020_run_3;2020;MG4Bq8;104;0.742857143;quantized;95.0;15
2020_run_3;2020;MT8Bq4;83;0.592857143;quantized;68.75;16
2020_run_3;2020;MT8Bq6;88;0.628571429;quantized;75.0;17
2020_run_3;2020;MT8Bq8;90;0.642857143;quantized;77.5;18
2020_run_4;2020;CLA;121;0.864285714;closed;116.25;1
2020_run_4;2020;DPSK;127;0.907142857;closed;123.75;2
2020_run_4;2020;GPT;137;0.978571429;closed;136.25;3
2020_run_4;2020;GROK;135;0.964285714;closed;133.75;4
2020_run_4;2020;MSTRL;122;0.871428571;closed;117.5;5
2020_run_4;2020;QWEN;132;0.942857143;closed;130.0;6
2020_run_4;2020;MG4B;114;0.814285714;open;107.5;7
2020_run_4;2020;MT8B;87;0.621428571;open;73.75;8
2020_run_4;2020;mSTRL3B;102;0.728571429;open;92.5;9
2020_run_4;2020;Q1_7B;73;0.521428571;open;56.25;10
2020_run_4;2020;Q4B;99;0.707142857;open;88.75;11
2020_run_4;2020;Q8B;103;0.735714286;open;93.75;12
2020_run_4;2020;MG4Bq4;88;0.628571429;quantized;75.0;13
2020_run_4;2020;MG4Bq6;114;0.814285714;quantized;107.5;14
2020_run_4;2020;MG4Bq8;107;0.764285714;quantized;98.75;15
2020_run_4;2020;MT8Bq4;87;0.621428571;quantized;73.75;16
2020_run_4;2020;MT8Bq6;91;0.65;quantized;78.75;17
2020_run_4;2020;MT8Bq8;86;0.614285714;quantized;72.5;18
2020_run_5;2020;CLA;125;0.892857143;closed;121.25;1
2020_run_5;2020;DPSK;125;0.892857143;closed;121.25;2
2020_run_5;2020;GPT;137;0.978571429;closed;136.25;3
2020_run_5;2020;GROK;134;0.957142857;closed;132.5;4
2020_run_5;2020;MSTRL;122;0.871428571;closed;117.5;5
2020_run_5;2020;QWEN;135;0.964285714;closed;133.75;6
2020_run_5;2020;MG4B;112;0.8;open;105.0;7
2020_run_5;2020;MT8B;94;0.671428571;open;82.5;8
2020_run_5;2020;mSTRL3B;98;0.7;open;87.5;9
2020_run_5;2020;Q1_7B;66;0.471428571;open;47.5;10
2020_run_5;2020;Q4B;103;0.735714286;open;93.75;11
2020_run_5;2020;Q8B;101;0.721428571;open;91.25;12
2020_run_5;2020;MG4Bq4;87;0.621428571;quantized;73.75;13
2020_run_5;2020;MG4Bq6;101;0.721428571;quantized;91.25;14
2020_run_5;2020;MG4Bq8;109;0.778571429;quantized;101.25;15
2020_run_5;2020;MT8Bq4;85;0.607142857;quantized;71.25;16
2020_run_5;2020;MT8Bq6;82;0.585714286;quantized;67.5;17
2020_run_5;2020;MT8Bq8;90;0.642857143;quantized;77.5;18
2020_run_6;2020;CLA;129;0.921428571;closed;126.25;1
2020_run_6;2020;DPSK;126;0.9;closed;122.5;2
2020_run_6;2020;GPT;136;0.971428571;closed;135.0;3
2020_run_6;2020;GROK;133;0.95;closed;131.25;4
2020_run_6;2020;MSTRL;124;0.885714286;closed;120.0;5
2020_run_6;2020;QWEN;129;0.921428571;closed;126.25;6
2020_run_6;2020;MG4B;110;0.785714286;open;102.5;7
2020_run_6;2020;MT8B;91;0.65;open;78.75;8
2020_run_6;2020;mSTRL3B;97;0.692857143;open;86.25;9
2020_run_6;2020;Q1_7B;65;0.464285714;open;46.25;10
2020_run_6;2020;Q4B;102;0.728571429;open;92.5;11
2020_run_6;2020;Q8B;106;0.757142857;open;97.5;12
2020_run_6;2020;MG4Bq4;103;0.735714286;quantized;93.75;13
2020_run_6;2020;MG4Bq6;113;0.807142857;quantized;106.25;14
2020_run_6;2020;MG4Bq8;109;0.778571429;quantized;101.25;15
2020_run_6;2020;MT8Bq4;89;0.635714286;quantized;76.25;16
2020_run_6;2020;MT8Bq6;94;0.671428571;quantized;82.5;17
2020_run_6;2020;MT8Bq8;96;0.685714286;quantized;85.0;18
2020_run_7;2020;CLA;129;0.921428571;closed;126.25;1
2020_run_7;2020;DPSK;130;0.928571429;closed;127.5;2
2020_run_7;2020;GPT;137;0.978571429;closed;136.25;3
2020_run_7;2020;GROK;134;0.957142857;closed;132.5;4
2020_run_7;2020;MSTRL;116;0.828571429;closed;110.0;5
2020_run_7;2020;QWEN;131;0.935714286;closed;128.75;6
2020_run_7;2020;MG4B;107;0.764285714;open;98.75;7
2020_run_7;2020;MT8B;95;0.678571429;open;83.75;8
2020_run_7;2020;mSTRL3B;91;0.65;open;78.75;9
2020_run_7;2020;Q1_7B;67;0.478571429;open;48.75;10
2020_run_7;2020;Q4B;102;0.728571429;open;92.5;11
2020_run_7;2020;Q8B;107;0.764285714;open;98.75;12
2020_run_7;2020;MG4Bq4;105;0.75;quantized;96.25;13
2020_run_7;2020;MG4Bq6;109;0.778571429;quantized;101.25;14
2020_run_7;2020;MG4Bq8;115;0.821428571;quantized;108.75;15
2020_run_7;2020;MT8Bq4;86;0.614285714;quantized;72.5;16
2020_run_7;2020;MT8Bq6;92;0.657142857;quantized;80.0;17
2020_run_7;2020;MT8Bq8;87;0.621428571;quantized;73.75;18
2020_run_8;2020;CLA;126;0.9;closed;122.5;1
2020_run_8;2020;DPSK;130;0.928571429;closed;127.5;2
2020_run_8;2020;GPT;137;0.978571429;closed;136.25;3
2020_run_8;2020;GROK;133;0.95;closed;131.25;4
2020_run_8;2020;MSTRL;122;0.871428571;closed;117.5;5
2020_run_8;2020;QWEN;133;0.95;closed;131.25;6
2020_run_8;2020;MG4B;105;0.75;open;96.25;7
2020_run_8;2020;MT8B;86;0.614285714;open;72.5;8
2020_run_8;2020;mSTRL3B;99;0.707142857;open;88.75;9
2020_run_8;2020;Q1_7B;65;0.464285714;open;46.25;10
2020_run_8;2020;Q4B;98;0.7;open;87.5;11
2020_run_8;2020;Q8B;107;0.764285714;open;98.75;12
2020_run_8;2020;MG4Bq4;109;0.778571429;quantized;101.25;13
2020_run_8;2020;MG4Bq6;112;0.8;quantized;105.0;14
2020_run_8;2020;MG4Bq8;108;0.771428571;quantized;100.0;15
2020_run_8;2020;MT8Bq4;86;0.614285714;quantized;72.5;16
2020_run_8;2020;MT8Bq6;88;0.628571429;quantized;75.0;17
2020_run_8;2020;MT8Bq8;91;0.65;quantized;78.75;18
2020_run_9;2020;CLA;126;0.9;closed;122.5;1
2020_run_9;2020;DPSK;124;0.885714286;closed;120.0;2
2020_run_9;2020;GPT;138;0.985714286;closed;137.5;3
2020_run_9;2020;GROK;133;0.95;closed;131.25;4
2020_run_9;2020;MSTRL;122;0.871428571;closed;117.5;5
2020_run_9;2020;QWEN;134;0.957142857;closed;132.5;6
2020_run_9;2020;MG4B;105;0.75;open;96.25;7
2020_run_9;2020;MT8B;93;0.664285714;open;81.25;8
2020_run_9;2020;mSTRL3B;93;0.664285714;open;81.25;9
2020_run_9;2020;Q1_7B;76;0.542857143;open;60.0;10
2020_run_9;2020;Q4B;99;0.707142857;open;88.75;11
2020_run_9;2020;Q8B;104;0.742857143;open;95.0;12
2020_run_9;2020;MG4Bq4;107;0.764285714;quantized;98.75;13
2020_run_9;2020;MG4Bq6;107;0.764285714;quantized;98.75;14
2020_run_9;2020;MG4Bq8;107;0.764285714;quantized;98.75;15
2020_run_9;2020;MT8Bq4;87;0.621428571;quantized;73.75;16
2020_run_9;2020;MT8Bq6;88;0.628571429;quantized;75.0;17
2020_run_9;2020;MT8Bq8;90;0.642857143;quantized;77.5;18
2020_run_10;2020;CLA;130;0.928571429;closed;127.5;1
2020_run_10;2020;DPSK;130;0.928571429;closed;127.5;2
2020_run_10;2020;GPT;135;0.964285714;closed;133.75;3
2020_run_10;2020;GROK;133;0.95;closed;131.25;4
2020_run_10;2020;MSTRL;118;0.842857143;closed;112.5;5
2020_run_10;2020;QWEN;132;0.942857143;closed;130.0;6
2020_run_10;2020;MG4B;109;0.778571429;open;101.25;7
2020_run_10;2020;MT8B;93;0.664285714;open;81.25;8
2020_run_10;2020;mSTRL3B;95;0.678571429;open;83.75;9
2020_run_10;2020;Q1_7B;67;0.478571429;open;48.75;10
2020_run_10;2020;Q4B;103;0.735714286;open;93.75;11
2020_run_10;2020;Q8B;103;0.735714286;open;93.75;12
2020_run_10;2020;MG4Bq4;105;0.75;quantized;96.25;13
2020_run_10;2020;MG4Bq6;106;0.757142857;quantized;97.5;14
2020_run_10;2020;MG4Bq8;114;0.814285714;quantized;107.5;15
2020_run_10;2020;MT8Bq4;85;0.607142857;quantized;71.25;16
2020_run_10;2020;MT8Bq6;89;0.635714286;quantized;76.25;17
2020_run_10;2020;MT8Bq8;92;0.657142857;quantized;80.0;18
2020_run_11;2020;CLA;128;0.914285714;closed;125.0;1
2020_run_11;2020;DPSK;129;0.921428571;closed;126.25;2
2020_run_11;2020;GPT;136;0.971428571;closed;135.0;3
2020_run_11;2020;GROK;134;0.957142857;closed;132.5;4
2020_run_11;2020;MSTRL;122;0.871428571;closed;117.5;5
2020_run_11;2020;QWEN;131;0.935714286;closed;128.75;6
2020_run_11;2020;MG4B;111;0.792857143;open;103.75;7
2020_run_11;2020;MT8B;92;0.657142857;open;80.0;8
2020_run_11;2020;mSTRL3B;92;0.657142857;open;80.0;9
2020_run_11;2020;Q1_7B;63;0.45;open;43.75;10
2020_run_11;2020;Q4B;101;0.721428571;open;91.25;11
2020_run_11;2020;Q8B;106;0.757142857;open;97.5;12
2020_run_11;2020;MG4Bq4;107;0.764285714;quantized;98.75;13
2020_run_11;2020;MG4Bq6;110;0.785714286;quantized;102.5;14
2020_run_11;2020;MG4Bq8;106;0.757142857;quantized;97.5;15
2020_run_11;2020;MT8Bq4;88;0.628571429;quantized;75.0;16
2020_run_11;2020;MT8Bq6;90;0.642857143;quantized;77.5;17
2020_run_11;2020;MT8Bq8;92;0.657142857;quantized;80.0;18
2020_run_12;2020;CLA;125;0.892857143;closed;121.25;1
2020_run_12;2020;DPSK;128;0.914285714;closed;125.0;2
2020_run_12;2020;GPT;138;0.985714286;closed;137.5;3
2020_run_12;2020;GROK;134;0.957142857;closed;132.5;4
2020_run_12;2020;MSTRL;123;0.878571429;closed;118.75;5
2020_run_12;2020;QWEN;133;0.95;closed;131.25;6
2020_run_12;2020;MG4B;114;0.814285714;open;107.5;7
2020_run_12;2020;MT8B;95;0.678571429;open;83.75;8
2020_run_12;2020;mSTRL3B;95;0.678571429;open;83.75;9
2020_run_12;2020;Q1_7B;72;0.514285714;open;55.0;10
2020_run_12;2020;Q4B;100;0.714285714;open;90.0;11
2020_run_12;2020;Q8B;101;0.721428571;open;91.25;12
2020_run_12;2020;MG4Bq4;110;0.785714286;quantized;102.5;13
2020_run_12;2020;MG4Bq6;113;0.807142857;quantized;106.25;14
2020_run_12;2020;MG4Bq8;108;0.771428571;quantized;100.0;15
2020_run_12;2020;MT8Bq4;88;0.628571429;quantized;75.0;16
2020_run_12;2020;MT8Bq6;94;0.671428571;quantized;82.5;17
2020_run_12;2020;MT8Bq8;89;0.635714286;quantized;76.25;18
2020_run_13;2020;CLA;130;0.928571429;closed;127.5;1
2020_run_13;2020;DPSK;128;0.914285714;closed;125.0;2
2020_run_13;2020;GPT;137;0.978571429;closed;136.25;3
2020_run_13;2020;GROK;134;0.957142857;closed;132.5;4
2020_run_13;2020;MSTRL;117;0.835714286;closed;111.25;5
2020_run_13;2020;QWEN;131;0.935714286;closed;128.75;6
2020_run_13;2020;MG4B;112;0.8;open;105.0;7
2020_run_13;2020;MT8B;91;0.65;open;78.75;8
2020_run_13;2020;mSTRL3B;100;0.714285714;open;90.0;9
2020_run_13;2020;Q1_7B;68;0.485714286;open;50.0;10
2020_run_13;2020;Q4B;101;0.721428571;open;91.25;11
2020_run_13;2020;Q8B;102;0.728571429;open;92.5;12
2020_run_13;2020;MG4Bq4;106;0.757142857;quantized;97.5;13
2020_run_13;2020;MG4Bq6;107;0.764285714;quantized;98.75;14
2020_run_13;2020;MG4Bq8;108;0.771428571;quantized;100.0;15
2020_run_13;2020;MT8Bq4;87;0.621428571;quantized;73.75;16
2020_run_13;2020;MT8Bq6;90;0.642857143;quantized;77.5;17
2020_run_13;2020;MT8Bq8;91;0.65;quantized;78.75;18
2020_run_14;2020;CLA;127;0.907142857;closed;123.75;1
2020_run_14;2020;DPSK;128;0.914285714;closed;125.0;2
2020_run_14;2020;GPT;134;0.957142857;closed;132.5;3
2020_run_14;2020;GROK;132;0.942857143;closed;130.0;4
2020_run_14;2020;MSTRL;121;0.864285714;closed;116.25;5
2020_run_14;2020;QWEN;134;0.957142857;closed;132.5;6
2020_run_14;2020;MG4B;112;0.8;open;105.0;7
2020_run_14;2020;MT8B;90;0.642857143;open;77.5;8
2020_run_14;2020;mSTRL3B;94;0.671428571;open;82.5;9
2020_run_14;2020;Q1_7B;67;0.478571429;open;48.75;10
2020_run_14;2020;Q4B;99;0.707142857;open;88.75;11
2020_run_14;2020;Q8B;100;0.714285714;open;90.0;12
2020_run_14;2020;MG4Bq4;113;0.807142857;quantized;106.25;13
2020_run_14;2020;MG4Bq6;105;0.75;quantized;96.25;14
2020_run_14;2020;MG4Bq8;106;0.757142857;quantized;97.5;15
2020_run_14;2020;MT8Bq4;87;0.621428571;quantized;73.75;16
2020_run_14;2020;MT8Bq6;89;0.635714286;quantized;76.25;17
2020_run_14;2020;MT8Bq8;89;0.635714286;quantized;76.25;18
2020_run_15;2020;CLA;127;0.907142857;closed;123.75;1
2020_run_15;2020;DPSK;127;0.907142857;closed;123.75;2
2020_run_15;2020;GPT;138;0.985714286;closed;137.5;3
2020_run_15;2020;GROK;133;0.95;closed;131.25;4
2020_run_15;2020;MSTRL;120;0.857142857;closed;115.0;5
2020_run_15;2020;QWEN;132;0.942857143;closed;130.0;6
2020_run_15;2020;MG4B;112;0.8;open;105.0;7
2020_run_15;2020;MT8B;92;0.657142857;open;80.0;8
2020_run_15;2020;mSTRL3B;95;0.678571429;open;83.75;9
2020_run_15;2020;Q1_7B;72;0.514285714;open;55.0;10
2020_run_15;2020;Q4B;99;0.707142857;open;88.75;11
2020_run_15;2020;Q8B;107;0.764285714;open;98.75;12
2020_run_15;2020;MG4Bq4;111;0.792857143;quantized;103.75;13
2020_run_15;2020;MG4Bq6;109;0.778571429;quantized;101.25;14
2020_run_15;2020;MG4Bq8;108;0.771428571;quantized;100.0;15
2020_run_15;2020;MT8Bq4;87;0.621428571;quantized;73.75;16
2020_run_15;2020;MT8Bq6;94;0.671428571;quantized;82.5;17
2020_run_15;2020;MT8Bq8;87;0.621428571;quantized;73.75;18
2020_run_16;2020;CLA;128;0.914285714;closed;125.0;1
2020_run_16;2020;DPSK;129;0.921428571;closed;126.25;2
2020_run_16;2020;GPT;136;0.971428571;closed;135.0;3
2020_run_16;2020;GROK;133;0.95;closed;131.25;4
2020_run_16;2020;MSTRL;123;0.878571429;closed;118.75;5
2020_run_16;2020;QWEN;132;0.942857143;closed;130.0;6
2020_run_16;2020;MG4B;107;0.764285714;open;98.75;7
2020_run_16;2020;MT8B;88;0.628571429;open;75.0;8
2020_run_16;2020;mSTRL3B;96;0.685714286;open;85.0;9
2020_run_16;2020;Q1_7B;72;0.514285714;open;55.0;10
2020_run_16;2020;Q4B;103;0.735714286;open;93.75;11
2020_run_16;2020;Q8B;99;0.707142857;open;88.75;12
2020_run_16;2020;MG4Bq4;103;0.735714286;quantized;93.75;13
2020_run_16;2020;MG4Bq6;105;0.75;quantized;96.25;14
2020_run_16;2020;MG4Bq8;111;0.792857143;quantized;103.75;15
2020_run_16;2020;MT8Bq4;91;0.65;quantized;78.75;16
2020_run_16;2020;MT8Bq6;89;0.635714286;quantized;76.25;17
2020_run_16;2020;MT8Bq8;88;0.628571429;quantized;75.0;18
2020_run_17;2020;CLA;131;0.935714286;closed;128.75;1
2020_run_17;2020;DPSK;132;0.942857143;closed;130.0;2
2020_run_17;2020;GPT;136;0.971428571;closed;135.0;3
2020_run_17;2020;GROK;134;0.957142857;closed;132.5;4
2020_run_17;2020;MSTRL;126;0.9;closed;122.5;5
2020_run_17;2020;QWEN;133;0.95;closed;131.25;6
2020_run_17;2020;MG4B;112;0.8;open;105.0;7
2020_run_17;2020;MT8B;89;0.635714286;open;76.25;8
2020_run_17;2020;mSTRL3B;96;0.685714286;open;85.0;9
2020_run_17;2020;Q1_7B;64;0.457142857;open;45.0;10
2020_run_17;2020;Q4B;102;0.728571429;open;92.5;11
2020_run_17;2020;Q8B;104;0.742857143;open;95.0;12
2020_run_17;2020;MG4Bq4;106;0.757142857;quantized;97.5;13
2020_run_17;2020;MG4Bq6;111;0.792857143;quantized;103.75;14
2020_run_17;2020;MG4Bq8;110;0.785714286;quantized;102.5;15
2020_run_17;2020;MT8Bq4;88;0.628571429;quantized;75.0;16
2020_run_17;2020;MT8Bq6;97;0.692857143;quantized;86.25;17
2020_run_17;2020;MT8Bq8;86;0.614285714;quantized;72.5;18
2020_run_18;2020;CLA;128;0.914285714;closed;125.0;1
2020_run_18;2020;DPSK;128;0.914285714;closed;125.0;2
2020_run_18;2020;GPT;138;0.985714286;closed;137.5;3
2020_run_18;2020;GROK;133;0.95;closed;131.25;4
2020_run_18;2020;MSTRL;123;0.878571429;closed;118.75;5
2020_run_18;2020;QWEN;133;0.95;closed;131.25;6
2020_run_18;2020;MG4B;113;0.807142857;open;106.25;7
2020_run_18;2020;MT8B;99;0.707142857;open;88.75;8
2020_run_18;2020;mSTRL3B;85;0.607142857;open;71.25;9
2020_run_18;2020;Q1_7B;74;0.528571429;open;57.5;10
2020_run_18;2020;Q4B;103;0.735714286;open;93.75;11
2020_run_18;2020;Q8B;104;0.742857143;open;95.0;12
2020_run_18;2020;MG4Bq4;112;0.8;quantized;105.0;13
2020_run_18;2020;MG4Bq6;111;0.792857143;quantized;103.75;14
2020_run_18;2020;MG4Bq8;107;0.764285714;quantized;98.75;15
2020_run_18;2020;MT8Bq4;88;0.628571429;quantized;75.0;16
2020_run_18;2020;MT8Bq6;86;0.614285714;quantized;72.5;17
2020_run_18;2020;MT8Bq8;95;0.678571429;quantized;83.75;18
2020_run_19;2020;CLA;125;0.892857143;closed;121.25;1
2020_run_19;2020;DPSK;127;0.907142857;closed;123.75;2
2020_run_19;2020;GPT;136;0.971428571;closed;135.0;3
2020_run_19;2020;GROK;133;0.95;closed;131.25;4
2020_run_19;2020;MSTRL;122;0.871428571;closed;117.5;5
2020_run_19;2020;QWEN;132;0.942857143;closed;130.0;6
2020_run_19;2020;MG4B;112;0.8;open;105.0;7
2020_run_19;2020;MT8B;95;0.678571429;open;83.75;8
2020_run_19;2020;mSTRL3B;95;0.678571429;open;83.75;9
2020_run_19;2020;Q1_7B;66;0.471428571;open;47.5;10
2020_run_19;2020;Q4B;101;0.721428571;open;91.25;11
2020_run_19;2020;Q8B;104;0.742857143;open;95.0;12
2020_run_19;2020;MG4Bq4;116;0.828571429;quantized;110.0;13
2020_run_19;2020;MG4Bq6;108;0.771428571;quantized;100.0;14
2020_run_19;2020;MG4Bq8;111;0.792857143;quantized;103.75;15
2020_run_19;2020;MT8Bq4;91;0.65;quantized;78.75;16
2020_run_19;2020;MT8Bq6;95;0.678571429;quantized;83.75;17
2020_run_19;2020;MT8Bq8;87;0.621428571;quantized;73.75;18
2020_run_20;2020;CLA;122;0.871428571;closed;117.5;1
2020_run_20;2020;DPSK;127;0.907142857;closed;123.75;2
2020_run_20;2020;GPT;137;0.978571429;closed;136.25;3
2020_run_20;2020;GROK;136;0.971428571;closed;135.0;4
2020_run_20;2020;MSTRL;120;0.857142857;closed;115.0;5
2020_run_20;2020;QWEN;131;0.935714286;closed;128.75;6
2020_run_20;2020;MG4B;110;0.785714286;open;102.5;7
2020_run_20;2020;MT8B;95;0.678571429;open;83.75;8
2020_run_20;2020;mSTRL3B;97;0.692857143;open;86.25;9
2020_run_20;2020;Q1_7B;71;0.507142857;open;53.75;10
2020_run_20;2020;Q4B;104;0.742857143;open;95.0;11
2020_run_20;2020;Q8B;105;0.75;open;96.25;12
2020_run_20;2020;MG4Bq4;110;0.785714286;quantized;102.5;13
2020_run_20;2020;MG4Bq6;106;0.757142857;quantized;97.5;14
2020_run_20;2020;MG4Bq8;114;0.814285714;quantized;107.5;15
2020_run_20;2020;MT8Bq4;83;0.592857143;quantized;68.75;16
2020_run_20;2020;MT8Bq6;92;0.657142857;quantized;80.0;17
2020_run_20;2020;MT8Bq8;90;0.642857143;quantized;77.5;18
2020_run_21;2020;CLA;126;0.9;closed;122.5;1
2020_run_21;2020;DPSK;130;0.928571429;closed;127.5;2
2020_run_21;2020;GPT;137;0.978571429;closed;136.25;3
2020_run_21;2020;GROK;133;0.95;closed;131.25;4
2020_run_21;2020;MSTRL;125;0.892857143;closed;121.25;5
2020_run_21;2020;QWEN;130;0.928571429;closed;127.5;6
2020_run_21;2020;MG4B;109;0.778571429;open;101.25;7
2020_run_21;2020;MT8B;87;0.621428571;open;73.75;8
2020_run_21;2020;mSTRL3B;98;0.7;open;87.5;9
2020_run_21;2020;Q1_7B;68;0.485714286;open;50.0;10
2020_run_21;2020;Q4B;103;0.735714286;open;93.75;11
2020_run_21;2020;Q8B;107;0.764285714;open;98.75;12
2020_run_21;2020;MG4Bq4;107;0.764285714;quantized;98.75;13
2020_run_21;2020;MG4Bq6;109;0.778571429;quantized;101.25;14
2020_run_21;2020;MG4Bq8;109;0.778571429;quantized;101.25;15
2020_run_21;2020;MT8Bq4;84;0.6;quantized;70.0;16
2020_run_21;2020;MT8Bq6;89;0.635714286;quantized;76.25;17
2020_run_21;2020;MT8Bq8;89;0.635714286;quantized;76.25;18
2020_run_22;2020;CLA;127;0.907142857;closed;123.75;1
2020_run_22;2020;DPSK;132;0.942857143;closed;130.0;2
2020_run_22;2020;GPT;137;0.978571429;closed;136.25;3
2020_run_22;2020;GROK;136;0.971428571;closed;135.0;4
2020_run_22;2020;MSTRL;124;0.885714286;closed;120.0;5
2020_run_22;2020;QWEN;131;0.935714286;closed;128.75;6
2020_run_22;2020;MG4B;104;0.742857143;open;95.0;7
2020_run_22;2020;MT8B;88;0.628571429;open;75.0;8
2020_run_22;2020;mSTRL3B;97;0.692857143;open;86.25;9
2020_run_22;2020;Q1_7B;81;0.578571429;open;66.25;10
2020_run_22;2020;Q4B;100;0.714285714;open;90.0;11
2020_run_22;2020;Q8B;104;0.742857143;open;95.0;12
2020_run_22;2020;MG4Bq4;111;0.792857143;quantized;103.75;13
2020_run_22;2020;MG4Bq6;110;0.785714286;quantized;102.5;14
2020_run_22;2020;MG4Bq8;111;0.792857143;quantized;103.75;15
2020_run_22;2020;MT8Bq4;89;0.635714286;quantized;76.25;16
2020_run_22;2020;MT8Bq6;88;0.628571429;quantized;75.0;17
2020_run_22;2020;MT8Bq8;90;0.642857143;quantized;77.5;18
2020_run_23;2020;CLA;127;0.907142857;closed;123.75;1
2020_run_23;2020;DPSK;124;0.885714286;closed;120.0;2
2020_run_23;2020;GPT;136;0.971428571;closed;135.0;3
2020_run_23;2020;GROK;132;0.942857143;closed;130.0;4
2020_run_23;2020;MSTRL;120;0.857142857;closed;115.0;5
2020_run_23;2020;QWEN;127;0.907142857;closed;123.75;6
2020_run_23;2020;MG4B;111;0.792857143;open;103.75;7
2020_run_23;2020;MT8B;94;0.671428571;open;82.5;8
2020_run_23;2020;mSTRL3B;95;0.678571429;open;83.75;9
2020_run_23;2020;Q1_7B;64;0.457142857;open;45.0;10
2020_run_23;2020;Q4B;106;0.757142857;open;97.5;11
2020_run_23;2020;Q8B;105;0.75;open;96.25;12
2020_run_23;2020;MG4Bq4;108;0.771428571;quantized;100.0;13
2020_run_23;2020;MG4Bq6;105;0.75;quantized;96.25;14
2020_run_23;2020;MG4Bq8;109;0.778571429;quantized;101.25;15
2020_run_23;2020;MT8Bq4;93;0.664285714;quantized;81.25;16
2020_run_23;2020;MT8Bq6;85;0.607142857;quantized;71.25;17
2020_run_23;2020;MT8Bq8;93;0.664285714;quantized;81.25;18
2020_run_24;2020;CLA;131;0.935714286;closed;128.75;1
2020_run_24;2020;DPSK;128;0.914285714;closed;125.0;2
2020_run_24;2020;GPT;134;0.957142857;closed;132.5;3
2020_run_24;2020;GROK;134;0.957142857;closed;132.5;4
2020_run_24;2020;MSTRL;121;0.864285714;closed;116.25;5
2020_run_24;2020;QWEN;131;0.935714286;closed;128.75;6
2020_run_24;2020;MG4B;111;0.792857143;open;103.75;7
2020_run_24;2020;MT8B;91;0.65;open;78.75;8
2020_run_24;2020;mSTRL3B;99;0.707142857;open;88.75;9
2020_run_24;2020;Q1_7B;70;0.5;open;52.5;10
2020_run_24;2020;Q4B;100;0.714285714;open;90.0;11
2020_run_24;2020;Q8B;104;0.742857143;open;95.0;12
2020_run_24;2020;MG4Bq4;108;0.771428571;quantized;100.0;13
2020_run_24;2020;MG4Bq6;102;0.728571429;quantized;92.5;14
2020_run_24;2020;MG4Bq8;113;0.807142857;quantized;106.25;15
2020_run_24;2020;MT8Bq4;89;0.635714286;quantized;76.25;16
2020_run_24;2020;MT8Bq6;93;0.664285714;quantized;81.25;17
2020_run_24;2020;MT8Bq8;93;0.664285714;quantized;81.25;18
2020_run_25;2020;CLA;133;0.95;closed;131.25;1
2020_run_25;2020;DPSK;128;0.914285714;closed;125.0;2
2020_run_25;2020;GPT;135;0.964285714;closed;133.75;3
2020_run_25;2020;GROK;133;0.95;closed;131.25;4
2020_run_25;2020;MSTRL;123;0.878571429;closed;118.75;5
2020_run_25;2020;QWEN;133;0.95;closed;131.25;6
2020_run_25;2020;MG4B;110;0.785714286;open;102.5;7
2020_run_25;2020;MT8B;87;0.621428571;open;73.75;8
2020_run_25;2020;mSTRL3B;99;0.707142857;open;88.75;9
2020_run_25;2020;Q1_7B;63;0.45;open;43.75;10
2020_run_25;2020;Q4B;100;0.714285714;open;90.0;11
2020_run_25;2020;Q8B;101;0.721428571;open;91.25;12
2020_run_25;2020;MG4Bq4;103;0.735714286;quantized;93.75;13
2020_run_25;2020;MG4Bq6;110;0.785714286;quantized;102.5;14
2020_run_25;2020;MG4Bq8;111;0.792857143;quantized;103.75;15
2020_run_25;2020;MT8Bq4;90;0.642857143;quantized;77.5;16
2020_run_25;2020;MT8Bq6;83;0.592857143;quantized;68.75;17
2020_run_25;2020;MT8Bq8;97;0.692857143;quantized;86.25;18
2020_run_26;2020;CLA;122;0.871428571;closed;117.5;1
2020_run_26;2020;DPSK;127;0.907142857;closed;123.75;2
2020_run_26;2020;GPT;135;0.964285714;closed;133.75;3
2020_run_26;2020;GROK;133;0.95;closed;131.25;4
2020_run_26;2020;MSTRL;120;0.857142857;closed;115.0;5
2020_run_26;2020;QWEN;132;0.942857143;closed;130.0;6
2020_run_26;2020;MG4B;117;0.835714286;open;111.25;7
2020_run_26;2020;MT8B;88;0.628571429;open;75.0;8
2020_run_26;2020;mSTRL3B;103;0.735714286;open;93.75;9
2020_run_26;2020;Q1_7B;69;0.492857143;open;51.25;10
2020_run_26;2020;Q4B;100;0.714285714;open;90.0;11
2020_run_26;2020;Q8B;104;0.742857143;open;95.0;12
2020_run_26;2020;MG4Bq4;111;0.792857143;quantized;103.75;13
2020_run_26;2020;MG4Bq6;109;0.778571429;quantized;101.25;14
2020_run_26;2020;MG4Bq8;109;0.778571429;quantized;101.25;15
2020_run_26;2020;MT8Bq4;92;0.657142857;quantized;80.0;16
2020_run_26;2020;MT8Bq6;94;0.671428571;quantized;82.5;17
2020_run_26;2020;MT8Bq8;88;0.628571429;quantized;75.0;18
2020_run_27;2020;CLA;131;0.935714286;closed;128.75;1
2020_run_27;2020;DPSK;129;0.921428571;closed;126.25;2
2020_run_27;2020;GPT;136;0.971428571;closed;135.0;3
2020_run_27;2020;GROK;134;0.957142857;closed;132.5;4
2020_run_27;2020;MSTRL;124;0.885714286;closed;120.0;5
2020_run_27;2020;QWEN;130;0.928571429;closed;127.5;6
2020_run_27;2020;MG4B;109;0.778571429;open;101.25;7
2020_run_27;2020;MT8B;93;0.664285714;open;81.25;8
2020_run_27;2020;mSTRL3B;101;0.721428571;open;91.25;9
2020_run_27;2020;Q1_7B;66;0.471428571;open;47.5;10
2020_run_27;2020;Q4B;101;0.721428571;open;91.25;11
2020_run_27;2020;Q8B;105;0.75;open;96.25;12
2020_run_27;2020;MG4Bq4;104;0.742857143;quantized;95.0;13
2020_run_27;2020;MG4Bq6;115;0.821428571;quantized;108.75;14
2020_run_27;2020;MG4Bq8;109;0.778571429;quantized;101.25;15
2020_run_27;2020;MT8Bq4;90;0.642857143;quantized;77.5;16
2020_run_27;2020;MT8Bq6;92;0.657142857;quantized;80.0;17
2020_run_27;2020;MT8Bq8;89;0.635714286;quantized;76.25;18
2020_run_28;2020;CLA;128;0.914285714;closed;125.0;1
2020_run_28;2020;DPSK;129;0.921428571;closed;126.25;2
2020_run_28;2020;GPT;137;0.978571429;closed;136.25;3
2020_run_28;2020;GROK;134;0.957142857;closed;132.5;4
2020_run_28;2020;MSTRL;121;0.864285714;closed;116.25;5
2020_run_28;2020;QWEN;134;0.957142857;closed;132.5;6
2020_run_28;2020;MG4B;111;0.792857143;open;103.75;7
2020_run_28;2020;MT8B;91;0.65;open;78.75;8
2020_run_28;2020;mSTRL3B;100;0.714285714;open;90.0;9
2020_run_28;2020;Q1_7B;64;0.457142857;open;45.0;10
2020_run_28;2020;Q4B;100;0.714285714;open;90.0;11
2020_run_28;2020;Q8B;104;0.742857143;open;95.0;12
2020_run_28;2020;MG4Bq4;112;0.8;quantized;105.0;13
2020_run_28;2020;MG4Bq6;112;0.8;quantized;105.0;14
2020_run_28;2020;MG4Bq8;115;0.821428571;quantized;108.75;15
2020_run_28;2020;MT8Bq4;90;0.642857143;quantized;77.5;16
2020_run_28;2020;MT8Bq6;97;0.692857143;quantized;86.25;17
2020_run_28;2020;MT8Bq8;92;0.657142857;quantized;80.0;18
2020_run_29;2020;CLA;128;0.914285714;closed;125.0;1
2020_run_29;2020;DPSK;125;0.892857143;closed;121.25;2
2020_run_29;2020;GPT;138;0.985714286;closed;137.5;3
2020_run_29;2020;GROK;136;0.971428571;closed;135.0;4
2020_run_29;2020;MSTRL;121;0.864285714;closed;116.25;5
2020_run_29;2020;QWEN;135;0.964285714;closed;133.75;6
2020_run_29;2020;MG4B;108;0.771428571;open;100.0;7
2020_run_29;2020;MT8B;90;0.642857143;open;77.5;8
2020_run_29;2020;mSTRL3B;97;0.692857143;open;86.25;9
2020_run_29;2020;Q1_7B;66;0.471428571;open;47.5;10
2020_run_29;2020;Q4B;109;0.778571429;open;101.25;11
2020_run_29;2020;Q8B;106;0.757142857;open;97.5;12
2020_run_29;2020;MG4Bq4;110;0.785714286;quantized;102.5;13
2020_run_29;2020;MG4Bq6;103;0.735714286;quantized;93.75;14
2020_run_29;2020;MG4Bq8;110;0.785714286;quantized;102.5;15
2020_run_29;2020;MT8Bq4;95;0.678571429;quantized;83.75;16
2020_run_29;2020;MT8Bq6;85;0.607142857;quantized;71.25;17
2020_run_29;2020;MT8Bq8;85;0.607142857;quantized;71.25;18
2020_run_30;2020;CLA;126;0.9;closed;122.5;1
2020_run_30;2020;DPSK;132;0.942857143;closed;130.0;2
2020_run_30;2020;GPT;136;0.971428571;closed;135.0;3
2020_run_30;2020;GROK;133;0.95;closed;131.25;4
2020_run_30;2020;MSTRL;123;0.878571429;closed;118.75;5
2020_run_30;2020;QWEN;131;0.935714286;closed;128.75;6
2020_run_30;2020;MG4B;110;0.785714286;open;102.5;7
2020_run_30;2020;MT8B;95;0.678571429;open;83.75;8
2020_run_30;2020;mSTRL3B;101;0.721428571;open;91.25;9
2020_run_30;2020;Q1_7B;69;0.492857143;open;51.25;10
2020_run_30;2020;Q4B;104;0.742857143;open;95.0;11
2020_run_30;2020;Q8B;102;0.728571429;open;92.5;12
2020_run_30;2020;MG4Bq4;105;0.75;quantized;96.25;13
2020_run_30;2020;MG4Bq6;109;0.778571429;quantized;101.25;14
2020_run_30;2020;MG4Bq8;114;0.814285714;quantized;107.5;15
2020_run_30;2020;MT8Bq4;90;0.642857143;quantized;77.5;16
2020_run_30;2020;MT8Bq6;89;0.635714286;quantized;76.25;17
2020_run_30;2020;MT8Bq8;92;0.657142857;quantized;80.0;18
2020_run_31;2020;CLA;128;0.914285714;closed;125.0;1
2020_run_31;2020;DPSK;127;0.907142857;closed;123.75;2
2020_run_31;2020;GPT;138;0.985714286;closed;137.5;3
2020_run_31;2020;GROK;134;0.957142857;closed;132.5;4
2020_run_31;2020;MSTRL;123;0.878571429;closed;118.75;5
2020_run_31;2020;QWEN;133;0.95;closed;131.25;6
2020_run_31;2020;MG4B;111;0.792857143;open;103.75;7
2020_run_31;2020;MT8B;87;0.621428571;open;73.75;8
2020_run_31;2020;mSTRL3B;105;0.75;open;96.25;9
2020_run_31;2020;Q1_7B;63;0.45;open;43.75;10
2020_run_31;2020;Q4B;104;0.742857143;open;95.0;11
2020_run_31;2020;Q8B;101;0.721428571;open;91.25;12
2020_run_31;2020;MG4Bq4;111;0.792857143;quantized;103.75;13
2020_run_31;2020;MG4Bq6;113;0.807142857;quantized;106.25;14
2020_run_31;2020;MG4Bq8;102;0.728571429;quantized;92.5;15
2020_run_31;2020;MT8Bq4;85;0.607142857;quantized;71.25;16
2020_run_31;2020;MT8Bq6;92;0.657142857;quantized;80.0;17
2020_run_31;2020;MT8Bq8;90;0.642857143;quantized;77.5;18
2020_run_32;2020;CLA;131;0.935714286;closed;128.75;1
2020_run_32;2020;DPSK;132;0.942857143;closed;130.0;2
2020_run_32;2020;GPT;137;0.978571429;closed;136.25;3
2020_run_32;2020;GROK;134;0.957142857;closed;132.5;4
2020_run_32;2020;MSTRL;123;0.878571429;closed;118.75;5
2020_run_32;2020;QWEN;131;0.935714286;closed;128.75;6
2020_run_32;2020;MG4B;116;0.828571429;open;110.0;7
2020_run_32;2020;MT8B;93;0.664285714;open;81.25;8
2020_run_32;2020;mSTRL3B;94;0.671428571;open;82.5;9
2020_run_32;2020;Q1_7B;65;0.464285714;open;46.25;10
2020_run_32;2020;Q4B;102;0.728571429;open;92.5;11
2020_run_32;2020;Q8B;99;0.707142857;open;88.75;12
2020_run_32;2020;MG4Bq4;109;0.778571429;quantized;101.25;13
2020_run_32;2020;MG4Bq6;101;0.721428571;quantized;91.25;14
2020_run_32;2020;MG4Bq8;113;0.807142857;quantized;106.25;15
2020_run_32;2020;MT8Bq4;95;0.678571429;quantized;83.75;16
2020_run_32;2020;MT8Bq6;86;0.614285714;quantized;72.5;17
2020_run_32;2020;MT8Bq8;89;0.635714286;quantized;76.25;18
2020_run_33;2020;CLA;128;0.914285714;closed;125.0;1
2020_run_33;2020;DPSK;129;0.921428571;closed;126.25;2
2020_run_33;2020;GPT;135;0.964285714;closed;133.75;3
2020_run_33;2020;GROK;134;0.957142857;closed;132.5;4
2020_run_33;2020;MSTRL;122;0.871428571;closed;117.5;5
2020_run_33;2020;QWEN;132;0.942857143;closed;130.0;6
2020_run_33;2020;MG4B;102;0.728571429;open;92.5;7
2020_run_33;2020;MT8B;91;0.65;open;78.75;8
2020_run_33;2020;mSTRL3B;97;0.692857143;open;86.25;9
2020_run_33;2020;Q1_7B;63;0.45;open;43.75;10
2020_run_33;2020;Q4B;101;0.721428571;open;91.25;11
2020_run_33;2020;Q8B;102;0.728571429;open;92.5;12
2020_run_33;2020;MG4Bq4;103;0.735714286;quantized;93.75;13
2020_run_33;2020;MG4Bq6;101;0.721428571;quantized;91.25;14
2020_run_33;2020;MG4Bq8;106;0.757142857;quantized;97.5;15
2020_run_33;2020;MT8Bq4;84;0.6;quantized;70.0;16
2020_run_33;2020;MT8Bq6;92;0.657142857;quantized;80.0;17
2020_run_33;2020;MT8Bq8;86;0.614285714;quantized;72.5;18
2020_run_34;2020;CLA;128;0.914285714;closed;125.0;1
2020_run_34;2020;DPSK;125;0.892857143;closed;121.25;2
2020_run_34;2020;GPT;137;0.978571429;closed;136.25;3
2020_run_34;2020;GROK;133;0.95;closed;131.25;4
2020_run_34;2020;MSTRL;124;0.885714286;closed;120.0;5
2020_run_34;2020;QWEN;132;0.942857143;closed;130.0;6
2020_run_34;2020;MG4B;110;0.785714286;open;102.5;7
2020_run_34;2020;MT8B;88;0.628571429;open;75.0;8
2020_run_34;2020;mSTRL3B;91;0.65;open;78.75;9
2020_run_34;2020;Q1_7B;69;0.492857143;open;51.25;10
2020_run_34;2020;Q4B;101;0.721428571;open;91.25;11
2020_run_34;2020;Q8B;106;0.757142857;open;97.5;12
2020_run_34;2020;MG4Bq4;105;0.75;quantized;96.25;13
2020_run_34;2020;MG4Bq6;110;0.785714286;quantized;102.5;14
2020_run_34;2020;MG4Bq8;114;0.814285714;quantized;107.5;15
2020_run_34;2020;MT8Bq4;91;0.65;quantized;78.75;16
2020_run_34;2020;MT8Bq6;88;0.628571429;quantized;75.0;17
2020_run_34;2020;MT8Bq8;92;0.657142857;quantized;80.0;18
2020_run_35;2020;CLA;128;0.914285714;closed;125.0;1
2020_run_35;2020;DPSK;130;0.928571429;closed;127.5;2
2020_run_35;2020;GPT;135;0.964285714;closed;133.75;3
2020_run_35;2020;GROK;133;0.95;closed;131.25;4
2020_run_35;2020;MSTRL;117;0.835714286;closed;111.25;5
2020_run_35;2020;QWEN;131;0.935714286;closed;128.75;6
2020_run_35;2020;MG4B;103;0.735714286;open;93.75;7
2020_run_35;2020;MT8B;94;0.671428571;open;82.5;8
2020_run_35;2020;mSTRL3B;101;0.721428571;open;91.25;9
2020_run_35;2020;Q1_7B;68;0.485714286;open;50.0;10
2020_run_35;2020;Q4B;101;0.721428571;open;91.25;11
2020_run_35;2020;Q8B;101;0.721428571;open;91.25;12
2020_run_35;2020;MG4Bq4;113;0.807142857;quantized;106.25;13
2020_run_35;2020;MG4Bq6;108;0.771428571;quantized;100.0;14
2020_run_35;2020;MG4Bq8;109;0.778571429;quantized;101.25;15
2020_run_35;2020;MT8Bq4;91;0.65;quantized;78.75;16
2020_run_35;2020;MT8Bq6;90;0.642857143;quantized;77.5;17
2020_run_35;2020;MT8Bq8;93;0.664285714;quantized;81.25;18
2020_run_36;2020;CLA;129;0.921428571;closed;126.25;1
2020_run_36;2020;DPSK;130;0.928571429;closed;127.5;2
2020_run_36;2020;GPT;134;0.957142857;closed;132.5;3
2020_run_36;2020;GROK;135;0.964285714;closed;133.75;4
2020_run_36;2020;MSTRL;119;0.85;closed;113.75;5
2020_run_36;2020;QWEN;133;0.95;closed;131.25;6
2020_run_36;2020;MG4B;112;0.8;open;105.0;7
2020_run_36;2020;MT8B;92;0.657142857;open;80.0;8
2020_run_36;2020;mSTRL3B;98;0.7;open;87.5;9
2020_run_36;2020;Q1_7B;68;0.485714286;open;50.0;10
2020_run_36;2020;Q4B;102;0.728571429;open;92.5;11
2020_run_36;2020;Q8B;108;0.771428571;open;100.0;12
2020_run_36;2020;MG4Bq4;106;0.757142857;quantized;97.5;13
2020_run_36;2020;MG4Bq6;104;0.742857143;quantized;95.0;14
2020_run_36;2020;MG4Bq8;113;0.807142857;quantized;106.25;15
2020_run_36;2020;MT8Bq4;87;0.621428571;quantized;73.75;16
2020_run_36;2020;MT8Bq6;94;0.671428571;quantized;82.5;17
2020_run_36;2020;MT8Bq8;94;0.671428571;quantized;82.5;18
2020_run_37;2020;CLA;126;0.9;closed;122.5;1
2020_run_37;2020;DPSK;127;0.907142857;closed;123.75;2
2020_run_37;2020;GPT;136;0.971428571;closed;135.0;3
2020_run_37;2020;GROK;133;0.95;closed;131.25;4
2020_run_37;2020;MSTRL;124;0.885714286;closed;120.0;5
2020_run_37;2020;QWEN;132;0.942857143;closed;130.0;6
2020_run_37;2020;MG4B;111;0.792857143;open;103.75;7
2020_run_37;2020;MT8B;90;0.642857143;open;77.5;8
2020_run_37;2020;mSTRL3B;99;0.707142857;open;88.75;9
2020_run_37;2020;Q1_7B;63;0.45;open;43.75;10
2020_run_37;2020;Q4B;101;0.721428571;open;91.25;11
2020_run_37;2020;Q8B;104;0.742857143;open;95.0;12
2020_run_37;2020;MG4Bq4;113;0.807142857;quantized;106.25;13
2020_run_37;2020;MG4Bq6;115;0.821428571;quantized;108.75;14
2020_run_37;2020;MG4Bq8;113;0.807142857;quantized;106.25;15
2020_run_37;2020;MT8Bq4;88;0.628571429;quantized;75.0;16
2020_run_37;2020;MT8Bq6;88;0.628571429;quantized;75.0;17
2020_run_37;2020;MT8Bq8;94;0.671428571;quantized;82.5;18
2020_run_38;2020;CLA;127;0.907142857;closed;123.75;1
2020_run_38;2020;DPSK;126;0.9;closed;122.5;2
2020_run_38;2020;GPT;137;0.978571429;closed;136.25;3
2020_run_38;2020;GROK;135;0.964285714;closed;133.75;4
2020_run_38;2020;MSTRL;122;0.871428571;closed;117.5;5
2020_run_38;2020;QWEN;129;0.921428571;closed;126.25;6
2020_run_38;2020;MG4B;109;0.778571429;open;101.25;7
2020_run_38;2020;MT8B;89;0.635714286;open;76.25;8
2020_run_38;2020;mSTRL3B;99;0.707142857;open;88.75;9
2020_run_38;2020;Q1_7B;65;0.464285714;open;46.25;10
2020_run_38;2020;Q4B;107;0.764285714;open;98.75;11
2020_run_38;2020;Q8B;108;0.771428571;open;100.0;12
2020_run_38;2020;MG4Bq4;110;0.785714286;quantized;102.5;13
2020_run_38;2020;MG4Bq6;104;0.742857143;quantized;95.0;14
2020_run_38;2020;MG4Bq8;110;0.785714286;quantized;102.5;15
2020_run_38;2020;MT8Bq4;88;0.628571429;quantized;75.0;16
2020_run_38;2020;MT8Bq6;92;0.657142857;quantized;80.0;17
2020_run_38;2020;MT8Bq8;85;0.607142857;quantized;71.25;18
2020_run_39;2020;CLA;129;0.921428571;closed;126.25;1
2020_run_39;2020;DPSK;127;0.907142857;closed;123.75;2
2020_run_39;2020;GPT;137;0.978571429;closed;136.25;3
2020_run_39;2020;GROK;135;0.964285714;closed;133.75;4
2020_run_39;2020;MSTRL;123;0.878571429;closed;118.75;5
2020_run_39;2020;QWEN;130;0.928571429;closed;127.5;6
2020_run_39;2020;MG4B;113;0.807142857;open;106.25;7
2020_run_39;2020;MT8B;88;0.628571429;open;75.0;8
2020_run_39;2020;mSTRL3B;98;0.7;open;87.5;9
2020_run_39;2020;Q1_7B;70;0.5;open;52.5;10
2020_run_39;2020;Q4B;100;0.714285714;open;90.0;11
2020_run_39;2020;Q8B;107;0.764285714;open;98.75;12
2020_run_39;2020;MG4Bq4;109;0.778571429;quantized;101.25;13
2020_run_39;2020;MG4Bq6;111;0.792857143;quantized;103.75;14
2020_run_39;2020;MG4Bq8;109;0.778571429;quantized;101.25;15
2020_run_39;2020;MT8Bq4;94;0.671428571;quantized;82.5;16
2020_run_39;2020;MT8Bq6;87;0.621428571;quantized;73.75;17
2020_run_39;2020;MT8Bq8;86;0.614285714;quantized;72.5;18
2020_run_40;2020;CLA;132;0.942857143;closed;130.0;1
2020_run_40;2020;DPSK;129;0.921428571;closed;126.25;2
2020_run_40;2020;GPT;137;0.978571429;closed;136.25;3
2020_run_40;2020;GROK;135;0.964285714;closed;133.75;4
2020_run_40;2020;MSTRL;119;0.85;closed;113.75;5
2020_run_40;2020;QWEN;131;0.935714286;closed;128.75;6
2020_run_40;2020;MG4B;109;0.778571429;open;101.25;7
2020_run_40;2020;MT8B;93;0.664285714;open;81.25;8
2020_run_40;2020;mSTRL3B;98;0.7;open;87.5;9
2020_run_40;2020;Q1_7B;67;0.478571429;open;48.75;10
2020_run_40;2020;Q4B;101;0.721428571;open;91.25;11
2020_run_40;2020;Q8B;104;0.742857143;open;95.0;12
2020_run_40;2020;MG4Bq4;107;0.764285714;quantized;98.75;13
2020_run_40;2020;MG4Bq6;111;0.792857143;quantized;103.75;14
2020_run_40;2020;MG4Bq8;111;0.792857143;quantized;103.75;15
2020_run_40;2020;MT8Bq4;86;0.614285714;quantized;72.5;16
2020_run_40;2020;MT8Bq6;91;0.65;quantized;78.75;17
2020_run_40;2020;MT8Bq8;87;0.621428571;quantized;73.75;18
2020_run_41;2020;CLA;127;0.907142857;closed;123.75;1
2020_run_41;2020;DPSK;129;0.921428571;closed;126.25;2
2020_run_41;2020;GPT;137;0.978571429;closed;136.25;3
2020_run_41;2020;GROK;135;0.964285714;closed;133.75;4
2020_run_41;2020;MSTRL;123;0.878571429;closed;118.75;5
2020_run_41;2020;QWEN;131;0.935714286;closed;128.75;6
2020_run_41;2020;MG4B;111;0.792857143;open;103.75;7
2020_run_41;2020;MT8B;90;0.642857143;open;77.5;8
2020_run_41;2020;mSTRL3B;101;0.721428571;open;91.25;9
2020_run_41;2020;Q1_7B;70;0.5;open;52.5;10
2020_run_41;2020;Q4B;98;0.7;open;87.5;11
2020_run_41;2020;Q8B;100;0.714285714;open;90.0;12
2020_run_41;2020;MG4Bq4;109;0.778571429;quantized;101.25;13
2020_run_41;2020;MG4Bq6;108;0.771428571;quantized;100.0;14
2020_run_41;2020;MG4Bq8;121;0.864285714;quantized;116.25;15
2020_run_41;2020;MT8Bq4;85;0.607142857;quantized;71.25;16
2020_run_41;2020;MT8Bq6;90;0.642857143;quantized;77.5;17
2020_run_41;2020;MT8Bq8;92;0.657142857;quantized;80.0;18
2020_run_42;2020;CLA;126;0.9;closed;122.5;1
2020_run_42;2020;DPSK;131;0.935714286;closed;128.75;2
2020_run_42;2020;GPT;136;0.971428571;closed;135.0;3
2020_run_42;2020;GROK;133;0.95;closed;131.25;4
2020_run_42;2020;MSTRL;122;0.871428571;closed;117.5;5
2020_run_42;2020;QWEN;132;0.942857143;closed;130.0;6
2020_run_42;2020;MG4B;111;0.792857143;open;103.75;7
2020_run_42;2020;MT8B;93;0.664285714;open;81.25;8
2020_run_42;2020;mSTRL3B;97;0.692857143;open;86.25;9
2020_run_42;2020;Q1_7B;65;0.464285714;open;46.25;10
2020_run_42;2020;Q4B;104;0.742857143;open;95.0;11
2020_run_42;2020;Q8B;103;0.735714286;open;93.75;12
2020_run_42;2020;MG4Bq4;107;0.764285714;quantized;98.75;13
2020_run_42;2020;MG4Bq6;102;0.728571429;quantized;92.5;14
2020_run_42;2020;MG4Bq8;109;0.778571429;quantized;101.25;15
2020_run_42;2020;MT8Bq4;87;0.621428571;quantized;73.75;16
2020_run_42;2020;MT8Bq6;90;0.642857143;quantized;77.5;17
2020_run_42;2020;MT8Bq8;86;0.614285714;quantized;72.5;18
2020_run_43;2020;CLA;128;0.914285714;closed;125.0;1
2020_run_43;2020;DPSK;130;0.928571429;closed;127.5;2
2020_run_43;2020;GPT;137;0.978571429;closed;136.25;3
2020_run_43;2020;GROK;132;0.942857143;closed;130.0;4
2020_run_43;2020;MSTRL;117;0.835714286;closed;111.25;5
2020_run_43;2020;QWEN;132;0.942857143;closed;130.0;6
2020_run_43;2020;MG4B;111;0.792857143;open;103.75;7
2020_run_43;2020;MT8B;88;0.628571429;open;75.0;8
2020_run_43;2020;mSTRL3B;95;0.678571429;open;83.75;9
2020_run_43;2020;Q1_7B;67;0.478571429;open;48.75;10
2020_run_43;2020;Q4B;104;0.742857143;open;95.0;11
2020_run_43;2020;Q8B;101;0.721428571;open;91.25;12
2020_run_43;2020;MG4Bq4;111;0.792857143;quantized;103.75;13
2020_run_43;2020;MG4Bq6;109;0.778571429;quantized;101.25;14
2020_run_43;2020;MG4Bq8;108;0.771428571;quantized;100.0;15
2020_run_43;2020;MT8Bq4;89;0.635714286;quantized;76.25;16
2020_run_43;2020;MT8Bq6;86;0.614285714;quantized;72.5;17
2020_run_43;2020;MT8Bq8;91;0.65;quantized;78.75;18
2020_run_44;2020;CLA;127;0.907142857;closed;123.75;1
2020_run_44;2020;DPSK;129;0.921428571;closed;126.25;2
2020_run_44;2020;GPT;137;0.978571429;closed;136.25;3
2020_run_44;2020;GROK;134;0.957142857;closed;132.5;4
2020_run_44;2020;MSTRL;117;0.835714286;closed;111.25;5
2020_run_44;2020;QWEN;132;0.942857143;closed;130.0;6
2020_run_44;2020;MG4B;111;0.792857143;open;103.75;7
2020_run_44;2020;MT8B;89;0.635714286;open;76.25;8
2020_run_44;2020;mSTRL3B;97;0.692857143;open;86.25;9
2020_run_44;2020;Q1_7B;74;0.528571429;open;57.5;10
2020_run_44;2020;Q4B;99;0.707142857;open;88.75;11
2020_run_44;2020;Q8B;102;0.728571429;open;92.5;12
2020_run_44;2020;MG4Bq4;106;0.757142857;quantized;97.5;13
2020_run_44;2020;MG4Bq6;110;0.785714286;quantized;102.5;14
2020_run_44;2020;MG4Bq8;107;0.764285714;quantized;98.75;15
2020_run_44;2020;MT8Bq4;88;0.628571429;quantized;75.0;16
2020_run_44;2020;MT8Bq6;91;0.65;quantized;78.75;17
2020_run_44;2020;MT8Bq8;91;0.65;quantized;78.75;18
2020_run_45;2020;CLA;124;0.885714286;closed;120.0;1
2020_run_45;2020;DPSK;126;0.9;closed;122.5;2
2020_run_45;2020;GPT;137;0.978571429;closed;136.25;3
2020_run_45;2020;GROK;133;0.95;closed;131.25;4
2020_run_45;2020;MSTRL;120;0.857142857;closed;115.0;5
2020_run_45;2020;QWEN;129;0.921428571;closed;126.25;6
2020_run_45;2020;MG4B;111;0.792857143;open;103.75;7
2020_run_45;2020;MT8B;89;0.635714286;open;76.25;8
2020_run_45;2020;mSTRL3B;95;0.678571429;open;83.75;9
2020_run_45;2020;Q1_7B;65;0.464285714;open;46.25;10
2020_run_45;2020;Q4B;102;0.728571429;open;92.5;11
2020_run_45;2020;Q8B;101;0.721428571;open;91.25;12
2020_run_45;2020;MG4Bq4;107;0.764285714;quantized;98.75;13
2020_run_45;2020;MG4Bq6;110;0.785714286;quantized;102.5;14
2020_run_45;2020;MG4Bq8;117;0.835714286;quantized;111.25;15
2020_run_45;2020;MT8Bq4;87;0.621428571;quantized;73.75;16
2020_run_45;2020;MT8Bq6;91;0.65;quantized;78.75;17
2020_run_45;2020;MT8Bq8;89;0.635714286;quantized;76.25;18
2020_run_46;2020;CLA;130;0.928571429;closed;127.5;1
2020_run_46;2020;DPSK;127;0.907142857;closed;123.75;2
2020_run_46;2020;GPT;136;0.971428571;closed;135.0;3
2020_run_46;2020;GROK;135;0.964285714;closed;133.75;4
2020_run_46;2020;MSTRL;126;0.9;closed;122.5;5
2020_run_46;2020;QWEN;133;0.95;closed;131.25;6
2020_run_46;2020;MG4B;110;0.785714286;open;102.5;7
2020_run_46;2020;MT8B;87;0.621428571;open;73.75;8
2020_run_46;2020;mSTRL3B;93;0.664285714;open;81.25;9
2020_run_46;2020;Q1_7B;66;0.471428571;open;47.5;10
2020_run_46;2020;Q4B;99;0.707142857;open;88.75;11
2020_run_46;2020;Q8B;97;0.692857143;open;86.25;12
2020_run_46;2020;MG4Bq4;111;0.792857143;quantized;103.75;13
2020_run_46;2020;MG4Bq6;109;0.778571429;quantized;101.25;14
2020_run_46;2020;MG4Bq8;107;0.764285714;quantized;98.75;15
2020_run_46;2020;MT8Bq4;90;0.642857143;quantized;77.5;16
2020_run_46;2020;MT8Bq6;89;0.635714286;quantized;76.25;17
2020_run_46;2020;MT8Bq8;88;0.628571429;quantized;75.0;18
2020_run_47;2020;CLA;125;0.892857143;closed;121.25;1
2020_run_47;2020;DPSK;132;0.942857143;closed;130.0;2
2020_run_47;2020;GPT;137;0.978571429;closed;136.25;3
2020_run_47;2020;GROK;134;0.957142857;closed;132.5;4
2020_run_47;2020;MSTRL;120;0.857142857;closed;115.0;5
2020_run_47;2020;QWEN;127;0.907142857;closed;123.75;6
2020_run_47;2020;MG4B;110;0.785714286;open;102.5;7
2020_run_47;2020;MT8B;96;0.685714286;open;85.0;8
2020_run_47;2020;mSTRL3B;97;0.692857143;open;86.25;9
2020_run_47;2020;Q1_7B;78;0.557142857;open;62.5;10
2020_run_47;2020;Q4B;98;0.7;open;87.5;11
2020_run_47;2020;Q8B;105;0.75;open;96.25;12
2020_run_47;2020;MG4Bq4;105;0.75;quantized;96.25;13
2020_run_47;2020;MG4Bq6;114;0.814285714;quantized;107.5;14
2020_run_47;2020;MG4Bq8;107;0.764285714;quantized;98.75;15
2020_run_47;2020;MT8Bq4;88;0.628571429;quantized;75.0;16
2020_run_47;2020;MT8Bq6;94;0.671428571;quantized;82.5;17
2020_run_47;2020;MT8Bq8;92;0.657142857;quantized;80.0;18
2020_run_48;2020;CLA;127;0.907142857;closed;123.75;1
2020_run_48;2020;DPSK;124;0.885714286;closed;120.0;2
2020_run_48;2020;GPT;136;0.971428571;closed;135.0;3
2020_run_48;2020;GROK;134;0.957142857;closed;132.5;4
2020_run_48;2020;MSTRL;122;0.871428571;closed;117.5;5
2020_run_48;2020;QWEN;133;0.95;closed;131.25;6
2020_run_48;2020;MG4B;109;0.778571429;open;101.25;7
2020_run_48;2020;MT8B;100;0.714285714;open;90.0;8
2020_run_48;2020;mSTRL3B;97;0.692857143;open;86.25;9
2020_run_48;2020;Q1_7B;69;0.492857143;open;51.25;10
2020_run_48;2020;Q4B;105;0.75;open;96.25;11
2020_run_48;2020;Q8B;107;0.764285714;open;98.75;12
2020_run_48;2020;MG4Bq4;106;0.757142857;quantized;97.5;13
2020_run_48;2020;MG4Bq6;108;0.771428571;quantized;100.0;14
2020_run_48;2020;MG4Bq8;109;0.778571429;quantized;101.25;15
2020_run_48;2020;MT8Bq4;91;0.65;quantized;78.75;16
2020_run_48;2020;MT8Bq6;88;0.628571429;quantized;75.0;17
2020_run_48;2020;MT8Bq8;89;0.635714286;quantized;76.25;18
2020_run_49;2020;CLA;130;0.928571429;closed;127.5;1
2020_run_49;2020;DPSK;129;0.921428571;closed;126.25;2
2020_run_49;2020;GPT;135;0.964285714;closed;133.75;3
2020_run_49;2020;GROK;134;0.957142857;closed;132.5;4
2020_run_49;2020;MSTRL;122;0.871428571;closed;117.5;5
2020_run_49;2020;QWEN;132;0.942857143;closed;130.0;6
2020_run_49;2020;MG4B;106;0.757142857;open;97.5;7
2020_run_49;2020;MT8B;92;0.657142857;open;80.0;8
2020_run_49;2020;mSTRL3B;102;0.728571429;open;92.5;9
2020_run_49;2020;Q1_7B;64;0.457142857;open;45.0;10
2020_run_49;2020;Q4B;103;0.735714286;open;93.75;11
2020_run_49;2020;Q8B;104;0.742857143;open;95.0;12
2020_run_49;2020;MG4Bq4;108;0.771428571;quantized;100.0;13
2020_run_49;2020;MG4Bq6;108;0.771428571;quantized;100.0;14
2020_run_49;2020;MG4Bq8;111;0.792857143;quantized;103.75;15
2020_run_49;2020;MT8Bq4;87;0.621428571;quantized;73.75;16
2020_run_49;2020;MT8Bq6;93;0.664285714;quantized;81.25;17
2020_run_49;2020;MT8Bq8;95;0.678571429;quantized;83.75;18
2020_run_50;2020;CLA;130;0.928571429;closed;127.5;1
2020_run_50;2020;DPSK;125;0.892857143;closed;121.25;2
2020_run_50;2020;GPT;137;0.978571429;closed;136.25;3
2020_run_50;2020;GROK;131;0.935714286;closed;128.75;4
2020_run_50;2020;MSTRL;121;0.864285714;closed;116.25;5
2020_run_50;2020;QWEN;130;0.928571429;closed;127.5;6
2020_run_50;2020;MG4B;113;0.807142857;open;106.25;7
2020_run_50;2020;MT8B;93;0.664285714;open;81.25;8
2020_run_50;2020;mSTRL3B;97;0.692857143;open;86.25;9
2020_run_50;2020;Q1_7B;75;0.535714286;open;58.75;10
2020_run_50;2020;Q4B;102;0.728571429;open;92.5;11
2020_run_50;2020;Q8B;106;0.757142857;open;97.5;12
2020_run_50;2020;MG4Bq4;108;0.771428571;quantized;100.0;13
2020_run_50;2020;MG4Bq6;104;0.742857143;quantized;95.0;14
2020_run_50;2020;MG4Bq8;114;0.814285714;quantized;107.5;15
2020_run_50;2020;MT8Bq4;86;0.614285714;quantized;72.5;16
2020_run_50;2020;MT8Bq6;99;0.707142857;quantized;88.75;17
2020_run_50;2020;MT8Bq8;92;0.657142857;quantized;80.0;18
2021_run_1;2021;CLA;126;0.9;closed;122.5;1
2021_run_1;2021;DPSK;128;0.914285714;closed;125.0;2
2021_run_1;2021;GPT;137;0.978571429;closed;136.25;3
2021_run_1;2021;GROK;136;0.971428571;closed;135.0;4
2021_run_1;2021;MSTRL;131;0.935714286;closed;128.75;5
2021_run_1;2021;QWEN;137;0.978571429;closed;136.25;6
2021_run_1;2021;MG4B;106;0.757142857;open;97.5;7
2021_run_1;2021;MT8B;87;0.621428571;open;73.75;8
2021_run_1;2021;mSTRL3B;94;0.671428571;open;82.5;9
2021_run_1;2021;Q1_7B;69;0.492857143;open;51.25;10
2021_run_1;2021;Q4B;106;0.757142857;open;97.5;11
2021_run_1;2021;Q8B;110;0.785714286;open;102.5;12
2021_run_1;2021;MG4Bq4;100;0.714285714;quantized;90.0;13
2021_run_1;2021;MG4Bq6;105;0.75;quantized;96.25;14
2021_run_1;2021;MG4Bq8;110;0.785714286;quantized;102.5;15
2021_run_1;2021;MT8Bq4;89;0.635714286;quantized;76.25;16
2021_run_1;2021;MT8Bq6;90;0.642857143;quantized;77.5;17
2021_run_1;2021;MT8Bq8;91;0.65;quantized;78.75;18
2021_run_2;2021;CLA;133;0.95;closed;131.25;1
2021_run_2;2021;DPSK;127;0.907142857;closed;123.75;2
2021_run_2;2021;GPT;138;0.985714286;closed;137.5;3
2021_run_2;2021;GROK;135;0.964285714;closed;133.75;4
2021_run_2;2021;MSTRL;128;0.914285714;closed;125.0;5
2021_run_2;2021;QWEN;137;0.978571429;closed;136.25;6
2021_run_2;2021;MG4B;109;0.778571429;open;101.25;7
2021_run_2;2021;MT8B;92;0.657142857;open;80.0;8
2021_run_2;2021;mSTRL3B;97;0.692857143;open;86.25;9
2021_run_2;2021;Q1_7B;72;0.514285714;open;55.0;10
2021_run_2;2021;Q4B;114;0.814285714;open;107.5;11
2021_run_2;2021;Q8B;112;0.8;open;105.0;12
2021_run_2;2021;MG4Bq4;109;0.778571429;quantized;101.25;13
2021_run_2;2021;MG4Bq6;104;0.742857143;quantized;95.0;14
2021_run_2;2021;MG4Bq8;110;0.785714286;quantized;102.5;15
2021_run_2;2021;MT8Bq4;87;0.621428571;quantized;73.75;16
2021_run_2;2021;MT8Bq6;92;0.657142857;quantized;80.0;17
2021_run_2;2021;MT8Bq8;89;0.635714286;quantized;76.25;18
2021_run_3;2021;CLA;130;0.928571429;closed;127.5;1
2021_run_3;2021;DPSK;132;0.942857143;closed;130.0;2
2021_run_3;2021;GPT;137;0.978571429;closed;136.25;3
2021_run_3;2021;GROK;138;0.985714286;closed;137.5;4
2021_run_3;2021;MSTRL;128;0.914285714;closed;125.0;5
2021_run_3;2021;QWEN;139;0.992857143;closed;138.75;6
2021_run_3;2021;MG4B;111;0.792857143;open;103.75;7
2021_run_3;2021;MT8B;87;0.621428571;open;73.75;8
2021_run_3;2021;mSTRL3B;103;0.735714286;open;93.75;9
2021_run_3;2021;Q1_7B;62;0.442857143;open;42.5;10
2021_run_3;2021;Q4B;108;0.771428571;open;100.0;11
2021_run_3;2021;Q8B;110;0.785714286;open;102.5;12
2021_run_3;2021;MG4Bq4;108;0.771428571;quantized;100.0;13
2021_run_3;2021;MG4Bq6;102;0.728571429;quantized;92.5;14
2021_run_3;2021;MG4Bq8;110;0.785714286;quantized;102.5;15
2021_run_3;2021;MT8Bq4;89;0.635714286;quantized;76.25;16
2021_run_3;2021;MT8Bq6;88;0.628571429;quantized;75.0;17
2021_run_3;2021;MT8Bq8;92;0.657142857;quantized;80.0;18
2021_run_4;2021;CLA;130;0.928571429;closed;127.5;1
2021_run_4;2021;DPSK;130;0.928571429;closed;127.5;2
2021_run_4;2021;GPT;138;0.985714286;closed;137.5;3
2021_run_4;2021;GROK;138;0.985714286;closed;137.5;4
2021_run_4;2021;MSTRL;131;0.935714286;closed;128.75;5
2021_run_4;2021;QWEN;137;0.978571429;closed;136.25;6
2021_run_4;2021;MG4B;109;0.778571429;open;101.25;7
2021_run_4;2021;MT8B;84;0.6;open;70.0;8
2021_run_4;2021;mSTRL3B;104;0.742857143;open;95.0;9
2021_run_4;2021;Q1_7B;64;0.457142857;open;45.0;10
2021_run_4;2021;Q4B;110;0.785714286;open;102.5;11
2021_run_4;2021;Q8B;117;0.835714286;open;111.25;12
2021_run_4;2021;MG4Bq4;107;0.764285714;quantized;98.75;13
2021_run_4;2021;MG4Bq6;103;0.735714286;quantized;93.75;14
2021_run_4;2021;MG4Bq8;106;0.757142857;quantized;97.5;15
2021_run_4;2021;MT8Bq4;92;0.657142857;quantized;80.0;16
2021_run_4;2021;MT8Bq6;92;0.657142857;quantized;80.0;17
2021_run_4;2021;MT8Bq8;88;0.628571429;quantized;75.0;18
2021_run_5;2021;CLA;132;0.942857143;closed;130.0;1
2021_run_5;2021;DPSK;128;0.914285714;closed;125.0;2
2021_run_5;2021;GPT;138;0.985714286;closed;137.5;3
2021_run_5;2021;GROK;139;0.992857143;closed;138.75;4
2021_run_5;2021;MSTRL;124;0.885714286;closed;120.0;5
2021_run_5;2021;QWEN;138;0.985714286;closed;137.5;6
2021_run_5;2021;MG4B;103;0.735714286;open;93.75;7
2021_run_5;2021;MT8B;90;0.642857143;open;77.5;8
2021_run_5;2021;mSTRL3B;98;0.7;open;87.5;9
2021_run_5;2021;Q1_7B;67;0.478571429;open;48.75;10
2021_run_5;2021;Q4B;106;0.757142857;open;97.5;11
2021_run_5;2021;Q8B;116;0.828571429;open;110.0;12
2021_run_5;2021;MG4Bq4;104;0.742857143;quantized;95.0;13
2021_run_5;2021;MG4Bq6;107;0.764285714;quantized;98.75;14
2021_run_5;2021;MG4Bq8;108;0.771428571;quantized;100.0;15
2021_run_5;2021;MT8Bq4;92;0.657142857;quantized;80.0;16
2021_run_5;2021;MT8Bq6;94;0.671428571;quantized;82.5;17
2021_run_5;2021;MT8Bq8;85;0.607142857;quantized;71.25;18
2021_run_6;2021;CLA;131;0.935714286;closed;128.75;1
2021_run_6;2021;DPSK;127;0.907142857;closed;123.75;2
2021_run_6;2021;GPT;137;0.978571429;closed;136.25;3
2021_run_6;2021;GROK;138;0.985714286;closed;137.5;4
2021_run_6;2021;MSTRL;129;0.921428571;closed;126.25;5
2021_run_6;2021;QWEN;137;0.978571429;closed;136.25;6
2021_run_6;2021;MG4B;110;0.785714286;open;102.5;7
2021_run_6;2021;MT8B;94;0.671428571;open;82.5;8
2021_run_6;2021;mSTRL3B;96;0.685714286;open;85.0;9
2021_run_6;2021;Q1_7B;62;0.442857143;open;42.5;10
2021_run_6;2021;Q4B;109;0.778571429;open;101.25;11
2021_run_6;2021;Q8B;111;0.792857143;open;103.75;12
2021_run_6;2021;MG4Bq4;106;0.757142857;quantized;97.5;13
2021_run_6;2021;MG4Bq6;105;0.75;quantized;96.25;14
2021_run_6;2021;MG4Bq8;106;0.757142857;quantized;97.5;15
2021_run_6;2021;MT8Bq4;82;0.585714286;quantized;67.5;16
2021_run_6;2021;MT8Bq6;88;0.628571429;quantized;75.0;17
2021_run_6;2021;MT8Bq8;93;0.664285714;quantized;81.25;18
2021_run_7;2021;CLA;129;0.921428571;closed;126.25;1
2021_run_7;2021;DPSK;128;0.914285714;closed;125.0;2
2021_run_7;2021;GPT;136;0.971428571;closed;135.0;3
2021_run_7;2021;GROK;136;0.971428571;closed;135.0;4
2021_run_7;2021;MSTRL;131;0.935714286;closed;128.75;5
2021_run_7;2021;QWEN;137;0.978571429;closed;136.25;6
2021_run_7;2021;MG4B;108;0.771428571;open;100.0;7
2021_run_7;2021;MT8B;86;0.614285714;open;72.5;8
2021_run_7;2021;mSTRL3B;98;0.7;open;87.5;9
2021_run_7;2021;Q1_7B;71;0.507142857;open;53.75;10
2021_run_7;2021;Q4B;106;0.757142857;open;97.5;11
2021_run_7;2021;Q8B;111;0.792857143;open;103.75;12
2021_run_7;2021;MG4Bq4;103;0.735714286;quantized;93.75;13
2021_run_7;2021;MG4Bq6;105;0.75;quantized;96.25;14
2021_run_7;2021;MG4Bq8;101;0.721428571;quantized;91.25;15
2021_run_7;2021;MT8Bq4;100;0.714285714;quantized;90.0;16
2021_run_7;2021;MT8Bq6;88;0.628571429;quantized;75.0;17
2021_run_7;2021;MT8Bq8;87;0.621428571;quantized;73.75;18
2021_run_8;2021;CLA;131;0.935714286;closed;128.75;1
2021_run_8;2021;DPSK;129;0.921428571;closed;126.25;2
2021_run_8;2021;GPT;138;0.985714286;closed;137.5;3
2021_run_8;2021;GROK;137;0.978571429;closed;136.25;4
2021_run_8;2021;MSTRL;131;0.935714286;closed;128.75;5
2021_run_8;2021;QWEN;138;0.985714286;closed;137.5;6
2021_run_8;2021;MG4B;112;0.8;open;105.0;7
2021_run_8;2021;MT8B;84;0.6;open;70.0;8
2021_run_8;2021;mSTRL3B;100;0.714285714;open;90.0;9
2021_run_8;2021;Q1_7B;61;0.435714286;open;41.25;10
2021_run_8;2021;Q4B;107;0.764285714;open;98.75;11
2021_run_8;2021;Q8B;111;0.792857143;open;103.75;12
2021_run_8;2021;MG4Bq4;101;0.721428571;quantized;91.25;13
2021_run_8;2021;MG4Bq6;111;0.792857143;quantized;103.75;14
2021_run_8;2021;MG4Bq8;104;0.742857143;quantized;95.0;15
2021_run_8;2021;MT8Bq4;94;0.671428571;quantized;82.5;16
2021_run_8;2021;MT8Bq6;94;0.671428571;quantized;82.5;17
2021_run_8;2021;MT8Bq8;94;0.671428571;quantized;82.5;18
2021_run_9;2021;CLA;131;0.935714286;closed;128.75;1
2021_run_9;2021;DPSK;128;0.914285714;closed;125.0;2
2021_run_9;2021;GPT;137;0.978571429;closed;136.25;3
2021_run_9;2021;GROK;136;0.971428571;closed;135.0;4
2021_run_9;2021;MSTRL;129;0.921428571;closed;126.25;5
2021_run_9;2021;QWEN;139;0.992857143;closed;138.75;6
2021_run_9;2021;MG4B;110;0.785714286;open;102.5;7
2021_run_9;2021;MT8B;88;0.628571429;open;75.0;8
2021_run_9;2021;mSTRL3B;107;0.764285714;open;98.75;9
2021_run_9;2021;Q1_7B;61;0.435714286;open;41.25;10
2021_run_9;2021;Q4B;108;0.771428571;open;100.0;11
2021_run_9;2021;Q8B;114;0.814285714;open;107.5;12
2021_run_9;2021;MG4Bq4;109;0.778571429;quantized;101.25;13
2021_run_9;2021;MG4Bq6;105;0.75;quantized;96.25;14
2021_run_9;2021;MG4Bq8;105;0.75;quantized;96.25;15
2021_run_9;2021;MT8Bq4;93;0.664285714;quantized;81.25;16
2021_run_9;2021;MT8Bq6;89;0.635714286;quantized;76.25;17
2021_run_9;2021;MT8Bq8;90;0.642857143;quantized;77.5;18
2021_run_10;2021;CLA;131;0.935714286;closed;128.75;1
2021_run_10;2021;DPSK;127;0.907142857;closed;123.75;2
2021_run_10;2021;GPT;138;0.985714286;closed;137.5;3
2021_run_10;2021;GROK;136;0.971428571;closed;135.0;4
2021_run_10;2021;MSTRL;132;0.942857143;closed;130.0;5
2021_run_10;2021;QWEN;137;0.978571429;closed;136.25;6
2021_run_10;2021;MG4B;109;0.778571429;open;101.25;7
2021_run_10;2021;MT8B;85;0.607142857;open;71.25;8
2021_run_10;2021;mSTRL3B;104;0.742857143;open;95.0;9
2021_run_10;2021;Q1_7B;63;0.45;open;43.75;10
2021_run_10;2021;Q4B;108;0.771428571;open;100.0;11
2021_run_10;2021;Q8B;114;0.814285714;open;107.5;12
2021_run_10;2021;MG4Bq4;108;0.771428571;quantized;100.0;13
2021_run_10;2021;MG4Bq6;102;0.728571429;quantized;92.5;14
2021_run_10;2021;MG4Bq8;110;0.785714286;quantized;102.5;15
2021_run_10;2021;MT8Bq4;90;0.642857143;quantized;77.5;16
2021_run_10;2021;MT8Bq6;93;0.664285714;quantized;81.25;17
2021_run_10;2021;MT8Bq8;93;0.664285714;quantized;81.25;18
2021_run_11;2021;CLA;131;0.935714286;closed;128.75;1
2021_run_11;2021;DPSK;126;0.9;closed;122.5;2
2021_run_11;2021;GPT;138;0.985714286;closed;137.5;3
2021_run_11;2021;GROK;139;0.992857143;closed;138.75;4
2021_run_11;2021;MSTRL;125;0.892857143;closed;121.25;5
2021_run_11;2021;QWEN;139;0.992857143;closed;138.75;6
2021_run_11;2021;MG4B;108;0.771428571;open;100.0;7
2021_run_11;2021;MT8B;89;0.635714286;open;76.25;8
2021_run_11;2021;mSTRL3B;104;0.742857143;open;95.0;9
2021_run_11;2021;Q1_7B;66;0.471428571;open;47.5;10
2021_run_11;2021;Q4B;116;0.828571429;open;110.0;11
2021_run_11;2021;Q8B;110;0.785714286;open;102.5;12
2021_run_11;2021;MG4Bq4;107;0.764285714;quantized;98.75;13
2021_run_11;2021;MG4Bq6;109;0.778571429;quantized;101.25;14
2021_run_11;2021;MG4Bq8;108;0.771428571;quantized;100.0;15
2021_run_11;2021;MT8Bq4;87;0.621428571;quantized;73.75;16
2021_run_11;2021;MT8Bq6;86;0.614285714;quantized;72.5;17
2021_run_11;2021;MT8Bq8;88;0.628571429;quantized;75.0;18
2021_run_12;2021;CLA;122;0.871428571;closed;117.5;1
2021_run_12;2021;DPSK;127;0.907142857;closed;123.75;2
2021_run_12;2021;GPT;139;0.992857143;closed;138.75;3
2021_run_12;2021;GROK;134;0.957142857;closed;132.5;4
2021_run_12;2021;MSTRL;130;0.928571429;closed;127.5;5
2021_run_12;2021;QWEN;138;0.985714286;closed;137.5;6
2021_run_12;2021;MG4B;108;0.771428571;open;100.0;7
2021_run_12;2021;MT8B;96;0.685714286;open;85.0;8
2021_run_12;2021;mSTRL3B;111;0.792857143;open;103.75;9
2021_run_12;2021;Q1_7B;74;0.528571429;open;57.5;10
2021_run_12;2021;Q4B;110;0.785714286;open;102.5;11
2021_run_12;2021;Q8B;107;0.764285714;open;98.75;12
2021_run_12;2021;MG4Bq4;110;0.785714286;quantized;102.5;13
2021_run_12;2021;MG4Bq6;105;0.75;quantized;96.25;14
2021_run_12;2021;MG4Bq8;107;0.764285714;quantized;98.75;15
2021_run_12;2021;MT8Bq4;89;0.635714286;quantized;76.25;16
2021_run_12;2021;MT8Bq6;99;0.707142857;quantized;88.75;17
2021_run_12;2021;MT8Bq8;91;0.65;quantized;78.75;18
2021_run_13;2021;CLA;130;0.928571429;closed;127.5;1
2021_run_13;2021;DPSK;133;0.95;closed;131.25;2
2021_run_13;2021;GPT;137;0.978571429;closed;136.25;3
2021_run_13;2021;GROK;138;0.985714286;closed;137.5;4
2021_run_13;2021;MSTRL;126;0.9;closed;122.5;5
2021_run_13;2021;QWEN;137;0.978571429;closed;136.25;6
2021_run_13;2021;MG4B;112;0.8;open;105.0;7
2021_run_13;2021;MT8B;92;0.657142857;open;80.0;8
2021_run_13;2021;mSTRL3B;97;0.692857143;open;86.25;9
2021_run_13;2021;Q1_7B;68;0.485714286;open;50.0;10
2021_run_13;2021;Q4B;104;0.742857143;open;95.0;11
2021_run_13;2021;Q8B;108;0.771428571;open;100.0;12
2021_run_13;2021;MG4Bq4;110;0.785714286;quantized;102.5;13
2021_run_13;2021;MG4Bq6;101;0.721428571;quantized;91.25;14
2021_run_13;2021;MG4Bq8;101;0.721428571;quantized;91.25;15
2021_run_13;2021;MT8Bq4;94;0.671428571;quantized;82.5;16
2021_run_13;2021;MT8Bq6;93;0.664285714;quantized;81.25;17
2021_run_13;2021;MT8Bq8;93;0.664285714;quantized;81.25;18
2021_run_14;2021;CLA;129;0.921428571;closed;126.25;1
2021_run_14;2021;DPSK;128;0.914285714;closed;125.0;2
2021_run_14;2021;GPT;137;0.978571429;closed;136.25;3
2021_run_14;2021;GROK;138;0.985714286;closed;137.5;4
2021_run_14;2021;MSTRL;129;0.921428571;closed;126.25;5
2021_run_14;2021;QWEN;138;0.985714286;closed;137.5;6
2021_run_14;2021;MG4B;111;0.792857143;open;103.75;7
2021_run_14;2021;MT8B;85;0.607142857;open;71.25;8
2021_run_14;2021;mSTRL3B;98;0.7;open;87.5;9
2021_run_14;2021;Q1_7B;63;0.45;open;43.75;10
2021_run_14;2021;Q4B;109;0.778571429;open;101.25;11
2021_run_14;2021;Q8B;115;0.821428571;open;108.75;12
2021_run_14;2021;MG4Bq4;114;0.814285714;quantized;107.5;13
2021_run_14;2021;MG4Bq6;105;0.75;quantized;96.25;14
2021_run_14;2021;MG4Bq8;103;0.735714286;quantized;93.75;15
2021_run_14;2021;MT8Bq4;94;0.671428571;quantized;82.5;16
2021_run_14;2021;MT8Bq6;93;0.664285714;quantized;81.25;17
2021_run_14;2021;MT8Bq8;88;0.628571429;quantized;75.0;18
2021_run_15;2021;CLA;128;0.914285714;closed;125.0;1
2021_run_15;2021;DPSK;128;0.914285714;closed;125.0;2
2021_run_15;2021;GPT;138;0.985714286;closed;137.5;3
2021_run_15;2021;GROK;138;0.985714286;closed;137.5;4
2021_run_15;2021;MSTRL;129;0.921428571;closed;126.25;5
2021_run_15;2021;QWEN;137;0.978571429;closed;136.25;6
2021_run_15;2021;MG4B;106;0.757142857;open;97.5;7
2021_run_15;2021;MT8B;88;0.628571429;open;75.0;8
2021_run_15;2021;mSTRL3B;104;0.742857143;open;95.0;9
2021_run_15;2021;Q1_7B;62;0.442857143;open;42.5;10
2021_run_15;2021;Q4B;110;0.785714286;open;102.5;11
2021_run_15;2021;Q8B;109;0.778571429;open;101.25;12
2021_run_15;2021;MG4Bq4;102;0.728571429;quantized;92.5;13
2021_run_15;2021;MG4Bq6;109;0.778571429;quantized;101.25;14
2021_run_15;2021;MG4Bq8;101;0.721428571;quantized;91.25;15
2021_run_15;2021;MT8Bq4;90;0.642857143;quantized;77.5;16
2021_run_15;2021;MT8Bq6;89;0.635714286;quantized;76.25;17
2021_run_15;2021;MT8Bq8;85;0.607142857;quantized;71.25;18
2021_run_16;2021;CLA;128;0.914285714;closed;125.0;1
2021_run_16;2021;DPSK;128;0.914285714;closed;125.0;2
2021_run_16;2021;GPT;137;0.978571429;closed;136.25;3
2021_run_16;2021;GROK;138;0.985714286;closed;137.5;4
2021_run_16;2021;MSTRL;130;0.928571429;closed;127.5;5
2021_run_16;2021;QWEN;138;0.985714286;closed;137.5;6
2021_run_16;2021;MG4B;110;0.785714286;open;102.5;7
2021_run_16;2021;MT8B;92;0.657142857;open;80.0;8
2021_run_16;2021;mSTRL3B;100;0.714285714;open;90.0;9
2021_run_16;2021;Q1_7B;73;0.521428571;open;56.25;10
2021_run_16;2021;Q4B;111;0.792857143;open;103.75;11
2021_run_16;2021;Q8B;112;0.8;open;105.0;12
2021_run_16;2021;MG4Bq4;111;0.792857143;quantized;103.75;13
2021_run_16;2021;MG4Bq6;104;0.742857143;quantized;95.0;14
2021_run_16;2021;MG4Bq8;103;0.735714286;quantized;93.75;15
2021_run_16;2021;MT8Bq4;86;0.614285714;quantized;72.5;16
2021_run_16;2021;MT8Bq6;88;0.628571429;quantized;75.0;17
2021_run_16;2021;MT8Bq8;92;0.657142857;quantized;80.0;18
2021_run_17;2021;CLA;132;0.942857143;closed;130.0;1
2021_run_17;2021;DPSK;129;0.921428571;closed;126.25;2
2021_run_17;2021;GPT;135;0.964285714;closed;133.75;3
2021_run_17;2021;GROK;138;0.985714286;closed;137.5;4
2021_run_17;2021;MSTRL;127;0.907142857;closed;123.75;5
2021_run_17;2021;QWEN;138;0.985714286;closed;137.5;6
2021_run_17;2021;MG4B;115;0.821428571;open;108.75;7
2021_run_17;2021;MT8B;89;0.635714286;open;76.25;8
2021_run_17;2021;mSTRL3B;103;0.735714286;open;93.75;9
2021_run_17;2021;Q1_7B;61;0.435714286;open;41.25;10
2021_run_17;2021;Q4B;109;0.778571429;open;101.25;11
2021_run_17;2021;Q8B;105;0.75;open;96.25;12
2021_run_17;2021;MG4Bq4;110;0.785714286;quantized;102.5;13
2021_run_17;2021;MG4Bq6;103;0.735714286;quantized;93.75;14
2021_run_17;2021;MG4Bq8;105;0.75;quantized;96.25;15
2021_run_17;2021;MT8Bq4;91;0.65;quantized;78.75;16
2021_run_17;2021;MT8Bq6;92;0.657142857;quantized;80.0;17
2021_run_17;2021;MT8Bq8;96;0.685714286;quantized;85.0;18
2021_run_18;2021;CLA;131;0.935714286;closed;128.75;1
2021_run_18;2021;DPSK;131;0.935714286;closed;128.75;2
2021_run_18;2021;GPT;138;0.985714286;closed;137.5;3
2021_run_18;2021;GROK;139;0.992857143;closed;138.75;4
2021_run_18;2021;MSTRL;129;0.921428571;closed;126.25;5
2021_run_18;2021;QWEN;139;0.992857143;closed;138.75;6
2021_run_18;2021;MG4B;112;0.8;open;105.0;7
2021_run_18;2021;MT8B;92;0.657142857;open;80.0;8
2021_run_18;2021;mSTRL3B;107;0.764285714;open;98.75;9
2021_run_18;2021;Q1_7B;64;0.457142857;open;45.0;10
2021_run_18;2021;Q4B;102;0.728571429;open;92.5;11
2021_run_18;2021;Q8B;111;0.792857143;open;103.75;12
2021_run_18;2021;MG4Bq4;107;0.764285714;quantized;98.75;13
2021_run_18;2021;MG4Bq6;107;0.764285714;quantized;98.75;14
2021_run_18;2021;MG4Bq8;112;0.8;quantized;105.0;15
2021_run_18;2021;MT8Bq4;92;0.657142857;quantized;80.0;16
2021_run_18;2021;MT8Bq6;94;0.671428571;quantized;82.5;17
2021_run_18;2021;MT8Bq8;97;0.692857143;quantized;86.25;18
2021_run_19;2021;CLA;131;0.935714286;closed;128.75;1
2021_run_19;2021;DPSK;128;0.914285714;closed;125.0;2
2021_run_19;2021;GPT;138;0.985714286;closed;137.5;3
2021_run_19;2021;GROK;137;0.978571429;closed;136.25;4
2021_run_19;2021;MSTRL;132;0.942857143;closed;130.0;5
2021_run_19;2021;QWEN;138;0.985714286;closed;137.5;6
2021_run_19;2021;MG4B;111;0.792857143;open;103.75;7
2021_run_19;2021;MT8B;88;0.628571429;open;75.0;8
2021_run_19;2021;mSTRL3B;98;0.7;open;87.5;9
2021_run_19;2021;Q1_7B;58;0.414285714;open;37.5;10
2021_run_19;2021;Q4B;107;0.764285714;open;98.75;11
2021_run_19;2021;Q8B;104;0.742857143;open;95.0;12
2021_run_19;2021;MG4Bq4;108;0.771428571;quantized;100.0;13
2021_run_19;2021;MG4Bq6;116;0.828571429;quantized;110.0;14
2021_run_19;2021;MG4Bq8;89;0.635714286;quantized;76.25;15
2021_run_19;2021;MT8Bq4;88;0.628571429;quantized;75.0;16
2021_run_19;2021;MT8Bq6;86;0.614285714;quantized;72.5;17
2021_run_19;2021;MT8Bq8;94;0.671428571;quantized;82.5;18
2021_run_20;2021;CLA;132;0.942857143;closed;130.0;1
2021_run_20;2021;DPSK;134;0.957142857;closed;132.5;2
2021_run_20;2021;GPT;137;0.978571429;closed;136.25;3
2021_run_20;2021;GROK;137;0.978571429;closed;136.25;4
2021_run_20;2021;MSTRL;124;0.885714286;closed;120.0;5
2021_run_20;2021;QWEN;139;0.992857143;closed;138.75;6
2021_run_20;2021;MG4B;110;0.785714286;open;102.5;7
2021_run_20;2021;MT8B;89;0.635714286;open;76.25;8
2021_run_20;2021;mSTRL3B;106;0.757142857;open;97.5;9
2021_run_20;2021;Q1_7B;73;0.521428571;open;56.25;10
2021_run_20;2021;Q4B;109;0.778571429;open;101.25;11
2021_run_20;2021;Q8B;110;0.785714286;open;102.5;12
2021_run_20;2021;MG4Bq4;105;0.75;quantized;96.25;13
2021_run_20;2021;MG4Bq6;103;0.735714286;quantized;93.75;14
2021_run_20;2021;MG4Bq8;102;0.728571429;quantized;92.5;15
2021_run_20;2021;MT8Bq4;96;0.685714286;quantized;85.0;16
2021_run_20;2021;MT8Bq6;90;0.642857143;quantized;77.5;17
2021_run_20;2021;MT8Bq8;92;0.657142857;quantized;80.0;18
2021_run_21;2021;CLA;130;0.928571429;closed;127.5;1
2021_run_21;2021;DPSK;130;0.928571429;closed;127.5;2
2021_run_21;2021;GPT;137;0.978571429;closed;136.25;3
2021_run_21;2021;GROK;138;0.985714286;closed;137.5;4
2021_run_21;2021;MSTRL;131;0.935714286;closed;128.75;5
2021_run_21;2021;QWEN;137;0.978571429;closed;136.25;6
2021_run_21;2021;MG4B;113;0.807142857;open;106.25;7
2021_run_21;2021;MT8B;86;0.614285714;open;72.5;8
2021_run_21;2021;mSTRL3B;100;0.714285714;open;90.0;9
2021_run_21;2021;Q1_7B;68;0.485714286;open;50.0;10
2021_run_21;2021;Q4B;102;0.728571429;open;92.5;11
2021_run_21;2021;Q8B;115;0.821428571;open;108.75;12
2021_run_21;2021;MG4Bq4;109;0.778571429;quantized;101.25;13
2021_run_21;2021;MG4Bq6;110;0.785714286;quantized;102.5;14
2021_run_21;2021;MG4Bq8;101;0.721428571;quantized;91.25;15
2021_run_21;2021;MT8Bq4;91;0.65;quantized;78.75;16
2021_run_21;2021;MT8Bq6;93;0.664285714;quantized;81.25;17
2021_run_21;2021;MT8Bq8;89;0.635714286;quantized;76.25;18
2021_run_22;2021;CLA;129;0.921428571;closed;126.25;1
2021_run_22;2021;DPSK;128;0.914285714;closed;125.0;2
2021_run_22;2021;GPT;138;0.985714286;closed;137.5;3
2021_run_22;2021;GROK;138;0.985714286;closed;137.5;4
2021_run_22;2021;MSTRL;130;0.928571429;closed;127.5;5
2021_run_22;2021;QWEN;139;0.992857143;closed;138.75;6
2021_run_22;2021;MG4B;113;0.807142857;open;106.25;7
2021_run_22;2021;MT8B;90;0.642857143;open;77.5;8
2021_run_22;2021;mSTRL3B;106;0.757142857;open;97.5;9
2021_run_22;2021;Q1_7B;62;0.442857143;open;42.5;10
2021_run_22;2021;Q4B;109;0.778571429;open;101.25;11
2021_run_22;2021;Q8B;112;0.8;open;105.0;12
2021_run_22;2021;MG4Bq4;108;0.771428571;quantized;100.0;13
2021_run_22;2021;MG4Bq6;112;0.8;quantized;105.0;14
2021_run_22;2021;MG4Bq8;107;0.764285714;quantized;98.75;15
2021_run_22;2021;MT8Bq4;89;0.635714286;quantized;76.25;16
2021_run_22;2021;MT8Bq6;95;0.678571429;quantized;83.75;17
2021_run_22;2021;MT8Bq8;84;0.6;quantized;70.0;18
2021_run_23;2021;CLA;135;0.964285714;closed;133.75;1
2021_run_23;2021;DPSK;124;0.885714286;closed;120.0;2
2021_run_23;2021;GPT;136;0.971428571;closed;135.0;3
2021_run_23;2021;GROK;137;0.978571429;closed;136.25;4
2021_run_23;2021;MSTRL;132;0.942857143;closed;130.0;5
2021_run_23;2021;QWEN;136;0.971428571;closed;135.0;6
2021_run_23;2021;MG4B;112;0.8;open;105.0;7
2021_run_23;2021;MT8B;90;0.642857143;open;77.5;8
2021_run_23;2021;mSTRL3B;101;0.721428571;open;91.25;9
2021_run_23;2021;Q1_7B;65;0.464285714;open;46.25;10
2021_run_23;2021;Q4B;108;0.771428571;open;100.0;11
2021_run_23;2021;Q8B;108;0.771428571;open;100.0;12
2021_run_23;2021;MG4Bq4;96;0.685714286;quantized;85.0;13
2021_run_23;2021;MG4Bq6;111;0.792857143;quantized;103.75;14
2021_run_23;2021;MG4Bq8;112;0.8;quantized;105.0;15
2021_run_23;2021;MT8Bq4;86;0.614285714;quantized;72.5;16
2021_run_23;2021;MT8Bq6;94;0.671428571;quantized;82.5;17
2021_run_23;2021;MT8Bq8;88;0.628571429;quantized;75.0;18
2021_run_24;2021;CLA;130;0.928571429;closed;127.5;1
2021_run_24;2021;DPSK;127;0.907142857;closed;123.75;2
2021_run_24;2021;GPT;136;0.971428571;closed;135.0;3
2021_run_24;2021;GROK;138;0.985714286;closed;137.5;4
2021_run_24;2021;MSTRL;130;0.928571429;closed;127.5;5
2021_run_24;2021;QWEN;138;0.985714286;closed;137.5;6
2021_run_24;2021;MG4B;113;0.807142857;open;106.25;7
2021_run_24;2021;MT8B;96;0.685714286;open;85.0;8
2021_run_24;2021;mSTRL3B;95;0.678571429;open;83.75;9
2021_run_24;2021;Q1_7B;68;0.485714286;open;50.0;10
2021_run_24;2021;Q4B;111;0.792857143;open;103.75;11
2021_run_24;2021;Q8B;111;0.792857143;open;103.75;12
2021_run_24;2021;MG4Bq4;100;0.714285714;quantized;90.0;13
2021_run_24;2021;MG4Bq6;109;0.778571429;quantized;101.25;14
2021_run_24;2021;MG4Bq8;102;0.728571429;quantized;92.5;15
2021_run_24;2021;MT8Bq4;86;0.614285714;quantized;72.5;16
2021_run_24;2021;MT8Bq6;79;0.564285714;quantized;63.75;17
2021_run_24;2021;MT8Bq8;87;0.621428571;quantized;73.75;18
2021_run_25;2021;CLA;128;0.914285714;closed;125.0;1
2021_run_25;2021;DPSK;132;0.942857143;closed;130.0;2
2021_run_25;2021;GPT;136;0.971428571;closed;135.0;3
2021_run_25;2021;GROK;137;0.978571429;closed;136.25;4
2021_run_25;2021;MSTRL;130;0.928571429;closed;127.5;5
2021_run_25;2021;QWEN;136;0.971428571;closed;135.0;6
2021_run_25;2021;MG4B;110;0.785714286;open;102.5;7
2021_run_25;2021;MT8B;88;0.628571429;open;75.0;8
2021_run_25;2021;mSTRL3B;101;0.721428571;open;91.25;9
2021_run_25;2021;Q1_7B;67;0.478571429;open;48.75;10
2021_run_25;2021;Q4B;108;0.771428571;open;100.0;11
2021_run_25;2021;Q8B;110;0.785714286;open;102.5;12
2021_run_25;2021;MG4Bq4;101;0.721428571;quantized;91.25;13
2021_run_25;2021;MG4Bq6;104;0.742857143;quantized;95.0;14
2021_run_25;2021;MG4Bq8;99;0.707142857;quantized;88.75;15
2021_run_25;2021;MT8Bq4;94;0.671428571;quantized;82.5;16
2021_run_25;2021;MT8Bq6;98;0.7;quantized;87.5;17
2021_run_25;2021;MT8Bq8;88;0.628571429;quantized;75.0;18
2021_run_26;2021;CLA;127;0.907142857;closed;123.75;1
2021_run_26;2021;DPSK;131;0.935714286;closed;128.75;2
2021_run_26;2021;GPT;135;0.964285714;closed;133.75;3
2021_run_26;2021;GROK;136;0.971428571;closed;135.0;4
2021_run_26;2021;MSTRL;128;0.914285714;closed;125.0;5
2021_run_26;2021;QWEN;137;0.978571429;closed;136.25;6
2021_run_26;2021;MG4B;104;0.742857143;open;95.0;7
2021_run_26;2021;MT8B;88;0.628571429;open;75.0;8
2021_run_26;2021;mSTRL3B;95;0.678571429;open;83.75;9
2021_run_26;2021;Q1_7B;62;0.442857143;open;42.5;10
2021_run_26;2021;Q4B;110;0.785714286;open;102.5;11
2021_run_26;2021;Q8B;108;0.771428571;open;100.0;12
2021_run_26;2021;MG4Bq4;101;0.721428571;quantized;91.25;13
2021_run_26;2021;MG4Bq6;112;0.8;quantized;105.0;14
2021_run_26;2021;MG4Bq8;105;0.75;quantized;96.25;15
2021_run_26;2021;MT8Bq4;86;0.614285714;quantized;72.5;16
2021_run_26;2021;MT8Bq6;87;0.621428571;quantized;73.75;17
2021_run_26;2021;MT8Bq8;89;0.635714286;quantized;76.25;18
2021_run_27;2021;CLA;127;0.907142857;closed;123.75;1
2021_run_27;2021;DPSK;129;0.921428571;closed;126.25;2
2021_run_27;2021;GPT;137;0.978571429;closed;136.25;3
2021_run_27;2021;GROK;138;0.985714286;closed;137.5;4
2021_run_27;2021;MSTRL;128;0.914285714;closed;125.0;5
2021_run_27;2021;QWEN;137;0.978571429;closed;136.25;6
2021_run_27;2021;MG4B;113;0.807142857;open;106.25;7
2021_run_27;2021;MT8B;93;0.664285714;open;81.25;8
2021_run_27;2021;mSTRL3B;103;0.735714286;open;93.75;9
2021_run_27;2021;Q1_7B;68;0.485714286;open;50.0;10
2021_run_27;2021;Q4B;112;0.8;open;105.0;11
2021_run_27;2021;Q8B;113;0.807142857;open;106.25;12
2021_run_27;2021;MG4Bq4;104;0.742857143;quantized;95.0;13
2021_run_27;2021;MG4Bq6;105;0.75;quantized;96.25;14
2021_run_27;2021;MG4Bq8;114;0.814285714;quantized;107.5;15
2021_run_27;2021;MT8Bq4;88;0.628571429;quantized;75.0;16
2021_run_27;2021;MT8Bq6;92;0.657142857;quantized;80.0;17
2021_run_27;2021;MT8Bq8;92;0.657142857;quantized;80.0;18
2021_run_28;2021;CLA;131;0.935714286;closed;128.75;1
2021_run_28;2021;DPSK;129;0.921428571;closed;126.25;2
2021_run_28;2021;GPT;137;0.978571429;closed;136.25;3
2021_run_28;2021;GROK;138;0.985714286;closed;137.5;4
2021_run_28;2021;MSTRL;127;0.907142857;closed;123.75;5
2021_run_28;2021;QWEN;136;0.971428571;closed;135.0;6
2021_run_28;2021;MG4B;106;0.757142857;open;97.5;7
2021_run_28;2021;MT8B;85;0.607142857;open;71.25;8
2021_run_28;2021;mSTRL3B;105;0.75;open;96.25;9
2021_run_28;2021;Q1_7B;68;0.485714286;open;50.0;10
2021_run_28;2021;Q4B;106;0.757142857;open;97.5;11
2021_run_28;2021;Q8B;107;0.764285714;open;98.75;12
2021_run_28;2021;MG4Bq4;102;0.728571429;quantized;92.5;13
2021_run_28;2021;MG4Bq6;103;0.735714286;quantized;93.75;14
2021_run_28;2021;MG4Bq8;106;0.757142857;quantized;97.5;15
2021_run_28;2021;MT8Bq4;94;0.671428571;quantized;82.5;16
2021_run_28;2021;MT8Bq6;91;0.65;quantized;78.75;17
2021_run_28;2021;MT8Bq8;90;0.642857143;quantized;77.5;18
2021_run_29;2021;CLA;133;0.95;closed;131.25;1
2021_run_29;2021;DPSK;133;0.95;closed;131.25;2
2021_run_29;2021;GPT;137;0.978571429;closed;136.25;3
2021_run_29;2021;GROK;138;0.985714286;closed;137.5;4
2021_run_29;2021;MSTRL;129;0.921428571;closed;126.25;5
2021_run_29;2021;QWEN;137;0.978571429;closed;136.25;6
2021_run_29;2021;MG4B;114;0.814285714;open;107.5;7
2021_run_29;2021;MT8B;90;0.642857143;open;77.5;8
2021_run_29;2021;mSTRL3B;102;0.728571429;open;92.5;9
2021_run_29;2021;Q1_7B;69;0.492857143;open;51.25;10
2021_run_29;2021;Q4B;102;0.728571429;open;92.5;11
2021_run_29;2021;Q8B;113;0.807142857;open;106.25;12
2021_run_29;2021;MG4Bq4;106;0.757142857;quantized;97.5;13
2021_run_29;2021;MG4Bq6;108;0.771428571;quantized;100.0;14
2021_run_29;2021;MG4Bq8;109;0.778571429;quantized;101.25;15
2021_run_29;2021;MT8Bq4;92;0.657142857;quantized;80.0;16
2021_run_29;2021;MT8Bq6;91;0.65;quantized;78.75;17
2021_run_29;2021;MT8Bq8;87;0.621428571;quantized;73.75;18
2021_run_30;2021;CLA;132;0.942857143;closed;130.0;1
2021_run_30;2021;DPSK;133;0.95;closed;131.25;2
2021_run_30;2021;GPT;138;0.985714286;closed;137.5;3
2021_run_30;2021;GROK;138;0.985714286;closed;137.5;4
2021_run_30;2021;MSTRL;129;0.921428571;closed;126.25;5
2021_run_30;2021;QWEN;136;0.971428571;closed;135.0;6
2021_run_30;2021;MG4B;111;0.792857143;open;103.75;7
2021_run_30;2021;MT8B;90;0.642857143;open;77.5;8
2021_run_30;2021;mSTRL3B;104;0.742857143;open;95.0;9
2021_run_30;2021;Q1_7B;72;0.514285714;open;55.0;10
2021_run_30;2021;Q4B;105;0.75;open;96.25;11
2021_run_30;2021;Q8B;115;0.821428571;open;108.75;12
2021_run_30;2021;MG4Bq4;110;0.785714286;quantized;102.5;13
2021_run_30;2021;MG4Bq6;112;0.8;quantized;105.0;14
2021_run_30;2021;MG4Bq8;104;0.742857143;quantized;95.0;15
2021_run_30;2021;MT8Bq4;91;0.65;quantized;78.75;16
2021_run_30;2021;MT8Bq6;88;0.628571429;quantized;75.0;17
2021_run_30;2021;MT8Bq8;95;0.678571429;quantized;83.75;18
2021_run_31;2021;CLA;128;0.914285714;closed;125.0;1
2021_run_31;2021;DPSK;131;0.935714286;closed;128.75;2
2021_run_31;2021;GPT;137;0.978571429;closed;136.25;3
2021_run_31;2021;GROK;137;0.978571429;closed;136.25;4
2021_run_31;2021;MSTRL;130;0.928571429;closed;127.5;5
2021_run_31;2021;QWEN;136;0.971428571;closed;135.0;6
2021_run_31;2021;MG4B;108;0.771428571;open;100.0;7
2021_run_31;2021;MT8B;89;0.635714286;open;76.25;8
2021_run_31;2021;mSTRL3B;104;0.742857143;open;95.0;9
2021_run_31;2021;Q1_7B;64;0.457142857;open;45.0;10
2021_run_31;2021;Q4B;103;0.735714286;open;93.75;11
2021_run_31;2021;Q8B;107;0.764285714;open;98.75;12
2021_run_31;2021;MG4Bq4;103;0.735714286;quantized;93.75;13
2021_run_31;2021;MG4Bq6;107;0.764285714;quantized;98.75;14
2021_run_31;2021;MG4Bq8;107;0.764285714;quantized;98.75;15
2021_run_31;2021;MT8Bq4;87;0.621428571;quantized;73.75;16
2021_run_31;2021;MT8Bq6;96;0.685714286;quantized;85.0;17
2021_run_31;2021;MT8Bq8;89;0.635714286;quantized;76.25;18
2021_run_32;2021;CLA;130;0.928571429;closed;127.5;1
2021_run_32;2021;DPSK;130;0.928571429;closed;127.5;2
2021_run_32;2021;GPT;137;0.978571429;closed;136.25;3
2021_run_32;2021;GROK;138;0.985714286;closed;137.5;4
2021_run_32;2021;MSTRL;124;0.885714286;closed;120.0;5
2021_run_32;2021;QWEN;136;0.971428571;closed;135.0;6
2021_run_32;2021;MG4B;110;0.785714286;open;102.5;7
2021_run_32;2021;MT8B;94;0.671428571;open;82.5;8
2021_run_32;2021;mSTRL3B;109;0.778571429;open;101.25;9
2021_run_32;2021;Q1_7B;76;0.542857143;open;60.0;10
2021_run_32;2021;Q4B;108;0.771428571;open;100.0;11
2021_run_32;2021;Q8B;114;0.814285714;open;107.5;12
2021_run_32;2021;MG4Bq4;102;0.728571429;quantized;92.5;13
2021_run_32;2021;MG4Bq6;107;0.764285714;quantized;98.75;14
2021_run_32;2021;MG4Bq8;110;0.785714286;quantized;102.5;15
2021_run_32;2021;MT8Bq4;91;0.65;quantized;78.75;16
2021_run_32;2021;MT8Bq6;92;0.657142857;quantized;80.0;17
2021_run_32;2021;MT8Bq8;89;0.635714286;quantized;76.25;18
2021_run_33;2021;CLA;129;0.921428571;closed;126.25;1
2021_run_33;2021;DPSK;128;0.914285714;closed;125.0;2
2021_run_33;2021;GPT;138;0.985714286;closed;137.5;3
2021_run_33;2021;GROK;136;0.971428571;closed;135.0;4
2021_run_33;2021;MSTRL;125;0.892857143;closed;121.25;5
2021_run_33;2021;QWEN;137;0.978571429;closed;136.25;6
2021_run_33;2021;MG4B;114;0.814285714;open;107.5;7
2021_run_33;2021;MT8B;92;0.657142857;open;80.0;8
2021_run_33;2021;mSTRL3B;103;0.735714286;open;93.75;9
2021_run_33;2021;Q1_7B;73;0.521428571;open;56.25;10
2021_run_33;2021;Q4B;108;0.771428571;open;100.0;11
2021_run_33;2021;Q8B;109;0.778571429;open;101.25;12
2021_run_33;2021;MG4Bq4;99;0.707142857;quantized;88.75;13
2021_run_33;2021;MG4Bq6;98;0.7;quantized;87.5;14
2021_run_33;2021;MG4Bq8;108;0.771428571;quantized;100.0;15
2021_run_33;2021;MT8Bq4;93;0.664285714;quantized;81.25;16
2021_run_33;2021;MT8Bq6;84;0.6;quantized;70.0;17
2021_run_33;2021;MT8Bq8;87;0.621428571;quantized;73.75;18
2021_run_34;2021;CLA;134;0.957142857;closed;132.5;1
2021_run_34;2021;DPSK;128;0.914285714;closed;125.0;2
2021_run_34;2021;GPT;136;0.971428571;closed;135.0;3
2021_run_34;2021;GROK;138;0.985714286;closed;137.5;4
2021_run_34;2021;MSTRL;132;0.942857143;closed;130.0;5
2021_run_34;2021;QWEN;137;0.978571429;closed;136.25;6
2021_run_34;2021;MG4B;101;0.721428571;open;91.25;7
2021_run_34;2021;MT8B;89;0.635714286;open;76.25;8
2021_run_34;2021;mSTRL3B;101;0.721428571;open;91.25;9
2021_run_34;2021;Q1_7B;62;0.442857143;open;42.5;10
2021_run_34;2021;Q4B;104;0.742857143;open;95.0;11
2021_run_34;2021;Q8B;111;0.792857143;open;103.75;12
2021_run_34;2021;MG4Bq4;102;0.728571429;quantized;92.5;13
2021_run_34;2021;MG4Bq6;108;0.771428571;quantized;100.0;14
2021_run_34;2021;MG4Bq8;104;0.742857143;quantized;95.0;15
2021_run_34;2021;MT8Bq4;86;0.614285714;quantized;72.5;16
2021_run_34;2021;MT8Bq6;95;0.678571429;quantized;83.75;17
2021_run_34;2021;MT8Bq8;89;0.635714286;quantized;76.25;18
2021_run_35;2021;CLA;131;0.935714286;closed;128.75;1
2021_run_35;2021;DPSK;127;0.907142857;closed;123.75;2
2021_run_35;2021;GPT;138;0.985714286;closed;137.5;3
2021_run_35;2021;GROK;138;0.985714286;closed;137.5;4
2021_run_35;2021;MSTRL;131;0.935714286;closed;128.75;5
2021_run_35;2021;QWEN;137;0.978571429;closed;136.25;6
2021_run_35;2021;MG4B;112;0.8;open;105.0;7
2021_run_35;2021;MT8B;82;0.585714286;open;67.5;8
2021_run_35;2021;mSTRL3B;98;0.7;open;87.5;9
2021_run_35;2021;Q1_7B;66;0.471428571;open;47.5;10
2021_run_35;2021;Q4B;106;0.757142857;open;97.5;11
2021_run_35;2021;Q8B;111;0.792857143;open;103.75;12
2021_run_35;2021;MG4Bq4;104;0.742857143;quantized;95.0;13
2021_run_35;2021;MG4Bq6;103;0.735714286;quantized;93.75;14
2021_run_35;2021;MG4Bq8;93;0.664285714;quantized;81.25;15
2021_run_35;2021;MT8Bq4;91;0.65;quantized;78.75;16
2021_run_35;2021;MT8Bq6;91;0.65;quantized;78.75;17
2021_run_35;2021;MT8Bq8;91;0.65;quantized;78.75;18
2021_run_36;2021;CLA;130;0.928571429;closed;127.5;1
2021_run_36;2021;DPSK;127;0.907142857;closed;123.75;2
2021_run_36;2021;GPT;136;0.971428571;closed;135.0;3
2021_run_36;2021;GROK;136;0.971428571;closed;135.0;4
2021_run_36;2021;MSTRL;129;0.921428571;closed;126.25;5
2021_run_36;2021;QWEN;136;0.971428571;closed;135.0;6
2021_run_36;2021;MG4B;105;0.75;open;96.25;7
2021_run_36;2021;MT8B;89;0.635714286;open;76.25;8
2021_run_36;2021;mSTRL3B;98;0.7;open;87.5;9
2021_run_36;2021;Q1_7B;66;0.471428571;open;47.5;10
2021_run_36;2021;Q4B;113;0.807142857;open;106.25;11
2021_run_36;2021;Q8B;112;0.8;open;105.0;12
2021_run_36;2021;MG4Bq4;105;0.75;quantized;96.25;13
2021_run_36;2021;MG4Bq6;106;0.757142857;quantized;97.5;14
2021_run_36;2021;MG4Bq8;101;0.721428571;quantized;91.25;15
2021_run_36;2021;MT8Bq4;83;0.592857143;quantized;68.75;16
2021_run_36;2021;MT8Bq6;89;0.635714286;quantized;76.25;17
2021_run_36;2021;MT8Bq8;89;0.635714286;quantized;76.25;18
2021_run_37;2021;CLA;130;0.928571429;closed;127.5;1
2021_run_37;2021;DPSK;127;0.907142857;closed;123.75;2
2021_run_37;2021;GPT;138;0.985714286;closed;137.5;3
2021_run_37;2021;GROK;138;0.985714286;closed;137.5;4
2021_run_37;2021;MSTRL;128;0.914285714;closed;125.0;5
2021_run_37;2021;QWEN;139;0.992857143;closed;138.75;6
2021_run_37;2021;MG4B;112;0.8;open;105.0;7
2021_run_37;2021;MT8B;89;0.635714286;open;76.25;8
2021_run_37;2021;mSTRL3B;110;0.785714286;open;102.5;9
2021_run_37;2021;Q1_7B;56;0.4;open;35.0;10
2021_run_37;2021;Q4B;111;0.792857143;open;103.75;11
2021_run_37;2021;Q8B;117;0.835714286;open;111.25;12
2021_run_37;2021;MG4Bq4;105;0.75;quantized;96.25;13
2021_run_37;2021;MG4Bq6;102;0.728571429;quantized;92.5;14
2021_run_37;2021;MG4Bq8;104;0.742857143;quantized;95.0;15
2021_run_37;2021;MT8Bq4;92;0.657142857;quantized;80.0;16
2021_run_37;2021;MT8Bq6;91;0.65;quantized;78.75;17
2021_run_37;2021;MT8Bq8;89;0.635714286;quantized;76.25;18
2021_run_38;2021;CLA;127;0.907142857;closed;123.75;1
2021_run_38;2021;DPSK;128;0.914285714;closed;125.0;2
2021_run_38;2021;GPT;138;0.985714286;closed;137.5;3
2021_run_38;2021;GROK;135;0.964285714;closed;133.75;4
2021_run_38;2021;MSTRL;129;0.921428571;closed;126.25;5
2021_run_38;2021;QWEN;139;0.992857143;closed;138.75;6
2021_run_38;2021;MG4B;109;0.778571429;open;101.25;7
2021_run_38;2021;MT8B;87;0.621428571;open;73.75;8
2021_run_38;2021;mSTRL3B;99;0.707142857;open;88.75;9
2021_run_38;2021;Q1_7B;62;0.442857143;open;42.5;10
2021_run_38;2021;Q4B;107;0.764285714;open;98.75;11
2021_run_38;2021;Q8B;111;0.792857143;open;103.75;12
2021_run_38;2021;MG4Bq4;103;0.735714286;quantized;93.75;13
2021_run_38;2021;MG4Bq6;105;0.75;quantized;96.25;14
2021_run_38;2021;MG4Bq8;105;0.75;quantized;96.25;15
2021_run_38;2021;MT8Bq4;89;0.635714286;quantized;76.25;16
2021_run_38;2021;MT8Bq6;98;0.7;quantized;87.5;17
2021_run_38;2021;MT8Bq8;90;0.642857143;quantized;77.5;18
2021_run_39;2021;CLA;127;0.907142857;closed;123.75;1
2021_run_39;2021;DPSK;130;0.928571429;closed;127.5;2
2021_run_39;2021;GPT;137;0.978571429;closed;136.25;3
2021_run_39;2021;GROK;136;0.971428571;closed;135.0;4
2021_run_39;2021;MSTRL;127;0.907142857;closed;123.75;5
2021_run_39;2021;QWEN;138;0.985714286;closed;137.5;6
2021_run_39;2021;MG4B;108;0.771428571;open;100.0;7
2021_run_39;2021;MT8B;93;0.664285714;open;81.25;8
2021_run_39;2021;mSTRL3B;97;0.692857143;open;86.25;9
2021_run_39;2021;Q1_7B;67;0.478571429;open;48.75;10
2021_run_39;2021;Q4B;105;0.75;open;96.25;11
2021_run_39;2021;Q8B;113;0.807142857;open;106.25;12
2021_run_39;2021;MG4Bq4;106;0.757142857;quantized;97.5;13
2021_run_39;2021;MG4Bq6;104;0.742857143;quantized;95.0;14
2021_run_39;2021;MG4Bq8;112;0.8;quantized;105.0;15
2021_run_39;2021;MT8Bq4;89;0.635714286;quantized;76.25;16
2021_run_39;2021;MT8Bq6;93;0.664285714;quantized;81.25;17
2021_run_39;2021;MT8Bq8;85;0.607142857;quantized;71.25;18
2021_run_40;2021;CLA;133;0.95;closed;131.25;1
2021_run_40;2021;DPSK;133;0.95;closed;131.25;2
2021_run_40;2021;GPT;137;0.978571429;closed;136.25;3
2021_run_40;2021;GROK;138;0.985714286;closed;137.5;4
2021_run_40;2021;MSTRL;129;0.921428571;closed;126.25;5
2021_run_40;2021;QWEN;138;0.985714286;closed;137.5;6
2021_run_40;2021;MG4B;105;0.75;open;96.25;7
2021_run_40;2021;MT8B;86;0.614285714;open;72.5;8
2021_run_40;2021;mSTRL3B;104;0.742857143;open;95.0;9
2021_run_40;2021;Q1_7B;71;0.507142857;open;53.75;10
2021_run_40;2021;Q4B;108;0.771428571;open;100.0;11
2021_run_40;2021;Q8B;107;0.764285714;open;98.75;12
2021_run_40;2021;MG4Bq4;108;0.771428571;quantized;100.0;13
2021_run_40;2021;MG4Bq6;100;0.714285714;quantized;90.0;14
2021_run_40;2021;MG4Bq8;108;0.771428571;quantized;100.0;15
2021_run_40;2021;MT8Bq4;84;0.6;quantized;70.0;16
2021_run_40;2021;MT8Bq6;86;0.614285714;quantized;72.5;17
2021_run_40;2021;MT8Bq8;91;0.65;quantized;78.75;18
2021_run_41;2021;CLA;127;0.907142857;closed;123.75;1
2021_run_41;2021;DPSK;129;0.921428571;closed;126.25;2
2021_run_41;2021;GPT;138;0.985714286;closed;137.5;3
2021_run_41;2021;GROK;136;0.971428571;closed;135.0;4
2021_run_41;2021;MSTRL;126;0.9;closed;122.5;5
2021_run_41;2021;QWEN;138;0.985714286;closed;137.5;6
2021_run_41;2021;MG4B;102;0.728571429;open;92.5;7
2021_run_41;2021;MT8B;89;0.635714286;open;76.25;8
2021_run_41;2021;mSTRL3B;95;0.678571429;open;83.75;9
2021_run_41;2021;Q1_7B;67;0.478571429;open;48.75;10
2021_run_41;2021;Q4B;109;0.778571429;open;101.25;11
2021_run_41;2021;Q8B;111;0.792857143;open;103.75;12
2021_run_41;2021;MG4Bq4;112;0.8;quantized;105.0;13
2021_run_41;2021;MG4Bq6;112;0.8;quantized;105.0;14
2021_run_41;2021;MG4Bq8;107;0.764285714;quantized;98.75;15
2021_run_41;2021;MT8Bq4;85;0.607142857;quantized;71.25;16
2021_run_41;2021;MT8Bq6;89;0.635714286;quantized;76.25;17
2021_run_41;2021;MT8Bq8;94;0.671428571;quantized;82.5;18
2021_run_42;2021;CLA;131;0.935714286;closed;128.75;1
2021_run_42;2021;DPSK;134;0.957142857;closed;132.5;2
2021_run_42;2021;GPT;136;0.971428571;closed;135.0;3
2021_run_42;2021;GROK;137;0.978571429;closed;136.25;4
2021_run_42;2021;MSTRL;129;0.921428571;closed;126.25;5
2021_run_42;2021;QWEN;138;0.985714286;closed;137.5;6
2021_run_42;2021;MG4B;108;0.771428571;open;100.0;7
2021_run_42;2021;MT8B;93;0.664285714;open;81.25;8
2021_run_42;2021;mSTRL3B;101;0.721428571;open;91.25;9
2021_run_42;2021;Q1_7B;67;0.478571429;open;48.75;10
2021_run_42;2021;Q4B;109;0.778571429;open;101.25;11
2021_run_42;2021;Q8B;118;0.842857143;open;112.5;12
2021_run_42;2021;MG4Bq4;117;0.835714286;quantized;111.25;13
2021_run_42;2021;MG4Bq6;107;0.764285714;quantized;98.75;14
2021_run_42;2021;MG4Bq8;109;0.778571429;quantized;101.25;15
2021_run_42;2021;MT8Bq4;87;0.621428571;quantized;73.75;16
2021_run_42;2021;MT8Bq6;84;0.6;quantized;70.0;17
2021_run_42;2021;MT8Bq8;91;0.65;quantized;78.75;18
2021_run_43;2021;CLA;126;0.9;closed;122.5;1
2021_run_43;2021;DPSK;126;0.9;closed;122.5;2
2021_run_43;2021;GPT;137;0.978571429;closed;136.25;3
2021_run_43;2021;GROK;137;0.978571429;closed;136.25;4
2021_run_43;2021;MSTRL;131;0.935714286;closed;128.75;5
2021_run_43;2021;QWEN;137;0.978571429;closed;136.25;6
2021_run_43;2021;MG4B;111;0.792857143;open;103.75;7
2021_run_43;2021;MT8B;95;0.678571429;open;83.75;8
2021_run_43;2021;mSTRL3B;100;0.714285714;open;90.0;9
2021_run_43;2021;Q1_7B;66;0.471428571;open;47.5;10
2021_run_43;2021;Q4B;112;0.8;open;105.0;11
2021_run_43;2021;Q8B;115;0.821428571;open;108.75;12
2021_run_43;2021;MG4Bq4;108;0.771428571;quantized;100.0;13
2021_run_43;2021;MG4Bq6;109;0.778571429;quantized;101.25;14
2021_run_43;2021;MG4Bq8;108;0.771428571;quantized;100.0;15
2021_run_43;2021;MT8Bq4;91;0.65;quantized;78.75;16
2021_run_43;2021;MT8Bq6;87;0.621428571;quantized;73.75;17
2021_run_43;2021;MT8Bq8;95;0.678571429;quantized;83.75;18
2021_run_44;2021;CLA;130;0.928571429;closed;127.5;1
2021_run_44;2021;DPSK;123;0.878571429;closed;118.75;2
2021_run_44;2021;GPT;137;0.978571429;closed;136.25;3
2021_run_44;2021;GROK;136;0.971428571;closed;135.0;4
2021_run_44;2021;MSTRL;130;0.928571429;closed;127.5;5
2021_run_44;2021;QWEN;138;0.985714286;closed;137.5;6
2021_run_44;2021;MG4B;105;0.75;open;96.25;7
2021_run_44;2021;MT8B;90;0.642857143;open;77.5;8
2021_run_44;2021;mSTRL3B;104;0.742857143;open;95.0;9
2021_run_44;2021;Q1_7B;67;0.478571429;open;48.75;10
2021_run_44;2021;Q4B;109;0.778571429;open;101.25;11
2021_run_44;2021;Q8B;115;0.821428571;open;108.75;12
2021_run_44;2021;MG4Bq4;104;0.742857143;quantized;95.0;13
2021_run_44;2021;MG4Bq6;102;0.728571429;quantized;92.5;14
2021_run_44;2021;MG4Bq8;106;0.757142857;quantized;97.5;15
2021_run_44;2021;MT8Bq4;89;0.635714286;quantized;76.25;16
2021_run_44;2021;MT8Bq6;87;0.621428571;quantized;73.75;17
2021_run_44;2021;MT8Bq8;91;0.65;quantized;78.75;18
2021_run_45;2021;CLA;126;0.9;closed;122.5;1
2021_run_45;2021;DPSK;131;0.935714286;closed;128.75;2
2021_run_45;2021;GPT;136;0.971428571;closed;135.0;3
2021_run_45;2021;GROK;138;0.985714286;closed;137.5;4
2021_run_45;2021;MSTRL;130;0.928571429;closed;127.5;5
2021_run_45;2021;QWEN;139;0.992857143;closed;138.75;6
2021_run_45;2021;MG4B;104;0.742857143;open;95.0;7
2021_run_45;2021;MT8B;89;0.635714286;open;76.25;8
2021_run_45;2021;mSTRL3B;98;0.7;open;87.5;9
2021_run_45;2021;Q1_7B;68;0.485714286;open;50.0;10
2021_run_45;2021;Q4B;109;0.778571429;open;101.25;11
2021_run_45;2021;Q8B;110;0.785714286;open;102.5;12
2021_run_45;2021;MG4Bq4;105;0.75;quantized;96.25;13
2021_run_45;2021;MG4Bq6;107;0.764285714;quantized;98.75;14
2021_run_45;2021;MG4Bq8;109;0.778571429;quantized;101.25;15
2021_run_45;2021;MT8Bq4;88;0.628571429;quantized;75.0;16
2021_run_45;2021;MT8Bq6;91;0.65;quantized;78.75;17
2021_run_45;2021;MT8Bq8;89;0.635714286;quantized;76.25;18
2021_run_46;2021;CLA;131;0.935714286;closed;128.75;1
2021_run_46;2021;DPSK;129;0.921428571;closed;126.25;2
2021_run_46;2021;GPT;137;0.978571429;closed;136.25;3
2021_run_46;2021;GROK;138;0.985714286;closed;137.5;4
2021_run_46;2021;MSTRL;128;0.914285714;closed;125.0;5
2021_run_46;2021;QWEN;138;0.985714286;closed;137.5;6
2021_run_46;2021;MG4B;112;0.8;open;105.0;7
2021_run_46;2021;MT8B;86;0.614285714;open;72.5;8
2021_run_46;2021;mSTRL3B;103;0.735714286;open;93.75;9
2021_run_46;2021;Q1_7B;61;0.435714286;open;41.25;10
2021_run_46;2021;Q4B;108;0.771428571;open;100.0;11
2021_run_46;2021;Q8B;110;0.785714286;open;102.5;12
2021_run_46;2021;MG4Bq4;103;0.735714286;quantized;93.75;13
2021_run_46;2021;MG4Bq6;108;0.771428571;quantized;100.0;14
2021_run_46;2021;MG4Bq8;106;0.757142857;quantized;97.5;15
2021_run_46;2021;MT8Bq4;86;0.614285714;quantized;72.5;16
2021_run_46;2021;MT8Bq6;83;0.592857143;quantized;68.75;17
2021_run_46;2021;MT8Bq8;89;0.635714286;quantized;76.25;18
2021_run_47;2021;CLA;130;0.928571429;closed;127.5;1
2021_run_47;2021;DPSK;128;0.914285714;closed;125.0;2
2021_run_47;2021;GPT;137;0.978571429;closed;136.25;3
2021_run_47;2021;GROK;138;0.985714286;closed;137.5;4
2021_run_47;2021;MSTRL;127;0.907142857;closed;123.75;5
2021_run_47;2021;QWEN;137;0.978571429;closed;136.25;6
2021_run_47;2021;MG4B;117;0.835714286;open;111.25;7
2021_run_47;2021;MT8B;89;0.635714286;open;76.25;8
2021_run_47;2021;mSTRL3B;105;0.75;open;96.25;9
2021_run_47;2021;Q1_7B;66;0.471428571;open;47.5;10
2021_run_47;2021;Q4B;113;0.807142857;open;106.25;11
2021_run_47;2021;Q8B;116;0.828571429;open;110.0;12
2021_run_47;2021;MG4Bq4;102;0.728571429;quantized;92.5;13
2021_run_47;2021;MG4Bq6;99;0.707142857;quantized;88.75;14
2021_run_47;2021;MG4Bq8;113;0.807142857;quantized;106.25;15
2021_run_47;2021;MT8Bq4;94;0.671428571;quantized;82.5;16
2021_run_47;2021;MT8Bq6;91;0.65;quantized;78.75;17
2021_run_47;2021;MT8Bq8;91;0.65;quantized;78.75;18
2021_run_48;2021;CLA;131;0.935714286;closed;128.75;1
2021_run_48;2021;DPSK;130;0.928571429;closed;127.5;2
2021_run_48;2021;GPT;137;0.978571429;closed;136.25;3
2021_run_48;2021;GROK;139;0.992857143;closed;138.75;4
2021_run_48;2021;MSTRL;126;0.9;closed;122.5;5
2021_run_48;2021;QWEN;137;0.978571429;closed;136.25;6
2021_run_48;2021;MG4B;107;0.764285714;open;98.75;7
2021_run_48;2021;MT8B;94;0.671428571;open;82.5;8
2021_run_48;2021;mSTRL3B;104;0.742857143;open;95.0;9
2021_run_48;2021;Q1_7B;55;0.392857143;open;33.75;10
2021_run_48;2021;Q4B;102;0.728571429;open;92.5;11
2021_run_48;2021;Q8B;104;0.742857143;open;95.0;12
2021_run_48;2021;MG4Bq4;113;0.807142857;quantized;106.25;13
2021_run_48;2021;MG4Bq6;112;0.8;quantized;105.0;14
2021_run_48;2021;MG4Bq8;107;0.764285714;quantized;98.75;15
2021_run_48;2021;MT8Bq4;86;0.614285714;quantized;72.5;16
2021_run_48;2021;MT8Bq6;86;0.614285714;quantized;72.5;17
2021_run_48;2021;MT8Bq8;92;0.657142857;quantized;80.0;18
2021_run_49;2021;CLA;130;0.928571429;closed;127.5;1
2021_run_49;2021;DPSK;129;0.921428571;closed;126.25;2
2021_run_49;2021;GPT;136;0.971428571;closed;135.0;3
2021_run_49;2021;GROK;138;0.985714286;closed;137.5;4
2021_run_49;2021;MSTRL;128;0.914285714;closed;125.0;5
2021_run_49;2021;QWEN;137;0.978571429;closed;136.25;6
2021_run_49;2021;MG4B;111;0.792857143;open;103.75;7
2021_run_49;2021;MT8B;87;0.621428571;open;73.75;8
2021_run_49;2021;mSTRL3B;102;0.728571429;open;92.5;9
2021_run_49;2021;Q1_7B;67;0.478571429;open;48.75;10
2021_run_49;2021;Q4B;108;0.771428571;open;100.0;11
2021_run_49;2021;Q8B;116;0.828571429;open;110.0;12
2021_run_49;2021;MG4Bq4;106;0.757142857;quantized;97.5;13
2021_run_49;2021;MG4Bq6;106;0.757142857;quantized;97.5;14
2021_run_49;2021;MG4Bq8;106;0.757142857;quantized;97.5;15
2021_run_49;2021;MT8Bq4;93;0.664285714;quantized;81.25;16
2021_run_49;2021;MT8Bq6;87;0.621428571;quantized;73.75;17
2021_run_49;2021;MT8Bq8;95;0.678571429;quantized;83.75;18
2021_run_50;2021;CLA;131;0.935714286;closed;128.75;1
2021_run_50;2021;DPSK;126;0.9;closed;122.5;2
2021_run_50;2021;GPT;138;0.985714286;closed;137.5;3
2021_run_50;2021;GROK;138;0.985714286;closed;137.5;4
2021_run_50;2021;MSTRL;127;0.907142857;closed;123.75;5
2021_run_50;2021;QWEN;137;0.978571429;closed;136.25;6
2021_run_50;2021;MG4B;108;0.771428571;open;100.0;7
2021_run_50;2021;MT8B;93;0.664285714;open;81.25;8
2021_run_50;2021;mSTRL3B;100;0.714285714;open;90.0;9
2021_run_50;2021;Q1_7B;65;0.464285714;open;46.25;10
2021_run_50;2021;Q4B;106;0.757142857;open;97.5;11
2021_run_50;2021;Q8B;118;0.842857143;open;112.5;12
2021_run_50;2021;MG4Bq4;103;0.735714286;quantized;93.75;13
2021_run_50;2021;MG4Bq6;103;0.735714286;quantized;93.75;14
2021_run_50;2021;MG4Bq8;102;0.728571429;quantized;92.5;15
2021_run_50;2021;MT8Bq4;93;0.664285714;quantized;81.25;16
2021_run_50;2021;MT8Bq6;94;0.671428571;quantized;82.5;17
2021_run_50;2021;MT8Bq8;91;0.65;quantized;78.75;18
2022_run_1;2022;CLA;133;0.95;closed;131.25;1
2022_run_1;2022;DPSK;132;0.942857143;closed;130.0;2
2022_run_1;2022;GPT;138;0.985714286;closed;137.5;3
2022_run_1;2022;GROK;139;0.992857143;closed;138.75;4
2022_run_1;2022;MSTRL;125;0.892857143;closed;121.25;5
2022_run_1;2022;QWEN;136;0.971428571;closed;135.0;6
2022_run_1;2022;MG4B;112;0.8;open;105.0;7
2022_run_1;2022;MT8B;101;0.721428571;open;91.25;8
2022_run_1;2022;mSTRL3B;110;0.785714286;open;102.5;9
2022_run_1;2022;Q1_7B;75;0.535714286;open;58.75;10
2022_run_1;2022;Q4B;113;0.807142857;open;106.25;11
2022_run_1;2022;Q8B;121;0.864285714;open;116.25;12
2022_run_1;2022;MG4Bq4;111;0.792857143;quantized;103.75;13
2022_run_1;2022;MG4Bq6;107;0.764285714;quantized;98.75;14
2022_run_1;2022;MG4Bq8;109;0.778571429;quantized;101.25;15
2022_run_1;2022;MT8Bq4;101;0.721428571;quantized;91.25;16
2022_run_1;2022;MT8Bq6;102;0.728571429;quantized;92.5;17
2022_run_1;2022;MT8Bq8;102;0.728571429;quantized;92.5;18
2022_run_2;2022;CLA;132;0.942857143;closed;130.0;1
2022_run_2;2022;DPSK;133;0.95;closed;131.25;2
2022_run_2;2022;GPT;138;0.985714286;closed;137.5;3
2022_run_2;2022;GROK;138;0.985714286;closed;137.5;4
2022_run_2;2022;MSTRL;130;0.928571429;closed;127.5;5
2022_run_2;2022;QWEN;136;0.971428571;closed;135.0;6
2022_run_2;2022;MG4B;114;0.814285714;open;107.5;7
2022_run_2;2022;MT8B;99;0.707142857;open;88.75;8
2022_run_2;2022;mSTRL3B;116;0.828571429;open;110.0;9
2022_run_2;2022;Q1_7B;74;0.528571429;open;57.5;10
2022_run_2;2022;Q4B;112;0.8;open;105.0;11
2022_run_2;2022;Q8B;115;0.821428571;open;108.75;12
2022_run_2;2022;MG4Bq4;105;0.75;quantized;96.25;13
2022_run_2;2022;MG4Bq6;110;0.785714286;quantized;102.5;14
2022_run_2;2022;MG4Bq8;110;0.785714286;quantized;102.5;15
2022_run_2;2022;MT8Bq4;89;0.635714286;quantized;76.25;16
2022_run_2;2022;MT8Bq6;101;0.721428571;quantized;91.25;17
2022_run_2;2022;MT8Bq8;100;0.714285714;quantized;90.0;18
2022_run_3;2022;CLA;130;0.928571429;closed;127.5;1
2022_run_3;2022;DPSK;133;0.95;closed;131.25;2
2022_run_3;2022;GPT;139;0.992857143;closed;138.75;3
2022_run_3;2022;GROK;139;0.992857143;closed;138.75;4
2022_run_3;2022;MSTRL;130;0.928571429;closed;127.5;5
2022_run_3;2022;QWEN;137;0.978571429;closed;136.25;6
2022_run_3;2022;MG4B;102;0.728571429;open;92.5;7
2022_run_3;2022;MT8B;94;0.671428571;open;82.5;8
2022_run_3;2022;mSTRL3B;108;0.771428571;open;100.0;9
2022_run_3;2022;Q1_7B;72;0.514285714;open;55.0;10
2022_run_3;2022;Q4B;107;0.764285714;open;98.75;11
2022_run_3;2022;Q8B;113;0.807142857;open;106.25;12
2022_run_3;2022;MG4Bq4;103;0.735714286;quantized;93.75;13
2022_run_3;2022;MG4Bq6;106;0.757142857;quantized;97.5;14
2022_run_3;2022;MG4Bq8;103;0.735714286;quantized;93.75;15
2022_run_3;2022;MT8Bq4;100;0.714285714;quantized;90.0;16
2022_run_3;2022;MT8Bq6;94;0.671428571;quantized;82.5;17
2022_run_3;2022;MT8Bq8;103;0.735714286;quantized;93.75;18
2022_run_4;2022;CLA;134;0.957142857;closed;132.5;1
2022_run_4;2022;DPSK;130;0.928571429;closed;127.5;2
2022_run_4;2022;GPT;139;0.992857143;closed;138.75;3
2022_run_4;2022;GROK;138;0.985714286;closed;137.5;4
2022_run_4;2022;MSTRL;128;0.914285714;closed;125.0;5
2022_run_4;2022;QWEN;137;0.978571429;closed;136.25;6
2022_run_4;2022;MG4B;108;0.771428571;open;100.0;7
2022_run_4;2022;MT8B;96;0.685714286;open;85.0;8
2022_run_4;2022;mSTRL3B;111;0.792857143;open;103.75;9
2022_run_4;2022;Q1_7B;76;0.542857143;open;60.0;10
2022_run_4;2022;Q4B;111;0.792857143;open;103.75;11
2022_run_4;2022;Q8B;117;0.835714286;open;111.25;12
2022_run_4;2022;MG4Bq4;112;0.8;quantized;105.0;13
2022_run_4;2022;MG4Bq6;104;0.742857143;quantized;95.0;14
2022_run_4;2022;MG4Bq8;112;0.8;quantized;105.0;15
2022_run_4;2022;MT8Bq4;94;0.671428571;quantized;82.5;16
2022_run_4;2022;MT8Bq6;102;0.728571429;quantized;92.5;17
2022_run_4;2022;MT8Bq8;100;0.714285714;quantized;90.0;18
2022_run_5;2022;CLA;132;0.942857143;closed;130.0;1
2022_run_5;2022;DPSK;134;0.957142857;closed;132.5;2
2022_run_5;2022;GPT;139;0.992857143;closed;138.75;3
2022_run_5;2022;GROK;139;0.992857143;closed;138.75;4
2022_run_5;2022;MSTRL;132;0.942857143;closed;130.0;5
2022_run_5;2022;QWEN;137;0.978571429;closed;136.25;6
2022_run_5;2022;MG4B;103;0.735714286;open;93.75;7
2022_run_5;2022;MT8B;103;0.735714286;open;93.75;8
2022_run_5;2022;mSTRL3B;112;0.8;open;105.0;9
2022_run_5;2022;Q1_7B;82;0.585714286;open;67.5;10
2022_run_5;2022;Q4B;112;0.8;open;105.0;11
2022_run_5;2022;Q8B;117;0.835714286;open;111.25;12
2022_run_5;2022;MG4Bq4;102;0.728571429;quantized;92.5;13
2022_run_5;2022;MG4Bq6;108;0.771428571;quantized;100.0;14
2022_run_5;2022;MG4Bq8;110;0.785714286;quantized;102.5;15
2022_run_5;2022;MT8Bq4;100;0.714285714;quantized;90.0;16
2022_run_5;2022;MT8Bq6;99;0.707142857;quantized;88.75;17
2022_run_5;2022;MT8Bq8;102;0.728571429;quantized;92.5;18
2022_run_6;2022;CLA;131;0.935714286;closed;128.75;1
2022_run_6;2022;DPSK;132;0.942857143;closed;130.0;2
2022_run_6;2022;GPT;138;0.985714286;closed;137.5;3
2022_run_6;2022;GROK;138;0.985714286;closed;137.5;4
2022_run_6;2022;MSTRL;131;0.935714286;closed;128.75;5
2022_run_6;2022;QWEN;136;0.971428571;closed;135.0;6
2022_run_6;2022;MG4B;110;0.785714286;open;102.5;7
2022_run_6;2022;MT8B;100;0.714285714;open;90.0;8
2022_run_6;2022;mSTRL3B;112;0.8;open;105.0;9
2022_run_6;2022;Q1_7B;79;0.564285714;open;63.75;10
2022_run_6;2022;Q4B;108;0.771428571;open;100.0;11
2022_run_6;2022;Q8B;116;0.828571429;open;110.0;12
2022_run_6;2022;MG4Bq4;106;0.757142857;quantized;97.5;13
2022_run_6;2022;MG4Bq6;104;0.742857143;quantized;95.0;14
2022_run_6;2022;MG4Bq8;106;0.757142857;quantized;97.5;15
2022_run_6;2022;MT8Bq4;92;0.657142857;quantized;80.0;16
2022_run_6;2022;MT8Bq6;99;0.707142857;quantized;88.75;17
2022_run_6;2022;MT8Bq8;100;0.714285714;quantized;90.0;18
2022_run_7;2022;CLA;131;0.935714286;closed;128.75;1
2022_run_7;2022;DPSK;133;0.95;closed;131.25;2
2022_run_7;2022;GPT;139;0.992857143;closed;138.75;3
2022_run_7;2022;GROK;138;0.985714286;closed;137.5;4
2022_run_7;2022;MSTRL;128;0.914285714;closed;125.0;5
2022_run_7;2022;QWEN;136;0.971428571;closed;135.0;6
2022_run_7;2022;MG4B;102;0.728571429;open;92.5;7
2022_run_7;2022;MT8B;94;0.671428571;open;82.5;8
2022_run_7;2022;mSTRL3B;110;0.785714286;open;102.5;9
2022_run_7;2022;Q1_7B;73;0.521428571;open;56.25;10
2022_run_7;2022;Q4B;114;0.814285714;open;107.5;11
2022_run_7;2022;Q8B;113;0.807142857;open;106.25;12
2022_run_7;2022;MG4Bq4;107;0.764285714;quantized;98.75;13
2022_run_7;2022;MG4Bq6;109;0.778571429;quantized;101.25;14
2022_run_7;2022;MG4Bq8;114;0.814285714;quantized;107.5;15
2022_run_7;2022;MT8Bq4;95;0.678571429;quantized;83.75;16
2022_run_7;2022;MT8Bq6;95;0.678571429;quantized;83.75;17
2022_run_7;2022;MT8Bq8;94;0.671428571;quantized;82.5;18
2022_run_8;2022;CLA;129;0.921428571;closed;126.25;1
2022_run_8;2022;DPSK;134;0.957142857;closed;132.5;2
2022_run_8;2022;GPT;139;0.992857143;closed;138.75;3
2022_run_8;2022;GROK;137;0.978571429;closed;136.25;4
2022_run_8;2022;MSTRL;129;0.921428571;closed;126.25;5
2022_run_8;2022;QWEN;138;0.985714286;closed;137.5;6
2022_run_8;2022;MG4B;101;0.721428571;open;91.25;7
2022_run_8;2022;MT8B;102;0.728571429;open;92.5;8
2022_run_8;2022;mSTRL3B;115;0.821428571;open;108.75;9
2022_run_8;2022;Q1_7B;79;0.564285714;open;63.75;10
2022_run_8;2022;Q4B;108;0.771428571;open;100.0;11
2022_run_8;2022;Q8B;118;0.842857143;open;112.5;12
2022_run_8;2022;MG4Bq4;102;0.728571429;quantized;92.5;13
2022_run_8;2022;MG4Bq6;111;0.792857143;quantized;103.75;14
2022_run_8;2022;MG4Bq8;113;0.807142857;quantized;106.25;15
2022_run_8;2022;MT8Bq4;99;0.707142857;quantized;88.75;16
2022_run_8;2022;MT8Bq6;95;0.678571429;quantized;83.75;17
2022_run_8;2022;MT8Bq8;103;0.735714286;quantized;93.75;18
2022_run_9;2022;CLA;134;0.957142857;closed;132.5;1
2022_run_9;2022;DPSK;135;0.964285714;closed;133.75;2
2022_run_9;2022;GPT;139;0.992857143;closed;138.75;3
2022_run_9;2022;GROK;139;0.992857143;closed;138.75;4
2022_run_9;2022;MSTRL;132;0.942857143;closed;130.0;5
2022_run_9;2022;QWEN;136;0.971428571;closed;135.0;6
2022_run_9;2022;MG4B;110;0.785714286;open;102.5;7
2022_run_9;2022;MT8B;93;0.664285714;open;81.25;8
2022_run_9;2022;mSTRL3B;111;0.792857143;open;103.75;9
2022_run_9;2022;Q1_7B;76;0.542857143;open;60.0;10
2022_run_9;2022;Q4B;112;0.8;open;105.0;11
2022_run_9;2022;Q8B;110;0.785714286;open;102.5;12
2022_run_9;2022;MG4Bq4;109;0.778571429;quantized;101.25;13
2022_run_9;2022;MG4Bq6;110;0.785714286;quantized;102.5;14
2022_run_9;2022;MG4Bq8;107;0.764285714;quantized;98.75;15
2022_run_9;2022;MT8Bq4;101;0.721428571;quantized;91.25;16
2022_run_9;2022;MT8Bq6;96;0.685714286;quantized;85.0;17
2022_run_9;2022;MT8Bq8;97;0.692857143;quantized;86.25;18
2022_run_10;2022;CLA;132;0.942857143;closed;130.0;1
2022_run_10;2022;DPSK;134;0.957142857;closed;132.5;2
2022_run_10;2022;GPT;138;0.985714286;closed;137.5;3
2022_run_10;2022;GROK;139;0.992857143;closed;138.75;4
2022_run_10;2022;MSTRL;126;0.9;closed;122.5;5
2022_run_10;2022;QWEN;136;0.971428571;closed;135.0;6
2022_run_10;2022;MG4B;111;0.792857143;open;103.75;7
2022_run_10;2022;MT8B;97;0.692857143;open;86.25;8
2022_run_10;2022;mSTRL3B;114;0.814285714;open;107.5;9
2022_run_10;2022;Q1_7B;78;0.557142857;open;62.5;10
2022_run_10;2022;Q4B;110;0.785714286;open;102.5;11
2022_run_10;2022;Q8B;109;0.778571429;open;101.25;12
2022_run_10;2022;MG4Bq4;113;0.807142857;quantized;106.25;13
2022_run_10;2022;MG4Bq6;113;0.807142857;quantized;106.25;14
2022_run_10;2022;MG4Bq8;107;0.764285714;quantized;98.75;15
2022_run_10;2022;MT8Bq4;91;0.65;quantized;78.75;16
2022_run_10;2022;MT8Bq6;100;0.714285714;quantized;90.0;17
2022_run_10;2022;MT8Bq8;102;0.728571429;quantized;92.5;18
2022_run_11;2022;CLA;135;0.964285714;closed;133.75;1
2022_run_11;2022;DPSK;134;0.957142857;closed;132.5;2
2022_run_11;2022;GPT;139;0.992857143;closed;138.75;3
2022_run_11;2022;GROK;137;0.978571429;closed;136.25;4
2022_run_11;2022;MSTRL;129;0.921428571;closed;126.25;5
2022_run_11;2022;QWEN;135;0.964285714;closed;133.75;6
2022_run_11;2022;MG4B;110;0.785714286;open;102.5;7
2022_run_11;2022;MT8B;95;0.678571429;open;83.75;8
2022_run_11;2022;mSTRL3B;109;0.778571429;open;101.25;9
2022_run_11;2022;Q1_7B;80;0.571428571;open;65.0;10
2022_run_11;2022;Q4B;109;0.778571429;open;101.25;11
2022_run_11;2022;Q8B;118;0.842857143;open;112.5;12
2022_run_11;2022;MG4Bq4;109;0.778571429;quantized;101.25;13
2022_run_11;2022;MG4Bq6;108;0.771428571;quantized;100.0;14
2022_run_11;2022;MG4Bq8;107;0.764285714;quantized;98.75;15
2022_run_11;2022;MT8Bq4;99;0.707142857;quantized;88.75;16
2022_run_11;2022;MT8Bq6;102;0.728571429;quantized;92.5;17
2022_run_11;2022;MT8Bq8;93;0.664285714;quantized;81.25;18
2022_run_12;2022;CLA;134;0.957142857;closed;132.5;1
2022_run_12;2022;DPSK;135;0.964285714;closed;133.75;2
2022_run_12;2022;GPT;138;0.985714286;closed;137.5;3
2022_run_12;2022;GROK;139;0.992857143;closed;138.75;4
2022_run_12;2022;MSTRL;126;0.9;closed;122.5;5
2022_run_12;2022;QWEN;137;0.978571429;closed;136.25;6
2022_run_12;2022;MG4B;107;0.764285714;open;98.75;7
2022_run_12;2022;MT8B;101;0.721428571;open;91.25;8
2022_run_12;2022;mSTRL3B;114;0.814285714;open;107.5;9
2022_run_12;2022;Q1_7B;79;0.564285714;open;63.75;10
2022_run_12;2022;Q4B;112;0.8;open;105.0;11
2022_run_12;2022;Q8B;110;0.785714286;open;102.5;12
2022_run_12;2022;MG4Bq4;108;0.771428571;quantized;100.0;13
2022_run_12;2022;MG4Bq6;103;0.735714286;quantized;93.75;14
2022_run_12;2022;MG4Bq8;112;0.8;quantized;105.0;15
2022_run_12;2022;MT8Bq4;98;0.7;quantized;87.5;16
2022_run_12;2022;MT8Bq6;99;0.707142857;quantized;88.75;17
2022_run_12;2022;MT8Bq8;101;0.721428571;quantized;91.25;18
2022_run_13;2022;CLA;130;0.928571429;closed;127.5;1
2022_run_13;2022;DPSK;133;0.95;closed;131.25;2
2022_run_13;2022;GPT;139;0.992857143;closed;138.75;3
2022_run_13;2022;GROK;138;0.985714286;closed;137.5;4
2022_run_13;2022;MSTRL;129;0.921428571;closed;126.25;5
2022_run_13;2022;QWEN;137;0.978571429;closed;136.25;6
2022_run_13;2022;MG4B;108;0.771428571;open;100.0;7
2022_run_13;2022;MT8B;97;0.692857143;open;86.25;8
2022_run_13;2022;mSTRL3B;116;0.828571429;open;110.0;9
2022_run_13;2022;Q1_7B;80;0.571428571;open;65.0;10
2022_run_13;2022;Q4B;111;0.792857143;open;103.75;11
2022_run_13;2022;Q8B;118;0.842857143;open;112.5;12
2022_run_13;2022;MG4Bq4;109;0.778571429;quantized;101.25;13
2022_run_13;2022;MG4Bq6;108;0.771428571;quantized;100.0;14
2022_run_13;2022;MG4Bq8;116;0.828571429;quantized;110.0;15
2022_run_13;2022;MT8Bq4;99;0.707142857;quantized;88.75;16
2022_run_13;2022;MT8Bq6;100;0.714285714;quantized;90.0;17
2022_run_13;2022;MT8Bq8;101;0.721428571;quantized;91.25;18
2022_run_14;2022;CLA;131;0.935714286;closed;128.75;1
2022_run_14;2022;DPSK;133;0.95;closed;131.25;2
2022_run_14;2022;GPT;139;0.992857143;closed;138.75;3
2022_run_14;2022;GROK;139;0.992857143;closed;138.75;4
2022_run_14;2022;MSTRL;129;0.921428571;closed;126.25;5
2022_run_14;2022;QWEN;136;0.971428571;closed;135.0;6
2022_run_14;2022;MG4B;102;0.728571429;open;92.5;7
2022_run_14;2022;MT8B;99;0.707142857;open;88.75;8
2022_run_14;2022;mSTRL3B;114;0.814285714;open;107.5;9
2022_run_14;2022;Q1_7B;72;0.514285714;open;55.0;10
2022_run_14;2022;Q4B;108;0.771428571;open;100.0;11
2022_run_14;2022;Q8B;119;0.85;open;113.75;12
2022_run_14;2022;MG4Bq4;109;0.778571429;quantized;101.25;13
2022_run_14;2022;MG4Bq6;107;0.764285714;quantized;98.75;14
2022_run_14;2022;MG4Bq8;110;0.785714286;quantized;102.5;15
2022_run_14;2022;MT8Bq4;92;0.657142857;quantized;80.0;16
2022_run_14;2022;MT8Bq6;96;0.685714286;quantized;85.0;17
2022_run_14;2022;MT8Bq8;98;0.7;quantized;87.5;18
2022_run_15;2022;CLA;128;0.914285714;closed;125.0;1
2022_run_15;2022;DPSK;132;0.942857143;closed;130.0;2
2022_run_15;2022;GPT;139;0.992857143;closed;138.75;3
2022_run_15;2022;GROK;139;0.992857143;closed;138.75;4
2022_run_15;2022;MSTRL;126;0.9;closed;122.5;5
2022_run_15;2022;QWEN;134;0.957142857;closed;132.5;6
2022_run_15;2022;MG4B;113;0.807142857;open;106.25;7
2022_run_15;2022;MT8B;99;0.707142857;open;88.75;8
2022_run_15;2022;mSTRL3B;111;0.792857143;open;103.75;9
2022_run_15;2022;Q1_7B;73;0.521428571;open;56.25;10
2022_run_15;2022;Q4B;116;0.828571429;open;110.0;11
2022_run_15;2022;Q8B;116;0.828571429;open;110.0;12
2022_run_15;2022;MG4Bq4;107;0.764285714;quantized;98.75;13
2022_run_15;2022;MG4Bq6;110;0.785714286;quantized;102.5;14
2022_run_15;2022;MG4Bq8;112;0.8;quantized;105.0;15
2022_run_15;2022;MT8Bq4;94;0.671428571;quantized;82.5;16
2022_run_15;2022;MT8Bq6;102;0.728571429;quantized;92.5;17
2022_run_15;2022;MT8Bq8;94;0.671428571;quantized;82.5;18
2022_run_16;2022;CLA;129;0.921428571;closed;126.25;1
2022_run_16;2022;DPSK;136;0.971428571;closed;135.0;2
2022_run_16;2022;GPT;139;0.992857143;closed;138.75;3
2022_run_16;2022;GROK;138;0.985714286;closed;137.5;4
2022_run_16;2022;MSTRL;129;0.921428571;closed;126.25;5
2022_run_16;2022;QWEN;135;0.964285714;closed;133.75;6
2022_run_16;2022;MG4B;111;0.792857143;open;103.75;7
2022_run_16;2022;MT8B;101;0.721428571;open;91.25;8
2022_run_16;2022;mSTRL3B;110;0.785714286;open;102.5;9
2022_run_16;2022;Q1_7B;84;0.6;open;70.0;10
2022_run_16;2022;Q4B;110;0.785714286;open;102.5;11
2022_run_16;2022;Q8B;115;0.821428571;open;108.75;12
2022_run_16;2022;MG4Bq4;115;0.821428571;quantized;108.75;13
2022_run_16;2022;MG4Bq6;109;0.778571429;quantized;101.25;14
2022_run_16;2022;MG4Bq8;108;0.771428571;quantized;100.0;15
2022_run_16;2022;MT8Bq4;97;0.692857143;quantized;86.25;16
2022_run_16;2022;MT8Bq6;103;0.735714286;quantized;93.75;17
2022_run_16;2022;MT8Bq8;96;0.685714286;quantized;85.0;18
2022_run_17;2022;CLA;135;0.964285714;closed;133.75;1
2022_run_17;2022;DPSK;133;0.95;closed;131.25;2
2022_run_17;2022;GPT;137;0.978571429;closed;136.25;3
2022_run_17;2022;GROK;139;0.992857143;closed;138.75;4
2022_run_17;2022;MSTRL;130;0.928571429;closed;127.5;5
2022_run_17;2022;QWEN;136;0.971428571;closed;135.0;6
2022_run_17;2022;MG4B;110;0.785714286;open;102.5;7
2022_run_17;2022;MT8B;95;0.678571429;open;83.75;8
2022_run_17;2022;mSTRL3B;108;0.771428571;open;100.0;9
2022_run_17;2022;Q1_7B;76;0.542857143;open;60.0;10
2022_run_17;2022;Q4B;116;0.828571429;open;110.0;11
2022_run_17;2022;Q8B;117;0.835714286;open;111.25;12
2022_run_17;2022;MG4Bq4;106;0.757142857;quantized;97.5;13
2022_run_17;2022;MG4Bq6;106;0.757142857;quantized;97.5;14
2022_run_17;2022;MG4Bq8;102;0.728571429;quantized;92.5;15
2022_run_17;2022;MT8Bq4;90;0.642857143;quantized;77.5;16
2022_run_17;2022;MT8Bq6;99;0.707142857;quantized;88.75;17
2022_run_17;2022;MT8Bq8;98;0.7;quantized;87.5;18
2022_run_18;2022;CLA;131;0.935714286;closed;128.75;1
2022_run_18;2022;DPSK;134;0.957142857;closed;132.5;2
2022_run_18;2022;GPT;139;0.992857143;closed;138.75;3
2022_run_18;2022;GROK;137;0.978571429;closed;136.25;4
2022_run_18;2022;MSTRL;132;0.942857143;closed;130.0;5
2022_run_18;2022;QWEN;137;0.978571429;closed;136.25;6
2022_run_18;2022;MG4B;101;0.721428571;open;91.25;7
2022_run_18;2022;MT8B;94;0.671428571;open;82.5;8
2022_run_18;2022;mSTRL3B;110;0.785714286;open;102.5;9
2022_run_18;2022;Q1_7B;77;0.55;open;61.25;10
2022_run_18;2022;Q4B;112;0.8;open;105.0;11
2022_run_18;2022;Q8B;119;0.85;open;113.75;12
2022_run_18;2022;MG4Bq4;104;0.742857143;quantized;95.0;13
2022_run_18;2022;MG4Bq6;113;0.807142857;quantized;106.25;14
2022_run_18;2022;MG4Bq8;102;0.728571429;quantized;92.5;15
2022_run_18;2022;MT8Bq4;100;0.714285714;quantized;90.0;16
2022_run_18;2022;MT8Bq6;99;0.707142857;quantized;88.75;17
2022_run_18;2022;MT8Bq8;101;0.721428571;quantized;91.25;18
2022_run_19;2022;CLA;131;0.935714286;closed;128.75;1
2022_run_19;2022;DPSK;132;0.942857143;closed;130.0;2
2022_run_19;2022;GPT;138;0.985714286;closed;137.5;3
2022_run_19;2022;GROK;138;0.985714286;closed;137.5;4
2022_run_19;2022;MSTRL;131;0.935714286;closed;128.75;5
2022_run_19;2022;QWEN;136;0.971428571;closed;135.0;6
2022_run_19;2022;MG4B;107;0.764285714;open;98.75;7
2022_run_19;2022;MT8B;106;0.757142857;open;97.5;8
2022_run_19;2022;mSTRL3B;114;0.814285714;open;107.5;9
2022_run_19;2022;Q1_7B;79;0.564285714;open;63.75;10
2022_run_19;2022;Q4B;111;0.792857143;open;103.75;11
2022_run_19;2022;Q8B;115;0.821428571;open;108.75;12
2022_run_19;2022;MG4Bq4;109;0.778571429;quantized;101.25;13
2022_run_19;2022;MG4Bq6;103;0.735714286;quantized;93.75;14
2022_run_19;2022;MG4Bq8;110;0.785714286;quantized;102.5;15
2022_run_19;2022;MT8Bq4;96;0.685714286;quantized;85.0;16
2022_run_19;2022;MT8Bq6;98;0.7;quantized;87.5;17
2022_run_19;2022;MT8Bq8;102;0.728571429;quantized;92.5;18
2022_run_20;2022;CLA;131;0.935714286;closed;128.75;1
2022_run_20;2022;DPSK;135;0.964285714;closed;133.75;2
2022_run_20;2022;GPT;139;0.992857143;closed;138.75;3
2022_run_20;2022;GROK;139;0.992857143;closed;138.75;4
2022_run_20;2022;MSTRL;130;0.928571429;closed;127.5;5
2022_run_20;2022;QWEN;135;0.964285714;closed;133.75;6
2022_run_20;2022;MG4B;110;0.785714286;open;102.5;7
2022_run_20;2022;MT8B;100;0.714285714;open;90.0;8
2022_run_20;2022;mSTRL3B;109;0.778571429;open;101.25;9
2022_run_20;2022;Q1_7B;76;0.542857143;open;60.0;10
2022_run_20;2022;Q4B;106;0.757142857;open;97.5;11
2022_run_20;2022;Q8B;116;0.828571429;open;110.0;12
2022_run_20;2022;MG4Bq4;108;0.771428571;quantized;100.0;13
2022_run_20;2022;MG4Bq6;112;0.8;quantized;105.0;14
2022_run_20;2022;MG4Bq8;109;0.778571429;quantized;101.25;15
2022_run_20;2022;MT8Bq4;91;0.65;quantized;78.75;16
2022_run_20;2022;MT8Bq6;97;0.692857143;quantized;86.25;17
2022_run_20;2022;MT8Bq8;100;0.714285714;quantized;90.0;18
2022_run_21;2022;CLA;136;0.971428571;closed;135.0;1
2022_run_21;2022;DPSK;133;0.95;closed;131.25;2
2022_run_21;2022;GPT;138;0.985714286;closed;137.5;3
2022_run_21;2022;GROK;138;0.985714286;closed;137.5;4
2022_run_21;2022;MSTRL;132;0.942857143;closed;130.0;5
2022_run_21;2022;QWEN;135;0.964285714;closed;133.75;6
2022_run_21;2022;MG4B;103;0.735714286;open;93.75;7
2022_run_21;2022;MT8B;99;0.707142857;open;88.75;8
2022_run_21;2022;mSTRL3B;113;0.807142857;open;106.25;9
2022_run_21;2022;Q1_7B;76;0.542857143;open;60.0;10
2022_run_21;2022;Q4B;113;0.807142857;open;106.25;11
2022_run_21;2022;Q8B;113;0.807142857;open;106.25;12
2022_run_21;2022;MG4Bq4;110;0.785714286;quantized;102.5;13
2022_run_21;2022;MG4Bq6;108;0.771428571;quantized;100.0;14
2022_run_21;2022;MG4Bq8;113;0.807142857;quantized;106.25;15
2022_run_21;2022;MT8Bq4;96;0.685714286;quantized;85.0;16
2022_run_21;2022;MT8Bq6;95;0.678571429;quantized;83.75;17
2022_run_21;2022;MT8Bq8;97;0.692857143;quantized;86.25;18
2022_run_22;2022;CLA;132;0.942857143;closed;130.0;1
2022_run_22;2022;DPSK;132;0.942857143;closed;130.0;2
2022_run_22;2022;GPT;137;0.978571429;closed;136.25;3
2022_run_22;2022;GROK;138;0.985714286;closed;137.5;4
2022_run_22;2022;MSTRL;127;0.907142857;closed;123.75;5
2022_run_22;2022;QWEN;136;0.971428571;closed;135.0;6
2022_run_22;2022;MG4B;113;0.807142857;open;106.25;7
2022_run_22;2022;MT8B;102;0.728571429;open;92.5;8
2022_run_22;2022;mSTRL3B;111;0.792857143;open;103.75;9
2022_run_22;2022;Q1_7B;77;0.55;open;61.25;10
2022_run_22;2022;Q4B;116;0.828571429;open;110.0;11
2022_run_22;2022;Q8B;117;0.835714286;open;111.25;12
2022_run_22;2022;MG4Bq4;107;0.764285714;quantized;98.75;13
2022_run_22;2022;MG4Bq6;102;0.728571429;quantized;92.5;14
2022_run_22;2022;MG4Bq8;111;0.792857143;quantized;103.75;15
2022_run_22;2022;MT8Bq4;97;0.692857143;quantized;86.25;16
2022_run_22;2022;MT8Bq6;97;0.692857143;quantized;86.25;17
2022_run_22;2022;MT8Bq8;100;0.714285714;quantized;90.0;18
2022_run_23;2022;CLA;132;0.942857143;closed;130.0;1
2022_run_23;2022;DPSK;134;0.957142857;closed;132.5;2
2022_run_23;2022;GPT;138;0.985714286;closed;137.5;3
2022_run_23;2022;GROK;139;0.992857143;closed;138.75;4
2022_run_23;2022;MSTRL;127;0.907142857;closed;123.75;5
2022_run_23;2022;QWEN;136;0.971428571;closed;135.0;6
2022_run_23;2022;MG4B;98;0.7;open;87.5;7
2022_run_23;2022;MT8B;101;0.721428571;open;91.25;8
2022_run_23;2022;mSTRL3B;116;0.828571429;open;110.0;9
2022_run_23;2022;Q1_7B;78;0.557142857;open;62.5;10
2022_run_23;2022;Q4B;114;0.814285714;open;107.5;11
2022_run_23;2022;Q8B;114;0.814285714;open;107.5;12
2022_run_23;2022;MG4Bq4;108;0.771428571;quantized;100.0;13
2022_run_23;2022;MG4Bq6;109;0.778571429;quantized;101.25;14
2022_run_23;2022;MG4Bq8;105;0.75;quantized;96.25;15
2022_run_23;2022;MT8Bq4;95;0.678571429;quantized;83.75;16
2022_run_23;2022;MT8Bq6;92;0.657142857;quantized;80.0;17
2022_run_23;2022;MT8Bq8;102;0.728571429;quantized;92.5;18
2022_run_24;2022;CLA;132;0.942857143;closed;130.0;1
2022_run_24;2022;DPSK;131;0.935714286;closed;128.75;2
2022_run_24;2022;GPT;139;0.992857143;closed;138.75;3
2022_run_24;2022;GROK;138;0.985714286;closed;137.5;4
2022_run_24;2022;MSTRL;130;0.928571429;closed;127.5;5
2022_run_24;2022;QWEN;137;0.978571429;closed;136.25;6
2022_run_24;2022;MG4B;109;0.778571429;open;101.25;7
2022_run_24;2022;MT8B;99;0.707142857;open;88.75;8
2022_run_24;2022;mSTRL3B;110;0.785714286;open;102.5;9
2022_run_24;2022;Q1_7B;77;0.55;open;61.25;10
2022_run_24;2022;Q4B;106;0.757142857;open;97.5;11
2022_run_24;2022;Q8B;118;0.842857143;open;112.5;12
2022_run_24;2022;MG4Bq4;111;0.792857143;quantized;103.75;13
2022_run_24;2022;MG4Bq6;106;0.757142857;quantized;97.5;14
2022_run_24;2022;MG4Bq8;107;0.764285714;quantized;98.75;15
2022_run_24;2022;MT8Bq4;98;0.7;quantized;87.5;16
2022_run_24;2022;MT8Bq6;97;0.692857143;quantized;86.25;17
2022_run_24;2022;MT8Bq8;103;0.735714286;quantized;93.75;18
2022_run_25;2022;CLA;134;0.957142857;closed;132.5;1
2022_run_25;2022;DPSK;132;0.942857143;closed;130.0;2
2022_run_25;2022;GPT;139;0.992857143;closed;138.75;3
2022_run_25;2022;GROK;139;0.992857143;closed;138.75;4
2022_run_25;2022;MSTRL;130;0.928571429;closed;127.5;5
2022_run_25;2022;QWEN;137;0.978571429;closed;136.25;6
2022_run_25;2022;MG4B;114;0.814285714;open;107.5;7
2022_run_25;2022;MT8B;97;0.692857143;open;86.25;8
2022_run_25;2022;mSTRL3B;118;0.842857143;open;112.5;9
2022_run_25;2022;Q1_7B;78;0.557142857;open;62.5;10
2022_run_25;2022;Q4B;112;0.8;open;105.0;11
2022_run_25;2022;Q8B;111;0.792857143;open;103.75;12
2022_run_25;2022;MG4Bq4;105;0.75;quantized;96.25;13
2022_run_25;2022;MG4Bq6;105;0.75;quantized;96.25;14
2022_run_25;2022;MG4Bq8;108;0.771428571;quantized;100.0;15
2022_run_25;2022;MT8Bq4;101;0.721428571;quantized;91.25;16
2022_run_25;2022;MT8Bq6;102;0.728571429;quantized;92.5;17
2022_run_25;2022;MT8Bq8;102;0.728571429;quantized;92.5;18
2022_run_26;2022;CLA;131;0.935714286;closed;128.75;1
2022_run_26;2022;DPSK;131;0.935714286;closed;128.75;2
2022_run_26;2022;GPT;138;0.985714286;closed;137.5;3
2022_run_26;2022;GROK;139;0.992857143;closed;138.75;4
2022_run_26;2022;MSTRL;127;0.907142857;closed;123.75;5
2022_run_26;2022;QWEN;137;0.978571429;closed;136.25;6
2022_run_26;2022;MG4B;110;0.785714286;open;102.5;7
2022_run_26;2022;MT8B;101;0.721428571;open;91.25;8
2022_run_26;2022;mSTRL3B;113;0.807142857;open;106.25;9
2022_run_26;2022;Q1_7B;75;0.535714286;open;58.75;10
2022_run_26;2022;Q4B;115;0.821428571;open;108.75;11
2022_run_26;2022;Q8B;112;0.8;open;105.0;12
2022_run_26;2022;MG4Bq4;106;0.757142857;quantized;97.5;13
2022_run_26;2022;MG4Bq6;106;0.757142857;quantized;97.5;14
2022_run_26;2022;MG4Bq8;106;0.757142857;quantized;97.5;15
2022_run_26;2022;MT8Bq4;97;0.692857143;quantized;86.25;16
2022_run_26;2022;MT8Bq6;98;0.7;quantized;87.5;17
2022_run_26;2022;MT8Bq8;99;0.707142857;quantized;88.75;18
2022_run_27;2022;CLA;131;0.935714286;closed;128.75;1
2022_run_27;2022;DPSK;133;0.95;closed;131.25;2
2022_run_27;2022;GPT;139;0.992857143;closed;138.75;3
2022_run_27;2022;GROK;139;0.992857143;closed;138.75;4
2022_run_27;2022;MSTRL;125;0.892857143;closed;121.25;5
2022_run_27;2022;QWEN;137;0.978571429;closed;136.25;6
2022_run_27;2022;MG4B;109;0.778571429;open;101.25;7
2022_run_27;2022;MT8B;102;0.728571429;open;92.5;8
2022_run_27;2022;mSTRL3B;114;0.814285714;open;107.5;9
2022_run_27;2022;Q1_7B;75;0.535714286;open;58.75;10
2022_run_27;2022;Q4B;113;0.807142857;open;106.25;11
2022_run_27;2022;Q8B;116;0.828571429;open;110.0;12
2022_run_27;2022;MG4Bq4;104;0.742857143;quantized;95.0;13
2022_run_27;2022;MG4Bq6;111;0.792857143;quantized;103.75;14
2022_run_27;2022;MG4Bq8;102;0.728571429;quantized;92.5;15
2022_run_27;2022;MT8Bq4;94;0.671428571;quantized;82.5;16
2022_run_27;2022;MT8Bq6;99;0.707142857;quantized;88.75;17
2022_run_27;2022;MT8Bq8;104;0.742857143;quantized;95.0;18
2022_run_28;2022;CLA;132;0.942857143;closed;130.0;1
2022_run_28;2022;DPSK;135;0.964285714;closed;133.75;2
2022_run_28;2022;GPT;139;0.992857143;closed;138.75;3
2022_run_28;2022;GROK;137;0.978571429;closed;136.25;4
2022_run_28;2022;MSTRL;129;0.921428571;closed;126.25;5
2022_run_28;2022;QWEN;136;0.971428571;closed;135.0;6
2022_run_28;2022;MG4B;103;0.735714286;open;93.75;7
2022_run_28;2022;MT8B;100;0.714285714;open;90.0;8
2022_run_28;2022;mSTRL3B;117;0.835714286;open;111.25;9
2022_run_28;2022;Q1_7B;80;0.571428571;open;65.0;10
2022_run_28;2022;Q4B;111;0.792857143;open;103.75;11
2022_run_28;2022;Q8B;116;0.828571429;open;110.0;12
2022_run_28;2022;MG4Bq4;110;0.785714286;quantized;102.5;13
2022_run_28;2022;MG4Bq6;109;0.778571429;quantized;101.25;14
2022_run_28;2022;MG4Bq8;113;0.807142857;quantized;106.25;15
2022_run_28;2022;MT8Bq4;93;0.664285714;quantized;81.25;16
2022_run_28;2022;MT8Bq6;102;0.728571429;quantized;92.5;17
2022_run_28;2022;MT8Bq8;106;0.757142857;quantized;97.5;18
2022_run_29;2022;CLA;129;0.921428571;closed;126.25;1
2022_run_29;2022;DPSK;134;0.957142857;closed;132.5;2
2022_run_29;2022;GPT;139;0.992857143;closed;138.75;3
2022_run_29;2022;GROK;138;0.985714286;closed;137.5;4
2022_run_29;2022;MSTRL;127;0.907142857;closed;123.75;5
2022_run_29;2022;QWEN;137;0.978571429;closed;136.25;6
2022_run_29;2022;MG4B;106;0.757142857;open;97.5;7
2022_run_29;2022;MT8B;96;0.685714286;open;85.0;8
2022_run_29;2022;mSTRL3B;113;0.807142857;open;106.25;9
2022_run_29;2022;Q1_7B;80;0.571428571;open;65.0;10
2022_run_29;2022;Q4B;112;0.8;open;105.0;11
2022_run_29;2022;Q8B;110;0.785714286;open;102.5;12
2022_run_29;2022;MG4Bq4;108;0.771428571;quantized;100.0;13
2022_run_29;2022;MG4Bq6;106;0.757142857;quantized;97.5;14
2022_run_29;2022;MG4Bq8;113;0.807142857;quantized;106.25;15
2022_run_29;2022;MT8Bq4;99;0.707142857;quantized;88.75;16
2022_run_29;2022;MT8Bq6;96;0.685714286;quantized;85.0;17
2022_run_29;2022;MT8Bq8;102;0.728571429;quantized;92.5;18
2022_run_30;2022;CLA;130;0.928571429;closed;127.5;1
2022_run_30;2022;DPSK;131;0.935714286;closed;128.75;2
2022_run_30;2022;GPT;139;0.992857143;closed;138.75;3
2022_run_30;2022;GROK;138;0.985714286;closed;137.5;4
2022_run_30;2022;MSTRL;128;0.914285714;closed;125.0;5
2022_run_30;2022;QWEN;137;0.978571429;closed;136.25;6
2022_run_30;2022;MG4B;110;0.785714286;open;102.5;7
2022_run_30;2022;MT8B;96;0.685714286;open;85.0;8
2022_run_30;2022;mSTRL3B;111;0.792857143;open;103.75;9
2022_run_30;2022;Q1_7B;76;0.542857143;open;60.0;10
2022_run_30;2022;Q4B;110;0.785714286;open;102.5;11
2022_run_30;2022;Q8B;121;0.864285714;open;116.25;12
2022_run_30;2022;MG4Bq4;114;0.814285714;quantized;107.5;13
2022_run_30;2022;MG4Bq6;108;0.771428571;quantized;100.0;14
2022_run_30;2022;MG4Bq8;107;0.764285714;quantized;98.75;15
2022_run_30;2022;MT8Bq4;91;0.65;quantized;78.75;16
2022_run_30;2022;MT8Bq6;99;0.707142857;quantized;88.75;17
2022_run_30;2022;MT8Bq8;97;0.692857143;quantized;86.25;18
2022_run_31;2022;CLA;132;0.942857143;closed;130.0;1
2022_run_31;2022;DPSK;134;0.957142857;closed;132.5;2
2022_run_31;2022;GPT;138;0.985714286;closed;137.5;3
2022_run_31;2022;GROK;139;0.992857143;closed;138.75;4
2022_run_31;2022;MSTRL;127;0.907142857;closed;123.75;5
2022_run_31;2022;QWEN;136;0.971428571;closed;135.0;6
2022_run_31;2022;MG4B;109;0.778571429;open;101.25;7
2022_run_31;2022;MT8B;96;0.685714286;open;85.0;8
2022_run_31;2022;mSTRL3B;115;0.821428571;open;108.75;9
2022_run_31;2022;Q1_7B;81;0.578571429;open;66.25;10
2022_run_31;2022;Q4B;115;0.821428571;open;108.75;11
2022_run_31;2022;Q8B;113;0.807142857;open;106.25;12
2022_run_31;2022;MG4Bq4;99;0.707142857;quantized;88.75;13
2022_run_31;2022;MG4Bq6;102;0.728571429;quantized;92.5;14
2022_run_31;2022;MG4Bq8;107;0.764285714;quantized;98.75;15
2022_run_31;2022;MT8Bq4;97;0.692857143;quantized;86.25;16
2022_run_31;2022;MT8Bq6;110;0.785714286;quantized;102.5;17
2022_run_31;2022;MT8Bq8;105;0.75;quantized;96.25;18
2022_run_32;2022;CLA;132;0.942857143;closed;130.0;1
2022_run_32;2022;DPSK;134;0.957142857;closed;132.5;2
2022_run_32;2022;GPT;138;0.985714286;closed;137.5;3
2022_run_32;2022;GROK;139;0.992857143;closed;138.75;4
2022_run_32;2022;MSTRL;120;0.857142857;closed;115.0;5
2022_run_32;2022;QWEN;137;0.978571429;closed;136.25;6
2022_run_32;2022;MG4B;112;0.8;open;105.0;7
2022_run_32;2022;MT8B;94;0.671428571;open;82.5;8
2022_run_32;2022;mSTRL3B;109;0.778571429;open;101.25;9
2022_run_32;2022;Q1_7B;80;0.571428571;open;65.0;10
2022_run_32;2022;Q4B;112;0.8;open;105.0;11
2022_run_32;2022;Q8B;117;0.835714286;open;111.25;12
2022_run_32;2022;MG4Bq4;110;0.785714286;quantized;102.5;13
2022_run_32;2022;MG4Bq6;101;0.721428571;quantized;91.25;14
2022_run_32;2022;MG4Bq8;110;0.785714286;quantized;102.5;15
2022_run_32;2022;MT8Bq4;93;0.664285714;quantized;81.25;16
2022_run_32;2022;MT8Bq6;106;0.757142857;quantized;97.5;17
2022_run_32;2022;MT8Bq8;100;0.714285714;quantized;90.0;18
2022_run_33;2022;CLA;130;0.928571429;closed;127.5;1
2022_run_33;2022;DPSK;132;0.942857143;closed;130.0;2
2022_run_33;2022;GPT;137;0.978571429;closed;136.25;3
2022_run_33;2022;GROK;139;0.992857143;closed;138.75;4
2022_run_33;2022;MSTRL;127;0.907142857;closed;123.75;5
2022_run_33;2022;QWEN;137;0.978571429;closed;136.25;6
2022_run_33;2022;MG4B;98;0.7;open;87.5;7
2022_run_33;2022;MT8B;102;0.728571429;open;92.5;8
2022_run_33;2022;mSTRL3B;111;0.792857143;open;103.75;9
2022_run_33;2022;Q1_7B;78;0.557142857;open;62.5;10
2022_run_33;2022;Q4B;114;0.814285714;open;107.5;11
2022_run_33;2022;Q8B;111;0.792857143;open;103.75;12
2022_run_33;2022;MG4Bq4;115;0.821428571;quantized;108.75;13
2022_run_33;2022;MG4Bq6;106;0.757142857;quantized;97.5;14
2022_run_33;2022;MG4Bq8;103;0.735714286;quantized;93.75;15
2022_run_33;2022;MT8Bq4;93;0.664285714;quantized;81.25;16
2022_run_33;2022;MT8Bq6;100;0.714285714;quantized;90.0;17
2022_run_33;2022;MT8Bq8;107;0.764285714;quantized;98.75;18
2022_run_34;2022;CLA;129;0.921428571;closed;126.25;1
2022_run_34;2022;DPSK;134;0.957142857;closed;132.5;2
2022_run_34;2022;GPT;139;0.992857143;closed;138.75;3
2022_run_34;2022;GROK;138;0.985714286;closed;137.5;4
2022_run_34;2022;MSTRL;128;0.914285714;closed;125.0;5
2022_run_34;2022;QWEN;137;0.978571429;closed;136.25;6
2022_run_34;2022;MG4B;100;0.714285714;open;90.0;7
2022_run_34;2022;MT8B;99;0.707142857;open;88.75;8
2022_run_34;2022;mSTRL3B;114;0.814285714;open;107.5;9
2022_run_34;2022;Q1_7B;77;0.55;open;61.25;10
2022_run_34;2022;Q4B;110;0.785714286;open;102.5;11
2022_run_34;2022;Q8B;120;0.857142857;open;115.0;12
2022_run_34;2022;MG4Bq4;119;0.85;quantized;113.75;13
2022_run_34;2022;MG4Bq6;108;0.771428571;quantized;100.0;14
2022_run_34;2022;MG4Bq8;112;0.8;quantized;105.0;15
2022_run_34;2022;MT8Bq4;101;0.721428571;quantized;91.25;16
2022_run_34;2022;MT8Bq6;103;0.735714286;quantized;93.75;17
2022_run_34;2022;MT8Bq8;98;0.7;quantized;87.5;18
2022_run_35;2022;CLA;132;0.942857143;closed;130.0;1
2022_run_35;2022;DPSK;134;0.957142857;closed;132.5;2
2022_run_35;2022;GPT;139;0.992857143;closed;138.75;3
2022_run_35;2022;GROK;139;0.992857143;closed;138.75;4
2022_run_35;2022;MSTRL;130;0.928571429;closed;127.5;5
2022_run_35;2022;QWEN;136;0.971428571;closed;135.0;6
2022_run_35;2022;MG4B;105;0.75;open;96.25;7
2022_run_35;2022;MT8B;93;0.664285714;open;81.25;8
2022_run_35;2022;mSTRL3B;112;0.8;open;105.0;9
2022_run_35;2022;Q1_7B;78;0.557142857;open;62.5;10
2022_run_35;2022;Q4B;107;0.764285714;open;98.75;11
2022_run_35;2022;Q8B;115;0.821428571;open;108.75;12
2022_run_35;2022;MG4Bq4;105;0.75;quantized;96.25;13
2022_run_35;2022;MG4Bq6;102;0.728571429;quantized;92.5;14
2022_run_35;2022;MG4Bq8;107;0.764285714;quantized;98.75;15
2022_run_35;2022;MT8Bq4;99;0.707142857;quantized;88.75;16
2022_run_35;2022;MT8Bq6;99;0.707142857;quantized;88.75;17
2022_run_35;2022;MT8Bq8;103;0.735714286;quantized;93.75;18
2022_run_36;2022;CLA;129;0.921428571;closed;126.25;1
2022_run_36;2022;DPSK;134;0.957142857;closed;132.5;2
2022_run_36;2022;GPT;138;0.985714286;closed;137.5;3
2022_run_36;2022;GROK;137;0.978571429;closed;136.25;4
2022_run_36;2022;MSTRL;129;0.921428571;closed;126.25;5
2022_run_36;2022;QWEN;137;0.978571429;closed;136.25;6
2022_run_36;2022;MG4B;104;0.742857143;open;95.0;7
2022_run_36;2022;MT8B;97;0.692857143;open;86.25;8
2022_run_36;2022;mSTRL3B;110;0.785714286;open;102.5;9
2022_run_36;2022;Q1_7B;76;0.542857143;open;60.0;10
2022_run_36;2022;Q4B;114;0.814285714;open;107.5;11
2022_run_36;2022;Q8B;118;0.842857143;open;112.5;12
2022_run_36;2022;MG4Bq4;104;0.742857143;quantized;95.0;13
2022_run_36;2022;MG4Bq6;103;0.735714286;quantized;93.75;14
2022_run_36;2022;MG4Bq8;115;0.821428571;quantized;108.75;15
2022_run_36;2022;MT8Bq4;102;0.728571429;quantized;92.5;16
2022_run_36;2022;MT8Bq6;98;0.7;quantized;87.5;17
2022_run_36;2022;MT8Bq8;99;0.707142857;quantized;88.75;18
2022_run_37;2022;CLA;133;0.95;closed;131.25;1
2022_run_37;2022;DPSK;135;0.964285714;closed;133.75;2
2022_run_37;2022;GPT;139;0.992857143;closed;138.75;3
2022_run_37;2022;GROK;137;0.978571429;closed;136.25;4
2022_run_37;2022;MSTRL;125;0.892857143;closed;121.25;5
2022_run_37;2022;QWEN;137;0.978571429;closed;136.25;6
2022_run_37;2022;MG4B;111;0.792857143;open;103.75;7
2022_run_37;2022;MT8B;97;0.692857143;open;86.25;8
2022_run_37;2022;mSTRL3B;113;0.807142857;open;106.25;9
2022_run_37;2022;Q1_7B;87;0.621428571;open;73.75;10
2022_run_37;2022;Q4B;113;0.807142857;open;106.25;11
2022_run_37;2022;Q8B;121;0.864285714;open;116.25;12
2022_run_37;2022;MG4Bq4;109;0.778571429;quantized;101.25;13
2022_run_37;2022;MG4Bq6;111;0.792857143;quantized;103.75;14
2022_run_37;2022;MG4Bq8;109;0.778571429;quantized;101.25;15
2022_run_37;2022;MT8Bq4;97;0.692857143;quantized;86.25;16
2022_run_37;2022;MT8Bq6;98;0.7;quantized;87.5;17
2022_run_37;2022;MT8Bq8;100;0.714285714;quantized;90.0;18
2022_run_38;2022;CLA;133;0.95;closed;131.25;1
2022_run_38;2022;DPSK;135;0.964285714;closed;133.75;2
2022_run_38;2022;GPT;139;0.992857143;closed;138.75;3
2022_run_38;2022;GROK;139;0.992857143;closed;138.75;4
2022_run_38;2022;MSTRL;130;0.928571429;closed;127.5;5
2022_run_38;2022;QWEN;137;0.978571429;closed;136.25;6
2022_run_38;2022;MG4B;111;0.792857143;open;103.75;7
2022_run_38;2022;MT8B;99;0.707142857;open;88.75;8
2022_run_38;2022;mSTRL3B;107;0.764285714;open;98.75;9
2022_run_38;2022;Q1_7B;76;0.542857143;open;60.0;10
2022_run_38;2022;Q4B;112;0.8;open;105.0;11
2022_run_38;2022;Q8B;114;0.814285714;open;107.5;12
2022_run_38;2022;MG4Bq4;111;0.792857143;quantized;103.75;13
2022_run_38;2022;MG4Bq6;109;0.778571429;quantized;101.25;14
2022_run_38;2022;MG4Bq8;111;0.792857143;quantized;103.75;15
2022_run_38;2022;MT8Bq4;94;0.671428571;quantized;82.5;16
2022_run_38;2022;MT8Bq6;95;0.678571429;quantized;83.75;17
2022_run_38;2022;MT8Bq8;99;0.707142857;quantized;88.75;18
2022_run_39;2022;CLA;129;0.921428571;closed;126.25;1
2022_run_39;2022;DPSK;137;0.978571429;closed;136.25;2
2022_run_39;2022;GPT;139;0.992857143;closed;138.75;3
2022_run_39;2022;GROK;139;0.992857143;closed;138.75;4
2022_run_39;2022;MSTRL;130;0.928571429;closed;127.5;5
2022_run_39;2022;QWEN;137;0.978571429;closed;136.25;6
2022_run_39;2022;MG4B;104;0.742857143;open;95.0;7
2022_run_39;2022;MT8B;94;0.671428571;open;82.5;8
2022_run_39;2022;mSTRL3B;113;0.807142857;open;106.25;9
2022_run_39;2022;Q1_7B;80;0.571428571;open;65.0;10
2022_run_39;2022;Q4B;109;0.778571429;open;101.25;11
2022_run_39;2022;Q8B;117;0.835714286;open;111.25;12
2022_run_39;2022;MG4Bq4;96;0.685714286;quantized;85.0;13
2022_run_39;2022;MG4Bq6;109;0.778571429;quantized;101.25;14
2022_run_39;2022;MG4Bq8;113;0.807142857;quantized;106.25;15
2022_run_39;2022;MT8Bq4;94;0.671428571;quantized;82.5;16
2022_run_39;2022;MT8Bq6;101;0.721428571;quantized;91.25;17
2022_run_39;2022;MT8Bq8;95;0.678571429;quantized;83.75;18
2022_run_40;2022;CLA;132;0.942857143;closed;130.0;1
2022_run_40;2022;DPSK;131;0.935714286;closed;128.75;2
2022_run_40;2022;GPT;139;0.992857143;closed;138.75;3
2022_run_40;2022;GROK;139;0.992857143;closed;138.75;4
2022_run_40;2022;MSTRL;131;0.935714286;closed;128.75;5
2022_run_40;2022;QWEN;135;0.964285714;closed;133.75;6
2022_run_40;2022;MG4B;110;0.785714286;open;102.5;7
2022_run_40;2022;MT8B;99;0.707142857;open;88.75;8
2022_run_40;2022;mSTRL3B;109;0.778571429;open;101.25;9
2022_run_40;2022;Q1_7B;75;0.535714286;open;58.75;10
2022_run_40;2022;Q4B;109;0.778571429;open;101.25;11
2022_run_40;2022;Q8B;111;0.792857143;open;103.75;12
2022_run_40;2022;MG4Bq4;112;0.8;quantized;105.0;13
2022_run_40;2022;MG4Bq6;112;0.8;quantized;105.0;14
2022_run_40;2022;MG4Bq8;108;0.771428571;quantized;100.0;15
2022_run_40;2022;MT8Bq4;92;0.657142857;quantized;80.0;16
2022_run_40;2022;MT8Bq6;103;0.735714286;quantized;93.75;17
2022_run_40;2022;MT8Bq8;101;0.721428571;quantized;91.25;18
2022_run_41;2022;CLA;137;0.978571429;closed;136.25;1
2022_run_41;2022;DPSK;133;0.95;closed;131.25;2
2022_run_41;2022;GPT;139;0.992857143;closed;138.75;3
2022_run_41;2022;GROK;138;0.985714286;closed;137.5;4
2022_run_41;2022;MSTRL;127;0.907142857;closed;123.75;5
2022_run_41;2022;QWEN;138;0.985714286;closed;137.5;6
2022_run_41;2022;MG4B;108;0.771428571;open;100.0;7
2022_run_41;2022;MT8B;103;0.735714286;open;93.75;8
2022_run_41;2022;mSTRL3B;107;0.764285714;open;98.75;9
2022_run_41;2022;Q1_7B;80;0.571428571;open;65.0;10
2022_run_41;2022;Q4B;115;0.821428571;open;108.75;11
2022_run_41;2022;Q8B;112;0.8;open;105.0;12
2022_run_41;2022;MG4Bq4;108;0.771428571;quantized;100.0;13
2022_run_41;2022;MG4Bq6;111;0.792857143;quantized;103.75;14
2022_run_41;2022;MG4Bq8;101;0.721428571;quantized;91.25;15
2022_run_41;2022;MT8Bq4;91;0.65;quantized;78.75;16
2022_run_41;2022;MT8Bq6;94;0.671428571;quantized;82.5;17
2022_run_41;2022;MT8Bq8;97;0.692857143;quantized;86.25;18
2022_run_42;2022;CLA;131;0.935714286;closed;128.75;1
2022_run_42;2022;DPSK;135;0.964285714;closed;133.75;2
2022_run_42;2022;GPT;139;0.992857143;closed;138.75;3
2022_run_42;2022;GROK;139;0.992857143;closed;138.75;4
2022_run_42;2022;MSTRL;126;0.9;closed;122.5;5
2022_run_42;2022;QWEN;137;0.978571429;closed;136.25;6
2022_run_42;2022;MG4B;101;0.721428571;open;91.25;7
2022_run_42;2022;MT8B;96;0.685714286;open;85.0;8
2022_run_42;2022;mSTRL3B;110;0.785714286;open;102.5;9
2022_run_42;2022;Q1_7B;72;0.514285714;open;55.0;10
2022_run_42;2022;Q4B;112;0.8;open;105.0;11
2022_run_42;2022;Q8B;116;0.828571429;open;110.0;12
2022_run_42;2022;MG4Bq4;105;0.75;quantized;96.25;13
2022_run_42;2022;MG4Bq6;101;0.721428571;quantized;91.25;14
2022_run_42;2022;MG4Bq8;120;0.857142857;quantized;115.0;15
2022_run_42;2022;MT8Bq4;90;0.642857143;quantized;77.5;16
2022_run_42;2022;MT8Bq6;101;0.721428571;quantized;91.25;17
2022_run_42;2022;MT8Bq8;104;0.742857143;quantized;95.0;18
2022_run_43;2022;CLA;130;0.928571429;closed;127.5;1
2022_run_43;2022;DPSK;130;0.928571429;closed;127.5;2
2022_run_43;2022;GPT;139;0.992857143;closed;138.75;3
2022_run_43;2022;GROK;138;0.985714286;closed;137.5;4
2022_run_43;2022;MSTRL;122;0.871428571;closed;117.5;5
2022_run_43;2022;QWEN;135;0.964285714;closed;133.75;6
2022_run_43;2022;MG4B;110;0.785714286;open;102.5;7
2022_run_43;2022;MT8B;102;0.728571429;open;92.5;8
2022_run_43;2022;mSTRL3B;106;0.757142857;open;97.5;9
2022_run_43;2022;Q1_7B;81;0.578571429;open;66.25;10
2022_run_43;2022;Q4B;110;0.785714286;open;102.5;11
2022_run_43;2022;Q8B;116;0.828571429;open;110.0;12
2022_run_43;2022;MG4Bq4;101;0.721428571;quantized;91.25;13
2022_run_43;2022;MG4Bq6;102;0.728571429;quantized;92.5;14
2022_run_43;2022;MG4Bq8;105;0.75;quantized;96.25;15
2022_run_43;2022;MT8Bq4;96;0.685714286;quantized;85.0;16
2022_run_43;2022;MT8Bq6;96;0.685714286;quantized;85.0;17
2022_run_43;2022;MT8Bq8;102;0.728571429;quantized;92.5;18
2022_run_44;2022;CLA;127;0.907142857;closed;123.75;1
2022_run_44;2022;DPSK;133;0.95;closed;131.25;2
2022_run_44;2022;GPT;139;0.992857143;closed;138.75;3
2022_run_44;2022;GROK;138;0.985714286;closed;137.5;4
2022_run_44;2022;MSTRL;128;0.914285714;closed;125.0;5
2022_run_44;2022;QWEN;138;0.985714286;closed;137.5;6
2022_run_44;2022;MG4B;109;0.778571429;open;101.25;7
2022_run_44;2022;MT8B;93;0.664285714;open;81.25;8
2022_run_44;2022;mSTRL3B;114;0.814285714;open;107.5;9
2022_run_44;2022;Q1_7B;79;0.564285714;open;63.75;10
2022_run_44;2022;Q4B;107;0.764285714;open;98.75;11
2022_run_44;2022;Q8B;111;0.792857143;open;103.75;12
2022_run_44;2022;MG4Bq4;104;0.742857143;quantized;95.0;13
2022_run_44;2022;MG4Bq6;108;0.771428571;quantized;100.0;14
2022_run_44;2022;MG4Bq8;107;0.764285714;quantized;98.75;15
2022_run_44;2022;MT8Bq4;102;0.728571429;quantized;92.5;16
2022_run_44;2022;MT8Bq6;94;0.671428571;quantized;82.5;17
2022_run_44;2022;MT8Bq8;100;0.714285714;quantized;90.0;18
2022_run_45;2022;CLA;130;0.928571429;closed;127.5;1
2022_run_45;2022;DPSK;130;0.928571429;closed;127.5;2
2022_run_45;2022;GPT;139;0.992857143;closed;138.75;3
2022_run_45;2022;GROK;138;0.985714286;closed;137.5;4
2022_run_45;2022;MSTRL;130;0.928571429;closed;127.5;5
2022_run_45;2022;QWEN;136;0.971428571;closed;135.0;6
2022_run_45;2022;MG4B;107;0.764285714;open;98.75;7
2022_run_45;2022;MT8B;97;0.692857143;open;86.25;8
2022_run_45;2022;mSTRL3B;112;0.8;open;105.0;9
2022_run_45;2022;Q1_7B;82;0.585714286;open;67.5;10
2022_run_45;2022;Q4B;112;0.8;open;105.0;11
2022_run_45;2022;Q8B;117;0.835714286;open;111.25;12
2022_run_45;2022;MG4Bq4;108;0.771428571;quantized;100.0;13
2022_run_45;2022;MG4Bq6;106;0.757142857;quantized;97.5;14
2022_run_45;2022;MG4Bq8;109;0.778571429;quantized;101.25;15
2022_run_45;2022;MT8Bq4;94;0.671428571;quantized;82.5;16
2022_run_45;2022;MT8Bq6;105;0.75;quantized;96.25;17
2022_run_45;2022;MT8Bq8;97;0.692857143;quantized;86.25;18
2022_run_46;2022;CLA;133;0.95;closed;131.25;1
2022_run_46;2022;DPSK;135;0.964285714;closed;133.75;2
2022_run_46;2022;GPT;139;0.992857143;closed;138.75;3
2022_run_46;2022;GROK;138;0.985714286;closed;137.5;4
2022_run_46;2022;MSTRL;131;0.935714286;closed;128.75;5
2022_run_46;2022;QWEN;137;0.978571429;closed;136.25;6
2022_run_46;2022;MG4B;107;0.764285714;open;98.75;7
2022_run_46;2022;MT8B;100;0.714285714;open;90.0;8
2022_run_46;2022;mSTRL3B;114;0.814285714;open;107.5;9
2022_run_46;2022;Q1_7B;79;0.564285714;open;63.75;10
2022_run_46;2022;Q4B;108;0.771428571;open;100.0;11
2022_run_46;2022;Q8B;116;0.828571429;open;110.0;12
2022_run_46;2022;MG4Bq4;104;0.742857143;quantized;95.0;13
2022_run_46;2022;MG4Bq6;111;0.792857143;quantized;103.75;14
2022_run_46;2022;MG4Bq8;106;0.757142857;quantized;97.5;15
2022_run_46;2022;MT8Bq4;93;0.664285714;quantized;81.25;16
2022_run_46;2022;MT8Bq6;101;0.721428571;quantized;91.25;17
2022_run_46;2022;MT8Bq8;104;0.742857143;quantized;95.0;18
2022_run_47;2022;CLA;131;0.935714286;closed;128.75;1
2022_run_47;2022;DPSK;130;0.928571429;closed;127.5;2
2022_run_47;2022;GPT;139;0.992857143;closed;138.75;3
2022_run_47;2022;GROK;139;0.992857143;closed;138.75;4
2022_run_47;2022;MSTRL;127;0.907142857;closed;123.75;5
2022_run_47;2022;QWEN;137;0.978571429;closed;136.25;6
2022_run_47;2022;MG4B;108;0.771428571;open;100.0;7
2022_run_47;2022;MT8B;96;0.685714286;open;85.0;8
2022_run_47;2022;mSTRL3B;114;0.814285714;open;107.5;9
2022_run_47;2022;Q1_7B;68;0.485714286;open;50.0;10
2022_run_47;2022;Q4B;109;0.778571429;open;101.25;11
2022_run_47;2022;Q8B;114;0.814285714;open;107.5;12
2022_run_47;2022;MG4Bq4;112;0.8;quantized;105.0;13
2022_run_47;2022;MG4Bq6;109;0.778571429;quantized;101.25;14
2022_run_47;2022;MG4Bq8;115;0.821428571;quantized;108.75;15
2022_run_47;2022;MT8Bq4;93;0.664285714;quantized;81.25;16
2022_run_47;2022;MT8Bq6;99;0.707142857;quantized;88.75;17
2022_run_47;2022;MT8Bq8;98;0.7;quantized;87.5;18
2022_run_48;2022;CLA;132;0.942857143;closed;130.0;1
2022_run_48;2022;DPSK;135;0.964285714;closed;133.75;2
2022_run_48;2022;GPT;137;0.978571429;closed;136.25;3
2022_run_48;2022;GROK;138;0.985714286;closed;137.5;4
2022_run_48;2022;MSTRL;127;0.907142857;closed;123.75;5
2022_run_48;2022;QWEN;137;0.978571429;closed;136.25;6
2022_run_48;2022;MG4B;108;0.771428571;open;100.0;7
2022_run_48;2022;MT8B;101;0.721428571;open;91.25;8
2022_run_48;2022;mSTRL3B;115;0.821428571;open;108.75;9
2022_run_48;2022;Q1_7B;75;0.535714286;open;58.75;10
2022_run_48;2022;Q4B;110;0.785714286;open;102.5;11
2022_run_48;2022;Q8B;117;0.835714286;open;111.25;12
2022_run_48;2022;MG4Bq4;109;0.778571429;quantized;101.25;13
2022_run_48;2022;MG4Bq6;110;0.785714286;quantized;102.5;14
2022_run_48;2022;MG4Bq8;109;0.778571429;quantized;101.25;15
2022_run_48;2022;MT8Bq4;97;0.692857143;quantized;86.25;16
2022_run_48;2022;MT8Bq6;94;0.671428571;quantized;82.5;17
2022_run_48;2022;MT8Bq8;100;0.714285714;quantized;90.0;18
2022_run_49;2022;CLA;131;0.935714286;closed;128.75;1
2022_run_49;2022;DPSK;135;0.964285714;closed;133.75;2
2022_run_49;2022;GPT;138;0.985714286;closed;137.5;3
2022_run_49;2022;GROK;138;0.985714286;closed;137.5;4
2022_run_49;2022;MSTRL;128;0.914285714;closed;125.0;5
2022_run_49;2022;QWEN;137;0.978571429;closed;136.25;6
2022_run_49;2022;MG4B;104;0.742857143;open;95.0;7
2022_run_49;2022;MT8B;99;0.707142857;open;88.75;8
2022_run_49;2022;mSTRL3B;109;0.778571429;open;101.25;9
2022_run_49;2022;Q1_7B;79;0.564285714;open;63.75;10
2022_run_49;2022;Q4B;110;0.785714286;open;102.5;11
2022_run_49;2022;Q8B;118;0.842857143;open;112.5;12
2022_run_49;2022;MG4Bq4;106;0.757142857;quantized;97.5;13
2022_run_49;2022;MG4Bq6;110;0.785714286;quantized;102.5;14
2022_run_49;2022;MG4Bq8;110;0.785714286;quantized;102.5;15
2022_run_49;2022;MT8Bq4;96;0.685714286;quantized;85.0;16
2022_run_49;2022;MT8Bq6;105;0.75;quantized;96.25;17
2022_run_49;2022;MT8Bq8;99;0.707142857;quantized;88.75;18
2022_run_50;2022;CLA;135;0.964285714;closed;133.75;1
2022_run_50;2022;DPSK;135;0.964285714;closed;133.75;2
2022_run_50;2022;GPT;138;0.985714286;closed;137.5;3
2022_run_50;2022;GROK;139;0.992857143;closed;138.75;4
2022_run_50;2022;MSTRL;127;0.907142857;closed;123.75;5
2022_run_50;2022;QWEN;137;0.978571429;closed;136.25;6
2022_run_50;2022;MG4B;105;0.75;open;96.25;7
2022_run_50;2022;MT8B;96;0.685714286;open;85.0;8
2022_run_50;2022;mSTRL3B;112;0.8;open;105.0;9
2022_run_50;2022;Q1_7B;79;0.564285714;open;63.75;10
2022_run_50;2022;Q4B;113;0.807142857;open;106.25;11
2022_run_50;2022;Q8B;116;0.828571429;open;110.0;12
2022_run_50;2022;MG4Bq4;105;0.75;quantized;96.25;13
2022_run_50;2022;MG4Bq6;107;0.764285714;quantized;98.75;14
2022_run_50;2022;MG4Bq8;109;0.778571429;quantized;101.25;15
2022_run_50;2022;MT8Bq4;100;0.714285714;quantized;90.0;16
2022_run_50;2022;MT8Bq6;96;0.685714286;quantized;85.0;17
2022_run_50;2022;MT8Bq8;93;0.664285714;quantized;81.25;18
2023_run_1;2023;CLA;131;0.935714286;closed;128.75;1
2023_run_1;2023;DPSK;133;0.95;closed;131.25;2
2023_run_1;2023;GPT;134;0.957142857;closed;132.5;3
2023_run_1;2023;GROK;137;0.978571429;closed;136.25;4
2023_run_1;2023;MSTRL;132;0.942857143;closed;130.0;5
2023_run_1;2023;QWEN;133;0.95;closed;131.25;6
2023_run_1;2023;MG4B;107;0.764285714;open;98.75;7
2023_run_1;2023;MT8B;101;0.721428571;open;91.25;8
2023_run_1;2023;mSTRL3B;97;0.692857143;open;86.25;9
2023_run_1;2023;Q1_7B;69;0.492857143;open;51.25;10
2023_run_1;2023;Q4B;104;0.742857143;open;95.0;11
2023_run_1;2023;Q8B;116;0.828571429;open;110.0;12
2023_run_1;2023;MG4Bq4;119;0.85;quantized;113.75;13
2023_run_1;2023;MG4Bq6;115;0.821428571;quantized;108.75;14
2023_run_1;2023;MG4Bq8;118;0.842857143;quantized;112.5;15
2023_run_1;2023;MT8Bq4;90;0.642857143;quantized;77.5;16
2023_run_1;2023;MT8Bq6;95;0.678571429;quantized;83.75;17
2023_run_1;2023;MT8Bq8;106;0.757142857;quantized;97.5;18
2023_run_2;2023;CLA;129;0.921428571;closed;126.25;1
2023_run_2;2023;DPSK;134;0.957142857;closed;132.5;2
2023_run_2;2023;GPT;137;0.978571429;closed;136.25;3
2023_run_2;2023;GROK;137;0.978571429;closed;136.25;4
2023_run_2;2023;MSTRL;132;0.942857143;closed;130.0;5
2023_run_2;2023;QWEN;135;0.964285714;closed;133.75;6
2023_run_2;2023;MG4B;111;0.792857143;open;103.75;7
2023_run_2;2023;MT8B;102;0.728571429;open;92.5;8
2023_run_2;2023;mSTRL3B;107;0.764285714;open;98.75;9
2023_run_2;2023;Q1_7B;68;0.485714286;open;50.0;10
2023_run_2;2023;Q4B;111;0.792857143;open;103.75;11
2023_run_2;2023;Q8B;113;0.807142857;open;106.25;12
2023_run_2;2023;MG4Bq4;117;0.835714286;quantized;111.25;13
2023_run_2;2023;MG4Bq6;117;0.835714286;quantized;111.25;14
2023_run_2;2023;MG4Bq8;113;0.807142857;quantized;106.25;15
2023_run_2;2023;MT8Bq4;96;0.685714286;quantized;85.0;16
2023_run_2;2023;MT8Bq6;99;0.707142857;quantized;88.75;17
2023_run_2;2023;MT8Bq8;101;0.721428571;quantized;91.25;18
2023_run_3;2023;CLA;132;0.942857143;closed;130.0;1
2023_run_3;2023;DPSK;134;0.957142857;closed;132.5;2
2023_run_3;2023;GPT;136;0.971428571;closed;135.0;3
2023_run_3;2023;GROK;135;0.964285714;closed;133.75;4
2023_run_3;2023;MSTRL;129;0.921428571;closed;126.25;5
2023_run_3;2023;QWEN;134;0.957142857;closed;132.5;6
2023_run_3;2023;MG4B;113;0.807142857;open;106.25;7
2023_run_3;2023;MT8B;89;0.635714286;open;76.25;8
2023_run_3;2023;mSTRL3B;101;0.721428571;open;91.25;9
2023_run_3;2023;Q1_7B;71;0.507142857;open;53.75;10
2023_run_3;2023;Q4B;106;0.757142857;open;97.5;11
2023_run_3;2023;Q8B;113;0.807142857;open;106.25;12
2023_run_3;2023;MG4Bq4;111;0.792857143;quantized;103.75;13
2023_run_3;2023;MG4Bq6;113;0.807142857;quantized;106.25;14
2023_run_3;2023;MG4Bq8;110;0.785714286;quantized;102.5;15
2023_run_3;2023;MT8Bq4;99;0.707142857;quantized;88.75;16
2023_run_3;2023;MT8Bq6;91;0.65;quantized;78.75;17
2023_run_3;2023;MT8Bq8;97;0.692857143;quantized;86.25;18
2023_run_4;2023;CLA;132;0.942857143;closed;130.0;1
2023_run_4;2023;DPSK;131;0.935714286;closed;128.75;2
2023_run_4;2023;GPT;137;0.978571429;closed;136.25;3
2023_run_4;2023;GROK;134;0.957142857;closed;132.5;4
2023_run_4;2023;MSTRL;130;0.928571429;closed;127.5;5
2023_run_4;2023;QWEN;134;0.957142857;closed;132.5;6
2023_run_4;2023;MG4B;116;0.828571429;open;110.0;7
2023_run_4;2023;MT8B;99;0.707142857;open;88.75;8
2023_run_4;2023;mSTRL3B;100;0.714285714;open;90.0;9
2023_run_4;2023;Q1_7B;70;0.5;open;52.5;10
2023_run_4;2023;Q4B;106;0.757142857;open;97.5;11
2023_run_4;2023;Q8B;109;0.778571429;open;101.25;12
2023_run_4;2023;MG4Bq4;114;0.814285714;quantized;107.5;13
2023_run_4;2023;MG4Bq6;117;0.835714286;quantized;111.25;14
2023_run_4;2023;MG4Bq8;116;0.828571429;quantized;110.0;15
2023_run_4;2023;MT8Bq4;94;0.671428571;quantized;82.5;16
2023_run_4;2023;MT8Bq6;104;0.742857143;quantized;95.0;17
2023_run_4;2023;MT8Bq8;107;0.764285714;quantized;98.75;18
2023_run_5;2023;CLA;132;0.942857143;closed;130.0;1
2023_run_5;2023;DPSK;130;0.928571429;closed;127.5;2
2023_run_5;2023;GPT;135;0.964285714;closed;133.75;3
2023_run_5;2023;GROK;137;0.978571429;closed;136.25;4
2023_run_5;2023;MSTRL;132;0.942857143;closed;130.0;5
2023_run_5;2023;QWEN;136;0.971428571;closed;135.0;6
2023_run_5;2023;MG4B;116;0.828571429;open;110.0;7
2023_run_5;2023;MT8B;95;0.678571429;open;83.75;8
2023_run_5;2023;mSTRL3B;98;0.7;open;87.5;9
2023_run_5;2023;Q1_7B;74;0.528571429;open;57.5;10
2023_run_5;2023;Q4B;103;0.735714286;open;93.75;11
2023_run_5;2023;Q8B;115;0.821428571;open;108.75;12
2023_run_5;2023;MG4Bq4;106;0.757142857;quantized;97.5;13
2023_run_5;2023;MG4Bq6;112;0.8;quantized;105.0;14
2023_run_5;2023;MG4Bq8;109;0.778571429;quantized;101.25;15
2023_run_5;2023;MT8Bq4;97;0.692857143;quantized;86.25;16
2023_run_5;2023;MT8Bq6;101;0.721428571;quantized;91.25;17
2023_run_5;2023;MT8Bq8;103;0.735714286;quantized;93.75;18
2023_run_6;2023;CLA;137;0.978571429;closed;136.25;1
2023_run_6;2023;DPSK;132;0.942857143;closed;130.0;2
2023_run_6;2023;GPT;137;0.978571429;closed;136.25;3
2023_run_6;2023;GROK;135;0.964285714;closed;133.75;4
2023_run_6;2023;MSTRL;128;0.914285714;closed;125.0;5
2023_run_6;2023;QWEN;134;0.957142857;closed;132.5;6
2023_run_6;2023;MG4B;112;0.8;open;105.0;7
2023_run_6;2023;MT8B;99;0.707142857;open;88.75;8
2023_run_6;2023;mSTRL3B;99;0.707142857;open;88.75;9
2023_run_6;2023;Q1_7B;60;0.428571429;open;40.0;10
2023_run_6;2023;Q4B;111;0.792857143;open;103.75;11
2023_run_6;2023;Q8B;115;0.821428571;open;108.75;12
2023_run_6;2023;MG4Bq4;109;0.778571429;quantized;101.25;13
2023_run_6;2023;MG4Bq6;113;0.807142857;quantized;106.25;14
2023_run_6;2023;MG4Bq8;110;0.785714286;quantized;102.5;15
2023_run_6;2023;MT8Bq4;94;0.671428571;quantized;82.5;16
2023_run_6;2023;MT8Bq6;100;0.714285714;quantized;90.0;17
2023_run_6;2023;MT8Bq8;99;0.707142857;quantized;88.75;18
2023_run_7;2023;CLA;131;0.935714286;closed;128.75;1
2023_run_7;2023;DPSK;129;0.921428571;closed;126.25;2
2023_run_7;2023;GPT;137;0.978571429;closed;136.25;3
2023_run_7;2023;GROK;138;0.985714286;closed;137.5;4
2023_run_7;2023;MSTRL;130;0.928571429;closed;127.5;5
2023_run_7;2023;QWEN;136;0.971428571;closed;135.0;6
2023_run_7;2023;MG4B;117;0.835714286;open;111.25;7
2023_run_7;2023;MT8B;100;0.714285714;open;90.0;8
2023_run_7;2023;mSTRL3B;98;0.7;open;87.5;9
2023_run_7;2023;Q1_7B;71;0.507142857;open;53.75;10
2023_run_7;2023;Q4B;111;0.792857143;open;103.75;11
2023_run_7;2023;Q8B;110;0.785714286;open;102.5;12
2023_run_7;2023;MG4Bq4;110;0.785714286;quantized;102.5;13
2023_run_7;2023;MG4Bq6;110;0.785714286;quantized;102.5;14
2023_run_7;2023;MG4Bq8;110;0.785714286;quantized;102.5;15
2023_run_7;2023;MT8Bq4;96;0.685714286;quantized;85.0;16
2023_run_7;2023;MT8Bq6;99;0.707142857;quantized;88.75;17
2023_run_7;2023;MT8Bq8;104;0.742857143;quantized;95.0;18
2023_run_8;2023;CLA;133;0.95;closed;131.25;1
2023_run_8;2023;DPSK;132;0.942857143;closed;130.0;2
2023_run_8;2023;GPT;137;0.978571429;closed;136.25;3
2023_run_8;2023;GROK;136;0.971428571;closed;135.0;4
2023_run_8;2023;MSTRL;128;0.914285714;closed;125.0;5
2023_run_8;2023;QWEN;135;0.964285714;closed;133.75;6
2023_run_8;2023;MG4B;114;0.814285714;open;107.5;7
2023_run_8;2023;MT8B;99;0.707142857;open;88.75;8
2023_run_8;2023;mSTRL3B;100;0.714285714;open;90.0;9
2023_run_8;2023;Q1_7B;67;0.478571429;open;48.75;10
2023_run_8;2023;Q4B;105;0.75;open;96.25;11
2023_run_8;2023;Q8B;110;0.785714286;open;102.5;12
2023_run_8;2023;MG4Bq4;109;0.778571429;quantized;101.25;13
2023_run_8;2023;MG4Bq6;116;0.828571429;quantized;110.0;14
2023_run_8;2023;MG4Bq8;114;0.814285714;quantized;107.5;15
2023_run_8;2023;MT8Bq4;95;0.678571429;quantized;83.75;16
2023_run_8;2023;MT8Bq6;102;0.728571429;quantized;92.5;17
2023_run_8;2023;MT8Bq8;98;0.7;quantized;87.5;18
2023_run_9;2023;CLA;134;0.957142857;closed;132.5;1
2023_run_9;2023;DPSK;131;0.935714286;closed;128.75;2
2023_run_9;2023;GPT;136;0.971428571;closed;135.0;3
2023_run_9;2023;GROK;136;0.971428571;closed;135.0;4
2023_run_9;2023;MSTRL;131;0.935714286;closed;128.75;5
2023_run_9;2023;QWEN;134;0.957142857;closed;132.5;6
2023_run_9;2023;MG4B;113;0.807142857;open;106.25;7
2023_run_9;2023;MT8B;101;0.721428571;open;91.25;8
2023_run_9;2023;mSTRL3B;107;0.764285714;open;98.75;9
2023_run_9;2023;Q1_7B;75;0.535714286;open;58.75;10
2023_run_9;2023;Q4B;113;0.807142857;open;106.25;11
2023_run_9;2023;Q8B;112;0.8;open;105.0;12
2023_run_9;2023;MG4Bq4;118;0.842857143;quantized;112.5;13
2023_run_9;2023;MG4Bq6;119;0.85;quantized;113.75;14
2023_run_9;2023;MG4Bq8;119;0.85;quantized;113.75;15
2023_run_9;2023;MT8Bq4;91;0.65;quantized;78.75;16
2023_run_9;2023;MT8Bq6;98;0.7;quantized;87.5;17
2023_run_9;2023;MT8Bq8;99;0.707142857;quantized;88.75;18
2023_run_10;2023;CLA;135;0.964285714;closed;133.75;1
2023_run_10;2023;DPSK;134;0.957142857;closed;132.5;2
2023_run_10;2023;GPT;135;0.964285714;closed;133.75;3
2023_run_10;2023;GROK;137;0.978571429;closed;136.25;4
2023_run_10;2023;MSTRL;131;0.935714286;closed;128.75;5
2023_run_10;2023;QWEN;137;0.978571429;closed;136.25;6
2023_run_10;2023;MG4B;119;0.85;open;113.75;7
2023_run_10;2023;MT8B;107;0.764285714;open;98.75;8
2023_run_10;2023;mSTRL3B;102;0.728571429;open;92.5;9
2023_run_10;2023;Q1_7B;66;0.471428571;open;47.5;10
2023_run_10;2023;Q4B;107;0.764285714;open;98.75;11
2023_run_10;2023;Q8B;115;0.821428571;open;108.75;12
2023_run_10;2023;MG4Bq4;116;0.828571429;quantized;110.0;13
2023_run_10;2023;MG4Bq6;118;0.842857143;quantized;112.5;14
2023_run_10;2023;MG4Bq8;111;0.792857143;quantized;103.75;15
2023_run_10;2023;MT8Bq4;101;0.721428571;quantized;91.25;16
2023_run_10;2023;MT8Bq6;100;0.714285714;quantized;90.0;17
2023_run_10;2023;MT8Bq8;99;0.707142857;quantized;88.75;18
2023_run_11;2023;CLA;130;0.928571429;closed;127.5;1
2023_run_11;2023;DPSK;131;0.935714286;closed;128.75;2
2023_run_11;2023;GPT;135;0.964285714;closed;133.75;3
2023_run_11;2023;GROK;134;0.957142857;closed;132.5;4
2023_run_11;2023;MSTRL;131;0.935714286;closed;128.75;5
2023_run_11;2023;QWEN;135;0.964285714;closed;133.75;6
2023_run_11;2023;MG4B;119;0.85;open;113.75;7
2023_run_11;2023;MT8B;105;0.75;open;96.25;8
2023_run_11;2023;mSTRL3B;106;0.757142857;open;97.5;9
2023_run_11;2023;Q1_7B;65;0.464285714;open;46.25;10
2023_run_11;2023;Q4B;109;0.778571429;open;101.25;11
2023_run_11;2023;Q8B;113;0.807142857;open;106.25;12
2023_run_11;2023;MG4Bq4;108;0.771428571;quantized;100.0;13
2023_run_11;2023;MG4Bq6;101;0.721428571;quantized;91.25;14
2023_run_11;2023;MG4Bq8;116;0.828571429;quantized;110.0;15
2023_run_11;2023;MT8Bq4;97;0.692857143;quantized;86.25;16
2023_run_11;2023;MT8Bq6;100;0.714285714;quantized;90.0;17
2023_run_11;2023;MT8Bq8;100;0.714285714;quantized;90.0;18
2023_run_12;2023;CLA;131;0.935714286;closed;128.75;1
2023_run_12;2023;DPSK;131;0.935714286;closed;128.75;2
2023_run_12;2023;GPT;138;0.985714286;closed;137.5;3
2023_run_12;2023;GROK;137;0.978571429;closed;136.25;4
2023_run_12;2023;MSTRL;131;0.935714286;closed;128.75;5
2023_run_12;2023;QWEN;134;0.957142857;closed;132.5;6
2023_run_12;2023;MG4B;116;0.828571429;open;110.0;7
2023_run_12;2023;MT8B;97;0.692857143;open;86.25;8
2023_run_12;2023;mSTRL3B;103;0.735714286;open;93.75;9
2023_run_12;2023;Q1_7B;67;0.478571429;open;48.75;10
2023_run_12;2023;Q4B;113;0.807142857;open;106.25;11
2023_run_12;2023;Q8B;111;0.792857143;open;103.75;12
2023_run_12;2023;MG4Bq4;112;0.8;quantized;105.0;13
2023_run_12;2023;MG4Bq6;112;0.8;quantized;105.0;14
2023_run_12;2023;MG4Bq8;107;0.764285714;quantized;98.75;15
2023_run_12;2023;MT8Bq4;96;0.685714286;quantized;85.0;16
2023_run_12;2023;MT8Bq6;104;0.742857143;quantized;95.0;17
2023_run_12;2023;MT8Bq8;101;0.721428571;quantized;91.25;18
2023_run_13;2023;CLA;130;0.928571429;closed;127.5;1
2023_run_13;2023;DPSK;133;0.95;closed;131.25;2
2023_run_13;2023;GPT;136;0.971428571;closed;135.0;3
2023_run_13;2023;GROK;136;0.971428571;closed;135.0;4
2023_run_13;2023;MSTRL;128;0.914285714;closed;125.0;5
2023_run_13;2023;QWEN;134;0.957142857;closed;132.5;6
2023_run_13;2023;MG4B;114;0.814285714;open;107.5;7
2023_run_13;2023;MT8B;105;0.75;open;96.25;8
2023_run_13;2023;mSTRL3B;104;0.742857143;open;95.0;9
2023_run_13;2023;Q1_7B;76;0.542857143;open;60.0;10
2023_run_13;2023;Q4B;107;0.764285714;open;98.75;11
2023_run_13;2023;Q8B;108;0.771428571;open;100.0;12
2023_run_13;2023;MG4Bq4;115;0.821428571;quantized;108.75;13
2023_run_13;2023;MG4Bq6;110;0.785714286;quantized;102.5;14
2023_run_13;2023;MG4Bq8;108;0.771428571;quantized;100.0;15
2023_run_13;2023;MT8Bq4;104;0.742857143;quantized;95.0;16
2023_run_13;2023;MT8Bq6;100;0.714285714;quantized;90.0;17
2023_run_13;2023;MT8Bq8;103;0.735714286;quantized;93.75;18
2023_run_14;2023;CLA;132;0.942857143;closed;130.0;1
2023_run_14;2023;DPSK;131;0.935714286;closed;128.75;2
2023_run_14;2023;GPT;136;0.971428571;closed;135.0;3
2023_run_14;2023;GROK;137;0.978571429;closed;136.25;4
2023_run_14;2023;MSTRL;134;0.957142857;closed;132.5;5
2023_run_14;2023;QWEN;135;0.964285714;closed;133.75;6
2023_run_14;2023;MG4B;116;0.828571429;open;110.0;7
2023_run_14;2023;MT8B;104;0.742857143;open;95.0;8
2023_run_14;2023;mSTRL3B;91;0.65;open;78.75;9
2023_run_14;2023;Q1_7B;69;0.492857143;open;51.25;10
2023_run_14;2023;Q4B;114;0.814285714;open;107.5;11
2023_run_14;2023;Q8B;116;0.828571429;open;110.0;12
2023_run_14;2023;MG4Bq4;113;0.807142857;quantized;106.25;13
2023_run_14;2023;MG4Bq6;108;0.771428571;quantized;100.0;14
2023_run_14;2023;MG4Bq8;115;0.821428571;quantized;108.75;15
2023_run_14;2023;MT8Bq4;93;0.664285714;quantized;81.25;16
2023_run_14;2023;MT8Bq6;105;0.75;quantized;96.25;17
2023_run_14;2023;MT8Bq8;99;0.707142857;quantized;88.75;18
2023_run_15;2023;CLA;132;0.942857143;closed;130.0;1
2023_run_15;2023;DPSK;135;0.964285714;closed;133.75;2
2023_run_15;2023;GPT;135;0.964285714;closed;133.75;3
2023_run_15;2023;GROK;137;0.978571429;closed;136.25;4
2023_run_15;2023;MSTRL;130;0.928571429;closed;127.5;5
2023_run_15;2023;QWEN;135;0.964285714;closed;133.75;6
2023_run_15;2023;MG4B;115;0.821428571;open;108.75;7
2023_run_15;2023;MT8B;97;0.692857143;open;86.25;8
2023_run_15;2023;mSTRL3B;101;0.721428571;open;91.25;9
2023_run_15;2023;Q1_7B;64;0.457142857;open;45.0;10
2023_run_15;2023;Q4B;109;0.778571429;open;101.25;11
2023_run_15;2023;Q8B;112;0.8;open;105.0;12
2023_run_15;2023;MG4Bq4;110;0.785714286;quantized;102.5;13
2023_run_15;2023;MG4Bq6;119;0.85;quantized;113.75;14
2023_run_15;2023;MG4Bq8;120;0.857142857;quantized;115.0;15
2023_run_15;2023;MT8Bq4;95;0.678571429;quantized;83.75;16
2023_run_15;2023;MT8Bq6;97;0.692857143;quantized;86.25;17
2023_run_15;2023;MT8Bq8;101;0.721428571;quantized;91.25;18
2023_run_16;2023;CLA;135;0.964285714;closed;133.75;1
2023_run_16;2023;DPSK;132;0.942857143;closed;130.0;2
2023_run_16;2023;GPT;135;0.964285714;closed;133.75;3
2023_run_16;2023;GROK;138;0.985714286;closed;137.5;4
2023_run_16;2023;MSTRL;128;0.914285714;closed;125.0;5
2023_run_16;2023;QWEN;135;0.964285714;closed;133.75;6
2023_run_16;2023;MG4B;108;0.771428571;open;100.0;7
2023_run_16;2023;MT8B;104;0.742857143;open;95.0;8
2023_run_16;2023;mSTRL3B;99;0.707142857;open;88.75;9
2023_run_16;2023;Q1_7B;78;0.557142857;open;62.5;10
2023_run_16;2023;Q4B;107;0.764285714;open;98.75;11
2023_run_16;2023;Q8B;115;0.821428571;open;108.75;12
2023_run_16;2023;MG4Bq4;110;0.785714286;quantized;102.5;13
2023_run_16;2023;MG4Bq6;109;0.778571429;quantized;101.25;14
2023_run_16;2023;MG4Bq8;109;0.778571429;quantized;101.25;15
2023_run_16;2023;MT8Bq4;100;0.714285714;quantized;90.0;16
2023_run_16;2023;MT8Bq6;96;0.685714286;quantized;85.0;17
2023_run_16;2023;MT8Bq8;101;0.721428571;quantized;91.25;18
2023_run_17;2023;CLA;136;0.971428571;closed;135.0;1
2023_run_17;2023;DPSK;133;0.95;closed;131.25;2
2023_run_17;2023;GPT;136;0.971428571;closed;135.0;3
2023_run_17;2023;GROK;135;0.964285714;closed;133.75;4
2023_run_17;2023;MSTRL;130;0.928571429;closed;127.5;5
2023_run_17;2023;QWEN;133;0.95;closed;131.25;6
2023_run_17;2023;MG4B;113;0.807142857;open;106.25;7
2023_run_17;2023;MT8B;103;0.735714286;open;93.75;8
2023_run_17;2023;mSTRL3B;99;0.707142857;open;88.75;9
2023_run_17;2023;Q1_7B;74;0.528571429;open;57.5;10
2023_run_17;2023;Q4B;103;0.735714286;open;93.75;11
2023_run_17;2023;Q8B;110;0.785714286;open;102.5;12
2023_run_17;2023;MG4Bq4;113;0.807142857;quantized;106.25;13
2023_run_17;2023;MG4Bq6;114;0.814285714;quantized;107.5;14
2023_run_17;2023;MG4Bq8;113;0.807142857;quantized;106.25;15
2023_run_17;2023;MT8Bq4;98;0.7;quantized;87.5;16
2023_run_17;2023;MT8Bq6;101;0.721428571;quantized;91.25;17
2023_run_17;2023;MT8Bq8;101;0.721428571;quantized;91.25;18
2023_run_18;2023;CLA;134;0.957142857;closed;132.5;1
2023_run_18;2023;DPSK;131;0.935714286;closed;128.75;2
2023_run_18;2023;GPT;135;0.964285714;closed;133.75;3
2023_run_18;2023;GROK;137;0.978571429;closed;136.25;4
2023_run_18;2023;MSTRL;134;0.957142857;closed;132.5;5
2023_run_18;2023;QWEN;134;0.957142857;closed;132.5;6
2023_run_18;2023;MG4B;119;0.85;open;113.75;7
2023_run_18;2023;MT8B;102;0.728571429;open;92.5;8
2023_run_18;2023;mSTRL3B;103;0.735714286;open;93.75;9
2023_run_18;2023;Q1_7B;77;0.55;open;61.25;10
2023_run_18;2023;Q4B;108;0.771428571;open;100.0;11
2023_run_18;2023;Q8B;108;0.771428571;open;100.0;12
2023_run_18;2023;MG4Bq4;114;0.814285714;quantized;107.5;13
2023_run_18;2023;MG4Bq6;113;0.807142857;quantized;106.25;14
2023_run_18;2023;MG4Bq8;111;0.792857143;quantized;103.75;15
2023_run_18;2023;MT8Bq4;93;0.664285714;quantized;81.25;16
2023_run_18;2023;MT8Bq6;102;0.728571429;quantized;92.5;17
2023_run_18;2023;MT8Bq8;103;0.735714286;quantized;93.75;18
2023_run_19;2023;CLA;134;0.957142857;closed;132.5;1
2023_run_19;2023;DPSK;137;0.978571429;closed;136.25;2
2023_run_19;2023;GPT;136;0.971428571;closed;135.0;3
2023_run_19;2023;GROK;137;0.978571429;closed;136.25;4
2023_run_19;2023;MSTRL;130;0.928571429;closed;127.5;5
2023_run_19;2023;QWEN;135;0.964285714;closed;133.75;6
2023_run_19;2023;MG4B;115;0.821428571;open;108.75;7
2023_run_19;2023;MT8B;103;0.735714286;open;93.75;8
2023_run_19;2023;mSTRL3B;100;0.714285714;open;90.0;9
2023_run_19;2023;Q1_7B;61;0.435714286;open;41.25;10
2023_run_19;2023;Q4B;110;0.785714286;open;102.5;11
2023_run_19;2023;Q8B;110;0.785714286;open;102.5;12
2023_run_19;2023;MG4Bq4;104;0.742857143;quantized;95.0;13
2023_run_19;2023;MG4Bq6;115;0.821428571;quantized;108.75;14
2023_run_19;2023;MG4Bq8;110;0.785714286;quantized;102.5;15
2023_run_19;2023;MT8Bq4;100;0.714285714;quantized;90.0;16
2023_run_19;2023;MT8Bq6;103;0.735714286;quantized;93.75;17
2023_run_19;2023;MT8Bq8;95;0.678571429;quantized;83.75;18
2023_run_20;2023;CLA;133;0.95;closed;131.25;1
2023_run_20;2023;DPSK;133;0.95;closed;131.25;2
2023_run_20;2023;GPT;135;0.964285714;closed;133.75;3
2023_run_20;2023;GROK;137;0.978571429;closed;136.25;4
2023_run_20;2023;MSTRL;132;0.942857143;closed;130.0;5
2023_run_20;2023;QWEN;136;0.971428571;closed;135.0;6
2023_run_20;2023;MG4B;115;0.821428571;open;108.75;7
2023_run_20;2023;MT8B;97;0.692857143;open;86.25;8
2023_run_20;2023;mSTRL3B;102;0.728571429;open;92.5;9
2023_run_20;2023;Q1_7B;71;0.507142857;open;53.75;10
2023_run_20;2023;Q4B;104;0.742857143;open;95.0;11
2023_run_20;2023;Q8B;115;0.821428571;open;108.75;12
2023_run_20;2023;MG4Bq4;110;0.785714286;quantized;102.5;13
2023_run_20;2023;MG4Bq6;123;0.878571429;quantized;118.75;14
2023_run_20;2023;MG4Bq8;113;0.807142857;quantized;106.25;15
2023_run_20;2023;MT8Bq4;94;0.671428571;quantized;82.5;16
2023_run_20;2023;MT8Bq6;97;0.692857143;quantized;86.25;17
2023_run_20;2023;MT8Bq8;96;0.685714286;quantized;85.0;18
2023_run_21;2023;CLA;129;0.921428571;closed;126.25;1
2023_run_21;2023;DPSK;132;0.942857143;closed;130.0;2
2023_run_21;2023;GPT;135;0.964285714;closed;133.75;3
2023_run_21;2023;GROK;136;0.971428571;closed;135.0;4
2023_run_21;2023;MSTRL;130;0.928571429;closed;127.5;5
2023_run_21;2023;QWEN;135;0.964285714;closed;133.75;6
2023_run_21;2023;MG4B;111;0.792857143;open;103.75;7
2023_run_21;2023;MT8B;96;0.685714286;open;85.0;8
2023_run_21;2023;mSTRL3B;108;0.771428571;open;100.0;9
2023_run_21;2023;Q1_7B;63;0.45;open;43.75;10
2023_run_21;2023;Q4B;111;0.792857143;open;103.75;11
2023_run_21;2023;Q8B;117;0.835714286;open;111.25;12
2023_run_21;2023;MG4Bq4;107;0.764285714;quantized;98.75;13
2023_run_21;2023;MG4Bq6;107;0.764285714;quantized;98.75;14
2023_run_21;2023;MG4Bq8;111;0.792857143;quantized;103.75;15
2023_run_21;2023;MT8Bq4;97;0.692857143;quantized;86.25;16
2023_run_21;2023;MT8Bq6;103;0.735714286;quantized;93.75;17
2023_run_21;2023;MT8Bq8;108;0.771428571;quantized;100.0;18
2023_run_22;2023;CLA;137;0.978571429;closed;136.25;1
2023_run_22;2023;DPSK;134;0.957142857;closed;132.5;2
2023_run_22;2023;GPT;137;0.978571429;closed;136.25;3
2023_run_22;2023;GROK;136;0.971428571;closed;135.0;4
2023_run_22;2023;MSTRL;131;0.935714286;closed;128.75;5
2023_run_22;2023;QWEN;136;0.971428571;closed;135.0;6
2023_run_22;2023;MG4B;115;0.821428571;open;108.75;7
2023_run_22;2023;MT8B;104;0.742857143;open;95.0;8
2023_run_22;2023;mSTRL3B;105;0.75;open;96.25;9
2023_run_22;2023;Q1_7B;71;0.507142857;open;53.75;10
2023_run_22;2023;Q4B;108;0.771428571;open;100.0;11
2023_run_22;2023;Q8B;111;0.792857143;open;103.75;12
2023_run_22;2023;MG4Bq4;112;0.8;quantized;105.0;13
2023_run_22;2023;MG4Bq6;113;0.807142857;quantized;106.25;14
2023_run_22;2023;MG4Bq8;115;0.821428571;quantized;108.75;15
2023_run_22;2023;MT8Bq4;91;0.65;quantized;78.75;16
2023_run_22;2023;MT8Bq6;105;0.75;quantized;96.25;17
2023_run_22;2023;MT8Bq8;99;0.707142857;quantized;88.75;18
2023_run_23;2023;CLA;134;0.957142857;closed;132.5;1
2023_run_23;2023;DPSK;129;0.921428571;closed;126.25;2
2023_run_23;2023;GPT;135;0.964285714;closed;133.75;3
2023_run_23;2023;GROK;138;0.985714286;closed;137.5;4
2023_run_23;2023;MSTRL;127;0.907142857;closed;123.75;5
2023_run_23;2023;QWEN;133;0.95;closed;131.25;6
2023_run_23;2023;MG4B;117;0.835714286;open;111.25;7
2023_run_23;2023;MT8B;99;0.707142857;open;88.75;8
2023_run_23;2023;mSTRL3B;106;0.757142857;open;97.5;9
2023_run_23;2023;Q1_7B;62;0.442857143;open;42.5;10
2023_run_23;2023;Q4B;106;0.757142857;open;97.5;11
2023_run_23;2023;Q8B;109;0.778571429;open;101.25;12
2023_run_23;2023;MG4Bq4;108;0.771428571;quantized;100.0;13
2023_run_23;2023;MG4Bq6;109;0.778571429;quantized;101.25;14
2023_run_23;2023;MG4Bq8;114;0.814285714;quantized;107.5;15
2023_run_23;2023;MT8Bq4;91;0.65;quantized;78.75;16
2023_run_23;2023;MT8Bq6;96;0.685714286;quantized;85.0;17
2023_run_23;2023;MT8Bq8;97;0.692857143;quantized;86.25;18
2023_run_24;2023;CLA;134;0.957142857;closed;132.5;1
2023_run_24;2023;DPSK;130;0.928571429;closed;127.5;2
2023_run_24;2023;GPT;137;0.978571429;closed;136.25;3
2023_run_24;2023;GROK;136;0.971428571;closed;135.0;4
2023_run_24;2023;MSTRL;132;0.942857143;closed;130.0;5
2023_run_24;2023;QWEN;135;0.964285714;closed;133.75;6
2023_run_24;2023;MG4B;110;0.785714286;open;102.5;7
2023_run_24;2023;MT8B;99;0.707142857;open;88.75;8
2023_run_24;2023;mSTRL3B;102;0.728571429;open;92.5;9
2023_run_24;2023;Q1_7B;71;0.507142857;open;53.75;10
2023_run_24;2023;Q4B;111;0.792857143;open;103.75;11
2023_run_24;2023;Q8B;115;0.821428571;open;108.75;12
2023_run_24;2023;MG4Bq4;118;0.842857143;quantized;112.5;13
2023_run_24;2023;MG4Bq6;116;0.828571429;quantized;110.0;14
2023_run_24;2023;MG4Bq8;114;0.814285714;quantized;107.5;15
2023_run_24;2023;MT8Bq4;96;0.685714286;quantized;85.0;16
2023_run_24;2023;MT8Bq6;101;0.721428571;quantized;91.25;17
2023_run_24;2023;MT8Bq8;99;0.707142857;quantized;88.75;18
2023_run_25;2023;CLA;131;0.935714286;closed;128.75;1
2023_run_25;2023;DPSK;134;0.957142857;closed;132.5;2
2023_run_25;2023;GPT;137;0.978571429;closed;136.25;3
2023_run_25;2023;GROK;136;0.971428571;closed;135.0;4
2023_run_25;2023;MSTRL;131;0.935714286;closed;128.75;5
2023_run_25;2023;QWEN;135;0.964285714;closed;133.75;6
2023_run_25;2023;MG4B;114;0.814285714;open;107.5;7
2023_run_25;2023;MT8B;102;0.728571429;open;92.5;8
2023_run_25;2023;mSTRL3B;95;0.678571429;open;83.75;9
2023_run_25;2023;Q1_7B;78;0.557142857;open;62.5;10
2023_run_25;2023;Q4B;107;0.764285714;open;98.75;11
2023_run_25;2023;Q8B;117;0.835714286;open;111.25;12
2023_run_25;2023;MG4Bq4;112;0.8;quantized;105.0;13
2023_run_25;2023;MG4Bq6;110;0.785714286;quantized;102.5;14
2023_run_25;2023;MG4Bq8;112;0.8;quantized;105.0;15
2023_run_25;2023;MT8Bq4;91;0.65;quantized;78.75;16
2023_run_25;2023;MT8Bq6;98;0.7;quantized;87.5;17
2023_run_25;2023;MT8Bq8;103;0.735714286;quantized;93.75;18
2023_run_26;2023;CLA;135;0.964285714;closed;133.75;1
2023_run_26;2023;DPSK;131;0.935714286;closed;128.75;2
2023_run_26;2023;GPT;136;0.971428571;closed;135.0;3
2023_run_26;2023;GROK;134;0.957142857;closed;132.5;4
2023_run_26;2023;MSTRL;128;0.914285714;closed;125.0;5
2023_run_26;2023;QWEN;136;0.971428571;closed;135.0;6
2023_run_26;2023;MG4B;118;0.842857143;open;112.5;7
2023_run_26;2023;MT8B;95;0.678571429;open;83.75;8
2023_run_26;2023;mSTRL3B;98;0.7;open;87.5;9
2023_run_26;2023;Q1_7B;73;0.521428571;open;56.25;10
2023_run_26;2023;Q4B;108;0.771428571;open;100.0;11
2023_run_26;2023;Q8B;114;0.814285714;open;107.5;12
2023_run_26;2023;MG4Bq4;112;0.8;quantized;105.0;13
2023_run_26;2023;MG4Bq6;112;0.8;quantized;105.0;14
2023_run_26;2023;MG4Bq8;115;0.821428571;quantized;108.75;15
2023_run_26;2023;MT8Bq4;95;0.678571429;quantized;83.75;16
2023_run_26;2023;MT8Bq6;98;0.7;quantized;87.5;17
2023_run_26;2023;MT8Bq8;103;0.735714286;quantized;93.75;18
2023_run_27;2023;CLA;135;0.964285714;closed;133.75;1
2023_run_27;2023;DPSK;133;0.95;closed;131.25;2
2023_run_27;2023;GPT;136;0.971428571;closed;135.0;3
2023_run_27;2023;GROK;137;0.978571429;closed;136.25;4
2023_run_27;2023;MSTRL;132;0.942857143;closed;130.0;5
2023_run_27;2023;QWEN;135;0.964285714;closed;133.75;6
2023_run_27;2023;MG4B;112;0.8;open;105.0;7
2023_run_27;2023;MT8B;104;0.742857143;open;95.0;8
2023_run_27;2023;mSTRL3B;100;0.714285714;open;90.0;9
2023_run_27;2023;Q1_7B;67;0.478571429;open;48.75;10
2023_run_27;2023;Q4B;110;0.785714286;open;102.5;11
2023_run_27;2023;Q8B;113;0.807142857;open;106.25;12
2023_run_27;2023;MG4Bq4;113;0.807142857;quantized;106.25;13
2023_run_27;2023;MG4Bq6;115;0.821428571;quantized;108.75;14
2023_run_27;2023;MG4Bq8;113;0.807142857;quantized;106.25;15
2023_run_27;2023;MT8Bq4;95;0.678571429;quantized;83.75;16
2023_run_27;2023;MT8Bq6;102;0.728571429;quantized;92.5;17
2023_run_27;2023;MT8Bq8;99;0.707142857;quantized;88.75;18
2023_run_28;2023;CLA;134;0.957142857;closed;132.5;1
2023_run_28;2023;DPSK;133;0.95;closed;131.25;2
2023_run_28;2023;GPT;134;0.957142857;closed;132.5;3
2023_run_28;2023;GROK;137;0.978571429;closed;136.25;4
2023_run_28;2023;MSTRL;129;0.921428571;closed;126.25;5
2023_run_28;2023;QWEN;135;0.964285714;closed;133.75;6
2023_run_28;2023;MG4B;117;0.835714286;open;111.25;7
2023_run_28;2023;MT8B;105;0.75;open;96.25;8
2023_run_28;2023;mSTRL3B;96;0.685714286;open;85.0;9
2023_run_28;2023;Q1_7B;71;0.507142857;open;53.75;10
2023_run_28;2023;Q4B;115;0.821428571;open;108.75;11
2023_run_28;2023;Q8B;115;0.821428571;open;108.75;12
2023_run_28;2023;MG4Bq4;113;0.807142857;quantized;106.25;13
2023_run_28;2023;MG4Bq6;109;0.778571429;quantized;101.25;14
2023_run_28;2023;MG4Bq8;111;0.792857143;quantized;103.75;15
2023_run_28;2023;MT8Bq4;92;0.657142857;quantized;80.0;16
2023_run_28;2023;MT8Bq6;109;0.778571429;quantized;101.25;17
2023_run_28;2023;MT8Bq8;99;0.707142857;quantized;88.75;18
2023_run_29;2023;CLA;133;0.95;closed;131.25;1
2023_run_29;2023;DPSK;133;0.95;closed;131.25;2
2023_run_29;2023;GPT;136;0.971428571;closed;135.0;3
2023_run_29;2023;GROK;138;0.985714286;closed;137.5;4
2023_run_29;2023;MSTRL;133;0.95;closed;131.25;5
2023_run_29;2023;QWEN;135;0.964285714;closed;133.75;6
2023_run_29;2023;MG4B;114;0.814285714;open;107.5;7
2023_run_29;2023;MT8B;98;0.7;open;87.5;8
2023_run_29;2023;mSTRL3B;102;0.728571429;open;92.5;9
2023_run_29;2023;Q1_7B;71;0.507142857;open;53.75;10
2023_run_29;2023;Q4B;109;0.778571429;open;101.25;11
2023_run_29;2023;Q8B;109;0.778571429;open;101.25;12
2023_run_29;2023;MG4Bq4;115;0.821428571;quantized;108.75;13
2023_run_29;2023;MG4Bq6;117;0.835714286;quantized;111.25;14
2023_run_29;2023;MG4Bq8;114;0.814285714;quantized;107.5;15
2023_run_29;2023;MT8Bq4;95;0.678571429;quantized;83.75;16
2023_run_29;2023;MT8Bq6;99;0.707142857;quantized;88.75;17
2023_run_29;2023;MT8Bq8;108;0.771428571;quantized;100.0;18
2023_run_30;2023;CLA;134;0.957142857;closed;132.5;1
2023_run_30;2023;DPSK;132;0.942857143;closed;130.0;2
2023_run_30;2023;GPT;136;0.971428571;closed;135.0;3
2023_run_30;2023;GROK;137;0.978571429;closed;136.25;4
2023_run_30;2023;MSTRL;127;0.907142857;closed;123.75;5
2023_run_30;2023;QWEN;136;0.971428571;closed;135.0;6
2023_run_30;2023;MG4B;116;0.828571429;open;110.0;7
2023_run_30;2023;MT8B;100;0.714285714;open;90.0;8
2023_run_30;2023;mSTRL3B;105;0.75;open;96.25;9
2023_run_30;2023;Q1_7B;73;0.521428571;open;56.25;10
2023_run_30;2023;Q4B;111;0.792857143;open;103.75;11
2023_run_30;2023;Q8B;115;0.821428571;open;108.75;12
2023_run_30;2023;MG4Bq4;111;0.792857143;quantized;103.75;13
2023_run_30;2023;MG4Bq6;119;0.85;quantized;113.75;14
2023_run_30;2023;MG4Bq8;115;0.821428571;quantized;108.75;15
2023_run_30;2023;MT8Bq4;93;0.664285714;quantized;81.25;16
2023_run_30;2023;MT8Bq6;93;0.664285714;quantized;81.25;17
2023_run_30;2023;MT8Bq8;102;0.728571429;quantized;92.5;18
2023_run_31;2023;CLA;131;0.935714286;closed;128.75;1
2023_run_31;2023;DPSK;131;0.935714286;closed;128.75;2
2023_run_31;2023;GPT;136;0.971428571;closed;135.0;3
2023_run_31;2023;GROK;135;0.964285714;closed;133.75;4
2023_run_31;2023;MSTRL;130;0.928571429;closed;127.5;5
2023_run_31;2023;QWEN;135;0.964285714;closed;133.75;6
2023_run_31;2023;MG4B;114;0.814285714;open;107.5;7
2023_run_31;2023;MT8B;98;0.7;open;87.5;8
2023_run_31;2023;mSTRL3B;98;0.7;open;87.5;9
2023_run_31;2023;Q1_7B;65;0.464285714;open;46.25;10
2023_run_31;2023;Q4B;112;0.8;open;105.0;11
2023_run_31;2023;Q8B;114;0.814285714;open;107.5;12
2023_run_31;2023;MG4Bq4;111;0.792857143;quantized;103.75;13
2023_run_31;2023;MG4Bq6;117;0.835714286;quantized;111.25;14
2023_run_31;2023;MG4Bq8;114;0.814285714;quantized;107.5;15
2023_run_31;2023;MT8Bq4;92;0.657142857;quantized;80.0;16
2023_run_31;2023;MT8Bq6;106;0.757142857;quantized;97.5;17
2023_run_31;2023;MT8Bq8;105;0.75;quantized;96.25;18
2023_run_32;2023;CLA;130;0.928571429;closed;127.5;1
2023_run_32;2023;DPSK;134;0.957142857;closed;132.5;2
2023_run_32;2023;GPT;137;0.978571429;closed;136.25;3
2023_run_32;2023;GROK;135;0.964285714;closed;133.75;4
2023_run_32;2023;MSTRL;132;0.942857143;closed;130.0;5
2023_run_32;2023;QWEN;136;0.971428571;closed;135.0;6
2023_run_32;2023;MG4B;116;0.828571429;open;110.0;7
2023_run_32;2023;MT8B;95;0.678571429;open;83.75;8
2023_run_32;2023;mSTRL3B;97;0.692857143;open;86.25;9
2023_run_32;2023;Q1_7B;71;0.507142857;open;53.75;10
2023_run_32;2023;Q4B;105;0.75;open;96.25;11
2023_run_32;2023;Q8B;116;0.828571429;open;110.0;12
2023_run_32;2023;MG4Bq4;109;0.778571429;quantized;101.25;13
2023_run_32;2023;MG4Bq6;109;0.778571429;quantized;101.25;14
2023_run_32;2023;MG4Bq8;112;0.8;quantized;105.0;15
2023_run_32;2023;MT8Bq4;99;0.707142857;quantized;88.75;16
2023_run_32;2023;MT8Bq6;101;0.721428571;quantized;91.25;17
2023_run_32;2023;MT8Bq8;101;0.721428571;quantized;91.25;18
2023_run_33;2023;CLA;134;0.957142857;closed;132.5;1
2023_run_33;2023;DPSK;131;0.935714286;closed;128.75;2
2023_run_33;2023;GPT;135;0.964285714;closed;133.75;3
2023_run_33;2023;GROK;137;0.978571429;closed;136.25;4
2023_run_33;2023;MSTRL;127;0.907142857;closed;123.75;5
2023_run_33;2023;QWEN;135;0.964285714;closed;133.75;6
2023_run_33;2023;MG4B;112;0.8;open;105.0;7
2023_run_33;2023;MT8B;101;0.721428571;open;91.25;8
2023_run_33;2023;mSTRL3B;104;0.742857143;open;95.0;9
2023_run_33;2023;Q1_7B;69;0.492857143;open;51.25;10
2023_run_33;2023;Q4B;103;0.735714286;open;93.75;11
2023_run_33;2023;Q8B;106;0.757142857;open;97.5;12
2023_run_33;2023;MG4Bq4;113;0.807142857;quantized;106.25;13
2023_run_33;2023;MG4Bq6;118;0.842857143;quantized;112.5;14
2023_run_33;2023;MG4Bq8;113;0.807142857;quantized;106.25;15
2023_run_33;2023;MT8Bq4;94;0.671428571;quantized;82.5;16
2023_run_33;2023;MT8Bq6;104;0.742857143;quantized;95.0;17
2023_run_33;2023;MT8Bq8;106;0.757142857;quantized;97.5;18
2023_run_34;2023;CLA;133;0.95;closed;131.25;1
2023_run_34;2023;DPSK;132;0.942857143;closed;130.0;2
2023_run_34;2023;GPT;137;0.978571429;closed;136.25;3
2023_run_34;2023;GROK;137;0.978571429;closed;136.25;4
2023_run_34;2023;MSTRL;130;0.928571429;closed;127.5;5
2023_run_34;2023;QWEN;135;0.964285714;closed;133.75;6
2023_run_34;2023;MG4B;119;0.85;open;113.75;7
2023_run_34;2023;MT8B;101;0.721428571;open;91.25;8
2023_run_34;2023;mSTRL3B;101;0.721428571;open;91.25;9
2023_run_34;2023;Q1_7B;76;0.542857143;open;60.0;10
2023_run_34;2023;Q4B;110;0.785714286;open;102.5;11
2023_run_34;2023;Q8B;112;0.8;open;105.0;12
2023_run_34;2023;MG4Bq4;111;0.792857143;quantized;103.75;13
2023_run_34;2023;MG4Bq6;107;0.764285714;quantized;98.75;14
2023_run_34;2023;MG4Bq8;116;0.828571429;quantized;110.0;15
2023_run_34;2023;MT8Bq4;96;0.685714286;quantized;85.0;16
2023_run_34;2023;MT8Bq6;106;0.757142857;quantized;97.5;17
2023_run_34;2023;MT8Bq8;102;0.728571429;quantized;92.5;18
2023_run_35;2023;CLA;130;0.928571429;closed;127.5;1
2023_run_35;2023;DPSK;133;0.95;closed;131.25;2
2023_run_35;2023;GPT;137;0.978571429;closed;136.25;3
2023_run_35;2023;GROK;138;0.985714286;closed;137.5;4
2023_run_35;2023;MSTRL;130;0.928571429;closed;127.5;5
2023_run_35;2023;QWEN;136;0.971428571;closed;135.0;6
2023_run_35;2023;MG4B;117;0.835714286;open;111.25;7
2023_run_35;2023;MT8B;95;0.678571429;open;83.75;8
2023_run_35;2023;mSTRL3B;101;0.721428571;open;91.25;9
2023_run_35;2023;Q1_7B;71;0.507142857;open;53.75;10
2023_run_35;2023;Q4B;107;0.764285714;open;98.75;11
2023_run_35;2023;Q8B;110;0.785714286;open;102.5;12
2023_run_35;2023;MG4Bq4;111;0.792857143;quantized;103.75;13
2023_run_35;2023;MG4Bq6;111;0.792857143;quantized;103.75;14
2023_run_35;2023;MG4Bq8;113;0.807142857;quantized;106.25;15
2023_run_35;2023;MT8Bq4;96;0.685714286;quantized;85.0;16
2023_run_35;2023;MT8Bq6;103;0.735714286;quantized;93.75;17
2023_run_35;2023;MT8Bq8;96;0.685714286;quantized;85.0;18
2023_run_36;2023;CLA;134;0.957142857;closed;132.5;1
2023_run_36;2023;DPSK;132;0.942857143;closed;130.0;2
2023_run_36;2023;GPT;135;0.964285714;closed;133.75;3
2023_run_36;2023;GROK;137;0.978571429;closed;136.25;4
2023_run_36;2023;MSTRL;132;0.942857143;closed;130.0;5
2023_run_36;2023;QWEN;136;0.971428571;closed;135.0;6
2023_run_36;2023;MG4B;112;0.8;open;105.0;7
2023_run_36;2023;MT8B;102;0.728571429;open;92.5;8
2023_run_36;2023;mSTRL3B;102;0.728571429;open;92.5;9
2023_run_36;2023;Q1_7B;68;0.485714286;open;50.0;10
2023_run_36;2023;Q4B;111;0.792857143;open;103.75;11
2023_run_36;2023;Q8B;115;0.821428571;open;108.75;12
2023_run_36;2023;MG4Bq4;114;0.814285714;quantized;107.5;13
2023_run_36;2023;MG4Bq6;117;0.835714286;quantized;111.25;14
2023_run_36;2023;MG4Bq8;113;0.807142857;quantized;106.25;15
2023_run_36;2023;MT8Bq4;90;0.642857143;quantized;77.5;16
2023_run_36;2023;MT8Bq6;99;0.707142857;quantized;88.75;17
2023_run_36;2023;MT8Bq8;103;0.735714286;quantized;93.75;18
2023_run_37;2023;CLA;136;0.971428571;closed;135.0;1
2023_run_37;2023;DPSK;133;0.95;closed;131.25;2
2023_run_37;2023;GPT;136;0.971428571;closed;135.0;3
2023_run_37;2023;GROK;138;0.985714286;closed;137.5;4
2023_run_37;2023;MSTRL;131;0.935714286;closed;128.75;5
2023_run_37;2023;QWEN;136;0.971428571;closed;135.0;6
2023_run_37;2023;MG4B;110;0.785714286;open;102.5;7
2023_run_37;2023;MT8B;106;0.757142857;open;97.5;8
2023_run_37;2023;mSTRL3B;100;0.714285714;open;90.0;9
2023_run_37;2023;Q1_7B;69;0.492857143;open;51.25;10
2023_run_37;2023;Q4B;109;0.778571429;open;101.25;11
2023_run_37;2023;Q8B;109;0.778571429;open;101.25;12
2023_run_37;2023;MG4Bq4;114;0.814285714;quantized;107.5;13
2023_run_37;2023;MG4Bq6;114;0.814285714;quantized;107.5;14
2023_run_37;2023;MG4Bq8;113;0.807142857;quantized;106.25;15
2023_run_37;2023;MT8Bq4;94;0.671428571;quantized;82.5;16
2023_run_37;2023;MT8Bq6;103;0.735714286;quantized;93.75;17
2023_run_37;2023;MT8Bq8;99;0.707142857;quantized;88.75;18
2023_run_38;2023;CLA;130;0.928571429;closed;127.5;1
2023_run_38;2023;DPSK;128;0.914285714;closed;125.0;2
2023_run_38;2023;GPT;134;0.957142857;closed;132.5;3
2023_run_38;2023;GROK;138;0.985714286;closed;137.5;4
2023_run_38;2023;MSTRL;125;0.892857143;closed;121.25;5
2023_run_38;2023;QWEN;135;0.964285714;closed;133.75;6
2023_run_38;2023;MG4B;114;0.814285714;open;107.5;7
2023_run_38;2023;MT8B;100;0.714285714;open;90.0;8
2023_run_38;2023;mSTRL3B;98;0.7;open;87.5;9
2023_run_38;2023;Q1_7B;67;0.478571429;open;48.75;10
2023_run_38;2023;Q4B;108;0.771428571;open;100.0;11
2023_run_38;2023;Q8B;119;0.85;open;113.75;12
2023_run_38;2023;MG4Bq4;105;0.75;quantized;96.25;13
2023_run_38;2023;MG4Bq6;112;0.8;quantized;105.0;14
2023_run_38;2023;MG4Bq8;111;0.792857143;quantized;103.75;15
2023_run_38;2023;MT8Bq4;93;0.664285714;quantized;81.25;16
2023_run_38;2023;MT8Bq6;95;0.678571429;quantized;83.75;17
2023_run_38;2023;MT8Bq8;99;0.707142857;quantized;88.75;18
2023_run_39;2023;CLA;131;0.935714286;closed;128.75;1
2023_run_39;2023;DPSK;134;0.957142857;closed;132.5;2
2023_run_39;2023;GPT;136;0.971428571;closed;135.0;3
2023_run_39;2023;GROK;138;0.985714286;closed;137.5;4
2023_run_39;2023;MSTRL;132;0.942857143;closed;130.0;5
2023_run_39;2023;QWEN;134;0.957142857;closed;132.5;6
2023_run_39;2023;MG4B;112;0.8;open;105.0;7
2023_run_39;2023;MT8B;93;0.664285714;open;81.25;8
2023_run_39;2023;mSTRL3B;106;0.757142857;open;97.5;9
2023_run_39;2023;Q1_7B;78;0.557142857;open;62.5;10
2023_run_39;2023;Q4B;112;0.8;open;105.0;11
2023_run_39;2023;Q8B;116;0.828571429;open;110.0;12
2023_run_39;2023;MG4Bq4;109;0.778571429;quantized;101.25;13
2023_run_39;2023;MG4Bq6;117;0.835714286;quantized;111.25;14
2023_run_39;2023;MG4Bq8;111;0.792857143;quantized;103.75;15
2023_run_39;2023;MT8Bq4;98;0.7;quantized;87.5;16
2023_run_39;2023;MT8Bq6;100;0.714285714;quantized;90.0;17
2023_run_39;2023;MT8Bq8;100;0.714285714;quantized;90.0;18
2023_run_40;2023;CLA;136;0.971428571;closed;135.0;1
2023_run_40;2023;DPSK;134;0.957142857;closed;132.5;2
2023_run_40;2023;GPT;135;0.964285714;closed;133.75;3
2023_run_40;2023;GROK;138;0.985714286;closed;137.5;4
2023_run_40;2023;MSTRL;130;0.928571429;closed;127.5;5
2023_run_40;2023;QWEN;136;0.971428571;closed;135.0;6
2023_run_40;2023;MG4B;119;0.85;open;113.75;7
2023_run_40;2023;MT8B;97;0.692857143;open;86.25;8
2023_run_40;2023;mSTRL3B;96;0.685714286;open;85.0;9
2023_run_40;2023;Q1_7B;67;0.478571429;open;48.75;10
2023_run_40;2023;Q4B;105;0.75;open;96.25;11
2023_run_40;2023;Q8B;109;0.778571429;open;101.25;12
2023_run_40;2023;MG4Bq4;115;0.821428571;quantized;108.75;13
2023_run_40;2023;MG4Bq6;116;0.828571429;quantized;110.0;14
2023_run_40;2023;MG4Bq8;116;0.828571429;quantized;110.0;15
2023_run_40;2023;MT8Bq4;98;0.7;quantized;87.5;16
2023_run_40;2023;MT8Bq6;102;0.728571429;quantized;92.5;17
2023_run_40;2023;MT8Bq8;105;0.75;quantized;96.25;18
2023_run_41;2023;CLA;131;0.935714286;closed;128.75;1
2023_run_41;2023;DPSK;133;0.95;closed;131.25;2
2023_run_41;2023;GPT;136;0.971428571;closed;135.0;3
2023_run_41;2023;GROK;137;0.978571429;closed;136.25;4
2023_run_41;2023;MSTRL;129;0.921428571;closed;126.25;5
2023_run_41;2023;QWEN;134;0.957142857;closed;132.5;6
2023_run_41;2023;MG4B;111;0.792857143;open;103.75;7
2023_run_41;2023;MT8B;91;0.65;open;78.75;8
2023_run_41;2023;mSTRL3B;98;0.7;open;87.5;9
2023_run_41;2023;Q1_7B;65;0.464285714;open;46.25;10
2023_run_41;2023;Q4B;106;0.757142857;open;97.5;11
2023_run_41;2023;Q8B;114;0.814285714;open;107.5;12
2023_run_41;2023;MG4Bq4;109;0.778571429;quantized;101.25;13
2023_run_41;2023;MG4Bq6;112;0.8;quantized;105.0;14
2023_run_41;2023;MG4Bq8;115;0.821428571;quantized;108.75;15
2023_run_41;2023;MT8Bq4;97;0.692857143;quantized;86.25;16
2023_run_41;2023;MT8Bq6;100;0.714285714;quantized;90.0;17
2023_run_41;2023;MT8Bq8;96;0.685714286;quantized;85.0;18
2023_run_42;2023;CLA;136;0.971428571;closed;135.0;1
2023_run_42;2023;DPSK;131;0.935714286;closed;128.75;2
2023_run_42;2023;GPT;138;0.985714286;closed;137.5;3
2023_run_42;2023;GROK;137;0.978571429;closed;136.25;4
2023_run_42;2023;MSTRL;131;0.935714286;closed;128.75;5
2023_run_42;2023;QWEN;136;0.971428571;closed;135.0;6
2023_run_42;2023;MG4B;119;0.85;open;113.75;7
2023_run_42;2023;MT8B;105;0.75;open;96.25;8
2023_run_42;2023;mSTRL3B;101;0.721428571;open;91.25;9
2023_run_42;2023;Q1_7B;64;0.457142857;open;45.0;10
2023_run_42;2023;Q4B;109;0.778571429;open;101.25;11
2023_run_42;2023;Q8B;113;0.807142857;open;106.25;12
2023_run_42;2023;MG4Bq4;111;0.792857143;quantized;103.75;13
2023_run_42;2023;MG4Bq6;113;0.807142857;quantized;106.25;14
2023_run_42;2023;MG4Bq8;116;0.828571429;quantized;110.0;15
2023_run_42;2023;MT8Bq4;99;0.707142857;quantized;88.75;16
2023_run_42;2023;MT8Bq6;99;0.707142857;quantized;88.75;17
2023_run_42;2023;MT8Bq8;97;0.692857143;quantized;86.25;18
2023_run_43;2023;CLA;131;0.935714286;closed;128.75;1
2023_run_43;2023;DPSK;132;0.942857143;closed;130.0;2
2023_run_43;2023;GPT;135;0.964285714;closed;133.75;3
2023_run_43;2023;GROK;138;0.985714286;closed;137.5;4
2023_run_43;2023;MSTRL;132;0.942857143;closed;130.0;5
2023_run_43;2023;QWEN;134;0.957142857;closed;132.5;6
2023_run_43;2023;MG4B;117;0.835714286;open;111.25;7
2023_run_43;2023;MT8B;103;0.735714286;open;93.75;8
2023_run_43;2023;mSTRL3B;112;0.8;open;105.0;9
2023_run_43;2023;Q1_7B;71;0.507142857;open;53.75;10
2023_run_43;2023;Q4B;111;0.792857143;open;103.75;11
2023_run_43;2023;Q8B;109;0.778571429;open;101.25;12
2023_run_43;2023;MG4Bq4;116;0.828571429;quantized;110.0;13
2023_run_43;2023;MG4Bq6;114;0.814285714;quantized;107.5;14
2023_run_43;2023;MG4Bq8;115;0.821428571;quantized;108.75;15
2023_run_43;2023;MT8Bq4;97;0.692857143;quantized;86.25;16
2023_run_43;2023;MT8Bq6;94;0.671428571;quantized;82.5;17
2023_run_43;2023;MT8Bq8;104;0.742857143;quantized;95.0;18
2023_run_44;2023;CLA;135;0.964285714;closed;133.75;1
2023_run_44;2023;DPSK;130;0.928571429;closed;127.5;2
2023_run_44;2023;GPT;136;0.971428571;closed;135.0;3
2023_run_44;2023;GROK;138;0.985714286;closed;137.5;4
2023_run_44;2023;MSTRL;130;0.928571429;closed;127.5;5
2023_run_44;2023;QWEN;133;0.95;closed;131.25;6
2023_run_44;2023;MG4B;110;0.785714286;open;102.5;7
2023_run_44;2023;MT8B;99;0.707142857;open;88.75;8
2023_run_44;2023;mSTRL3B;99;0.707142857;open;88.75;9
2023_run_44;2023;Q1_7B;76;0.542857143;open;60.0;10
2023_run_44;2023;Q4B;112;0.8;open;105.0;11
2023_run_44;2023;Q8B;116;0.828571429;open;110.0;12
2023_run_44;2023;MG4Bq4;114;0.814285714;quantized;107.5;13
2023_run_44;2023;MG4Bq6;112;0.8;quantized;105.0;14
2023_run_44;2023;MG4Bq8;113;0.807142857;quantized;106.25;15
2023_run_44;2023;MT8Bq4;95;0.678571429;quantized;83.75;16
2023_run_44;2023;MT8Bq6;103;0.735714286;quantized;93.75;17
2023_run_44;2023;MT8Bq8;94;0.671428571;quantized;82.5;18
2023_run_45;2023;CLA;132;0.942857143;closed;130.0;1
2023_run_45;2023;DPSK;132;0.942857143;closed;130.0;2
2023_run_45;2023;GPT;137;0.978571429;closed;136.25;3
2023_run_45;2023;GROK;136;0.971428571;closed;135.0;4
2023_run_45;2023;MSTRL;130;0.928571429;closed;127.5;5
2023_run_45;2023;QWEN;134;0.957142857;closed;132.5;6
2023_run_45;2023;MG4B;108;0.771428571;open;100.0;7
2023_run_45;2023;MT8B;99;0.707142857;open;88.75;8
2023_run_45;2023;mSTRL3B;101;0.721428571;open;91.25;9
2023_run_45;2023;Q1_7B;70;0.5;open;52.5;10
2023_run_45;2023;Q4B;107;0.764285714;open;98.75;11
2023_run_45;2023;Q8B;115;0.821428571;open;108.75;12
2023_run_45;2023;MG4Bq4;112;0.8;quantized;105.0;13
2023_run_45;2023;MG4Bq6;115;0.821428571;quantized;108.75;14
2023_run_45;2023;MG4Bq8;115;0.821428571;quantized;108.75;15
2023_run_45;2023;MT8Bq4;93;0.664285714;quantized;81.25;16
2023_run_45;2023;MT8Bq6;93;0.664285714;quantized;81.25;17
2023_run_45;2023;MT8Bq8;98;0.7;quantized;87.5;18
2023_run_46;2023;CLA;131;0.935714286;closed;128.75;1
2023_run_46;2023;DPSK;133;0.95;closed;131.25;2
2023_run_46;2023;GPT;138;0.985714286;closed;137.5;3
2023_run_46;2023;GROK;135;0.964285714;closed;133.75;4
2023_run_46;2023;MSTRL;131;0.935714286;closed;128.75;5
2023_run_46;2023;QWEN;133;0.95;closed;131.25;6
2023_run_46;2023;MG4B;115;0.821428571;open;108.75;7
2023_run_46;2023;MT8B;102;0.728571429;open;92.5;8
2023_run_46;2023;mSTRL3B;96;0.685714286;open;85.0;9
2023_run_46;2023;Q1_7B;67;0.478571429;open;48.75;10
2023_run_46;2023;Q4B;108;0.771428571;open;100.0;11
2023_run_46;2023;Q8B;109;0.778571429;open;101.25;12
2023_run_46;2023;MG4Bq4;115;0.821428571;quantized;108.75;13
2023_run_46;2023;MG4Bq6;112;0.8;quantized;105.0;14
2023_run_46;2023;MG4Bq8;108;0.771428571;quantized;100.0;15
2023_run_46;2023;MT8Bq4;100;0.714285714;quantized;90.0;16
2023_run_46;2023;MT8Bq6;99;0.707142857;quantized;88.75;17
2023_run_46;2023;MT8Bq8;96;0.685714286;quantized;85.0;18
2023_run_47;2023;CLA;129;0.921428571;closed;126.25;1
2023_run_47;2023;DPSK;135;0.964285714;closed;133.75;2
2023_run_47;2023;GPT;137;0.978571429;closed;136.25;3
2023_run_47;2023;GROK;137;0.978571429;closed;136.25;4
2023_run_47;2023;MSTRL;130;0.928571429;closed;127.5;5
2023_run_47;2023;QWEN;135;0.964285714;closed;133.75;6
2023_run_47;2023;MG4B;111;0.792857143;open;103.75;7
2023_run_47;2023;MT8B;104;0.742857143;open;95.0;8
2023_run_47;2023;mSTRL3B;99;0.707142857;open;88.75;9
2023_run_47;2023;Q1_7B;66;0.471428571;open;47.5;10
2023_run_47;2023;Q4B;110;0.785714286;open;102.5;11
2023_run_47;2023;Q8B;115;0.821428571;open;108.75;12
2023_run_47;2023;MG4Bq4;116;0.828571429;quantized;110.0;13
2023_run_47;2023;MG4Bq6;111;0.792857143;quantized;103.75;14
2023_run_47;2023;MG4Bq8;112;0.8;quantized;105.0;15
2023_run_47;2023;MT8Bq4;95;0.678571429;quantized;83.75;16
2023_run_47;2023;MT8Bq6;99;0.707142857;quantized;88.75;17
2023_run_47;2023;MT8Bq8;94;0.671428571;quantized;82.5;18
2023_run_48;2023;CLA;131;0.935714286;closed;128.75;1
2023_run_48;2023;DPSK;135;0.964285714;closed;133.75;2
2023_run_48;2023;GPT;135;0.964285714;closed;133.75;3
2023_run_48;2023;GROK;137;0.978571429;closed;136.25;4
2023_run_48;2023;MSTRL;130;0.928571429;closed;127.5;5
2023_run_48;2023;QWEN;135;0.964285714;closed;133.75;6
2023_run_48;2023;MG4B;110;0.785714286;open;102.5;7
2023_run_48;2023;MT8B;107;0.764285714;open;98.75;8
2023_run_48;2023;mSTRL3B;98;0.7;open;87.5;9
2023_run_48;2023;Q1_7B;72;0.514285714;open;55.0;10
2023_run_48;2023;Q4B;108;0.771428571;open;100.0;11
2023_run_48;2023;Q8B;114;0.814285714;open;107.5;12
2023_run_48;2023;MG4Bq4;112;0.8;quantized;105.0;13
2023_run_48;2023;MG4Bq6;112;0.8;quantized;105.0;14
2023_run_48;2023;MG4Bq8;111;0.792857143;quantized;103.75;15
2023_run_48;2023;MT8Bq4;93;0.664285714;quantized;81.25;16
2023_run_48;2023;MT8Bq6;96;0.685714286;quantized;85.0;17
2023_run_48;2023;MT8Bq8;101;0.721428571;quantized;91.25;18
2023_run_49;2023;CLA;131;0.935714286;closed;128.75;1
2023_run_49;2023;DPSK;132;0.942857143;closed;130.0;2
2023_run_49;2023;GPT;136;0.971428571;closed;135.0;3
2023_run_49;2023;GROK;136;0.971428571;closed;135.0;4
2023_run_49;2023;MSTRL;130;0.928571429;closed;127.5;5
2023_run_49;2023;QWEN;136;0.971428571;closed;135.0;6
2023_run_49;2023;MG4B;114;0.814285714;open;107.5;7
2023_run_49;2023;MT8B;102;0.728571429;open;92.5;8
2023_run_49;2023;mSTRL3B;99;0.707142857;open;88.75;9
2023_run_49;2023;Q1_7B;69;0.492857143;open;51.25;10
2023_run_49;2023;Q4B;112;0.8;open;105.0;11
2023_run_49;2023;Q8B;110;0.785714286;open;102.5;12
2023_run_49;2023;MG4Bq4;113;0.807142857;quantized;106.25;13
2023_run_49;2023;MG4Bq6;114;0.814285714;quantized;107.5;14
2023_run_49;2023;MG4Bq8;117;0.835714286;quantized;111.25;15
2023_run_49;2023;MT8Bq4;90;0.642857143;quantized;77.5;16
2023_run_49;2023;MT8Bq6;94;0.671428571;quantized;82.5;17
2023_run_49;2023;MT8Bq8;102;0.728571429;quantized;92.5;18
2023_run_50;2023;CLA;135;0.964285714;closed;133.75;1
2023_run_50;2023;DPSK;137;0.978571429;closed;136.25;2
2023_run_50;2023;GPT;136;0.971428571;closed;135.0;3
2023_run_50;2023;GROK;137;0.978571429;closed;136.25;4
2023_run_50;2023;MSTRL;127;0.907142857;closed;123.75;5
2023_run_50;2023;QWEN;136;0.971428571;closed;135.0;6
2023_run_50;2023;MG4B;114;0.814285714;open;107.5;7
2023_run_50;2023;MT8B;105;0.75;open;96.25;8
2023_run_50;2023;mSTRL3B;105;0.75;open;96.25;9
2023_run_50;2023;Q1_7B;72;0.514285714;open;55.0;10
2023_run_50;2023;Q4B;110;0.785714286;open;102.5;11
2023_run_50;2023;Q8B;115;0.821428571;open;108.75;12
2023_run_50;2023;MG4Bq4;118;0.842857143;quantized;112.5;13
2023_run_50;2023;MG4Bq6;113;0.807142857;quantized;106.25;14
2023_run_50;2023;MG4Bq8;115;0.821428571;quantized;108.75;15
2023_run_50;2023;MT8Bq4;98;0.7;quantized;87.5;16
2023_run_50;2023;MT8Bq6;96;0.685714286;quantized;85.0;17
2023_run_50;2023;MT8Bq8;96;0.685714286;quantized;85.0;18
2024_run_1;2024;CLA;122;0.871428571;closed;117.5;1
2024_run_1;2024;DPSK;125;0.892857143;closed;121.25;2
2024_run_1;2024;GPT;134;0.957142857;closed;132.5;3
2024_run_1;2024;GROK;133;0.95;closed;131.25;4
2024_run_1;2024;MSTRL;121;0.864285714;closed;116.25;5
2024_run_1;2024;QWEN;135;0.964285714;closed;133.75;6
2024_run_1;2024;MG4B;110;0.785714286;open;102.5;7
2024_run_1;2024;MT8B;92;0.657142857;open;80.0;8
2024_run_1;2024;mSTRL3B;98;0.7;open;87.5;9
2024_run_1;2024;Q1_7B;68;0.485714286;open;50.0;10
2024_run_1;2024;Q4B;98;0.7;open;87.5;11
2024_run_1;2024;Q8B;111;0.792857143;open;103.75;12
2024_run_1;2024;MG4Bq4;100;0.714285714;quantized;90.0;13
2024_run_1;2024;MG4Bq6;97;0.692857143;quantized;86.25;14
2024_run_1;2024;MG4Bq8;105;0.75;quantized;96.25;15
2024_run_1;2024;MT8Bq4;86;0.614285714;quantized;72.5;16
2024_run_1;2024;MT8Bq6;88;0.628571429;quantized;75.0;17
2024_run_1;2024;MT8Bq8;87;0.621428571;quantized;73.75;18
2024_run_2;2024;CLA;129;0.921428571;closed;126.25;1
2024_run_2;2024;DPSK;124;0.885714286;closed;120.0;2
2024_run_2;2024;GPT;135;0.964285714;closed;133.75;3
2024_run_2;2024;GROK;129;0.921428571;closed;126.25;4
2024_run_2;2024;MSTRL;122;0.871428571;closed;117.5;5
2024_run_2;2024;QWEN;136;0.971428571;closed;135.0;6
2024_run_2;2024;MG4B;106;0.757142857;open;97.5;7
2024_run_2;2024;MT8B;85;0.607142857;open;71.25;8
2024_run_2;2024;mSTRL3B;96;0.685714286;open;85.0;9
2024_run_2;2024;Q1_7B;72;0.514285714;open;55.0;10
2024_run_2;2024;Q4B;103;0.735714286;open;93.75;11
2024_run_2;2024;Q8B;108;0.771428571;open;100.0;12
2024_run_2;2024;MG4Bq4;105;0.75;quantized;96.25;13
2024_run_2;2024;MG4Bq6;99;0.707142857;quantized;88.75;14
2024_run_2;2024;MG4Bq8;111;0.792857143;quantized;103.75;15
2024_run_2;2024;MT8Bq4;81;0.578571429;quantized;66.25;16
2024_run_2;2024;MT8Bq6;84;0.6;quantized;70.0;17
2024_run_2;2024;MT8Bq8;88;0.628571429;quantized;75.0;18
2024_run_3;2024;CLA;125;0.892857143;closed;121.25;1
2024_run_3;2024;DPSK;128;0.914285714;closed;125.0;2
2024_run_3;2024;GPT;135;0.964285714;closed;133.75;3
2024_run_3;2024;GROK;131;0.935714286;closed;128.75;4
2024_run_3;2024;MSTRL;119;0.85;closed;113.75;5
2024_run_3;2024;QWEN;133;0.95;closed;131.25;6
2024_run_3;2024;MG4B;106;0.757142857;open;97.5;7
2024_run_3;2024;MT8B;84;0.6;open;70.0;8
2024_run_3;2024;mSTRL3B;98;0.7;open;87.5;9
2024_run_3;2024;Q1_7B;69;0.492857143;open;51.25;10
2024_run_3;2024;Q4B;96;0.685714286;open;85.0;11
2024_run_3;2024;Q8B;107;0.764285714;open;98.75;12
2024_run_3;2024;MG4Bq4;101;0.721428571;quantized;91.25;13
2024_run_3;2024;MG4Bq6;108;0.771428571;quantized;100.0;14
2024_run_3;2024;MG4Bq8;111;0.792857143;quantized;103.75;15
2024_run_3;2024;MT8Bq4;85;0.607142857;quantized;71.25;16
2024_run_3;2024;MT8Bq6;88;0.628571429;quantized;75.0;17
2024_run_3;2024;MT8Bq8;91;0.65;quantized;78.75;18
2024_run_4;2024;CLA;126;0.9;closed;122.5;1
2024_run_4;2024;DPSK;129;0.921428571;closed;126.25;2
2024_run_4;2024;GPT;132;0.942857143;closed;130.0;3
2024_run_4;2024;GROK;131;0.935714286;closed;128.75;4
2024_run_4;2024;MSTRL;119;0.85;closed;113.75;5
2024_run_4;2024;QWEN;132;0.942857143;closed;130.0;6
2024_run_4;2024;MG4B;107;0.764285714;open;98.75;7
2024_run_4;2024;MT8B;81;0.578571429;open;66.25;8
2024_run_4;2024;mSTRL3B;92;0.657142857;open;80.0;9
2024_run_4;2024;Q1_7B;74;0.528571429;open;57.5;10
2024_run_4;2024;Q4B;99;0.707142857;open;88.75;11
2024_run_4;2024;Q8B;111;0.792857143;open;103.75;12
2024_run_4;2024;MG4Bq4;101;0.721428571;quantized;91.25;13
2024_run_4;2024;MG4Bq6;102;0.728571429;quantized;92.5;14
2024_run_4;2024;MG4Bq8;101;0.721428571;quantized;91.25;15
2024_run_4;2024;MT8Bq4;82;0.585714286;quantized;67.5;16
2024_run_4;2024;MT8Bq6;87;0.621428571;quantized;73.75;17
2024_run_4;2024;MT8Bq8;89;0.635714286;quantized;76.25;18
2024_run_5;2024;CLA;123;0.878571429;closed;118.75;1
2024_run_5;2024;DPSK;126;0.9;closed;122.5;2
2024_run_5;2024;GPT;136;0.971428571;closed;135.0;3
2024_run_5;2024;GROK;135;0.964285714;closed;133.75;4
2024_run_5;2024;MSTRL;121;0.864285714;closed;116.25;5
2024_run_5;2024;QWEN;135;0.964285714;closed;133.75;6
2024_run_5;2024;MG4B;106;0.757142857;open;97.5;7
2024_run_5;2024;MT8B;84;0.6;open;70.0;8
2024_run_5;2024;mSTRL3B;94;0.671428571;open;82.5;9
2024_run_5;2024;Q1_7B;74;0.528571429;open;57.5;10
2024_run_5;2024;Q4B;94;0.671428571;open;82.5;11
2024_run_5;2024;Q8B;105;0.75;open;96.25;12
2024_run_5;2024;MG4Bq4;101;0.721428571;quantized;91.25;13
2024_run_5;2024;MG4Bq6;110;0.785714286;quantized;102.5;14
2024_run_5;2024;MG4Bq8;109;0.778571429;quantized;101.25;15
2024_run_5;2024;MT8Bq4;76;0.542857143;quantized;60.0;16
2024_run_5;2024;MT8Bq6;84;0.6;quantized;70.0;17
2024_run_5;2024;MT8Bq8;87;0.621428571;quantized;73.75;18
2024_run_6;2024;CLA;122;0.871428571;closed;117.5;1
2024_run_6;2024;DPSK;122;0.871428571;closed;117.5;2
2024_run_6;2024;GPT;133;0.95;closed;131.25;3
2024_run_6;2024;GROK;132;0.942857143;closed;130.0;4
2024_run_6;2024;MSTRL;123;0.878571429;closed;118.75;5
2024_run_6;2024;QWEN;135;0.964285714;closed;133.75;6
2024_run_6;2024;MG4B;101;0.721428571;open;91.25;7
2024_run_6;2024;MT8B;86;0.614285714;open;72.5;8
2024_run_6;2024;mSTRL3B;97;0.692857143;open;86.25;9
2024_run_6;2024;Q1_7B;77;0.55;open;61.25;10
2024_run_6;2024;Q4B;95;0.678571429;open;83.75;11
2024_run_6;2024;Q8B;112;0.8;open;105.0;12
2024_run_6;2024;MG4Bq4;103;0.735714286;quantized;93.75;13
2024_run_6;2024;MG4Bq6;102;0.728571429;quantized;92.5;14
2024_run_6;2024;MG4Bq8;105;0.75;quantized;96.25;15
2024_run_6;2024;MT8Bq4;83;0.592857143;quantized;68.75;16
2024_run_6;2024;MT8Bq6;85;0.607142857;quantized;71.25;17
2024_run_6;2024;MT8Bq8;89;0.635714286;quantized;76.25;18
2024_run_7;2024;CLA;128;0.914285714;closed;125.0;1
2024_run_7;2024;DPSK;126;0.9;closed;122.5;2
2024_run_7;2024;GPT;134;0.957142857;closed;132.5;3
2024_run_7;2024;GROK;132;0.942857143;closed;130.0;4
2024_run_7;2024;MSTRL;118;0.842857143;closed;112.5;5
2024_run_7;2024;QWEN;134;0.957142857;closed;132.5;6
2024_run_7;2024;MG4B;105;0.75;open;96.25;7
2024_run_7;2024;MT8B;83;0.592857143;open;68.75;8
2024_run_7;2024;mSTRL3B;92;0.657142857;open;80.0;9
2024_run_7;2024;Q1_7B;70;0.5;open;52.5;10
2024_run_7;2024;Q4B;97;0.692857143;open;86.25;11
2024_run_7;2024;Q8B;113;0.807142857;open;106.25;12
2024_run_7;2024;MG4Bq4;108;0.771428571;quantized;100.0;13
2024_run_7;2024;MG4Bq6;110;0.785714286;quantized;102.5;14
2024_run_7;2024;MG4Bq8;107;0.764285714;quantized;98.75;15
2024_run_7;2024;MT8Bq4;86;0.614285714;quantized;72.5;16
2024_run_7;2024;MT8Bq6;84;0.6;quantized;70.0;17
2024_run_7;2024;MT8Bq8;81;0.578571429;quantized;66.25;18
2024_run_8;2024;CLA;126;0.9;closed;122.5;1
2024_run_8;2024;DPSK;129;0.921428571;closed;126.25;2
2024_run_8;2024;GPT;134;0.957142857;closed;132.5;3
2024_run_8;2024;GROK;131;0.935714286;closed;128.75;4
2024_run_8;2024;MSTRL;123;0.878571429;closed;118.75;5
2024_run_8;2024;QWEN;132;0.942857143;closed;130.0;6
2024_run_8;2024;MG4B;104;0.742857143;open;95.0;7
2024_run_8;2024;MT8B;83;0.592857143;open;68.75;8
2024_run_8;2024;mSTRL3B;90;0.642857143;open;77.5;9
2024_run_8;2024;Q1_7B;78;0.557142857;open;62.5;10
2024_run_8;2024;Q4B;98;0.7;open;87.5;11
2024_run_8;2024;Q8B;108;0.771428571;open;100.0;12
2024_run_8;2024;MG4Bq4;106;0.757142857;quantized;97.5;13
2024_run_8;2024;MG4Bq6;108;0.771428571;quantized;100.0;14
2024_run_8;2024;MG4Bq8;109;0.778571429;quantized;101.25;15
2024_run_8;2024;MT8Bq4;81;0.578571429;quantized;66.25;16
2024_run_8;2024;MT8Bq6;82;0.585714286;quantized;67.5;17
2024_run_8;2024;MT8Bq8;85;0.607142857;quantized;71.25;18
2024_run_9;2024;CLA;131;0.935714286;closed;128.75;1
2024_run_9;2024;DPSK;128;0.914285714;closed;125.0;2
2024_run_9;2024;GPT;133;0.95;closed;131.25;3
2024_run_9;2024;GROK;131;0.935714286;closed;128.75;4
2024_run_9;2024;MSTRL;116;0.828571429;closed;110.0;5
2024_run_9;2024;QWEN;133;0.95;closed;131.25;6
2024_run_9;2024;MG4B;101;0.721428571;open;91.25;7
2024_run_9;2024;MT8B;85;0.607142857;open;71.25;8
2024_run_9;2024;mSTRL3B;95;0.678571429;open;83.75;9
2024_run_9;2024;Q1_7B;71;0.507142857;open;53.75;10
2024_run_9;2024;Q4B;99;0.707142857;open;88.75;11
2024_run_9;2024;Q8B;117;0.835714286;open;111.25;12
2024_run_9;2024;MG4Bq4;99;0.707142857;quantized;88.75;13
2024_run_9;2024;MG4Bq6;111;0.792857143;quantized;103.75;14
2024_run_9;2024;MG4Bq8;107;0.764285714;quantized;98.75;15
2024_run_9;2024;MT8Bq4;82;0.585714286;quantized;67.5;16
2024_run_9;2024;MT8Bq6;92;0.657142857;quantized;80.0;17
2024_run_9;2024;MT8Bq8;87;0.621428571;quantized;73.75;18
2024_run_10;2024;CLA;128;0.914285714;closed;125.0;1
2024_run_10;2024;DPSK;125;0.892857143;closed;121.25;2
2024_run_10;2024;GPT;136;0.971428571;closed;135.0;3
2024_run_10;2024;GROK;132;0.942857143;closed;130.0;4
2024_run_10;2024;MSTRL;118;0.842857143;closed;112.5;5
2024_run_10;2024;QWEN;134;0.957142857;closed;132.5;6
2024_run_10;2024;MG4B;107;0.764285714;open;98.75;7
2024_run_10;2024;MT8B;87;0.621428571;open;73.75;8
2024_run_10;2024;mSTRL3B;88;0.628571429;open;75.0;9
2024_run_10;2024;Q1_7B;76;0.542857143;open;60.0;10
2024_run_10;2024;Q4B;99;0.707142857;open;88.75;11
2024_run_10;2024;Q8B;114;0.814285714;open;107.5;12
2024_run_10;2024;MG4Bq4;102;0.728571429;quantized;92.5;13
2024_run_10;2024;MG4Bq6;104;0.742857143;quantized;95.0;14
2024_run_10;2024;MG4Bq8;107;0.764285714;quantized;98.75;15
2024_run_10;2024;MT8Bq4;86;0.614285714;quantized;72.5;16
2024_run_10;2024;MT8Bq6;74;0.528571429;quantized;57.5;17
2024_run_10;2024;MT8Bq8;89;0.635714286;quantized;76.25;18
2024_run_11;2024;CLA;123;0.878571429;closed;118.75;1
2024_run_11;2024;DPSK;127;0.907142857;closed;123.75;2
2024_run_11;2024;GPT;135;0.964285714;closed;133.75;3
2024_run_11;2024;GROK;133;0.95;closed;131.25;4
2024_run_11;2024;MSTRL;124;0.885714286;closed;120.0;5
2024_run_11;2024;QWEN;135;0.964285714;closed;133.75;6
2024_run_11;2024;MG4B;110;0.785714286;open;102.5;7
2024_run_11;2024;MT8B;80;0.571428571;open;65.0;8
2024_run_11;2024;mSTRL3B;86;0.614285714;open;72.5;9
2024_run_11;2024;Q1_7B;70;0.5;open;52.5;10
2024_run_11;2024;Q4B;100;0.714285714;open;90.0;11
2024_run_11;2024;Q8B;108;0.771428571;open;100.0;12
2024_run_11;2024;MG4Bq4;105;0.75;quantized;96.25;13
2024_run_11;2024;MG4Bq6;104;0.742857143;quantized;95.0;14
2024_run_11;2024;MG4Bq8;101;0.721428571;quantized;91.25;15
2024_run_11;2024;MT8Bq4;83;0.592857143;quantized;68.75;16
2024_run_11;2024;MT8Bq6;84;0.6;quantized;70.0;17
2024_run_11;2024;MT8Bq8;89;0.635714286;quantized;76.25;18
2024_run_12;2024;CLA;125;0.892857143;closed;121.25;1
2024_run_12;2024;DPSK;128;0.914285714;closed;125.0;2
2024_run_12;2024;GPT;135;0.964285714;closed;133.75;3
2024_run_12;2024;GROK;130;0.928571429;closed;127.5;4
2024_run_12;2024;MSTRL;117;0.835714286;closed;111.25;5
2024_run_12;2024;QWEN;135;0.964285714;closed;133.75;6
2024_run_12;2024;MG4B;103;0.735714286;open;93.75;7
2024_run_12;2024;MT8B;88;0.628571429;open;75.0;8
2024_run_12;2024;mSTRL3B;94;0.671428571;open;82.5;9
2024_run_12;2024;Q1_7B;69;0.492857143;open;51.25;10
2024_run_12;2024;Q4B;95;0.678571429;open;83.75;11
2024_run_12;2024;Q8B;113;0.807142857;open;106.25;12
2024_run_12;2024;MG4Bq4;107;0.764285714;quantized;98.75;13
2024_run_12;2024;MG4Bq6;108;0.771428571;quantized;100.0;14
2024_run_12;2024;MG4Bq8;108;0.771428571;quantized;100.0;15
2024_run_12;2024;MT8Bq4;86;0.614285714;quantized;72.5;16
2024_run_12;2024;MT8Bq6;84;0.6;quantized;70.0;17
2024_run_12;2024;MT8Bq8;81;0.578571429;quantized;66.25;18
2024_run_13;2024;CLA;127;0.907142857;closed;123.75;1
2024_run_13;2024;DPSK;128;0.914285714;closed;125.0;2
2024_run_13;2024;GPT;133;0.95;closed;131.25;3
2024_run_13;2024;GROK;130;0.928571429;closed;127.5;4
2024_run_13;2024;MSTRL;118;0.842857143;closed;112.5;5
2024_run_13;2024;QWEN;136;0.971428571;closed;135.0;6
2024_run_13;2024;MG4B;106;0.757142857;open;97.5;7
2024_run_13;2024;MT8B;82;0.585714286;open;67.5;8
2024_run_13;2024;mSTRL3B;96;0.685714286;open;85.0;9
2024_run_13;2024;Q1_7B;73;0.521428571;open;56.25;10
2024_run_13;2024;Q4B;103;0.735714286;open;93.75;11
2024_run_13;2024;Q8B;108;0.771428571;open;100.0;12
2024_run_13;2024;MG4Bq4;100;0.714285714;quantized;90.0;13
2024_run_13;2024;MG4Bq6;106;0.757142857;quantized;97.5;14
2024_run_13;2024;MG4Bq8;100;0.714285714;quantized;90.0;15
2024_run_13;2024;MT8Bq4;83;0.592857143;quantized;68.75;16
2024_run_13;2024;MT8Bq6;87;0.621428571;quantized;73.75;17
2024_run_13;2024;MT8Bq8;87;0.621428571;quantized;73.75;18
2024_run_14;2024;CLA;125;0.892857143;closed;121.25;1
2024_run_14;2024;DPSK;125;0.892857143;closed;121.25;2
2024_run_14;2024;GPT;137;0.978571429;closed;136.25;3
2024_run_14;2024;GROK;133;0.95;closed;131.25;4
2024_run_14;2024;MSTRL;124;0.885714286;closed;120.0;5
2024_run_14;2024;QWEN;134;0.957142857;closed;132.5;6
2024_run_14;2024;MG4B;106;0.757142857;open;97.5;7
2024_run_14;2024;MT8B;80;0.571428571;open;65.0;8
2024_run_14;2024;mSTRL3B;89;0.635714286;open;76.25;9
2024_run_14;2024;Q1_7B;70;0.5;open;52.5;10
2024_run_14;2024;Q4B;96;0.685714286;open;85.0;11
2024_run_14;2024;Q8B;115;0.821428571;open;108.75;12
2024_run_14;2024;MG4Bq4;95;0.678571429;quantized;83.75;13
2024_run_14;2024;MG4Bq6;106;0.757142857;quantized;97.5;14
2024_run_14;2024;MG4Bq8;103;0.735714286;quantized;93.75;15
2024_run_14;2024;MT8Bq4;85;0.607142857;quantized;71.25;16
2024_run_14;2024;MT8Bq6;78;0.557142857;quantized;62.5;17
2024_run_14;2024;MT8Bq8;84;0.6;quantized;70.0;18
2024_run_15;2024;CLA;127;0.907142857;closed;123.75;1
2024_run_15;2024;DPSK;125;0.892857143;closed;121.25;2
2024_run_15;2024;GPT;135;0.964285714;closed;133.75;3
2024_run_15;2024;GROK;130;0.928571429;closed;127.5;4
2024_run_15;2024;MSTRL;117;0.835714286;closed;111.25;5
2024_run_15;2024;QWEN;134;0.957142857;closed;132.5;6
2024_run_15;2024;MG4B;105;0.75;open;96.25;7
2024_run_15;2024;MT8B;88;0.628571429;open;75.0;8
2024_run_15;2024;mSTRL3B;95;0.678571429;open;83.75;9
2024_run_15;2024;Q1_7B;73;0.521428571;open;56.25;10
2024_run_15;2024;Q4B;101;0.721428571;open;91.25;11
2024_run_15;2024;Q8B;109;0.778571429;open;101.25;12
2024_run_15;2024;MG4Bq4;106;0.757142857;quantized;97.5;13
2024_run_15;2024;MG4Bq6;106;0.757142857;quantized;97.5;14
2024_run_15;2024;MG4Bq8;106;0.757142857;quantized;97.5;15
2024_run_15;2024;MT8Bq4;85;0.607142857;quantized;71.25;16
2024_run_15;2024;MT8Bq6;85;0.607142857;quantized;71.25;17
2024_run_15;2024;MT8Bq8;81;0.578571429;quantized;66.25;18
2024_run_16;2024;CLA;123;0.878571429;closed;118.75;1
2024_run_16;2024;DPSK;125;0.892857143;closed;121.25;2
2024_run_16;2024;GPT;137;0.978571429;closed;136.25;3
2024_run_16;2024;GROK;133;0.95;closed;131.25;4
2024_run_16;2024;MSTRL;116;0.828571429;closed;110.0;5
2024_run_16;2024;QWEN;132;0.942857143;closed;130.0;6
2024_run_16;2024;MG4B;111;0.792857143;open;103.75;7
2024_run_16;2024;MT8B;78;0.557142857;open;62.5;8
2024_run_16;2024;mSTRL3B;94;0.671428571;open;82.5;9
2024_run_16;2024;Q1_7B;76;0.542857143;open;60.0;10
2024_run_16;2024;Q4B;92;0.657142857;open;80.0;11
2024_run_16;2024;Q8B;109;0.778571429;open;101.25;12
2024_run_16;2024;MG4Bq4;102;0.728571429;quantized;92.5;13
2024_run_16;2024;MG4Bq6;106;0.757142857;quantized;97.5;14
2024_run_16;2024;MG4Bq8;112;0.8;quantized;105.0;15
2024_run_16;2024;MT8Bq4;80;0.571428571;quantized;65.0;16
2024_run_16;2024;MT8Bq6;87;0.621428571;quantized;73.75;17
2024_run_16;2024;MT8Bq8;88;0.628571429;quantized;75.0;18
2024_run_17;2024;CLA;125;0.892857143;closed;121.25;1
2024_run_17;2024;DPSK;122;0.871428571;closed;117.5;2
2024_run_17;2024;GPT;134;0.957142857;closed;132.5;3
2024_run_17;2024;GROK;133;0.95;closed;131.25;4
2024_run_17;2024;MSTRL;115;0.821428571;closed;108.75;5
2024_run_17;2024;QWEN;132;0.942857143;closed;130.0;6
2024_run_17;2024;MG4B;108;0.771428571;open;100.0;7
2024_run_17;2024;MT8B;82;0.585714286;open;67.5;8
2024_run_17;2024;mSTRL3B;98;0.7;open;87.5;9
2024_run_17;2024;Q1_7B;64;0.457142857;open;45.0;10
2024_run_17;2024;Q4B;99;0.707142857;open;88.75;11
2024_run_17;2024;Q8B;115;0.821428571;open;108.75;12
2024_run_17;2024;MG4Bq4;102;0.728571429;quantized;92.5;13
2024_run_17;2024;MG4Bq6;106;0.757142857;quantized;97.5;14
2024_run_17;2024;MG4Bq8;102;0.728571429;quantized;92.5;15
2024_run_17;2024;MT8Bq4;89;0.635714286;quantized;76.25;16
2024_run_17;2024;MT8Bq6;78;0.557142857;quantized;62.5;17
2024_run_17;2024;MT8Bq8;83;0.592857143;quantized;68.75;18
2024_run_18;2024;CLA;126;0.9;closed;122.5;1
2024_run_18;2024;DPSK;126;0.9;closed;122.5;2
2024_run_18;2024;GPT;135;0.964285714;closed;133.75;3
2024_run_18;2024;GROK;132;0.942857143;closed;130.0;4
2024_run_18;2024;MSTRL;119;0.85;closed;113.75;5
2024_run_18;2024;QWEN;135;0.964285714;closed;133.75;6
2024_run_18;2024;MG4B;101;0.721428571;open;91.25;7
2024_run_18;2024;MT8B;86;0.614285714;open;72.5;8
2024_run_18;2024;mSTRL3B;94;0.671428571;open;82.5;9
2024_run_18;2024;Q1_7B;69;0.492857143;open;51.25;10
2024_run_18;2024;Q4B;98;0.7;open;87.5;11
2024_run_18;2024;Q8B;115;0.821428571;open;108.75;12
2024_run_18;2024;MG4Bq4;101;0.721428571;quantized;91.25;13
2024_run_18;2024;MG4Bq6;103;0.735714286;quantized;93.75;14
2024_run_18;2024;MG4Bq8;105;0.75;quantized;96.25;15
2024_run_18;2024;MT8Bq4;84;0.6;quantized;70.0;16
2024_run_18;2024;MT8Bq6;89;0.635714286;quantized;76.25;17
2024_run_18;2024;MT8Bq8;83;0.592857143;quantized;68.75;18
2024_run_19;2024;CLA;126;0.9;closed;122.5;1
2024_run_19;2024;DPSK;130;0.928571429;closed;127.5;2
2024_run_19;2024;GPT;134;0.957142857;closed;132.5;3
2024_run_19;2024;GROK;133;0.95;closed;131.25;4
2024_run_19;2024;MSTRL;120;0.857142857;closed;115.0;5
2024_run_19;2024;QWEN;135;0.964285714;closed;133.75;6
2024_run_19;2024;MG4B;110;0.785714286;open;102.5;7
2024_run_19;2024;MT8B;80;0.571428571;open;65.0;8
2024_run_19;2024;mSTRL3B;96;0.685714286;open;85.0;9
2024_run_19;2024;Q1_7B;76;0.542857143;open;60.0;10
2024_run_19;2024;Q4B;94;0.671428571;open;82.5;11
2024_run_19;2024;Q8B;112;0.8;open;105.0;12
2024_run_19;2024;MG4Bq4;103;0.735714286;quantized;93.75;13
2024_run_19;2024;MG4Bq6;108;0.771428571;quantized;100.0;14
2024_run_19;2024;MG4Bq8;102;0.728571429;quantized;92.5;15
2024_run_19;2024;MT8Bq4;87;0.621428571;quantized;73.75;16
2024_run_19;2024;MT8Bq6;87;0.621428571;quantized;73.75;17
2024_run_19;2024;MT8Bq8;84;0.6;quantized;70.0;18
2024_run_20;2024;CLA;128;0.914285714;closed;125.0;1
2024_run_20;2024;DPSK;129;0.921428571;closed;126.25;2
2024_run_20;2024;GPT;134;0.957142857;closed;132.5;3
2024_run_20;2024;GROK;132;0.942857143;closed;130.0;4
2024_run_20;2024;MSTRL;122;0.871428571;closed;117.5;5
2024_run_20;2024;QWEN;135;0.964285714;closed;133.75;6
2024_run_20;2024;MG4B;102;0.728571429;open;92.5;7
2024_run_20;2024;MT8B;78;0.557142857;open;62.5;8
2024_run_20;2024;mSTRL3B;95;0.678571429;open;83.75;9
2024_run_20;2024;Q1_7B;76;0.542857143;open;60.0;10
2024_run_20;2024;Q4B;95;0.678571429;open;83.75;11
2024_run_20;2024;Q8B;114;0.814285714;open;107.5;12
2024_run_20;2024;MG4Bq4;100;0.714285714;quantized;90.0;13
2024_run_20;2024;MG4Bq6;107;0.764285714;quantized;98.75;14
2024_run_20;2024;MG4Bq8;105;0.75;quantized;96.25;15
2024_run_20;2024;MT8Bq4;83;0.592857143;quantized;68.75;16
2024_run_20;2024;MT8Bq6;90;0.642857143;quantized;77.5;17
2024_run_20;2024;MT8Bq8;82;0.585714286;quantized;67.5;18
2024_run_21;2024;CLA;129;0.921428571;closed;126.25;1
2024_run_21;2024;DPSK;126;0.9;closed;122.5;2
2024_run_21;2024;GPT;133;0.95;closed;131.25;3
2024_run_21;2024;GROK;134;0.957142857;closed;132.5;4
2024_run_21;2024;MSTRL;119;0.85;closed;113.75;5
2024_run_21;2024;QWEN;132;0.942857143;closed;130.0;6
2024_run_21;2024;MG4B;103;0.735714286;open;93.75;7
2024_run_21;2024;MT8B;85;0.607142857;open;71.25;8
2024_run_21;2024;mSTRL3B;97;0.692857143;open;86.25;9
2024_run_21;2024;Q1_7B;75;0.535714286;open;58.75;10
2024_run_21;2024;Q4B;102;0.728571429;open;92.5;11
2024_run_21;2024;Q8B;115;0.821428571;open;108.75;12
2024_run_21;2024;MG4Bq4;92;0.657142857;quantized;80.0;13
2024_run_21;2024;MG4Bq6;107;0.764285714;quantized;98.75;14
2024_run_21;2024;MG4Bq8;110;0.785714286;quantized;102.5;15
2024_run_21;2024;MT8Bq4;87;0.621428571;quantized;73.75;16
2024_run_21;2024;MT8Bq6;86;0.614285714;quantized;72.5;17
2024_run_21;2024;MT8Bq8;84;0.6;quantized;70.0;18
2024_run_22;2024;CLA;129;0.921428571;closed;126.25;1
2024_run_22;2024;DPSK;124;0.885714286;closed;120.0;2
2024_run_22;2024;GPT;136;0.971428571;closed;135.0;3
2024_run_22;2024;GROK;131;0.935714286;closed;128.75;4
2024_run_22;2024;MSTRL;121;0.864285714;closed;116.25;5
2024_run_22;2024;QWEN;134;0.957142857;closed;132.5;6
2024_run_22;2024;MG4B;109;0.778571429;open;101.25;7
2024_run_22;2024;MT8B;81;0.578571429;open;66.25;8
2024_run_22;2024;mSTRL3B;94;0.671428571;open;82.5;9
2024_run_22;2024;Q1_7B;75;0.535714286;open;58.75;10
2024_run_22;2024;Q4B;97;0.692857143;open;86.25;11
2024_run_22;2024;Q8B;113;0.807142857;open;106.25;12
2024_run_22;2024;MG4Bq4;95;0.678571429;quantized;83.75;13
2024_run_22;2024;MG4Bq6;104;0.742857143;quantized;95.0;14
2024_run_22;2024;MG4Bq8;105;0.75;quantized;96.25;15
2024_run_22;2024;MT8Bq4;81;0.578571429;quantized;66.25;16
2024_run_22;2024;MT8Bq6;87;0.621428571;quantized;73.75;17
2024_run_22;2024;MT8Bq8;84;0.6;quantized;70.0;18
2024_run_23;2024;CLA;117;0.835714286;closed;111.25;1
2024_run_23;2024;DPSK;127;0.907142857;closed;123.75;2
2024_run_23;2024;GPT;135;0.964285714;closed;133.75;3
2024_run_23;2024;GROK;131;0.935714286;closed;128.75;4
2024_run_23;2024;MSTRL;114;0.814285714;closed;107.5;5
2024_run_23;2024;QWEN;133;0.95;closed;131.25;6
2024_run_23;2024;MG4B;111;0.792857143;open;103.75;7
2024_run_23;2024;MT8B;86;0.614285714;open;72.5;8
2024_run_23;2024;mSTRL3B;90;0.642857143;open;77.5;9
2024_run_23;2024;Q1_7B;78;0.557142857;open;62.5;10
2024_run_23;2024;Q4B;102;0.728571429;open;92.5;11
2024_run_23;2024;Q8B;111;0.792857143;open;103.75;12
2024_run_23;2024;MG4Bq4;107;0.764285714;quantized;98.75;13
2024_run_23;2024;MG4Bq6;108;0.771428571;quantized;100.0;14
2024_run_23;2024;MG4Bq8;109;0.778571429;quantized;101.25;15
2024_run_23;2024;MT8Bq4;79;0.564285714;quantized;63.75;16
2024_run_23;2024;MT8Bq6;87;0.621428571;quantized;73.75;17
2024_run_23;2024;MT8Bq8;89;0.635714286;quantized;76.25;18
2024_run_24;2024;CLA;123;0.878571429;closed;118.75;1
2024_run_24;2024;DPSK;127;0.907142857;closed;123.75;2
2024_run_24;2024;GPT;138;0.985714286;closed;137.5;3
2024_run_24;2024;GROK;129;0.921428571;closed;126.25;4
2024_run_24;2024;MSTRL;118;0.842857143;closed;112.5;5
2024_run_24;2024;QWEN;135;0.964285714;closed;133.75;6
2024_run_24;2024;MG4B;107;0.764285714;open;98.75;7
2024_run_24;2024;MT8B;89;0.635714286;open;76.25;8
2024_run_24;2024;mSTRL3B;86;0.614285714;open;72.5;9
2024_run_24;2024;Q1_7B;74;0.528571429;open;57.5;10
2024_run_24;2024;Q4B;98;0.7;open;87.5;11
2024_run_24;2024;Q8B;117;0.835714286;open;111.25;12
2024_run_24;2024;MG4Bq4;106;0.757142857;quantized;97.5;13
2024_run_24;2024;MG4Bq6;107;0.764285714;quantized;98.75;14
2024_run_24;2024;MG4Bq8;111;0.792857143;quantized;103.75;15
2024_run_24;2024;MT8Bq4;77;0.55;quantized;61.25;16
2024_run_24;2024;MT8Bq6;93;0.664285714;quantized;81.25;17
2024_run_24;2024;MT8Bq8;85;0.607142857;quantized;71.25;18
2024_run_25;2024;CLA;122;0.871428571;closed;117.5;1
2024_run_25;2024;DPSK;125;0.892857143;closed;121.25;2
2024_run_25;2024;GPT;135;0.964285714;closed;133.75;3
2024_run_25;2024;GROK;133;0.95;closed;131.25;4
2024_run_25;2024;MSTRL;114;0.814285714;closed;107.5;5
2024_run_25;2024;QWEN;134;0.957142857;closed;132.5;6
2024_run_25;2024;MG4B;105;0.75;open;96.25;7
2024_run_25;2024;MT8B;83;0.592857143;open;68.75;8
2024_run_25;2024;mSTRL3B;97;0.692857143;open;86.25;9
2024_run_25;2024;Q1_7B;66;0.471428571;open;47.5;10
2024_run_25;2024;Q4B;99;0.707142857;open;88.75;11
2024_run_25;2024;Q8B;113;0.807142857;open;106.25;12
2024_run_25;2024;MG4Bq4;97;0.692857143;quantized;86.25;13
2024_run_25;2024;MG4Bq6;102;0.728571429;quantized;92.5;14
2024_run_25;2024;MG4Bq8;106;0.757142857;quantized;97.5;15
2024_run_25;2024;MT8Bq4;76;0.542857143;quantized;60.0;16
2024_run_25;2024;MT8Bq6;87;0.621428571;quantized;73.75;17
2024_run_25;2024;MT8Bq8;91;0.65;quantized;78.75;18
2024_run_26;2024;CLA;127;0.907142857;closed;123.75;1
2024_run_26;2024;DPSK;125;0.892857143;closed;121.25;2
2024_run_26;2024;GPT;135;0.964285714;closed;133.75;3
2024_run_26;2024;GROK;132;0.942857143;closed;130.0;4
2024_run_26;2024;MSTRL;117;0.835714286;closed;111.25;5
2024_run_26;2024;QWEN;137;0.978571429;closed;136.25;6
2024_run_26;2024;MG4B;111;0.792857143;open;103.75;7
2024_run_26;2024;MT8B;83;0.592857143;open;68.75;8
2024_run_26;2024;mSTRL3B;100;0.714285714;open;90.0;9
2024_run_26;2024;Q1_7B;77;0.55;open;61.25;10
2024_run_26;2024;Q4B;97;0.692857143;open;86.25;11
2024_run_26;2024;Q8B;115;0.821428571;open;108.75;12
2024_run_26;2024;MG4Bq4;102;0.728571429;quantized;92.5;13
2024_run_26;2024;MG4Bq6;111;0.792857143;quantized;103.75;14
2024_run_26;2024;MG4Bq8;100;0.714285714;quantized;90.0;15
2024_run_26;2024;MT8Bq4;85;0.607142857;quantized;71.25;16
2024_run_26;2024;MT8Bq6;81;0.578571429;quantized;66.25;17
2024_run_26;2024;MT8Bq8;78;0.557142857;quantized;62.5;18
2024_run_27;2024;CLA;127;0.907142857;closed;123.75;1
2024_run_27;2024;DPSK;126;0.9;closed;122.5;2
2024_run_27;2024;GPT;133;0.95;closed;131.25;3
2024_run_27;2024;GROK;129;0.921428571;closed;126.25;4
2024_run_27;2024;MSTRL;114;0.814285714;closed;107.5;5
2024_run_27;2024;QWEN;133;0.95;closed;131.25;6
2024_run_27;2024;MG4B;98;0.7;open;87.5;7
2024_run_27;2024;MT8B;83;0.592857143;open;68.75;8
2024_run_27;2024;mSTRL3B;90;0.642857143;open;77.5;9
2024_run_27;2024;Q1_7B;67;0.478571429;open;48.75;10
2024_run_27;2024;Q4B;95;0.678571429;open;83.75;11
2024_run_27;2024;Q8B;110;0.785714286;open;102.5;12
2024_run_27;2024;MG4Bq4;105;0.75;quantized;96.25;13
2024_run_27;2024;MG4Bq6;105;0.75;quantized;96.25;14
2024_run_27;2024;MG4Bq8;111;0.792857143;quantized;103.75;15
2024_run_27;2024;MT8Bq4;90;0.642857143;quantized;77.5;16
2024_run_27;2024;MT8Bq6;89;0.635714286;quantized;76.25;17
2024_run_27;2024;MT8Bq8;80;0.571428571;quantized;65.0;18
2024_run_28;2024;CLA;124;0.885714286;closed;120.0;1
2024_run_28;2024;DPSK;125;0.892857143;closed;121.25;2
2024_run_28;2024;GPT;137;0.978571429;closed;136.25;3
2024_run_28;2024;GROK;131;0.935714286;closed;128.75;4
2024_run_28;2024;MSTRL;122;0.871428571;closed;117.5;5
2024_run_28;2024;QWEN;132;0.942857143;closed;130.0;6
2024_run_28;2024;MG4B;109;0.778571429;open;101.25;7
2024_run_28;2024;MT8B;88;0.628571429;open;75.0;8
2024_run_28;2024;mSTRL3B;100;0.714285714;open;90.0;9
2024_run_28;2024;Q1_7B;76;0.542857143;open;60.0;10
2024_run_28;2024;Q4B;101;0.721428571;open;91.25;11
2024_run_28;2024;Q8B;110;0.785714286;open;102.5;12
2024_run_28;2024;MG4Bq4;100;0.714285714;quantized;90.0;13
2024_run_28;2024;MG4Bq6;101;0.721428571;quantized;91.25;14
2024_run_28;2024;MG4Bq8;102;0.728571429;quantized;92.5;15
2024_run_28;2024;MT8Bq4;89;0.635714286;quantized;76.25;16
2024_run_28;2024;MT8Bq6;86;0.614285714;quantized;72.5;17
2024_run_28;2024;MT8Bq8;84;0.6;quantized;70.0;18
2024_run_29;2024;CLA;131;0.935714286;closed;128.75;1
2024_run_29;2024;DPSK;126;0.9;closed;122.5;2
2024_run_29;2024;GPT;137;0.978571429;closed;136.25;3
2024_run_29;2024;GROK;133;0.95;closed;131.25;4
2024_run_29;2024;MSTRL;122;0.871428571;closed;117.5;5
2024_run_29;2024;QWEN;136;0.971428571;closed;135.0;6
2024_run_29;2024;MG4B;104;0.742857143;open;95.0;7
2024_run_29;2024;MT8B;82;0.585714286;open;67.5;8
2024_run_29;2024;mSTRL3B;88;0.628571429;open;75.0;9
2024_run_29;2024;Q1_7B;76;0.542857143;open;60.0;10
2024_run_29;2024;Q4B;92;0.657142857;open;80.0;11
2024_run_29;2024;Q8B;111;0.792857143;open;103.75;12
2024_run_29;2024;MG4Bq4;104;0.742857143;quantized;95.0;13
2024_run_29;2024;MG4Bq6;105;0.75;quantized;96.25;14
2024_run_29;2024;MG4Bq8;106;0.757142857;quantized;97.5;15
2024_run_29;2024;MT8Bq4;81;0.578571429;quantized;66.25;16
2024_run_29;2024;MT8Bq6;82;0.585714286;quantized;67.5;17
2024_run_29;2024;MT8Bq8;91;0.65;quantized;78.75;18
2024_run_30;2024;CLA;126;0.9;closed;122.5;1
2024_run_30;2024;DPSK;124;0.885714286;closed;120.0;2
2024_run_30;2024;GPT;135;0.964285714;closed;133.75;3
2024_run_30;2024;GROK;132;0.942857143;closed;130.0;4
2024_run_30;2024;MSTRL;115;0.821428571;closed;108.75;5
2024_run_30;2024;QWEN;135;0.964285714;closed;133.75;6
2024_run_30;2024;MG4B;114;0.814285714;open;107.5;7
2024_run_30;2024;MT8B;87;0.621428571;open;73.75;8
2024_run_30;2024;mSTRL3B;96;0.685714286;open;85.0;9
2024_run_30;2024;Q1_7B;80;0.571428571;open;65.0;10
2024_run_30;2024;Q4B;99;0.707142857;open;88.75;11
2024_run_30;2024;Q8B;108;0.771428571;open;100.0;12
2024_run_30;2024;MG4Bq4;99;0.707142857;quantized;88.75;13
2024_run_30;2024;MG4Bq6;105;0.75;quantized;96.25;14
2024_run_30;2024;MG4Bq8;106;0.757142857;quantized;97.5;15
2024_run_30;2024;MT8Bq4;84;0.6;quantized;70.0;16
2024_run_30;2024;MT8Bq6;85;0.607142857;quantized;71.25;17
2024_run_30;2024;MT8Bq8;88;0.628571429;quantized;75.0;18
2024_run_31;2024;CLA;126;0.9;closed;122.5;1
2024_run_31;2024;DPSK;129;0.921428571;closed;126.25;2
2024_run_31;2024;GPT;135;0.964285714;closed;133.75;3
2024_run_31;2024;GROK;131;0.935714286;closed;128.75;4
2024_run_31;2024;MSTRL;120;0.857142857;closed;115.0;5
2024_run_31;2024;QWEN;136;0.971428571;closed;135.0;6
2024_run_31;2024;MG4B;107;0.764285714;open;98.75;7
2024_run_31;2024;MT8B;88;0.628571429;open;75.0;8
2024_run_31;2024;mSTRL3B;95;0.678571429;open;83.75;9
2024_run_31;2024;Q1_7B;66;0.471428571;open;47.5;10
2024_run_31;2024;Q4B;103;0.735714286;open;93.75;11
2024_run_31;2024;Q8B;112;0.8;open;105.0;12
2024_run_31;2024;MG4Bq4;101;0.721428571;quantized;91.25;13
2024_run_31;2024;MG4Bq6;105;0.75;quantized;96.25;14
2024_run_31;2024;MG4Bq8;107;0.764285714;quantized;98.75;15
2024_run_31;2024;MT8Bq4;87;0.621428571;quantized;73.75;16
2024_run_31;2024;MT8Bq6;83;0.592857143;quantized;68.75;17
2024_run_31;2024;MT8Bq8;84;0.6;quantized;70.0;18
2024_run_32;2024;CLA;125;0.892857143;closed;121.25;1
2024_run_32;2024;DPSK;125;0.892857143;closed;121.25;2
2024_run_32;2024;GPT;137;0.978571429;closed;136.25;3
2024_run_32;2024;GROK;130;0.928571429;closed;127.5;4
2024_run_32;2024;MSTRL;117;0.835714286;closed;111.25;5
2024_run_32;2024;QWEN;133;0.95;closed;131.25;6
2024_run_32;2024;MG4B;111;0.792857143;open;103.75;7
2024_run_32;2024;MT8B;77;0.55;open;61.25;8
2024_run_32;2024;mSTRL3B;95;0.678571429;open;83.75;9
2024_run_32;2024;Q1_7B;72;0.514285714;open;55.0;10
2024_run_32;2024;Q4B;100;0.714285714;open;90.0;11
2024_run_32;2024;Q8B;113;0.807142857;open;106.25;12
2024_run_32;2024;MG4Bq4;107;0.764285714;quantized;98.75;13
2024_run_32;2024;MG4Bq6;108;0.771428571;quantized;100.0;14
2024_run_32;2024;MG4Bq8;106;0.757142857;quantized;97.5;15
2024_run_32;2024;MT8Bq4;81;0.578571429;quantized;66.25;16
2024_run_32;2024;MT8Bq6;79;0.564285714;quantized;63.75;17
2024_run_32;2024;MT8Bq8;85;0.607142857;quantized;71.25;18
2024_run_33;2024;CLA;128;0.914285714;closed;125.0;1
2024_run_33;2024;DPSK;125;0.892857143;closed;121.25;2
2024_run_33;2024;GPT;135;0.964285714;closed;133.75;3
2024_run_33;2024;GROK;131;0.935714286;closed;128.75;4
2024_run_33;2024;MSTRL;116;0.828571429;closed;110.0;5
2024_run_33;2024;QWEN;134;0.957142857;closed;132.5;6
2024_run_33;2024;MG4B;110;0.785714286;open;102.5;7
2024_run_33;2024;MT8B;85;0.607142857;open;71.25;8
2024_run_33;2024;mSTRL3B;90;0.642857143;open;77.5;9
2024_run_33;2024;Q1_7B;70;0.5;open;52.5;10
2024_run_33;2024;Q4B;102;0.728571429;open;92.5;11
2024_run_33;2024;Q8B;110;0.785714286;open;102.5;12
2024_run_33;2024;MG4Bq4;101;0.721428571;quantized;91.25;13
2024_run_33;2024;MG4Bq6;103;0.735714286;quantized;93.75;14
2024_run_33;2024;MG4Bq8;115;0.821428571;quantized;108.75;15
2024_run_33;2024;MT8Bq4;85;0.607142857;quantized;71.25;16
2024_run_33;2024;MT8Bq6;87;0.621428571;quantized;73.75;17
2024_run_33;2024;MT8Bq8;81;0.578571429;quantized;66.25;18
2024_run_34;2024;CLA;127;0.907142857;closed;123.75;1
2024_run_34;2024;DPSK;127;0.907142857;closed;123.75;2
2024_run_34;2024;GPT;136;0.971428571;closed;135.0;3
2024_run_34;2024;GROK;132;0.942857143;closed;130.0;4
2024_run_34;2024;MSTRL;121;0.864285714;closed;116.25;5
2024_run_34;2024;QWEN;134;0.957142857;closed;132.5;6
2024_run_34;2024;MG4B;104;0.742857143;open;95.0;7
2024_run_34;2024;MT8B;90;0.642857143;open;77.5;8
2024_run_34;2024;mSTRL3B;89;0.635714286;open;76.25;9
2024_run_34;2024;Q1_7B;76;0.542857143;open;60.0;10
2024_run_34;2024;Q4B;97;0.692857143;open;86.25;11
2024_run_34;2024;Q8B;116;0.828571429;open;110.0;12
2024_run_34;2024;MG4Bq4;110;0.785714286;quantized;102.5;13
2024_run_34;2024;MG4Bq6;100;0.714285714;quantized;90.0;14
2024_run_34;2024;MG4Bq8;107;0.764285714;quantized;98.75;15
2024_run_34;2024;MT8Bq4;82;0.585714286;quantized;67.5;16
2024_run_34;2024;MT8Bq6;82;0.585714286;quantized;67.5;17
2024_run_34;2024;MT8Bq8;86;0.614285714;quantized;72.5;18
2024_run_35;2024;CLA;123;0.878571429;closed;118.75;1
2024_run_35;2024;DPSK;128;0.914285714;closed;125.0;2
2024_run_35;2024;GPT;137;0.978571429;closed;136.25;3
2024_run_35;2024;GROK;133;0.95;closed;131.25;4
2024_run_35;2024;MSTRL;114;0.814285714;closed;107.5;5
2024_run_35;2024;QWEN;136;0.971428571;closed;135.0;6
2024_run_35;2024;MG4B;111;0.792857143;open;103.75;7
2024_run_35;2024;MT8B;87;0.621428571;open;73.75;8
2024_run_35;2024;mSTRL3B;92;0.657142857;open;80.0;9
2024_run_35;2024;Q1_7B;73;0.521428571;open;56.25;10
2024_run_35;2024;Q4B;101;0.721428571;open;91.25;11
2024_run_35;2024;Q8B;112;0.8;open;105.0;12
2024_run_35;2024;MG4Bq4;104;0.742857143;quantized;95.0;13
2024_run_35;2024;MG4Bq6;105;0.75;quantized;96.25;14
2024_run_35;2024;MG4Bq8;103;0.735714286;quantized;93.75;15
2024_run_35;2024;MT8Bq4;82;0.585714286;quantized;67.5;16
2024_run_35;2024;MT8Bq6;85;0.607142857;quantized;71.25;17
2024_run_35;2024;MT8Bq8;86;0.614285714;quantized;72.5;18
2024_run_36;2024;CLA;124;0.885714286;closed;120.0;1
2024_run_36;2024;DPSK;126;0.9;closed;122.5;2
2024_run_36;2024;GPT;133;0.95;closed;131.25;3
2024_run_36;2024;GROK;133;0.95;closed;131.25;4
2024_run_36;2024;MSTRL;118;0.842857143;closed;112.5;5
2024_run_36;2024;QWEN;134;0.957142857;closed;132.5;6
2024_run_36;2024;MG4B;106;0.757142857;open;97.5;7
2024_run_36;2024;MT8B;86;0.614285714;open;72.5;8
2024_run_36;2024;mSTRL3B;92;0.657142857;open;80.0;9
2024_run_36;2024;Q1_7B;71;0.507142857;open;53.75;10
2024_run_36;2024;Q4B;102;0.728571429;open;92.5;11
2024_run_36;2024;Q8B;110;0.785714286;open;102.5;12
2024_run_36;2024;MG4Bq4;100;0.714285714;quantized;90.0;13
2024_run_36;2024;MG4Bq6;104;0.742857143;quantized;95.0;14
2024_run_36;2024;MG4Bq8;103;0.735714286;quantized;93.75;15
2024_run_36;2024;MT8Bq4;82;0.585714286;quantized;67.5;16
2024_run_36;2024;MT8Bq6;85;0.607142857;quantized;71.25;17
2024_run_36;2024;MT8Bq8;83;0.592857143;quantized;68.75;18
2024_run_37;2024;CLA;123;0.878571429;closed;118.75;1
2024_run_37;2024;DPSK;124;0.885714286;closed;120.0;2
2024_run_37;2024;GPT;134;0.957142857;closed;132.5;3
2024_run_37;2024;GROK;131;0.935714286;closed;128.75;4
2024_run_37;2024;MSTRL;116;0.828571429;closed;110.0;5
2024_run_37;2024;QWEN;135;0.964285714;closed;133.75;6
2024_run_37;2024;MG4B;110;0.785714286;open;102.5;7
2024_run_37;2024;MT8B;83;0.592857143;open;68.75;8
2024_run_37;2024;mSTRL3B;90;0.642857143;open;77.5;9
2024_run_37;2024;Q1_7B;71;0.507142857;open;53.75;10
2024_run_37;2024;Q4B;98;0.7;open;87.5;11
2024_run_37;2024;Q8B;115;0.821428571;open;108.75;12
2024_run_37;2024;MG4Bq4;108;0.771428571;quantized;100.0;13
2024_run_37;2024;MG4Bq6;105;0.75;quantized;96.25;14
2024_run_37;2024;MG4Bq8;113;0.807142857;quantized;106.25;15
2024_run_37;2024;MT8Bq4;78;0.557142857;quantized;62.5;16
2024_run_37;2024;MT8Bq6;85;0.607142857;quantized;71.25;17
2024_run_37;2024;MT8Bq8;88;0.628571429;quantized;75.0;18
2024_run_38;2024;CLA;123;0.878571429;closed;118.75;1
2024_run_38;2024;DPSK;122;0.871428571;closed;117.5;2
2024_run_38;2024;GPT;135;0.964285714;closed;133.75;3
2024_run_38;2024;GROK;133;0.95;closed;131.25;4
2024_run_38;2024;MSTRL;114;0.814285714;closed;107.5;5
2024_run_38;2024;QWEN;134;0.957142857;closed;132.5;6
2024_run_38;2024;MG4B;105;0.75;open;96.25;7
2024_run_38;2024;MT8B;77;0.55;open;61.25;8
2024_run_38;2024;mSTRL3B;97;0.692857143;open;86.25;9
2024_run_38;2024;Q1_7B;70;0.5;open;52.5;10
2024_run_38;2024;Q4B;99;0.707142857;open;88.75;11
2024_run_38;2024;Q8B;115;0.821428571;open;108.75;12
2024_run_38;2024;MG4Bq4;104;0.742857143;quantized;95.0;13
2024_run_38;2024;MG4Bq6;108;0.771428571;quantized;100.0;14
2024_run_38;2024;MG4Bq8;106;0.757142857;quantized;97.5;15
2024_run_38;2024;MT8Bq4;81;0.578571429;quantized;66.25;16
2024_run_38;2024;MT8Bq6;84;0.6;quantized;70.0;17
2024_run_38;2024;MT8Bq8;82;0.585714286;quantized;67.5;18
2024_run_39;2024;CLA;126;0.9;closed;122.5;1
2024_run_39;2024;DPSK;128;0.914285714;closed;125.0;2
2024_run_39;2024;GPT;135;0.964285714;closed;133.75;3
2024_run_39;2024;GROK;130;0.928571429;closed;127.5;4
2024_run_39;2024;MSTRL;119;0.85;closed;113.75;5
2024_run_39;2024;QWEN;136;0.971428571;closed;135.0;6
2024_run_39;2024;MG4B;106;0.757142857;open;97.5;7
2024_run_39;2024;MT8B;79;0.564285714;open;63.75;8
2024_run_39;2024;mSTRL3B;99;0.707142857;open;88.75;9
2024_run_39;2024;Q1_7B;75;0.535714286;open;58.75;10
2024_run_39;2024;Q4B;93;0.664285714;open;81.25;11
2024_run_39;2024;Q8B;116;0.828571429;open;110.0;12
2024_run_39;2024;MG4Bq4;103;0.735714286;quantized;93.75;13
2024_run_39;2024;MG4Bq6;105;0.75;quantized;96.25;14
2024_run_39;2024;MG4Bq8;104;0.742857143;quantized;95.0;15
2024_run_39;2024;MT8Bq4;83;0.592857143;quantized;68.75;16
2024_run_39;2024;MT8Bq6;86;0.614285714;quantized;72.5;17
2024_run_39;2024;MT8Bq8;86;0.614285714;quantized;72.5;18
2024_run_40;2024;CLA;124;0.885714286;closed;120.0;1
2024_run_40;2024;DPSK;127;0.907142857;closed;123.75;2
2024_run_40;2024;GPT;136;0.971428571;closed;135.0;3
2024_run_40;2024;GROK;133;0.95;closed;131.25;4
2024_run_40;2024;MSTRL;121;0.864285714;closed;116.25;5
2024_run_40;2024;QWEN;134;0.957142857;closed;132.5;6
2024_run_40;2024;MG4B;109;0.778571429;open;101.25;7
2024_run_40;2024;MT8B;84;0.6;open;70.0;8
2024_run_40;2024;mSTRL3B;93;0.664285714;open;81.25;9
2024_run_40;2024;Q1_7B;74;0.528571429;open;57.5;10
2024_run_40;2024;Q4B;95;0.678571429;open;83.75;11
2024_run_40;2024;Q8B;114;0.814285714;open;107.5;12
2024_run_40;2024;MG4Bq4;102;0.728571429;quantized;92.5;13
2024_run_40;2024;MG4Bq6;106;0.757142857;quantized;97.5;14
2024_run_40;2024;MG4Bq8;107;0.764285714;quantized;98.75;15
2024_run_40;2024;MT8Bq4;82;0.585714286;quantized;67.5;16
2024_run_40;2024;MT8Bq6;87;0.621428571;quantized;73.75;17
2024_run_40;2024;MT8Bq8;81;0.578571429;quantized;66.25;18
2024_run_41;2024;CLA;126;0.9;closed;122.5;1
2024_run_41;2024;DPSK;126;0.9;closed;122.5;2
2024_run_41;2024;GPT;138;0.985714286;closed;137.5;3
2024_run_41;2024;GROK;134;0.957142857;closed;132.5;4
2024_run_41;2024;MSTRL;120;0.857142857;closed;115.0;5
2024_run_41;2024;QWEN;133;0.95;closed;131.25;6
2024_run_41;2024;MG4B;108;0.771428571;open;100.0;7
2024_run_41;2024;MT8B;85;0.607142857;open;71.25;8
2024_run_41;2024;mSTRL3B;89;0.635714286;open;76.25;9
2024_run_41;2024;Q1_7B;64;0.457142857;open;45.0;10
2024_run_41;2024;Q4B;100;0.714285714;open;90.0;11
2024_run_41;2024;Q8B;111;0.792857143;open;103.75;12
2024_run_41;2024;MG4Bq4;106;0.757142857;quantized;97.5;13
2024_run_41;2024;MG4Bq6;103;0.735714286;quantized;93.75;14
2024_run_41;2024;MG4Bq8;108;0.771428571;quantized;100.0;15
2024_run_41;2024;MT8Bq4;78;0.557142857;quantized;62.5;16
2024_run_41;2024;MT8Bq6;84;0.6;quantized;70.0;17
2024_run_41;2024;MT8Bq8;91;0.65;quantized;78.75;18
2024_run_42;2024;CLA;129;0.921428571;closed;126.25;1
2024_run_42;2024;DPSK;121;0.864285714;closed;116.25;2
2024_run_42;2024;GPT;136;0.971428571;closed;135.0;3
2024_run_42;2024;GROK;131;0.935714286;closed;128.75;4
2024_run_42;2024;MSTRL;116;0.828571429;closed;110.0;5
2024_run_42;2024;QWEN;132;0.942857143;closed;130.0;6
2024_run_42;2024;MG4B;105;0.75;open;96.25;7
2024_run_42;2024;MT8B;87;0.621428571;open;73.75;8
2024_run_42;2024;mSTRL3B;98;0.7;open;87.5;9
2024_run_42;2024;Q1_7B;69;0.492857143;open;51.25;10
2024_run_42;2024;Q4B;98;0.7;open;87.5;11
2024_run_42;2024;Q8B;111;0.792857143;open;103.75;12
2024_run_42;2024;MG4Bq4;105;0.75;quantized;96.25;13
2024_run_42;2024;MG4Bq6;100;0.714285714;quantized;90.0;14
2024_run_42;2024;MG4Bq8;111;0.792857143;quantized;103.75;15
2024_run_42;2024;MT8Bq4;83;0.592857143;quantized;68.75;16
2024_run_42;2024;MT8Bq6;86;0.614285714;quantized;72.5;17
2024_run_42;2024;MT8Bq8;83;0.592857143;quantized;68.75;18
2024_run_43;2024;CLA;126;0.9;closed;122.5;1
2024_run_43;2024;DPSK;125;0.892857143;closed;121.25;2
2024_run_43;2024;GPT;135;0.964285714;closed;133.75;3
2024_run_43;2024;GROK;132;0.942857143;closed;130.0;4
2024_run_43;2024;MSTRL;115;0.821428571;closed;108.75;5
2024_run_43;2024;QWEN;136;0.971428571;closed;135.0;6
2024_run_43;2024;MG4B;110;0.785714286;open;102.5;7
2024_run_43;2024;MT8B;84;0.6;open;70.0;8
2024_run_43;2024;mSTRL3B;96;0.685714286;open;85.0;9
2024_run_43;2024;Q1_7B;73;0.521428571;open;56.25;10
2024_run_43;2024;Q4B;96;0.685714286;open;85.0;11
2024_run_43;2024;Q8B;105;0.75;open;96.25;12
2024_run_43;2024;MG4Bq4;103;0.735714286;quantized;93.75;13
2024_run_43;2024;MG4Bq6;111;0.792857143;quantized;103.75;14
2024_run_43;2024;MG4Bq8;110;0.785714286;quantized;102.5;15
2024_run_43;2024;MT8Bq4;87;0.621428571;quantized;73.75;16
2024_run_43;2024;MT8Bq6;80;0.571428571;quantized;65.0;17
2024_run_43;2024;MT8Bq8;90;0.642857143;quantized;77.5;18
2024_run_44;2024;CLA;125;0.892857143;closed;121.25;1
2024_run_44;2024;DPSK;125;0.892857143;closed;121.25;2
2024_run_44;2024;GPT;136;0.971428571;closed;135.0;3
2024_run_44;2024;GROK;132;0.942857143;closed;130.0;4
2024_run_44;2024;MSTRL;113;0.807142857;closed;106.25;5
2024_run_44;2024;QWEN;135;0.964285714;closed;133.75;6
2024_run_44;2024;MG4B;106;0.757142857;open;97.5;7
2024_run_44;2024;MT8B;82;0.585714286;open;67.5;8
2024_run_44;2024;mSTRL3B;101;0.721428571;open;91.25;9
2024_run_44;2024;Q1_7B;74;0.528571429;open;57.5;10
2024_run_44;2024;Q4B;99;0.707142857;open;88.75;11
2024_run_44;2024;Q8B;110;0.785714286;open;102.5;12
2024_run_44;2024;MG4Bq4;105;0.75;quantized;96.25;13
2024_run_44;2024;MG4Bq6;111;0.792857143;quantized;103.75;14
2024_run_44;2024;MG4Bq8;109;0.778571429;quantized;101.25;15
2024_run_44;2024;MT8Bq4;86;0.614285714;quantized;72.5;16
2024_run_44;2024;MT8Bq6;87;0.621428571;quantized;73.75;17
2024_run_44;2024;MT8Bq8;76;0.542857143;quantized;60.0;18
2024_run_45;2024;CLA;124;0.885714286;closed;120.0;1
2024_run_45;2024;DPSK;125;0.892857143;closed;121.25;2
2024_run_45;2024;GPT;135;0.964285714;closed;133.75;3
2024_run_45;2024;GROK;132;0.942857143;closed;130.0;4
2024_run_45;2024;MSTRL;120;0.857142857;closed;115.0;5
2024_run_45;2024;QWEN;136;0.971428571;closed;135.0;6
2024_run_45;2024;MG4B;103;0.735714286;open;93.75;7
2024_run_45;2024;MT8B;84;0.6;open;70.0;8
2024_run_45;2024;mSTRL3B;91;0.65;open;78.75;9
2024_run_45;2024;Q1_7B;73;0.521428571;open;56.25;10
2024_run_45;2024;Q4B;97;0.692857143;open;86.25;11
2024_run_45;2024;Q8B;109;0.778571429;open;101.25;12
2024_run_45;2024;MG4Bq4;102;0.728571429;quantized;92.5;13
2024_run_45;2024;MG4Bq6;101;0.721428571;quantized;91.25;14
2024_run_45;2024;MG4Bq8;110;0.785714286;quantized;102.5;15
2024_run_45;2024;MT8Bq4;87;0.621428571;quantized;73.75;16
2024_run_45;2024;MT8Bq6;88;0.628571429;quantized;75.0;17
2024_run_45;2024;MT8Bq8;86;0.614285714;quantized;72.5;18
2024_run_46;2024;CLA;124;0.885714286;closed;120.0;1
2024_run_46;2024;DPSK;127;0.907142857;closed;123.75;2
2024_run_46;2024;GPT;136;0.971428571;closed;135.0;3
2024_run_46;2024;GROK;131;0.935714286;closed;128.75;4
2024_run_46;2024;MSTRL;118;0.842857143;closed;112.5;5
2024_run_46;2024;QWEN;135;0.964285714;closed;133.75;6
2024_run_46;2024;MG4B;111;0.792857143;open;103.75;7
2024_run_46;2024;MT8B;86;0.614285714;open;72.5;8
2024_run_46;2024;mSTRL3B;92;0.657142857;open;80.0;9
2024_run_46;2024;Q1_7B;82;0.585714286;open;67.5;10
2024_run_46;2024;Q4B;102;0.728571429;open;92.5;11
2024_run_46;2024;Q8B;114;0.814285714;open;107.5;12
2024_run_46;2024;MG4Bq4;108;0.771428571;quantized;100.0;13
2024_run_46;2024;MG4Bq6;107;0.764285714;quantized;98.75;14
2024_run_46;2024;MG4Bq8;109;0.778571429;quantized;101.25;15
2024_run_46;2024;MT8Bq4;83;0.592857143;quantized;68.75;16
2024_run_46;2024;MT8Bq6;89;0.635714286;quantized;76.25;17
2024_run_46;2024;MT8Bq8;84;0.6;quantized;70.0;18
2024_run_47;2024;CLA;122;0.871428571;closed;117.5;1
2024_run_47;2024;DPSK;122;0.871428571;closed;117.5;2
2024_run_47;2024;GPT;136;0.971428571;closed;135.0;3
2024_run_47;2024;GROK;131;0.935714286;closed;128.75;4
2024_run_47;2024;MSTRL;115;0.821428571;closed;108.75;5
2024_run_47;2024;QWEN;134;0.957142857;closed;132.5;6
2024_run_47;2024;MG4B;103;0.735714286;open;93.75;7
2024_run_47;2024;MT8B;83;0.592857143;open;68.75;8
2024_run_47;2024;mSTRL3B;89;0.635714286;open;76.25;9
2024_run_47;2024;Q1_7B;75;0.535714286;open;58.75;10
2024_run_47;2024;Q4B;98;0.7;open;87.5;11
2024_run_47;2024;Q8B;114;0.814285714;open;107.5;12
2024_run_47;2024;MG4Bq4;104;0.742857143;quantized;95.0;13
2024_run_47;2024;MG4Bq6;106;0.757142857;quantized;97.5;14
2024_run_47;2024;MG4Bq8;109;0.778571429;quantized;101.25;15
2024_run_47;2024;MT8Bq4;82;0.585714286;quantized;67.5;16
2024_run_47;2024;MT8Bq6;86;0.614285714;quantized;72.5;17
2024_run_47;2024;MT8Bq8;87;0.621428571;quantized;73.75;18
2024_run_48;2024;CLA;124;0.885714286;closed;120.0;1
2024_run_48;2024;DPSK;130;0.928571429;closed;127.5;2
2024_run_48;2024;GPT;136;0.971428571;closed;135.0;3
2024_run_48;2024;GROK;132;0.942857143;closed;130.0;4
2024_run_48;2024;MSTRL;113;0.807142857;closed;106.25;5
2024_run_48;2024;QWEN;134;0.957142857;closed;132.5;6
2024_run_48;2024;MG4B;108;0.771428571;open;100.0;7
2024_run_48;2024;MT8B;86;0.614285714;open;72.5;8
2024_run_48;2024;mSTRL3B;96;0.685714286;open;85.0;9
2024_run_48;2024;Q1_7B;73;0.521428571;open;56.25;10
2024_run_48;2024;Q4B;106;0.757142857;open;97.5;11
2024_run_48;2024;Q8B;112;0.8;open;105.0;12
2024_run_48;2024;MG4Bq4;103;0.735714286;quantized;93.75;13
2024_run_48;2024;MG4Bq6;112;0.8;quantized;105.0;14
2024_run_48;2024;MG4Bq8;104;0.742857143;quantized;95.0;15
2024_run_48;2024;MT8Bq4;84;0.6;quantized;70.0;16
2024_run_48;2024;MT8Bq6;84;0.6;quantized;70.0;17
2024_run_48;2024;MT8Bq8;80;0.571428571;quantized;65.0;18
2024_run_49;2024;CLA;127;0.907142857;closed;123.75;1
2024_run_49;2024;DPSK;128;0.914285714;closed;125.0;2
2024_run_49;2024;GPT;137;0.978571429;closed;136.25;3
2024_run_49;2024;GROK;130;0.928571429;closed;127.5;4
2024_run_49;2024;MSTRL;113;0.807142857;closed;106.25;5
2024_run_49;2024;QWEN;135;0.964285714;closed;133.75;6
2024_run_49;2024;MG4B;105;0.75;open;96.25;7
2024_run_49;2024;MT8B;77;0.55;open;61.25;8
2024_run_49;2024;mSTRL3B;90;0.642857143;open;77.5;9
2024_run_49;2024;Q1_7B;69;0.492857143;open;51.25;10
2024_run_49;2024;Q4B;92;0.657142857;open;80.0;11
2024_run_49;2024;Q8B;114;0.814285714;open;107.5;12
2024_run_49;2024;MG4Bq4;100;0.714285714;quantized;90.0;13
2024_run_49;2024;MG4Bq6;108;0.771428571;quantized;100.0;14
2024_run_49;2024;MG4Bq8;102;0.728571429;quantized;92.5;15
2024_run_49;2024;MT8Bq4;87;0.621428571;quantized;73.75;16
2024_run_49;2024;MT8Bq6;89;0.635714286;quantized;76.25;17
2024_run_49;2024;MT8Bq8;85;0.607142857;quantized;71.25;18
2024_run_50;2024;CLA;125;0.892857143;closed;121.25;1
2024_run_50;2024;DPSK;128;0.914285714;closed;125.0;2
2024_run_50;2024;GPT;135;0.964285714;closed;133.75;3
2024_run_50;2024;GROK;131;0.935714286;closed;128.75;4
2024_run_50;2024;MSTRL;117;0.835714286;closed;111.25;5
2024_run_50;2024;QWEN;134;0.957142857;closed;132.5;6
2024_run_50;2024;MG4B;105;0.75;open;96.25;7
2024_run_50;2024;MT8B;81;0.578571429;open;66.25;8
2024_run_50;2024;mSTRL3B;95;0.678571429;open;83.75;9
2024_run_50;2024;Q1_7B;79;0.564285714;open;63.75;10
2024_run_50;2024;Q4B;96;0.685714286;open;85.0;11
2024_run_50;2024;Q8B;112;0.8;open;105.0;12
2024_run_50;2024;MG4Bq4;103;0.735714286;quantized;93.75;13
2024_run_50;2024;MG4Bq6;100;0.714285714;quantized;90.0;14
2024_run_50;2024;MG4Bq8;105;0.75;quantized;96.25;15
2024_run_50;2024;MT8Bq4;75;0.535714286;quantized;58.75;16
2024_run_50;2024;MT8Bq6;88;0.628571429;quantized;75.0;17
2024_run_50;2024;MT8Bq8;87;0.621428571;quantized;73.75;18
