2020;2021;2022;2023;2024
133.25;133;140;132.5;136
128.75;130;133.5;131.5;131.75
128.75;129.75;131.75;131.5;131.5
128.25;133.25;131.25;130;131.75
127.25;127.75;130;129.75;130.5
127.25;127.5;130;130.25;128
127;127;129.5;128.25;127.25
129.25;127.75;128.75;128;127.25
127.5;127.75;128.75;128.75;128
126.5;126.5;128.5;127.75;126.75
126.25;126.5;128.5;129;126.75
126.5;126.5;127.75;127.5;126.5
125.75;127.25;127.5;127;128.75
125.25;126.25;127.75;127.25;126.5
125.25;126.25;126.75;126.75;126.75
124.75;128.5;126.25;126.75;128.75
124.75;126;126.25;126.5;124.25
124.75;126.75;127.5;127.25;129.5
124.25;126;126.75;126.25;124.5
124;126.25;126.75;125.5;127.75
123.75;125.75;125.75;126.25;124
123.75;125.25;125.75;125.25;124.5
123.75;126;126;125;123
123.75;124.25;125.5;125;127.75
123.75;124.5;125;126.25;123.75
125;124.5;125;125.25;122.5
124;124.5;125;124.5;122.5
123.5;125.25;125.25;125.75;123.75
123.25;123.75;125.25;124.75;122.75
123;123.75;125.25;124.25;121.5
123;123.75;125;124.25;121
123;125;125;129.5;120.25
123;124;125.25;124.5;121
122.75;123.5;124.75;124;120.5
122.75;123.5;124.25;124;125.25
123.5;123.75;124.75;125.75;120.25
123;123.5;123.5;124.25;120
122.5;123.5;124.25;125;119.5
122.5;123.5;123.75;124;119.5
124.25;123.5;123.75;123.5;120.25
122.75;123;123.75;123.5;119.75
122.75;123.75;123.25;123.75;119.25
122.5;123.75;123.25;123.75;119.25
122.5;123.25;123.25;123.75;119.5
122;123.25;123.25;123.75;124.25
122.25;122.75;124;123.75;120.25
121.75;128;124;123.25;120.25
121.75;122.5;123;123.25;118.75
122;122.75;123.75;124;119
121.5;122.75;123.75;124;119
121.5;122.75;122.75;123.5;118.5
122.75;122.75;126;123.5;118.75
121.75;122.25;122.5;123;118.75
121.25;122.25;122.5;124.25;118
121.25;125.5;122.5;123.75;118
121.25;122.5;123.25;122.75;123.25
122.5;122.5;123.25;125;118.75
121;122;122.75;123;118.25
122.25;122;122.25;123;118.25
121.75;123.75;121.75;123;119.5
121.25;123.25;121.75;123;117.5
121.25;123.25;122.5;122.5;117.5
120.75;122.25;122.5;122.5;118.75
121.5;121.75;122;122.5;117.75
121;122.5;121.5;122.75;117.75
121;122;121.5;122.75;122.5
120.5;122.25;121.5;122.25;117.5
120.5;122.25;121.25;122.25;118.75
121.25;121.75;121.25;124.5;118.25
121.25;121.25;121.25;124;118.25
121.25;123;121.25;123.5;117.25
120.25;122.5;121.5;123;117.25
122.5;121;121.25;123;117.25
121;121.25;121.25;122.5;117.25
120.5;121.25;121.25;122.5;117.5
120.5;121.25;121.25;122.5;117.5
120.5;121.25;121.25;122.5;117
120.5;121.25;121;122.5;117
120;120.75;121;122;117.75
120;122;120.5;125.75;116.25
120;122;120.5;123.75;118
121.25;121.5;120.75;122.25;117
120.25;121.5;120.75;122.25;116.5
120.25;121;120.25;121.75;116
119.75;120.5;123;122;121.25
121;120.5;122.5;122;117.25
120.5;120.5;122;122;116.75
120;120.75;120.5;121.5;115.75
119.5;120.75;120;121.5;118.5
119.5;120.25;120;121.5;117
119.5;120.25;120;126.75;115.5
119.5;125.5;120;122.75;115.5
120.25;121.5;120.75;122.75;116.25
120.25;121;120.25;122.25;115.75
119.75;121;120.25;121.75;115.75
119.75;121;119.75;121.75;115.25
119.75;120.5;119.75;121.75;115.25
119.75;120.5;125;121.75;117
119.25;120;121;121.25;116.5
120;121.75;120.5;121.25;116.5
120;121.75;120;122.5;115.5
119.5;121.25;120;122.5;115.5
119.5;120.75;120;122.5;115
119;119.75;120;122;115
119;119.75;120;122;119.25
120.25;119.75;119.5;122;116.75
119.75;124;120.75;122;115.75
119.25;121;120.25;122;114.75
119.25;120.5;120.25;122;114.75
119.25;120;120.25;122;120
119.25;120;119.75;121.5;120
118.75;120;119.75;121;116
118.75;119.5;119.25;121;115.5
118.75;120.75;120.5;122.75;115.5
118.75;120.25;120;121.75;115
120;119.75;120;121.25;114.5
120;119.75;120;121.25;114.5
118.5;119.25;120;121.25;114.5
118.5;124.5;120;121.25;116.25
119.25;120.5;119.5;121.25;115.25
119.25;120.5;119;120.75;115.25
118.75;120.5;120.25;123;115.25
118.75;120;119.75;121.5;115.25
118.75;120;119.75;121.5;114.75
118.25;120;119.75;121;114.75
118.25;119.5;119.25;121;114.75
119;119;118.75;120.5;114.75
119;119;118.75;120.5;114.75
118.5;122.75;118.75;121.75;114.75
118.5;120.75;120.5;121.25;118
118.5;120.25;120;120.75;115.5
118.5;119.75;119;120.75;115
118;119.75;119;120.25;114.5
118;119.25;119;121.5;114.5
119.25;119.25;119;121;114
118.75;119.25;119;121;113
118.75;119.25;119;121;115.75
118.75;118.75;118.75;121;115.25
118.25;118.75;118.25;120.5;115.25
118.25;118.75;123.5;120.5;115.25
118.25;120.5;119;120.5;114.75
117.75;120;119;120;114.25
117.75;119.5;118.5;120;114.25
123;119.5;118.5;120.75;113.75
118.5;119;118.5;120.75;113.75
118.5;119;118.5;120.25;113.75
118;119;118;120.25;113.75
118;119;118;120.25;113.75
118;119;118;120.25;113.75
117.5;119;118;119.75;113.75
117.5;118.5;118;125;113.75
117.5;120.75;118;120.5;116.5
117.5;119.75;119.25;120.5;115
117.5;119.75;118.75;120;115
119.75;119.75;118.25;120;114
119.25;119.25;118.25;120;115.25
118.75;119.25;118.25;120;115.25
118.75;119.25;118.25;120;114.25
118.25;118.75;119;121.25;114.25
117.75;118.75;118.5;120.75;113.75
117.75;118.75;118.5;120.75;113.75
117.75;118.75;118;120.25;113.75
117.25;118.75;118;120.25;113.75
117.25;118.75;117.5;119.75;113.75
119;118.25;117.5;119.75;113.25
118.5;123.5;120.75;119.25;113.25
117.5;120.5;118.75;119.25;113.25
117.5;119.5;118.75;120.5;113.25
117.5;119;118.75;120;118.5
117.5;119;118.75;120;115
117;118.5;118.75;119.5;114
117;118.5;118.75;119;114
118.25;118.5;118.25;119;114
118.25;118;117.75;120.25;114
118.25;118;117.25;120.25;113.5
117.25;118;117.25;120.25;113.5
117.25;123.25;117.25;119.75;113.5
117.25;119.75;117.25;119.75;113.5
117.25;119.25;117.25;119.25;113
117.25;119.25;119;119.25;114.75
116.75;118.75;118.5;119.25;114.75
117.5;118.75;118.5;119.25;114.25
117;118.75;118;119.25;114.25
117;118.25;117.5;119.25;113.75
116.5;118.25;117.5;118.75;113.75
116.5;118.25;117.5;118.75;113.75
116.5;117.75;117.5;118.75;113.75
116.5;117.75;117.5;118.75;113.25
117.25;119.5;117;123;113.25
116.75;119.5;117;120;113.25
116.75;119.5;117;120;113.25
116.25;119.5;117;119.5;112.75
116.25;118.5;118.75;119.5;112.75
116.25;118;117.75;119.5;115
116.25;118;117.25;119;114
116.25;118;117.25;119;114
116.25;117.5;117.25;119;113.5
118;117.5;117.25;119;113.5
117;117.5;116.75;118.5;113
117;117.5;116.75;118.5;113
117;119.25;116.75;120.25;113
116.5;118.25;116.75;119.75;112.5
116.5;118.25;118.5;119.25;112.5
116.5;118.25;118;119.25;112.5
116;118.25;117.5;118.75;117.75
119.75;117.75;117.5;118.75;117.75
118.75;117.75;117;118.75;114.75
117.25;117.75;117;118.25;114.25
116.75;117.75;117;118.25;113.75
116.75;117.25;117;118.25;113.75
116.25;117.25;116.5;118.25;113.25
116.25;119;116.5;120.5;113.25
116.25;119;118.25;120;112.75
116.25;119;117.25;120;112.75
116.25;118;117.25;119.5;112.75
116.25;118;116.75;119.5;112.75
116.25;118;116.75;119;112.25
116.25;118;116.75;119;112.25
116.25;118;116.25;118.5;112.25
116.25;118;116.25;118;114.5
116.25;117.5;116.25;118;114
115.75;117.5;116.25;119.25;113.5
117;117.5;118;119.25;113.5
116.5;117.5;118;119.25;113
116.5;117.5;117;118.75;113
116.5;117.5;116.5;118.75;113
116;117.5;116.5;118.75;112.5
116;117.5;116.5;118.75;112.5
116;117;116;118.25;112.5
116;117;116;117.75;112.5
116;117;117.75;117.75;112.5
115.5;120.75;117.25;119;112.5
116.75;118.75;116.75;119;112
116.25;118.25;116.75;118;113.75
116.25;117.75;116.25;118;113.75
116.25;117.25;116.25;117.5;113.75
116.25;117.25;116.25;117.5;113.25
115.75;116.75;116.25;117.5;113.25
115.75;116.75;115.75;117.5;112.75
115.75;121;115.75;118.75;112.75
115.75;119.5;115.75;118.75;112.75
115.25;119;115.75;118.75;112.25
115.25;118;117;118.25;112.25
115.25;117.5;117;118.25;112.25
115.25;117.5;117;117.75;112.25
115.25;117.5;116.5;117.75;111.75
115.25;117.5;116.5;117.75;111.75
119;117.5;116;117.75;115.5
117.5;117;116;117.75;113.5
116.5;117;116;117.75;113
116.5;117;116;117.25;113
116;117;115.5;118;113
116;117;115.5;117.5;112.5
115.5;117;115.5;117.5;112.5
115.5;117;120.75;117.5;112.5
115.5;117;120.25;117.5;112
115.5;117;116.25;117.5;112
115.5;117;116.25;117.5;111.5
115.5;116.5;116.25;116;111.5
115.5;116.5;116.25;118.75;116.75
115;121.75;115.75;118.25;112.75
115;118.75;115.75;117.75;112.75
115;117.75;115.75;117.75;112.75
115;117.25;115.75;117.75;112.25
115;117.25;115.25;117.25;112.25
115;116.75;117.5;117.25;112.25
115;116.75;116.5;117.25;111.75
115;116.75;116;117.25;111.75
115;116.25;116;117.25;111.25
115;116.25;116;117.25;111.25
115;118;116;117.25;111.25
115;117.5;115.5;116.75;111.25
116.75;117;115.5;116.75;116.5
115.75;117;115.5;116.75;113
115.75;117;115;116.75;111.5
115.25;116.5;115;119;111
115.25;116.5;120.25;118;111
114.75;116;118.75;118;111
114.75;116;117.25;118;116.25
114.75;117.75;116.75;118;113.25
119;117.75;116.25;118;112.25
118;116.75;115.75;117.5;112.25
115.5;116.75;115.75;117;112.25
115;116.75;115.75;117;112.25
115;116.75;115.75;117;112.25
115;116.75;115.75;117;111.75
115;116.75;115.25;116.5;111.75
115;116.25;115.25;121.75;111.75
115;116.25;114.75;119.25;111.25
115;116.25;120;118.25;111.25
115;116.25;117;117.25;111.25
115;116.25;116.5;117.25;111.25
114.5;116.25;116.5;117.25;111.25
114.5;121;115.5;117.25;111.25
114.5;119;115.5;116.75;111.25
114.5;118.5;115;116.75;110.75
114.5;118.5;115;116.75;114
116.25;117.5;115;116.75;111.5
115.75;116.5;115;116.75;111.5
115.25;116.5;115;116.75;111.5
115.25;116.5;114.5;116.25;111.5
115.25;116.5;115.25;116.25;111
114.75;116.5;115.25;116.25;111
114.75;116;115.25;116.25;111
114.25;116;115.25;121.5;111
114.25;116;115.25;118;111
114.25;116;114.75;117;111
114.25;116;114.75;117;111
117;115.5;114.75;117;111
115.5;115.5;114.75;116.5;110.5
115;115.5;114.25;116.5;110.5
115;115.5;114.25;116.5;112.25
114.5;120.75;119.5;116.5;112.25
114;117.75;115.5;116.5;111.75
114;117.25;115.5;116;111.75
114;116.75;115;116.75;111.25
114;116.75;115;116.75;111.25
114;116.25;114.5;116.25;110.75
115.25;116.25;114.5;116.25;110.75
115.25;116.25;114.5;116.25;110.75
115.25;115.75;114.5;116.25;110.25
115.25;115.75;114.5;115.75;110.25
114.75;115.75;114;115.75;110.25
114.75;120.5;114;121;110.25
114.75;119.5;114;121;112
114.75;118.5;114;119.5;112
114.25;118;114;118.5;111.5
114.25;117.5;114;117.5;111.5
114.25;116.5;119.25;117;111.5
114.25;116;119.25;117;111.5
114.25;116;116.75;116.5;111.5
114.25;116;116.75;116.5;111
114.25;115.5;116.25;116;111
114.25;115.5;116.25;116;111
114.25;115.5;115.25;116;110.5
114.25;115.5;115.25;115.5;110.5
113.75;115.5;115.25;115.5;110.5
113.75;115.5;115.25;120.75;110.5
113.75;115.5;115.25;119.25;110
119;115;115.25;117.25;110
115.5;120.25;115.25;116.75;110
115.5;118.25;115.25;116.75;111.25
115;117.75;114.75;116.25;111.25
114.5;117.25;114.75;116.25;110.75
114.5;117.25;114.75;115.75;110.25
114.5;116.75;114.25;115.75;110.25
114;116.75;114.25;115.75;110.25
114;116.75;113.75;115.25;110.25
114;116.75;113.75;115.25;110.25
114;116.25;113.75;115.25;109.75
113.5;116.25;113.75;117.5;109.75
116.75;116.25;119;117.5;115
115.75;115.75;115;117;115
114.75;115.75;115;117;112
114.75;115.75;115;116.5;111.5
114.75;115.75;115;116.5;111.5
114.25;115.75;115;116.5;111
114.25;115.75;114.5;116.5;111
114.25;115.75;114.5;116;111
114.25;115.25;114.5;116;110.5
114.25;115.25;114.5;116;110.5
114.25;115.25;114;116;110.5
113.75;115.25;114;115.5;110
113.75;115.25;114;115.5;109.5
113.75;115.25;113.5;115.5;109.5
113.75;115.25;113.5;115;109.5
113.75;114.75;113.5;115;112.75
113.25;114.75;118.75;118.25;111.25
113.25;114.75;118.75;116.25;111.25
113.25;116;116.25;116.25;111.25
113.25;115.5;115.25;116.25;111.25
113.25;115.5;115.25;115.75;110.75
115;115.5;114.75;115.25;110.75
114;115.5;114.75;115.25;110.25
114;115.5;114.75;115.25;109.75
114;115;114.25;114.75;109.75
114;115;114.25;114.75;109.75
114;115;114.25;114.75;109.25
114;115;114.25;114.75;109.25
114;115;114.25;114.75;114.5
114;115;113.75;114.75;111.5
114;115;113.75;114.75;111
114;114.5;113.75;120;110.5
114;114.5;113.75;116.5;110.5
114;114.5;113.75;116;110.5
114;118.75;113.25;116;110.5
114;117.25;113.25;116;110.5
113.5;115.75;118.5;115.5;110.5
113.5;115.75;117;115.5;110
113.5;115.75;115.5;115.5;110
113.5;115.25;115;115.5;110
113.5;115.25;115;115;110
113.5;115.25;114.5;115;110
113;114.75;114.5;115;110
113;114.75;113.5;115;109.5
113;114.75;113.5;115;109.5
113;114.25;113.5;114.5;109.5
113;114.25;113.5;114.5;109.5
113;116;113.5;114.5;109.5
114.75;115.5;113;117.25;109.5
114.25;115.5;117;117.25;109.5
113.75;115.5;117;116.25;109.5
113.25;115.5;115;116.25;109.5
113.25;115.5;113.5;115.75;109
113.25;115;113.5;115.75;109
113.25;115;113;115.75;114.25
113.25;115;113;115.25;114.25
113.25;115;113;115.25;112.75
113.25;115;113;115.25;112.25
112.75;115;113;115.25;111.75
112.75;115;113;115.25;111.75
112.75;115;112.5;115.25;110.25
112.75;115;112.5;115.25;110.25
114;114.5;112.5;114.75;109.75
114;114.5;112;114.75;109.75
114;114.5;112;114.75;109.75
114;114.5;112;114.75;109.75
113.5;114;112;114.75;109.25
113.5;114;112;114.25;109.25
113;113;112;114.25;109.25
113;119.25;112;114.25;109.25
113;119.25;112;119.5;108.75
112.5;119.25;111.5;118.5;114
112.5;115.75;111.5;117;110.5
112.5;115.25;111.5;117;110.5
112.5;114.75;114.75;116.5;110
112.5;114.75;114.25;115.5;110
114.75;114.75;112.75;115.5;110
113.75;114.75;112.25;115.5;110
113.75;114.25;112.25;115.5;110
113.75;114.25;111.75;115;110
113.25;114.25;111.75;115;110
113.25;114.25;111.75;115;109.5
113.25;114.25;111.75;115;109.5
112.75;114.25;111.25;115;109.5
112.75;114.25;111.25;115;109
112.75;114.25;111.25;114.5;109
112.75;114.25;111.25;114.5;109
112.75;114.25;111.25;114.5;109
112.75;113.75;110.75;114.5;109
112.75;113.75;116.5;114.5;109
112.75;113.75;116.5;114.5;109
112.75;113.75;113.5;114.5;108.5
112.75;113.75;112.5;114.5;110.75
112.75;113.75;112.5;114;110.25
113.5;119;112.5;114;109.75
113;119;112.5;114;109.25
113;115.5;112.5;114;109.25
113;115.5;112.5;119.25;109.25
113;115;112.5;117.25;109.25
112.5;115;112;115.25;109.25
112.5;115;112;115.25;109.25
112.5;114.5;112;115.25;109.25
112.5;114.5;112;115.25;108.75
112.5;114;112;114.75;108.75
112.5;114;111.5;114.75;108.75
112.5;114;111;114.75;108.75
112;113.5;111;114.75;108.75
112;118.75;111;114.75;108.75
112;116.25;111;114.25;108.75
112;115.25;111;114.25;108.75
112;115.25;116.25;114.25;108.75
116.75;115.25;116.25;114.25;108.75
113.75;114.75;113.75;114.25;111.5
113.75;114.75;113.25;114.25;110
113.25;114.75;112.75;114.25;110
112.75;114.25;112.75;114.25;109
112.75;114.25;112.25;113.75;109
112.75;114.25;112.25;119;109
112.75;114.25;111.75;116;108.5
112.75;114.25;111.75;115.5;108.5
112.25;114.25;111.75;115;108
112.25;114.25;111.75;115;108
111.75;114.25;111.75;115;108
111.75;114.25;111.75;115;108
111.75;113.75;111.25;114.5;113.25
113;113.75;111.25;114.5;113.25
113;113.75;111.25;114.5;113.25
113;113.25;111.25;114.5;113.25
113;115;111.25;114;110.25
112.5;115;111.25;114;110.25
112.5;115;110.75;114;109.75
112.5;115;110.75;114;109.75
112.5;114.5;110.75;113.5;109.75
112.5;114.5;116;113.5;109.25
112.5;114.5;116;113.5;109.25
112;114.5;116;113.5;109.25
112;114;114.5;113.5;108.75
111.5;114;113;118.75;108.75
111.5;113.5;113;118.75;108.75
111.5;113;113;118.75;108.75
111.5;113;113;117.75;108.75
113.75;113;112.5;115.75;108.25
112.75;113;112.5;115.25;107.75
112.25;113;112.5;115.25;107.75
112.25;113;112.5;114.75;107.75
112.25;115.75;112;114.25;107.75
111.75;114.75;112;114.25;111.5
111.75;114.75;112;113.75;110
111.75;113.75;111.5;113.75;109.5
111.75;113.75;111.5;113.75;109.5
111.75;113.75;111;113.75;109
111.75;113.75;111;113.75;109
111.75;113.75;111;113.75;109
111.75;113.75;111;113.75;109
111.75;113.75;110.5;113.75;109
111.75;113.25;115.75;113.25;109
111.25;113.25;115.75;113.25;108.5
111.25;113.25;113.75;113.25;108.5
113;112.75;113.25;113.25;108.5
113;114.5;112.25;113.25;108
112.5;114.5;112.25;113.25;108
112.5;114.5;112.25;113.25;108
112.5;114.5;111.25;118.5;108
112.5;114;111.25;118.5;107.5
112.5;114;111.25;115.5;107.5
112;114;111.25;115;107.5
112;113.5;111.25;115;110.25
111.5;113.5;111.25;115;110.25
111.5;113.5;111.25;114.5;109.75
111.5;113.5;111.25;114.5;109.25
111.5;113.5;110.75;114;109.25
111.5;113.5;110.75;114;108.75
111.5;113.5;110.75;114;108.75
111;113.5;110.75;114;108.75
111;113;110.75;113.5;107.75
111;113;110.75;113.5;107.75
111;113;110.25;113.5;107.75
111;113;110.25;113.5;107.75
113.25;113;110.25;113.5;107.25
112.75;112.5;112.5;113.5;107.25
112.25;112.5;112;113.5;107.25
112.25;112.5;111.5;113.5;109.5
112.25;112.5;111.5;113.5;109.5
111.75;112.5;111.5;113;109
111.75;115.25;111.5;113;109
111.75;114.25;111.5;114.75;108.5
111.75;114.25;111;114.75;108.5
111.75;114.25;111;114.75;108.5
111.75;113.75;111;114.25;108.5
111.75;113.75;111;114.25;108
111.75;113.75;110.5;114.25;108
111.25;113.75;110.5;114.25;108
111.25;113.75;110.5;113.75;107.5
111.25;113.25;110.5;113.75;107.5
111.25;113.25;110.5;113.75;107.5
111.25;113.25;110.5;113.75;107.5
111.25;113.25;110.5;113.75;107
111.25;112.75;110.5;113.75;111.25
111.25;112.75;110;113.75;110.25
111.25;112.75;110;113.25;109.75
111.25;112.75;110;113.25;109.25
111.25;112.75;110;113.25;108.75
111.25;112.75;110;113.25;108.75
111.25;112.75;110;113.25;108.25
111.25;112.75;115.25;113.25;108.25
110.75;112.75;112.75;113.25;108.25
110.75;112.25;111.75;112.75;107.75
110.75;112.25;111.75;112.75;107.75
110.75;112.25;111.25;112.75;107.25
110.75;117.5;111.25;112.75;107.25
110.75;114.5;110.75;112.75;107.25
112.5;114.5;110.75;118;107.25
112;113.5;110.75;118;107.25
112;113.5;110.75;116.5;107.25
111.5;113.5;110.75;116;106.75
111.5;113.5;110.75;114.5;106.75
111.5;113.5;110.75;114;106.75
111.5;113;110.25;114;112
111;113;110.25;113.5;112
111;113;110.25;113.5;108.5
111;113;110.25;113.5;108
111;113;109.75;113.5;108
111;113;115;113;108
111;113;115;113;108
110.5;113;112.5;113;107.5
110.5;113;112.5;113;107.5
113.25;112.5;112;113;107.5
112.75;112.5;112;113;107.5
112.75;112.5;112;113;107.5
112.25;112.5;111.5;112.5;107.5
112.25;112.5;111;112.5;107
111.75;112.5;111;112.5;107
111.75;112.5;111;112.5;107
111.25;112.5;111;117.75;107
111.25;112.5;110.5;117.75;106.5
111.25;112.5;110.5;117.75;111.75
111.25;112.5;110.5;116.75;111.75
111.25;112;110;115.25;109.75
111.25;112;110;115.25;109.25
111.25;112;110;114.25;109.25
110.75;113.75;110;114.25;108.75
110.75;113.75;109.5;114.25;108.25
110.75;113.75;109.5;114.25;108.25
110.75;113.75;109.5;113.25;108.25
110.75;113.75;114.75;113.25;107.75
110.75;113.25;114.75;113.25;107.75
110.75;113.25;112.25;113.25;107.75
110.75;113.25;112.25;113.25;107.75
110.25;113.25;111.25;113.25;107.75
110.25;113.25;111.25;113.25;107.75
110.25;113.25;111.25;112.75;107.25
110.25;113.25;111.25;112.75;107.25
110.25;113.25;110.75;112.75;107.25
110.25;112.75;110.75;112.75;107.25
112;112.75;110.75;112.25;106.75
111.5;112.75;110.75;117.5;106.75
111.5;112.25;110.75;117.5;106.75
111.5;112.25;110.75;117.5;106.75
111.5;112.25;110.75;117.5;106.75
111.5;112.25;110.75;117.5;106.25
111.5;112.25;110.25;115;106.25
111;112.25;110.25;114.5;106.25
111;111.75;110.25;114;106.25
111;111.75;110.25;114;106.25
111;111.75;109.75;114;106.25
110.5;111.75;109.75;113.5;111.5
110.5;111.75;109.75;113;109.5
110.5;114;109.75;113;109
110.5;114;109.25;113;109
110.5;113.5;114.5;113;108
110.5;113.5;112;113;108
110.5;113;112;113;107.5
110.5;113;111;112.5;107.5
110.5;113;111;112.5;107.5
110;113;110.5;112.5;107.5
110;112.5;110.5;112.5;107
110;112.5;110.5;112.5;107
110;112;110.5;112.5;107
110;112;110.5;112;106.5
110;111.5;110.5;112;106.5
110;111.5;110;112;106.5
112.75;111.5;110;117.25;106
111.25;111.5;110;117.25;106
111.25;114.25;110;117.25;111.25
110.75;113.75;110;115.75;108.25
110.75;113.25;110;115.75;107.75
110.75;113.25;109.5;114.25;107.25
110.25;113.25;109.5;113.75;107.25
110.25;113.25;109.5;113.75;106.75
110.25;112.75;109.5;113.25;106.75
110.25;112.75;109.5;113.25;106.75
110.25;112.75;109;113.25;106.75
110.25;112.75;114.25;113.25;106.25
110.25;112.25;111.75;113.25;106.25
110.25;112.25;111.25;112.75;106.25
110.25;112.25;110.75;112.75;106.25
110.25;112.25;110.75;112.75;106.25
110.25;111.75;110.75;112.25;106.25
109.75;111.75;110.25;112.25;106.25
109.75;111.75;110.25;111.75;106.25
109.75;111.75;109.75;111.75;106.25
109.75;111.75;109.75;110.25;105.75
109.75;111.75;109.75;117;105.75
113.5;111.75;109.75;114;105.75
112.5;111.75;109.25;113.5;105.75
112;116.5;109.25;113.5;105.75
111;114;109.25;113.5;105.75
111;113.5;109.25;113.5;105.75
110.5;113;108.75;113.5;111
110.5;113;108.75;113.5;108
110;112.5;108.75;113.5;108
110;112.5;114;113;107.5
110;112.5;114;113;107
110;112.5;114;113;106.5
110;112.5;114;113;106.5
110;112;113;113;106.5
110;112;111.5;113;106.5
110;112;111.5;112.5;106.5
110;112;111.5;112.5;106
110;111.5;110.5;112.5;106
109.5;111.5;110.5;112.5;106
109.5;111.5;110.5;112.5;106
109.5;111.5;110.5;112.5;106
109.5;111;110.5;112;106
109.5;111;110;112;106
109.5;111;110;112;105.5
109.5;116.25;110;112;110.75
114.75;116.25;109.5;112;110.75
111.25;113.75;109.5;112;108.25
110.75;113.25;109.5;112;107.75
110.75;112.75;109.5;111.5;107.75
110.75;112.25;109.5;111.5;107.75
110.75;112.25;109.5;111.5;106.75
110.75;112.25;109.5;116.25;106.75
110.75;112.25;109.5;114.25;106.75
110.75;111.75;109.5;113.75;106.75
110.75;111.75;109;113.75;106.75
110.25;111.75;109;113.25;106.25
110.25;111.75;109;113.25;106.25
110.25;111.25;109;113.25;106.25
110.25;111.25;108.5;113.25;106.25
109.75;111.25;108.5;112.75;105.75
109.75;111.25;108.5;112.75;105.75
109.75;110.75;113.75;112.75;105.75
109.75;110.75;113.75;112.75;105.25
109.75;110.75;111.25;112.75;105.25
109.75;110.75;110.25;112.75;110.5
109.75;116;109.75;112.75;110.5
109.25;116;109.75;112.75;110
109.25;115;109.75;112.75;109
109.25;113;109.75;112.25;108
109.25;112.5;109.75;112.25;108
109.25;112.5;109.25;112.25;107.5
111;112;109.25;112.25;107.5
111;112;109.25;112.25;107.5
111;112;109.25;112.25;107
110.5;112;109.25;112.25;107
110.5;112;109.25;112.25;106.5
110.5;111.5;109.25;111.75;106.5
110.5;111.5;109.25;111.75;106.5
110;111.5;108.75;111.75;106.5
110;111.5;108.75;111.75;106.5
110;111.5;108.75;111.75;106.5
110;111.5;108.25;111.75;106.5
110;111.5;108.25;111.75;106
110;111;108.25;111.25;106
110;111;113.5;111.25;106
110;111;113.5;116.5;106
110;110.5;111.5;116.5;106
110;110.5;110.5;116.5;105.5
110;110.5;110.5;116.5;105.5
110;110.5;110;116;105.5
109.5;110.5;110;113.5;105.5
109.5;110.5;110;113;105.5
109.5;110.5;110;113;105
109.5;113.75;110;112.5;110.25
109.5;113.75;109.5;112.5;110.25
109.5;113.25;109.5;112.5;107.75
109.5;113.25;109.5;112.5;107.75
109.5;112.75;109.5;112.5;106.75
109;112.75;109.5;112.5;106.75
109;112.25;109.5;112.5;106.75
109;112.25;109;112;106.25
109;111.75;109;112;106.25
109;111.75;109;112;106.25
109;111.75;109;112;106.25
110.25;111.25;109;112;106.25
110.25;111.25;109;112;106.25
110.25;111.25;109;112;106.25
110.25;111.25;108.5;111.5;106.25
110.25;110.75;108.5;111.5;106.25
110.25;110.75;108.5;111.5;105.75
110.25;110.75;108.5;111.5;105.75
109.75;110.75;108.5;111.5;105.75
109.75;110.75;108;111.5;105.75
109.75;110.25;108;111;105.25
109.25;110.25;113.25;111;105.25
109.25;110.25;111.25;111;105.25
109.25;110.25;110.25;116.25;105.25
109.25;115.5;110.25;116.25;105.25
109.25;114.5;109.75;116.25;105.25
109.25;114;109.25;113.75;105.25
109.25;113;109.25;113.25;104.75
108.75;112.5;109.25;112.75;104.75
108.75;112;109.25;112.75;104.75
108.75;112;109.25;112.25;104.75
108.75;112;109.25;112.25;104.75
108.75;112;109.25;112.25;110
108.75;111.5;108.75;112.25;110
110.5;111.5;108.75;111.75;109
110.5;111.5;108.75;111.75;107.5
110;111.5;108.75;111.75;107
110;111;108.75;111.75;107
110;111;108.75;111.75;107
110;111;108.75;111.75;106.5
110;111;108.75;111.75;106.5
110;110.5;108.75;111.75;106
110;110.5;108.75;111.75;106
109.5;110.5;108.25;111.75;105.5
109.5;110.5;108.25;111.75;105.5
109.5;110.5;108.25;111.25;105.5
109;110.5;108.25;111.25;105.5
109;110;108.25;111.25;105.5
109;110;107.75;111.25;105.5
109;110;107.75;111.25;105.5
109;115.25;107.75;116;105.5
109;115.25;107.75;114;105.5
109;115.25;107.75;113;105
109;112.75;109.5;113;105
109;112.25;109.5;113;105
109;112.25;109.5;112.5;105
109;112.25;109.5;112.5;105
109;112.25;109;112.5;105
108.5;112.25;109;112.5;105
108.5;111.75;109;112;105
108.5;111.75;109;112;105
108.5;111.75;109;112;104.5
110.75;111.75;109;112;104.5
110.75;111.25;109;112;104.5
110.25;111.25;109;112;109.75
109.75;111.25;109;112;109.75
109.75;111.25;109;112;108.25
109.75;111.25;109;111.5;107.25
109.75;111.25;108.5;111.5;106.75
109.75;111.25;108.5;111.5;106.25
109.75;111.25;108.5;111.5;106.25
109.75;111.25;108.5;111.5;106.25
109.25;110.75;108;111;105.75
109.25;110.75;108;111;105.75
109.25;110.75;108;111;105.75
109.25;110.75;108;110.5;105.75
109.25;110.75;108;110.5;105.75
108.75;110.75;112.75;110.5;105.25
108.75;110.75;112.75;110.5;105.25
108.75;110.75;112.75;110.5;105.25
108.75;110.25;110.75;115.75;105.25
108.75;110.25;110.25;115.75;105.25
108.75;109.75;110.25;113.75;104.75
108.75;109.75;109.75;113.25;104.75
108.75;109.75;109.75;112.75;104.75
108.75;115;109.25;112.25;104.75
108.75;115;109.25;112.25;104.25
108.75;112.5;109.25;112.25;104.25
108.25;112.5;109.25;111.75;109.5
108.25;111.5;109.25;111.75;107.5
108.25;111.5;109.25;111.75;107
108.25;111.5;109.25;111.75;106.5
108.25;111;109.25;111.75;106.5
108.25;111;108.75;111.75;106
110.5;111;108.75;111.75;106
110;111;108.75;111.25;106
109.5;111;108.75;111.25;106
109.5;111;108.75;111.25;105.5
109.5;111;108.75;111.25;105.5
109.5;110.5;108.75;111.25;105.5
109;110.5;108.25;111.25;105.5
109;110.5;108.25;111.25;105.5
109;110.5;108.25;111.25;105
109;110.5;108.25;111.25;105
109;110.5;108.25;111.25;105
109;110.5;108.25;110.75;105
109;110.5;107.75;110.75;105
109;110.5;107.75;110.75;105
108.5;110;107.75;110.75;105
108.5;110;107.75;110.75;104.5
108.5;110;107.25;110.75;104.5
108.5;110;107.25;110.25;104.5
108.5;110;112.5;110.25;104.5
108;110;112;110.25;104.5
108;110;110.5;112.5;104.5
108;110;110;112.5;104.5
110.75;110;110;112.5;104
109.75;109.5;109.5;112.5;104
109.25;109.5;109;112;109.25
109.25;109.5;109;112;109.25
109.25;109.5;109;111.5;109.25
108.75;109;108.5;111.5;109.25
108.75;114.75;108.5;111.5;106.75
108.75;113.25;108.5;111.5;105.75
108.75;113.25;108.5;111;105.75
108.75;112.75;108;111;105.25
108.75;111.75;108;111;105.25
108.75;111.75;108;111;105.25
108.75;111.75;108;111;105.25
108.75;111.75;108;111;105.25
108.75;111.25;108;111;104.75
108.75;110.75;108;110.5;104.75
108.75;110.75;108;110.5;104.75
108.25;110.75;108;110.5;104.75
108.25;110.75;107.5;110.5;104.75
108.25;110.25;107.5;110.5;104.25
108.25;110.25;107.5;110.5;104.25
108.25;110.25;107.5;110.5;104.25
108.25;110.25;107.5;110.5;104.25
108.25;110.25;107.5;110.5;104.25
108.25;110.25;107.5;110;104.25
108.25;110.25;107.5;115.25;104.25
108.25;110.25;107.5;115.25;104.25
107.75;109.75;107;113.75;103.75
107.75;109.75;107;112.25;103.75
107.75;109.75;108.75;112.25;103.75
107.75;109.75;108.75;111.75;103.75
107.75;109.75;108.25;111.75;103.75
110.5;109.75;108.25;111.75;103.75
110.5;109.25;108.25;111.25;109
110;109.25;108.25;111.25;106
110;114.5;108.25;111.25;106
109.5;114.5;108.25;111.25;105.5
109;112.5;108.25;110.75;105.5
109;112;108.25;110.75;105.5
109;111;107.75;110.75;105.5
109;111;107.75;110.75;105
109;111;107.75;110.75;105
108.5;110.5;107.75;110.75;105
108.5;110.5;107.75;110.75;105
108.5;110.5;107.75;110.75;104.5
108.5;110.5;107.75;110.75;104.5
108.5;110;107.75;110.75;104.5
108.5;110;107.25;110.75;104.5
108;110;106.75;110.75;104.5
108;110;106.75;110.25;104
108;110;106.75;110.25;104
108;110;106.75;110.25;104
108;110;112;110.25;104
108;110;112;110.25;104
108;110;111;110.25;104
108;110;110;109.75;103.5
107.5;109.5;109;109.75;103.5
107.5;109.5;109;109.75;103.5
107.5;109.5;108;109.75;108.75
107.5;109.5;108;109.75;108.75
107.5;109.5;108;115;107.25
111.25;109.5;107.5;114;105.75
108.75;109;107.5;114;105.75
108.75;109;107.5;112.5;105.25
108.75;109;107.5;112;104.75
108.75;114.25;107.5;112;104.75
108.75;113.25;107.5;112;104.75
108.75;112.75;107.5;111.5;104.75
108.75;112.25;107;111.5;104.75
108.75;111.25;107;111.5;104.25
108.75;111.25;107;111.5;104.25
108.75;110.25;107;111.5;104.25
108.25;110.25;107;111;104.25
108.25;110.25;106.5;111;103.75
108.25;110.25;106.5;111;103.75
108.25;110.25;106.5;111;103.75
108.25;109.75;106.5;111;103.75
108.25;109.75;111.75;111;103.75
108.25;109.75;111.75;111;103.75
108.25;109.75;111.75;111;103.25
108.25;109.75;108.75;111;103.25
108.25;109.75;108.25;111;108.5
108.25;109.75;108.25;110.5;107
108.25;109.75;108.25;110.5;106.5
108.25;109.25;108.25;110.5;106
107.75;109.25;108.25;110.5;106
107.75;109.25;107.75;110.5;105
107.75;109.25;107.25;110.5;104.5
107.75;109.25;107.25;110.5;104.5
107.75;108.75;107.25;110.5;104.5
107.75;108.75;107.25;110.5;104.5
107.75;108.75;107.25;110.5;104.5
107.75;114;106.75;110.5;104.5
107.75;114;106.75;110;104.5
107.75;112.5;106.75;110;104
107.25;111;106.75;110;104
107.25;110.5;106.75;110;104
107.25;110.5;106.75;110;104
109.5;110.5;106.75;110;104
109.5;110.5;106.75;110;104
109.5;110.5;106.25;109.5;103.5
109;110.5;106.25;109.5;103.5
109;110.5;111.5;112.75;103.5
108.5;110;111.5;112.25;103.5
108.5;110;110.5;111.75;103.5
108.5;110;110;111.75;103.5
108.5;110;109;111.75;103.5
108.5;110;108.5;111.25;103.5
108;110;108;110.75;103.5
108;110;108;110.75;103
108;110;108;110.75;103
108;110;108;110.25;103
108;110;108;110.25;108.25
108;109.5;108;110.25;107.25
108;109.5;107.5;110.25;106.75
108;109.5;107.5;110.25;105.25
108;109.5;107.5;110.25;105.25
108;109.5;107.5;110.25;104.75
108;109.5;107.5;109.75;104.75
107.5;109;107.5;109.75;104.25
107.5;108.5;107.5;109.75;104.25
107.5;108.5;107.5;109.75;104.25
107.5;108.5;107;109.75;104.25
107.5;113.75;107;109.75;103.75
107.5;111.75;107;114.5;103.75
107.5;110.25;107;114.5;103.75
107.5;110.25;107;114.5;103.75
107.5;110.25;107;114.5;103.75
107.5;110.25;107;112.5;103.75
107.5;110.25;107;112.5;103.75
107.5;109.75;106.5;112;103.25
107;109.75;106.5;112;103.25
107;109.25;106.5;111;103.25
107;109.25;106.5;111;103.25
111.75;109.25;106.5;111;103.25
109.75;109.25;106.5;110.5;102.75
109.75;109.25;106;110.5;102.75
109.25;109.25;106;110.5;102.75
108.75;109.25;106;110.5;102.75
108.75;108.75;111.25;110.5;102.75
108.75;108.75;111.25;110.5;108
108.75;108.75;111.25;110.5;108
108.75;108.75;111.25;110;108
108.75;108.25;111.25;110;107
108.25;113.5;111.25;110;106
108.25;113.5;111.25;110;105
108.25;112.5;110.25;110;105
108.25;111;108.75;109.5;104.5
108.25;110.5;108.25;109.5;104
108.25;110.5;107.75;109.5;104
108.25;110;107.75;109.5;104
108.25;110;107.25;109.5;103.5
107.75;110;107.25;109;103.5
107.75;110;107.25;109;103.5
107.75;109.5;107.25;114.25;103.5
107.75;109.5;107.25;114.25;103.5
107.75;109.5;107.25;113.75;103.5
107.75;109.5;106.75;111.25;103.5
107.25;109;106.75;111.25;103
107.25;109;106.75;110.75;103
107.25;109;106.75;110.75;103
107.25;108.5;106.75;110.25;103
107.25;108.5;106.75;110.25;103
107.25;108.5;106.75;110.25;103
107.25;108.5;106.75;110.25;102.5
106.75;108.5;106.25;110.25;107.75
106.75;108.5;106.25;110.25;107.75
106.75;108;105.75;110.25;107.75
106.75;108;105.75;109.75;107.75
111;108;105.75;109.75;105.75
109.5;108;105.75;109.75;105.25
109;113.25;110;109.75;104.25
108.5;111.25;109;109.75;104.25
108.5;111.25;108;109.75;104.25
108.5;111.25;108;109.75;103.75
108.5;111.25;107.5;109.75;103.75
108;110.25;107.5;109.75;103.75
108;109.75;107.5;109.75;103.75
108;109.75;107.5;109.75;103.75
107.5;109.75;107.5;109.75;103.75
107.5;109.25;107.5;109.75;103.75
107.5;109.25;107;109.25;103.75
107.5;109.25;107;109.25;103.75
107.5;109.25;107;109.25;103.25
107.5;109.25;107;109.25;103.25
107.5;109.25;107;109.25;103.25
107.5;109.25;107;109.25;103.25
107.5;109.25;107;114;103.25
107.5;109.25;107;114;103.25
107.5;109.25;106.5;112.5;103.25
107;109.25;106.5;111.5;103.25
107;109.25;106.5;111;103.25
107;109.25;106.5;111;103.25
107;108.75;106.5;111;103.25
107;108.75;106.5;110.5;102.75
107;108.75;106;110.5;102.75
107;108.75;106;110.5;102.75
106.5;108.75;106;110.5;102.75
106.5;108.75;106;110.5;102.75
106.5;108.75;105.5;110;102.25
106.5;108.25;105.5;110;107.5
110.25;108.25;110.75;110;107.5
109.25;108.25;110.75;110;107.5
108.75;107.75;110.75;110;105.5
108.25;113;109.75;110;105
108.25;111.5;109.25;109.5;105
108.25;110.5;108.75;109.5;105
108.25;110;108.75;109.5;105
107.75;110;108.25;109.5;104.5
107.75;109.5;107.75;109.5;104
107.75;109.5;107.75;109.5;103.5
107.75;109.5;107.75;109.5;103.5
107.25;109;107.25;109.5;103.5
107.25;109;107.25;109;103.5
107.25;109;107.25;109;103.5
107.25;109;107.25;109;103
107.25;109;106.75;109;103
107.25;109;106.75;109;102.5
107.25;109;106.25;109;102.5
107.25;109;106.25;109;102.5
107.25;109;106.25;109;102.5
107.25;108.5;106.25;109;102.5
107.25;108.5;106.25;109;102.5
106.75;108.5;106.25;108.5;102.5
106.75;108.5;106.25;113.75;102.5
106.75;108.5;106.25;113.75;102.5
106.75;108;106.25;113.75;102.5
106.75;108;106.25;112.25;102.5
106.75;108;105.75;111.75;102.5
106.75;107.5;105.75;110.75;102.5
106.75;107.5;105.75;110.75;102.5
106.75;107.5;105.75;110.75;102
106.25;107.5;105.75;110.25;102
106.25;107.5;105.25;110.25;107.25
106.25;112.75;105.25;110.25;106.75
110;112.75;110.5;110.25;105.75
109.5;111.75;110;110.25;103.75
109;110.75;109.5;109.75;103.75
108.5;110.25;108.5;109.75;103.75
108;109.75;108.5;109.75;103.75
107.5;109.75;108;109.75;103.75
107.5;109.75;107.5;109.75;103.75
107.5;109.25;107;109.75;103.75
107.5;109.25;107;109.25;103.75
107.5;108.75;107;109.25;103.75
107.5;108.75;107;109.25;103.75
107;108.75;107;109.25;103.75
107;108.75;107;109.25;103.25
107;108.75;106.5;109.25;103.25
107;108.75;106.5;109.25;103.25
107;108.25;106.5;109.25;102.75
107;108.25;106;108.75;102.75
107;108.25;106;108.75;102.75
106.5;108.25;106;108.75;102.75
106.5;108.25;106;108.75;102.75
106.5;108.25;105.5;108.75;102.75
106.5;108.25;105.5;108.75;102.75
106.5;108.25;105.5;108.75;102.75
106;108.25;105.5;108.75;102.25
106;108.25;105.5;108.75;102.25
106;108.25;105.5;108.75;102.25
111.25;108.25;105.5;108.75;102.25
111.25;107.75;105;108.75;102.25
108.75;107.75;105;108.25;102.25
107.75;107.75;105;108.25;102.25
107.75;107.75;105;108.25;102.25
107.25;107.75;110.25;108.25;102.25
107.25;107.75;110.25;108.25;102.25
107.25;107.75;110.25;108.25;101.75
107.25;111.5;108.75;108.25;107
107.25;111.5;108.25;113.5;107
107.25;110;107.25;113.5;107
107.25;110;107.25;112;105.5
107.25;109;106.75;111.5;105.5
107.25;109;106.75;111;105
106.75;109;106.75;111;104.5
106.75;109;106.75;110.5;104.5
106.75;108.5;106.75;110;104
106.75;108.5;106.75;110;104
106.75;108.5;106.25;110;104
106.75;108.5;106.25;110;104
106.75;108.5;106.25;109.5;104
106.75;108;106.25;109.5;103.5
106.25;108;106.25;109.5;103.5
106.25;108;106.25;109.5;103
106.25;108;106.25;109;103
106.25;108;106.25;109;103
106.25;108;106.25;109;103
106.25;108;106.25;109;103
106.25;107.5;105.75;109;102.5
106.25;107.5;105.75;109;102.5
106.25;107.5;105.75;109;102.5
106.25;107.5;105.75;109;102.5
106.25;107.5;105.75;109;102.5
105.75;107;105.75;109;102.5
105.75;107;105.75;108.5;102.5
105.75;110.75;105.75;108.5;102
105.75;110.25;105.75;108.5;102
105.75;109.75;105.25;108.5;102
105.75;109.25;104.75;108.5;102
105.75;109.25;104.75;108.5;102
109;108.75;110;108;102
108.5;108.75;110;108;102
107.5;108.75;110;113.25;101.5
107.5;108.75;110;113.25;101.5
107.5;108.25;108.5;113.25;101.5
107;108.25;107.5;112.75;101.5
107;108.25;107;111.75;106.75
107;108.25;107;110.75;105.75
107;108.25;106.5;110.25;105.25
107;108.25;106.5;109.75;104.25
107;108.25;106;109.75;104.25
106.5;107.75;106;109.75;103.75
106.5;107.75;106;109.25;103.75
106.5;107.75;106;109.25;103.75
106.5;107.75;105.5;109.25;103.75
106.5;107.25;105.5;109.25;103.25
106.5;107.25;105.5;109.25;103.25
106.5;107.25;105.5;109.25;103.25
106.5;107.25;105.5;108.75;103.25
106.5;107.25;105.5;108.75;102.75
106;107.25;105;108.75;102.75
106;107.25;105;108.75;102.75
106;107.25;105;108.75;102.75
106;106.75;105;108.25;102.75
106;106.75;105;108.25;102.75
106;112;105;108.25;102.75
106;112;105;108.25;102.75
106;111;105;108.25;102.25
106;110;105;108.25;102.25
105.5;109;105;108.25;101.75
105.5;109;105;108.25;101.75
105.5;109;109.75;107.75;101.75
105.5;108.5;109.75;107.75;101.75
105.5;108.5;109.75;107.75;101.75
105.5;108;109.25;113;101.75
105.5;108;106.25;113;101.75
108.75;108;106.25;111.5;101.25
108.75;108;106.25;111;106.5
108.25;108;106.25;111;106.5
107.75;107.5;106.25;110;105
107.75;107.5;106.25;110;105
107.75;107.5;105.75;110;104
107.25;107;105.75;110;104
107.25;106.5;105.75;110;103
106.75;106.5;105.75;109.5;103
106.75;111.75;105.75;109;102.5
106.75;111.75;105.25;109;102.5
106.75;111.75;105.25;109;102.5
106.75;110.25;105.25;108.5;102.5
106.75;109.25;105.25;108.5;102.5
106.25;109.25;105.25;108;102.5
106.25;108.75;104.75;108;102.5
106.25;108.75;104.75;108;102.5
106.25;108.75;104.75;108;102.5
106.25;108.25;104.75;108;102.5
106.25;108.25;104.75;108;102
106.25;108.25;104.75;107.5;102
106.25;108.25;104.75;107.5;102
106.25;108.25;104.75;107.5;102
106.25;108.25;104.25;107.5;102
106.25;107.75;104.25;107.5;102
105.75;107.75;104.25;112.75;102
105.75;107.75;109.5;111.25;101.5
105.75;107.75;109.5;111.25;101.5
105.75;107.25;109.5;110.75;101.5
105.75;107.25;109.5;110.25;101.5
105.75;107.25;109.5;109.25;101.5
105.75;107.25;109.5;109.25;101.5
105.75;107.25;109.5;108.75;101.5
105.75;107.25;107.5;108.75;101
105.75;107.25;107.5;108.75;101
105.75;107.25;107;108.75;101
105.75;107.25;107;108.75;101
105.75;107.25;106.5;108.75;101
105.25;107.25;106.5;108.75;106.25
105.25;107.25;106;108.75;106.25
105.25;106.75;106;108.25;106.25
105.25;106.75;105.5;108.25;105.25
105.25;106.75;105.5;108.25;105.25
105.25;106.75;105.5;108.25;104.75
105.25;106.75;105.5;108.25;104.25
105.25;106.75;105.5;108.25;103.25
110.5;106.75;105.5;108.25;102.75
108.5;106.75;105.5;107.75;102.25
108;106.25;105.5;107.75;102.25
108;106.25;105;107.75;102.25
107.5;106.25;105;107.75;102.25
107;106.25;105;107.75;102.25
107;110.5;105;107.75;102.25
106.5;109.5;105;107.75;102.25
106.5;109.5;105;107.25;102.25
106.5;109;105;112.5;101.75
106.5;109;105;112.5;101.75
106.5;109;105;109;101.75
106;108.5;105;109;101.75
106;108.5;105;109;101.75
106;108;105;109;101.25
106;108;104.5;109;101.25
106;108;104.5;109;101.25
106;108;104.5;108.5;101.25
106;108;104.5;108.5;101.25
106;108;104.5;108.5;101.25
106;108;104.5;108.5;101.25
105.5;107.5;104.5;108.5;101.25
105.5;107.5;104;108.5;101.25
105.5;107.5;104;108.5;101.25
105.5;107.5;104;108.5;101.25
105.5;107.5;109.25;108.5;100.75
105.5;107.5;109.25;108;100.75
105.5;107.5;109.25;108;106
105.5;107;108.75;108;104.5
105.5;107;107.75;108;104
105.5;107;106.75;108;103
105.5;107;106.25;107.5;103
105.5;107;106.25;107.5;103
105.5;107;105.75;107.5;102.5
105;107;105.75;107.5;102.5
105;107;105.75;107.5;102.5
105;107;105.75;107.5;102.5
105;107;105.75;107.5;102.5
105;107;105.25;107.5;102
107.25;106.5;105.25;107.5;102
107.25;106.5;105.25;107;102
107.25;106.5;105.25;112.25;101.5
106.75;106.5;105.25;112.25;101.5
106.25;106.5;105.25;109.75;101.5
106.25;106.5;104.75;109.75;101.5
106.25;106.5;104.75;109.75;101.5
106.25;106;104.75;109.25;101.5
106.25;106;104.75;109.25;101.5
105.75;111.25;104.75;109.25;101.5
105.75;111.25;104.75;109.25;101.5
105.75;111.25;104.75;109.25;101.5
105.75;111.25;104.25;108.75;101.5
105.75;109.75;104.25;108.75;101
105.75;109.75;104.25;108.75;101
105.75;108.25;104.25;108.75;101
105.75;108.25;104.25;108.25;101
105.75;107.75;104.25;108.25;101
105.75;107.75;103.75;108.25;101
105.25;107.75;103.75;108.25;100.5
105.25;107.75;109;108.25;100.5
105.25;107.75;109;108.25;105.75
105.25;107.75;109;107.75;105.75
105.25;107.25;107.5;107.75;105.75
104.75;107.25;107;107.75;105.75
104.75;107.25;106.5;107.75;105.75
104.75;107.25;106;107.75;105.75
104.75;107.25;106;107.75;104.75
104.75;107.25;105.5;107.75;104.25
104.75;106.75;105.5;107.75;103.25
104.75;106.75;105.5;107.75;103.25
104.75;106.75;105.5;107.75;103.25
110;106.75;105;107.25;102.75
110;106.75;105;107.25;102.25
107.5;106.75;105;107.25;102.25
107;106.25;105;107.25;102.25
107;106.25;105;107.25;102.25
106.5;106.25;105;106.75;102.25
106.5;106.25;105;106.75;102.25
106.5;106.25;104.5;106.75;102.25
106;105.75;104.5;112;101.75
106;105.75;104.5;112;101.75
106;105.75;104.5;112;101.75
106;105.75;104.5;112;101.75
106;105.75;104.5;112;101.75
106;105.75;104.5;110.5;101.75
106;111;104.5;110.5;101.75
105.5;111;104.5;110;101.75
105.5;111;104;110;101.25
105.5;110;104;109.5;101.25
105.5;110;104;109.5;101.25
105.5;110;104;109.5;101.25
105.5;109;104;109.5;101.25
105.5;109;103.5;109;101.25
105.5;108;103.5;108.5;101.25
105.5;108;108.75;108.5;100.75
105.5;108;108.75;108;100.75
105;107.5;108.75;108;100.75
105;107.5;108.25;108;100.75
105;107.5;107.25;107.5;100.75
105;107.5;107.25;107.5;100.75
105;107.5;106.25;107.5;100.25
105;107.5;106.25;107;105.5
105;107;105.75;107;104.5
105;107;105.75;107;104
105;107;105.25;107;103.5
105;107;105.25;107;103.5
105;107;105.25;107;103
104;107;105.25;107;103
109.75;107;105.25;107;103
109.75;106.5;105.25;107;102.5
107.25;106.5;105.25;107;102.5
106.25;106.5;105.25;106.5;102.5
106.25;106.5;104.75;106.5;102
106.25;106.5;104.75;111.75;102
106.25;106.5;104.75;110.25;101.5
105.75;106.5;104.75;110.25;101.5
105.75;106.5;104.25;109.75;101.5
105.75;106;104.25;109.25;101.5
105.75;106;104.25;109.25;101.5
105.75;106;104.25;108.75;101.5
105.75;106;104.25;108.75;101.5
105.75;106;104.25;108.25;101.5
105.25;105.5;104.25;108.25;101.5
105.25;105.5;104.25;107.75;101
105.25;105.5;104.25;107.75;101
105.25;105.5;104.25;107.75;101
105.25;110.75;104.25;107.75;101
105.25;110.75;104.25;107.75;101
105.25;110.75;103.75;107.75;101
105.25;110.25;103.75;107.25;101
105.25;109.25;103.75;107.25;101
105.25;108.25;103.75;107.25;101
104.75;108.25;103.75;107.25;101
104.75;107.75;103.25;107.25;100.5
104.75;107.25;103.25;107.25;100.5
104.75;107.25;108.5;107.25;100.5
104.75;107.25;108.5;107.25;100
104.75;107.25;108.5;107.25;100
104.75;106.75;107;107.25;100
104.75;106.75;106.5;106.75;105.25
104.75;106.75;106.5;106.75;105.25
104.25;106.75;106.5;106.75;103.25
104.25;106.75;106;106.75;103.25
104.25;106.75;106;106.75;103.25
107.5;106.75;105.5;106.25;103.25
106.5;106.75;105.5;106.25;102.75
106.5;106.75;105.5;106.25;101.75
106;106.75;105.5;111.5;101.75
106;106.75;105.5;111.5;101.75
106;106.75;105.5;111.5;101.75
106;106.25;105;111.5;101.25
105.5;106.25;105;109.5;101.25
105.5;106.25;105;109;101.25
105.5;106.25;105;109;101.25
105.5;105.75;105;108.5;101.25
105;105.75;105;108.5;101.25
105;105.75;104.5;108.5;100.75
105;105.75;104.5;108.5;100.75
105;105.25;104;108;100.75
105;105.25;104;108;100.75
105;105.25;104;107.5;100.75
105;105.25;104;107.5;100.75
105;105.25;104;107.5;100.75
105;110.5;104;107.5;100.25
105;110.5;104;107.5;100.25
104.5;110.5;104;107.5;100.25
104.5;110.5;103.5;107.5;100.25
104.5;110;103.5;107.5;100.25
104.5;109;103.5;107.5;100.25
104.5;108;103.5;107;100.25
104.5;108;103;107;100.25
104.5;107.5;103;107;100.25
104;107;103;107;100.25
104;107;108.25;107;105
104;107;107.75;107;105
104;107;107.25;107;105
108.25;106.5;106.25;106.5;105
107.25;106.5;105.75;106.5;102.5
107.25;106.5;105.75;106.5;102.5
106.25;106.5;105.75;106.5;102.5
106.25;106.5;105.25;106.5;102
106.25;106.5;104.75;111.25;101.5
106.25;106.5;104.25;111.25;101.5
105.75;106.5;104.25;111.25;101.5
105.75;106.5;104.25;108.75;101
105.75;106;104.25;107.75;101
105.25;106;104.25;107.25;101
105.25;106;104.25;107.25;101
105.25;106;104.25;107.25;101
105.25;106;103.75;107.25;101
105.25;106;103.75;107.25;100.5
105.25;106;103.75;107.25;100.5
104.75;106;103.75;107.25;100.5
104.75;106;103.75;107.25;100.5
104.75;105.5;103.75;106.75;100.5
104.75;105.5;103.75;106.75;100.5
104.75;105.5;103.75;106.75;100.5
104.75;105.5;103.75;106.75;100.5
104.75;105.5;103.75;106.75;100.5
104.75;105.5;103.75;106.75;100.5
104.75;105.5;103.75;106.75;100.5
104.75;105.5;103.75;106.75;100
104.75;105.5;103.75;106.25;100
104.25;105;103.25;106.25;100
104.25;105;103.25;106.25;100
104.25;105;103.25;106.25;100
104.25;110.25;103.25;106.25;99.5
104.25;110.25;103.25;111;99.5
104.25;110.25;102.75;111;104.75
104.25;110.25;102.75;111;104.75
103.75;110.25;108;111;104.75
103.75;109.75;108;109.5;104.25
103.75;109.75;108;109;102.75
103.75;109.25;108;109;102.25
103.75;108.25;105.5;109;101.75
103.75;107.75;105.5;108.5;101.75
107.5;106.75;105.5;108;101.75
107;106.75;105.5;107.5;101.25
106.5;106.75;105;107.5;101.25
106.5;106.75;105;107.5;101.25
106;106.75;104.5;107.5;100.75
105.5;106.25;104.5;107.5;100.75
105.5;106.25;104;107;100.75
105.5;106.25;104;107;100.75
105.5;106.25;104;107;100.75
105;106.25;104;107;100.75
105;106.25;104;107;100.75
105;106.25;103.5;107;100.25
105;106.25;103.5;107;100.25
105;106.25;103.5;106.5;100.25
105;106.25;103.5;106.5;100.25
105;106.25;103.5;106.5;99.75
105;106.25;103.5;106.5;99.75
105;106.25;103.5;106.5;99.75
105;105.75;103.5;106.5;99.75
105;105.75;103;106;99.75
105;105.75;103;106;99.75
105;105.75;103;106;99.25
105;105.75;102.5;106;99.25
104.5;105.75;107.75;106;99.25
104.5;105.25;107.75;106;104
104.5;104.75;107.75;106;102
104.5;110;107.75;106;102
104.5;110;106.75;105.5;101.5
104.5;110;106.25;105.5;101.5
104.5;109.5;105.75;105.5;101.5
104;109;105.75;110.75;101
104;109;105.75;108.75;101
104;108;105.25;108.75;101
104;107.5;105.25;108.25;101
104;107.5;105.25;107.25;101
104;107;104.75;107.25;101
103.5;107;104.75;107.25;101
103.5;107;104.75;107.25;101
108.75;106.5;104.75;107.25;101
107.75;106.5;104.25;107.25;101
107.25;106.5;104.25;107.25;100.5
107.25;106.5;104.25;106.75;100.5
105.25;106.5;104.25;106.75;100.5
105.25;106.5;104.25;106.75;100.5
104.75;106.5;103.75;106.75;100.5
104.75;106;103.75;106.75;100
104.75;106;103.75;106.75;100
104.75;106;103.75;106.25;100
104.75;106;103.75;106.25;100
104.75;106;103.25;106.25;99.5
104.75;106;103.25;105.75;99.5
104.75;106;103.25;105.75;99.5
104.75;105.5;103.25;105.75;99.5
104.25;105.5;103.25;105.75;99
104.25;105.5;103.25;105.75;99
104.25;105.5;103.25;105.25;99
104.25;105.5;102.75;110.5;99
104.25;105.5;102.75;110.5;99
104.25;105.5;102.75;108.5;99
104.25;105.5;102.75;108;99
103.75;105;102.75;107.5;99
103.75;105;102.25;107.5;104.25
103.75;105;102.25;107.5;104.25
103.75;105;102.25;107;104.25
103.75;105;102.25;106.5;104.25
103.75;109.75;107.5;106;104.25
103.75;109.75;107.5;106;104.25
103.25;107.75;107.5;106;102.75
103.25;107.75;107.5;106;102.25
103.25;107.75;107.5;106;102.25
103.25;107.25;107.5;106;101.25
103.25;106.75;106.5;106;100.75
103.25;106.75;106;106;100.75
103.25;106.25;105.5;105.5;100.75
103.25;106.25;105.5;105.5;100.75
106.5;106.25;105;105.5;100.25
106.5;106.25;104.5;105.5;100.25
106;106.25;104;105.5;100.25
105;106.25;104;105.5;100.25
105;106.25;104;105.5;100.25
105;106.25;104;105.5;100.25
105;106.25;104;105.5;100.25
105;105.75;104;105;100.25
105;105.75;104;105;100.25
105;105.75;103.5;110.25;100.25
105;105.75;103.5;110.25;100.25
104.5;105.75;103.5;109.25;100.25
104.5;105.75;103.5;107.75;99.75
104.5;105.75;103;107.25;99.75
104.5;105.75;103;107.25;99.75
104.5;105.75;103;106.75;99.75
104.5;105.75;103;106.75;99.75
104.5;105.25;103;106.75;99.75
104;105.25;103;106.25;99.75
104;105.25;103;106.25;99.75
104;105.25;103;106.25;99.75
104;105.25;103;105.75;99.75
104;105.25;103;105.75;99.25
104;105.25;103;105.75;99.25
104;105.25;102.5;105.75;99.25
104;105.25;102.5;105.75;98.75
103.5;105.25;102.5;105.75;98.75
103.5;105.25;102.5;105.75;104
103.5;104.75;102.5;105.75;104
103.5;104.75;102.5;105.75;104
103.5;104.75;102.5;105.75;103.5
103.5;104.25;102.5;105.75;103
103.5;104.25;102.5;105.75;102.5
103;109.5;102.5;105.75;101.5
103;109.5;102.5;105.25;101.5
103;109.5;102.5;105.25;101.5
103;109.5;102.5;105.25;101
103;109.5;102.5;105.25;101
106.25;109;102.5;105.25;101
105.75;106.5;102.5;105.25;100.5
105.75;106;102;105.25;100.5
105.25;106;102;105.25;100.5
105.25;106;102;105.25;100.5
104.75;106;107.25;104.75;100.5
104.75;106;107.25;104.75;100
104.25;106;106.25;110;100
104.25;106;105.25;110;100
104.25;105.5;104.75;110;100
104.25;105.5;104.75;110;100
104.25;105.5;104.25;110;100
104.25;105.5;103.75;110;100
104.25;105.5;103.75;110;100
103.75;105.5;103.25;110;99.5
103.75;105.5;103.25;109;99.5
103.75;105.5;103.25;108.5;99.5
103.75;105.5;103.25;108;99.5
103.75;105.5;103.25;108;99.5
103.75;105.5;103.25;107.5;99.5
103.75;105.5;103.25;107.5;99.5
103.25;105;103.25;107.5;99.5
103.25;105;102.75;107.5;99.5
103.25;105;102.75;107.5;99.5
103.25;105;102.75;107;99.5
103.25;105;102.75;107;99.5
103.25;105;102.75;106.5;99
103.25;105;102.75;106.5;99
103.25;105;102.75;106.5;99
103.25;105;102.75;106.5;99
103.25;105;102.25;106.5;99
103.25;105;102.25;106;98.5
103.25;105;102.25;106;98.5
103.25;105;102.25;106;103.75
103.25;105;102.25;106;103.75
102.75;105;102.25;106;103.75
102.75;104.5;101.75;106;103.75
102.75;104.5;107;106;100.75
107.5;104.5;107;106;100.25
106.5;104.5;105.5;106;100.25
105;104.5;104.5;106;100.25
105;104.5;104.5;105.5;100.25
104.5;104.5;104.5;105.5;100.25
104.5;104.5;104.5;105.5;100.25
104;104.5;104.5;105.5;99.75
104;104.5;104.5;105;99.75
104;104.5;104;105;99.75
104;104;104;105;99.75
104;104;104;105;99.75
104;109.25;104;105;99.75
104;109.25;103.5;105;99.25
104;109.25;103.5;105;99.25
104;108.75;103;105;99.25
103.5;108.75;103;105;99.25
103.5;106.75;103;104.5;99.25
103.5;106.75;103;104.5;99.25
103.5;106.75;103;104.5;99.25
103.5;105.75;103;104.5;99.25
103.5;105.75;103;104.5;99.25
103.5;105.75;103;104.5;99.25
103.5;105.75;103;104.5;98.75
103;105.25;103;109.75;98.75
103;105.25;103;108.25;98.75
103;105.25;103;107.25;98.75
103;105.25;103;107.25;98.75
103;105.25;102.5;106.75;98.75
103;105.25;102.5;106.25;98.75
103;105.25;102.5;106.25;98.75
103;105.25;102.5;106.25;98.75
102.5;104.75;102.5;106.25;98.75
102.5;104.75;102.5;106.25;98.75
102.5;104.75;102.5;106.25;98.75
102.5;104.25;102;105.75;103.5
102.5;104.25;102;105.75;103.5
102.5;104.25;102;105.75;103
106.75;104.25;102;105.75;103
104.75;104.25;102;105.75;102.5
104.25;104.25;102;105.75;102
104.25;103.75;102;105.75;102
104.25;103.75;101.5;105.75;100.5
104.25;103.75;101.5;105.25;100.5
104.25;103.75;106.75;105.25;100.5
103.75;109;106.75;105.25;100
103.75;109;106.75;105.25;100
103.75;109;106.75;105.25;100
103.75;109;106.75;105.25;100
103.75;107;105.75;105.25;99.5
103.75;106.5;104.75;105.25;99.5
103.75;106;104.75;105.25;99.5
103.75;105.5;104.75;105.25;99.5
103.75;105.5;104.25;104.75;99.5
103.75;105;103.75;104.75;99.5
103.25;105;103.25;104.75;99.5
103.25;105;103.25;104.75;99.5
103.25;105;103.25;104.75;99.5
103.25;105;103.25;104.75;99.5
103.25;105;102.75;104.75;99.5
103.25;105;102.75;109.5;99.5
103.25;105;102.75;109.5;99.5
103.25;105;102.75;109.5;99
103.25;104.5;102.75;109.5;99
103.25;104.5;102.25;109.5;99
103.25;104.5;102.25;109.5;99
103.25;104.5;102.25;109;99
103.25;104.5;102.25;109;98.5
103.25;104.5;102.25;108.5;98.5
103.25;104.5;102.25;108;98.5
103.25;104.5;101.75;108;98.5
102.75;104.5;101.75;108;103.25
102.75;104.5;101.75;107.5;103.25
102.75;104;101.75;107.5;103.25
102.75;104;101.75;107;103.25
102.75;104;101.75;107;103.25
102.75;104;101.75;107;103.25
102.75;104;101.25;107;101.75
102.75;104;101.25;106.5;101.25
102.75;103.5;106.5;106.5;100.75
102.75;103.5;105.5;106.5;100.25
102.75;108.75;105;106.5;100.25
102.75;108.75;105;106.5;100.25
102.75;108.75;104;106.5;100.25
102.75;108.75;104;106.5;100.25
102.75;107.25;104;106;99.75
102.25;106.75;103.5;106;99.75
102.25;106.75;103;106;99.25
102.25;106.25;103;105.5;99.25
102.25;106.25;103;105.5;99.25
102.25;106.25;103;105.5;99.25
107.5;105.75;102.5;105.5;99.25
107;105.75;102.5;105.5;99.25
106.5;105.75;102.5;105.5;99.25
106;105.25;102.5;105.5;99.25
104;105.25;102.5;105;99.25
104;104.75;102.5;105;99.25
103.5;104.75;102.5;105;98.75
103.5;104.75;102.5;105;98.75
103.5;104.75;102.5;105;98.75
103.5;104.75;102.5;105;98.75
103.5;104.75;102.5;105;98.75
103.5;104.75;102;104.5;98.75
103.5;104.75;102;104.5;98.75
103.5;104.75;102;104.5;98.75
103.5;104.75;102;104.5;98.75
103;104.75;102;104.5;98.75
103;104.25;102;104.5;98.75
103;104.25;102;104.5;98.75
103;104.25;102;104.5;98.75
103;104.25;102;104.5;98.75
103;104.25;101.5;104.5;98.75
103;104.25;101.5;104.5;98.75
103;104.25;101.5;104.5;98.25
102.5;104.25;101.5;104;98.25
102.5;104.25;101;104;98.25
102.5;104.25;101;104;98.25
102.5;104.25;106.25;104;98.25
102.5;104.25;106.25;104;98.25
102.5;103.75;106.25;109.25;98.25
102.5;103.75;106.25;109.25;103
102.5;103.75;106.25;109.25;103
102.5;103.75;106.25;107.25;103
102.5;103.75;106.25;106.25;103
102;103.75;106.25;106.25;103
102;103.75;106.25;105.75;103
106.25;103.75;106.25;105.75;102
105.75;103.25;105.75;105.75;101.5
104.25;108.5;105.25;105.25;101.5
104.25;108.5;105.25;105.25;100.5
103.75;107;103.75;105.25;100.5
103.75;106.5;103.75;105.25;100
103.75;106.5;103.75;104.75;100
103.75;106.5;103.25;104.75;100
103.25;106;103.25;104.75;100
103.25;106;103.25;104.75;100
103.25;105.5;102.75;104.75;99.5
103.25;105;102.75;104.75;99.5
103.25;105;102.25;104.75;99.5
103.25;105;102.25;104.75;99.5
102.75;105;102.25;104.25;99.5
102.75;105;102.25;104.25;99.5
102.75;104.5;101.75;104.25;99.5
102.75;104.5;101.75;104.25;99
102.75;104.5;101.75;104.25;99
102.75;104.5;101.75;104.25;99
102.75;104.5;101.75;103.75;99
102.75;104.5;101.75;103.75;98.5
102.75;104.5;101.75;109;98.5
102.75;104.5;101.25;109;98.5
102.75;104;101.25;109;98.5
102.75;104;101.25;109;98.5
102.25;104;101.25;108;98.5
102.25;104;101.25;107.5;98.5
102.25;104;101.25;107;98.5
102.25;104;101.25;107;98.5
102.25;103.5;101.25;107;98.5
102.25;103.5;101.25;106.5;98.5
102.25;103.5;101.25;106.5;98
102.25;103.5;101.25;106;98
102.25;103.5;100.75;106;98
101.75;103.5;106;105.5;98
101.75;103.5;106;105.5;98
107;103.5;106;105.5;98
105.5;103.5;106;105.5;98
104.5;103.5;105.5;105;98
104;103;105;105;97.5
103.5;103;104.5;105;97.5
103.5;103;104;104.5;102.75
103.5;108.25;103.5;104.5;102.75
103.5;108.25;103.5;104.5;102.75
103;107.25;103.5;104.5;102.75
103;106.75;103;104.5;102.75
103;105.75;103;104.5;102.25
103;105.75;103;104.5;101.25
103;105.75;103;104.5;100.25
102.5;105.75;102.5;104;100.25
102.5;105.25;102.5;104;100.25
102.5;105.25;102.5;104;100.25
102.5;104.75;102.5;104;100.25
102.5;104.75;102;103.5;99.75
102.5;104.75;102;108.75;99.75
102.5;104.75;102;108.75;99.75
102.5;104.75;102;108.75;99.75
102.5;104.75;102;108.75;99.75
102.5;104.75;102;108.75;99.75
102.5;104.25;102;108.75;99.25
102.5;104.25;102;108.75;99.25
102;104.25;102;108.75;99.25
102;104.25;102;107.75;99.25
102;104.25;102;106.75;99.25
102;104.25;102;105.75;99.25
102;104.25;102;105.75;99.25
102;104.25;101.5;105.75;99.25
101.5;104.25;101.5;105.25;98.75
101.5;104.25;101.5;105.25;98.75
101.5;104.25;101.5;105.25;98.75
104.75;104.25;101.5;105.25;98.75
104.25;103.75;101.5;104.75;98.75
103.75;103.75;101;104.75;98.75
103.75;103.75;101;104.75;98.25
103.75;103.75;101;104.75;98.25
103.25;103.75;101;104.75;98.25
103.25;103.75;101;104.75;98.25
103.25;103.75;101;104.75;98.25
103.25;103.75;101;104.75;98.25
103.25;103.75;101;104.25;98.25
103.25;103.25;101;104.25;98.25
103.25;103.25;100.5;104.25;98.25
102.75;103.25;100.5;104.25;98.25
102.75;103.25;100.5;104.25;98.25
102.75;103.25;105.75;104.25;97.75
102.75;102.75;105.75;104.25;97.75
102.75;102.75;105.75;104.25;97.75
102.75;102.75;105.75;103.75;97.75
102.25;102.75;105.75;103.75;97.75
102.25;102.75;104.25;103.75;97.75
102.25;108;103.75;103.75;97.75
102.25;108;103.25;103.75;97.75
102.25;108;102.75;103.25;97.75
102.25;108;102.75;103.25;97.25
102.25;107.5;102.75;108.5;102.5
102.25;107;102.75;108.5;102.5
102.25;106.5;102.25;108.5;102.5
102.25;106;102.25;108.5;101.5
102.25;105.5;102.25;108.5;100.5
101.75;105;102.25;107.5;100
101.75;104.5;102.25;107.5;100
101.75;104.5;101.75;106;100
101.75;104.5;101.75;106;100
101.75;104.5;101.75;106;99.5
101.75;104.5;101.75;105.5;99
101.75;104.5;101.75;105.5;99
101.75;104;101.25;105.5;99
101.75;104;101.25;105;99
101.25;104;101.25;105;99
101.25;104;101.25;105;99
101.25;104;101.25;105;99
101.25;104;101.25;105;98.5
101.25;104;101.25;105;98.5
106.5;104;101.25;105;98.5
104.5;104;101.25;104.5;98.5
103.5;103.5;101.25;104.5;98.5
103.5;103.5;101.25;104.5;98.5
103.5;103.5;101.25;104.5;98
103;103.5;101.25;104.5;98
103;103.5;101.25;104.5;98
103;103.5;101.25;104.5;98
103;103;101.25;104.5;98
102.5;103;100.75;104.5;98
102.5;103;100.75;104;98
102.5;103;100.75;104;98
102.5;103;100.75;104;98
102.5;103;100.75;104;97.5
102.5;103;100.25;104;97.5
102.5;103;105.5;104;97.5
102.5;102.5;105.5;104;97.5
102.5;107.75;104.5;104;97.5
102.5;107.75;104.5;104;97.5
102.5;107.75;104;104;97.5
102;107.75;103;103.5;97.5
102;107.75;103;103.5;97
102;107.75;102.5;103.5;102.25
102;106.25;102.5;103.5;102.25
101.5;106.25;102.5;108.25;102.25
101.5;105.25;102.5;108.25;102.25
101.5;105.25;102.5;108.25;102.25
101.5;104.75;102.5;106.25;101.25
101.5;104.75;102.5;105.75;100.75
101.5;104.75;102;105.75;100.25
101.5;104.75;102;105.75;99.25
101.5;104.25;102;105.75;99.25
101.5;104.25;102;105.25;99.25
101;104.25;101.5;105.25;99.25
101;104.25;101.5;104.75;98.75
101;104.25;101.5;104.75;98.75
101;104.25;101.5;104.75;98.75
106.25;104.25;101.5;104.75;98.75
106.25;103.75;101.5;104.75;98.75
104.75;103.75;101.5;104.25;98.75
103.75;103.75;101.5;104.25;98.75
103.75;103.75;101;104.25;98.75
103.25;103.75;101;104.25;98.75
103.25;103.75;101;104.25;98.75
103.25;103.75;101;104.25;98.75
102.75;103.75;101;104.25;98.75
102.75;103.75;101;104.25;98.75
102.75;103.75;101;103.75;98.75
102.75;103.25;101;103.75;98.25
102.75;103.25;101;103.75;98.25
102.75;103.25;100.5;103.75;98.25
102.75;103.25;100.5;103.75;98.25
102.75;103.25;100.5;103.75;98.25
102.75;102.75;100.5;103.75;98.25
102.75;102.75;100.5;103.75;98.25
102.25;102.25;100.5;103.75;98.25
102.25;102.25;105.25;103.75;98.25
102.25;107.5;105.25;103.75;97.75
102.25;106.5;104.25;103.75;97.75
102.25;105.5;103.75;103.75;97.75
102.25;105.5;103.75;103.25;97.75
102.25;105;103.75;103.25;97.75
102.25;105;102.75;103.25;97.75
102.25;105;102.75;103.25;97.75
102.25;105;102.75;103.25;97.75
102.25;105;102.25;103.25;97.75
102.25;105;101.75;103.25;97.25
102.25;105;101.75;102.75;97.25
101.75;104.5;101.75;102.75;97.25
101.75;104.5;101.75;108;97.25
101.75;104.5;101.75;108;97.25
101.75;104.5;101.25;108;97.25
101.75;104.5;101.25;108;97.25
101.75;104;101.25;107;97.25
101.25;104;101.25;107;97.25
101.25;104;101.25;106;96.75
101.25;104;101.25;106;102
101.25;104;101.25;106;102
101.25;104;101.25;105.5;102
101.25;104;101.25;105.5;102
101.25;104;100.75;105.5;102
101.25;103.5;100.75;105.5;100.5
100.75;103.5;100.75;105.5;100.5
100.75;103.5;100.75;105.5;100.5
100.75;103.5;100.75;105;100
100.75;103.5;100.75;105;100
106;103.5;100.75;105;99.5
103.5;103;100.75;104.5;99.5
103.5;103;100.75;104.5;99.5
103;103;100.25;104.5;98.5
103;103;100.25;104;98.5
103;103;100.25;104;98.5
103;103;100.25;104;98.5
103;103;100.25;104;98.5
102.5;103;100.25;104;98
102.5;103;100.25;104;98
102.5;103;99.75;104;98
102;103;99.75;104;97.5
102;103;99.75;104;97.5
102;103;105;104;97.5
102;102.5;105;104;97.5
102;102.5;105;104;97.5
102;102.5;105;103.5;97.5
102;102.5;105;103.5;97.5
101.5;102.5;105;103.5;97.5
101.5;102.5;105;103.5;97.5
101.5;102.5;105;103.5;97.5
101.5;102.5;105;103;97.5
101.5;102.5;104.5;103;97.5
101.5;102.5;102.5;103;97
101.5;102;102.5;103;97
101.5;102;102.5;103;97
101.5;102;101.5;103;97
101.5;107.25;101.5;103;97
101.5;107.25;101;102.5;97
101.5;107.25;101;107.75;97
101;106.75;101;107.75;97
101;105.75;101;107.75;96.5
101;105.75;101;107.75;101.75
101;105.25;101;105.75;101.75
101;104.75;101;105.75;101.75
101;104.75;101;105.75;101.25
101;104.75;101;104.75;100.75
100.5;104.75;101;104.75;100.75
100.5;104.25;101;104.75;99.75
100.5;104.25;100.5;104.75;99.75
100.5;104.25;100.5;104.25;99.25
105.75;104.25;100.5;104.25;99.25
105.75;104.25;100.5;104.25;98.75
105.75;104.25;100.5;104.25;98.25
104.25;104.25;100.5;104.25;98.25
103.75;103.75;100.5;104.25;98.25
102.75;103.75;100.5;104.25;98.25
102.75;103.75;100.5;103.75;98.25
102.75;103.75;100.5;103.75;98.25
102.75;103.75;100.5;103.75;98.25
102.25;103.75;100.5;103.75;98.25
102.25;103.75;100.5;103.75;97.75
102.25;103.75;100.5;103.75;97.75
102.25;103.25;100;103.75;97.75
102.25;103.25;100;103.75;97.75
102.25;103.25;100;103.25;97.75
102.25;103.25;100;103.25;97.75
101.75;103.25;100;103.25;97.75
101.75;103.25;99.5;103.25;97.75
101.75;103.25;99.5;103.25;97.25
101.75;103.25;99.5;103.25;97.25
101.75;103.25;104.75;103.25;97.25
101.75;103.25;104.75;102.75;97.25
101.75;102.75;103.75;102.75;97.25
101.25;102.75;103.75;102.75;97.25
101.25;102.75;103.75;102.75;97.25
101.25;102.75;103.75;102.75;97.25
101.25;102.75;102.75;102.75;96.75
101.25;102.75;102.75;102.25;96.75
101.25;102.25;102.25;107.5;96.75
101.25;102.25;101.75;107.5;96.75
101.25;102.25;101.75;107.5;96.75
101.25;102.25;101.25;107.5;96.75
101.25;102.25;101.25;107.5;96.75
101.25;102.25;101.25;107.5;96.75
100.75;102.25;101.25;107.5;96.25
100.75;102.25;100.75;107;96.25
100.75;101.75;100.75;107;96.25
100.75;101.75;100.75;105.5;96.25
100.75;107;100.75;105.5;101.5
100.75;107;100.75;105.5;101.5
100.75;105.5;100.75;105.5;101.5
100.25;105;100.75;105;101
105.5;104.5;100.75;105;101
104.5;104.5;100.25;105;100.5
103.5;103.5;100.25;104.5;100
103;103.5;100.25;104.5;99.5
102.5;103.5;100.25;104;99
102;103.5;100.25;104;99
102;103.5;100.25;104;99
102;103.5;100.25;104;98.5
102;103.5;99.75;104;98.5
102;103.5;99.75;104;98.5
102;103.5;99.75;104;98.5
101.5;103.5;99.75;104;98.5
101.5;103.5;99.75;103.5;98
101.5;103.5;99.75;103.5;98
101.5;103.5;99.75;103.5;98
101.5;103.5;99.75;103.5;98
101.5;103;99.75;103.5;98
101.5;103;99.75;103.5;98
101.5;103;99.75;103.5;98
101.5;103;99.25;103.5;98
101.5;103;99.25;103.5;97.5
101.5;103;99.25;103.5;97.5
101.5;103;104.5;103;97.5
101;103;104.5;103;97.5
101;103;104.5;103;97.5
101;102.5;104.5;103;97.5
101;102.5;104.5;103;97.5
101;102.5;104.5;103;97.5
101;102.5;104.5;103;97.5
101;102.5;104.5;103;97
101;102.5;104;103;97
101;102.5;103;103;97
101;102;103;102.5;97
101;102;102.5;102.5;97
101;102;102;102.5;97
100.5;102;102;102.5;97
100.5;102;101.5;102.5;97
100.5;102;101.5;102.5;97
100.5;102;101;102;97
100.5;102;101;107.25;97
100.5;101.5;101;107.25;97
100.5;101.5;101;107.25;96.5
100.5;101.5;101;107.25;96.5
100;101.5;101;107.25;96.5
100;101.5;101;106.75;96.5
100;101.5;100.5;106.25;96
100;106.75;100.5;105.75;96
100;106.75;100.5;105.75;96
104.25;106.75;100.5;105.25;96
103.75;106.75;100.5;105.25;101.25
103.25;106.75;100.5;105.25;101.25
102.75;106.75;100.5;105.25;101.25
101.75;106.25;100.5;104.75;101.25
101.75;105.25;100.5;104.75;101.25
101.75;105.25;100.5;104.75;100.25
101.75;104.75;100.5;104.25;99.25
101.25;104.25;100.5;104.25;98.75
101.25;104.25;100.5;104.25;98.75
101.25;104.25;100.5;104.25;98.75
101.25;103.75;100;104.25;98.25
101.25;103.75;100;104.25;98.25
101.25;103.75;100;103.75;98.25
101.25;103.25;100;103.75;97.75
101.25;103.25;100;103.75;97.75
101.25;103.25;100;103.75;97.75
100.75;103.25;100;103.75;97.75
100.75;103.25;100;103.75;97.75
100.75;103.25;100;103.75;97.25
100.75;103.25;100;103.75;97.25
100.75;103.25;99.5;103.25;97.25
100.75;103.25;99.5;103.25;97.25
100.75;102.75;99.5;103.25;97.25
100.75;102.75;99.5;103.25;97.25
100.75;102.75;99.5;103.25;97.25
100.75;102.75;99.5;103.25;96.75
100.75;102.75;99.5;103.25;96.75
100.25;102.75;99.5;103.25;96.75
100.25;102.75;99.5;102.75;96.75
100.25;102.75;99;102.75;96.75
100.25;102.25;99;102.75;96.75
100.25;102.25;99;102.75;96.75
100.25;102.25;104.25;102.75;96.75
100.25;102.25;104.25;102.75;96.25
100.25;102.25;104.25;102.75;96.25
100.25;102.25;104.25;102.75;96.25
100.25;102.25;103.75;102.75;96.25
99.75;102.25;103.25;102.75;96.25
99.75;101.75;102.75;102.25;96.25
99.75;101.75;102.25;102.25;96.25
99.75;101.75;101.75;102.25;96.25
99.75;101.25;101.25;102.25;95.75
105;101.25;101.25;102.25;95.75
104;101.25;100.75;102.25;95.75
104;101.25;100.75;102.25;95.75
102.5;106.5;100.75;102.25;101
102.5;106.5;100.75;102.25;101
102;106.5;100.25;102.25;101
102;106.5;100.25;102.25;101
102;106.5;100.25;102.25;100.5
102;104.5;100.25;102.25;100
101.5;104.5;100.25;102.25;100
101.5;104;100.25;102.25;99.5
101.5;104;99.75;107;99
101.5;103.5;99.75;107;98.5
101.5;103;99.75;107;98.5
101;103;99.75;107;98.5
101;103;99.25;107;98
101;102.5;99.25;107;98
101;102.5;99.25;107;97.5
101;102.5;99.25;105;97.5
101;102.5;99.25;105;97.5
101;102.5;98.75;104.5;97.5
101;102.5;104;104.5;97.5
101;102.5;104;104.5;97.5
101;102.5;104;104;97.5
101;102.5;104;104;97.5
101;102;104;104;97
101;102;103.5;103.5;97
101;102;102.5;103.5;97
101;101.5;102;103.5;97
100.5;101.5;102;103.5;97
100.5;101.5;101.5;103.5;97
100.5;101.5;101.5;103.5;97
100.5;101.5;101.5;103;97
100.5;101.5;101.5;103;96.5
100.5;101.5;101;103;96.5
100.5;101.5;101;103;96.5
100.5;101;101;103;96.5
100.5;106.25;101;103;96.5
100.5;106.25;100.5;103;96.5
100.5;106.25;100;103;96.5
100;106.25;100;103;96.5
100;106.25;100;103;96.5
100;106.25;100;102.5;96.5
100;105.75;100;102.5;96.5
100;105.25;99.5;102.5;96.5
100;104.75;99.5;102.5;96
100;104.25;99.5;102.5;96
100;104.25;99.5;102.5;96
100;104.25;99.5;102.5;96
100;103.75;99.5;102.5;96
99.5;103.25;99.5;102;96
99.5;103.25;99;102;96
104.25;103.25;99;102;96
103.75;103.25;99;102;96
102.25;103.25;99;102;96
102.25;102.75;99;102;96
101.75;102.75;98.5;102;95.5
101.75;102.75;98.5;101.5;95.5
101.75;102.25;98.5;101.5;95.5
101.75;102.25;97.5;101.5;100.75
101.75;102.25;103.75;101.5;100.75
101.25;102.25;103.75;106.75;100.75
101.25;102.25;103.75;106.75;99.75
101.25;102.25;103.75;106.75;99.25
101.25;102.25;103.75;106.75;98.75
101.25;102.25;103.75;106.75;98.75
100.75;102.25;103.75;106.25;98.75
100.75;101.75;103.75;106.25;98.25
100.75;101.75;103.25;105.75;98.25
100.75;101.75;102.75;105.75;98.25
100.75;101.75;101.75;105.25;98.25
100.75;101.75;101.75;105.25;98.25
100.75;101.75;101.25;104.25;97.75
100.75;101.75;101.25;104.25;97.25
100.75;101.75;100.75;104.25;97.25
100.75;101.75;100.75;103.75;97.25
100.75;101.75;100.75;103.75;97.25
100.25;101.75;100.75;103.25;96.75
100.25;101.75;100.25;103.25;96.75
100.25;101.75;100.25;103.25;96.75
100.25;101.25;100.25;102.75;96.75
100.25;101.25;100.25;102.75;96.75
100.25;101.25;99.75;102.75;96.75
100.25;101.25;99.75;102.75;96.75
100.25;101.25;99.75;102.75;96.75
100.25;101.25;99.75;102.75;96.25
100.25;101.25;99.75;102.75;96.25
100.25;100.75;99.75;102.75;96.25
100.25;106;99.75;102.75;96.25
100.25;106;99.75;102.75;96.25
100.25;106;99.75;102.75;96.25
99.75;106;99.75;102.75;96.25
99.75;106;99.75;102.25;96.25
99.75;105.5;99.75;102.25;96.25
99.75;104.5;99.75;102.25;95.75
99.75;104.5;99.75;102.25;95.75
99.75;104;99.75;102.25;95.75
99.25;104;99.75;102.25;95.75
99.25;103.5;99.75;102.25;95.75
99.25;103.5;99.25;102.25;95.75
104.5;103.5;99.25;102.25;95.75
104.5;103;99.25;101.75;95.75
102.5;103;99.25;101.75;100.5
102.5;103;99.25;101.75;100.5
102.5;103;99.25;101.75;100.5
102;103;99.25;101.75;100.5
102;103;99.25;101.75;100
102;103;99.25;101.75;99.5
101.5;102.5;98.75;101.25;98.5
101;102.5;98.75;106.5;98.5
101;102.5;98.75;106.5;98
101;102.5;98.75;106.5;98
101;102.5;98.75;106.5;98
101;102.5;98.75;106.5;97.5
101;102.5;98.75;106.5;97.5
100.5;102;98.75;106.5;97.5
100.5;102;98.75;106.5;97.5
100.5;102;98.75;106;97.5
100.5;102;98.75;105;97
100.5;102;98.75;105;97
100.5;102;98.75;105;97
100.5;101.5;98.25;104.5;97
100;101.5;103.5;104.5;97
100;101.5;103.5;104;97
100;101.5;103.5;103.5;97
100;101.5;102.5;103.5;97
100;101.5;102.5;103.5;97
100;101.5;102.5;103.5;97
100;101.5;102.5;103.5;97
100;101;102.5;103;96.5
100;101;102;103;96.5
100;101;102;103;96.5
100;101;101.5;103;96.5
100;101;101.5;102.5;96.5
100;101;101.5;102.5;96.5
100;101;101.5;102.5;96.5
99.5;100.5;101;102.5;96.5
99.5;100.5;100.5;102.5;96.5
99.5;100.5;100.5;102.5;96
99.5;100.5;100;102.5;96
99.5;105.75;100;102.5;96
99.5;105.75;100;102.5;96
99.5;105.75;100;102.5;96
99.5;105.75;100;102.5;96
99.5;105.75;99.5;102.5;96
99.5;105.25;99.5;102.5;95.5
99;105.25;99.5;102.5;95.5
99;104.75;99.5;102;95.5
99;104.25;99.5;102;95.5
99;104.25;99.5;102;95.5
99;103.75;99.5;102;95.5
99;103.75;99.5;102;95.5
99;103.75;99.5;102;95
104.25;103.25;99.5;102;95
102.25;103.25;99;102;95
102.25;103.25;99;102;95
101.25;102.75;99;102;100.25
101.25;102.75;99;101.5;100.25
101.25;102.75;99;101.5;100.25
101.25;102.75;99;101.5;100.25
100.75;102.75;99;101.5;98.75
100.75;102.25;99;101;98.75
100.75;102.25;98.5;106.25;98.25
100.75;102.25;98.5;106.25;98.25
100.75;102.25;98.5;106.25;98.25
100.25;102.25;98.5;106.25;97.75
100.25;102.25;98.5;105.25;97.75
100.25;102.25;98;104.25;97.75
100.25;102.25;98;104.25;97.75
100.25;101.75;103.25;104.25;97.25
100.25;101.75;103.25;103.75;97.25
100.25;101.75;103.25;103.75;97.25
100.25;101.75;103.25;103.25;97.25
100.25;101.75;103.25;103.25;97.25
100.25;101.75;103.25;102.75;96.75
100.25;101.75;103.25;102.75;96.75
99.75;101.75;103.25;102.75;96.75
99.75;101.75;101.75;102.75;96.75
99.75;101.25;101.75;102.75;96.75
99.75;101.25;101.25;102.75;96.75
99.75;101.25;101.25;102.75;96.25
99.75;101.25;101.25;102.75;96.25
99.75;101.25;101.25;102.75;96.25
99.75;101.25;100.75;102.25;96.25
99.75;101.25;100.75;102.25;96.25
99.75;100.75;100.75;102.25;96.25
99.75;100.75;100.25;102.25;96.25
99.75;100.75;100.25;102.25;95.75
99.75;100.75;100.25;102.25;95.75
99.25;100.75;99.75;102.25;95.75
99.25;100.75;99.75;102.25;95.75
99.25;100.75;99.75;102.25;95.75
99.25;100.75;99.75;102.25;95.75
99.25;100.75;99.25;102.25;95.75
99.25;100.75;99.25;102.25;95.75
99.25;100.75;99.25;101.75;95.75
99.25;100.75;99.25;101.75;95.75
99.25;100.75;99.25;101.75;95.25
99.25;100.75;99.25;101.75;95.25
98.75;100.25;99.25;101.75;95.25
98.75;100.25;99.25;101.75;95.25
98.75;105.5;99.25;101.75;95.25
98.75;105.5;99.25;101.75;95.25
104;105.5;99.25;101.25;94.75
103;105.5;98.75;101.25;94.75
102;105.5;98.75;101.25;94.75
101.5;105.5;98.75;101.25;100
101;105.5;98.75;101.25;100
100.5;105.5;98.75;101.25;100
100.5;105.5;98.75;101.25;100
100.5;105.5;98.75;101.25;98.5
100.5;105;98.25;106;97.5
100.5;104.5;98.25;106;97.5
100.5;104;98.25;106;97.5
100.5;103.5;98.25;106;97
100;103.5;98.25;106;97
100;103;98.25;106;97
100;103;98.25;106;97
100;103;98.25;106;97
100;102.5;97.75;105;96.5
100;102.5;97.75;104.5;96.5
100;102.5;97.75;104;96.5
100;102;103;103.5;96.5
99.5;102;103;103.5;96.5
99.5;102;103;103.5;96
99.5;102;103;103;96
99.5;102;103;103;96
99.5;102;103;103;96
99.5;102;103;102.5;96
99.5;102;103;102.5;96
99.5;102;101.5;102.5;95.5
99.5;101.5;101;102.5;95.5
99.5;101.5;101;102.5;95.5
99.5;101.5;100.5;102;95.5
99.5;101.5;100;102;95.5
99.5;101.5;100;102;95.5
99.5;101.5;100;102;95.5
99;101.5;100;102;95
99;101.5;100;102;95
99;101.5;99.5;102;95
99;101;99.5;102;95
99;101;99.5;102;95
99;101;99.5;102;95
99;101;99;102;95
98.5;101;99;102;95
98.5;101;99;102;94.5
98.5;100.5;99;102;94.5
103.75;100.5;98.5;101.5;94.5
103.75;100.5;98.5;101.5;94.5
103.75;100.5;98.5;101.5;99.75
103.75;100.5;98.5;101.5;99.75
103.75;100.5;98.5;101.5;99.75
103.75;100.5;98;101.5;99.75
101.75;100.5;98;101.5;99.75
101.25;100.5;98;101.5;98.75
101.25;100.5;98;101.5;96.75
100.25;100.5;98;101.5;96.25
100.25;100.5;98;101.5;96.25
100.25;100;98;101;96.25
100.25;100;98;101;96.25
100.25;100;98;101;96.25
99.75;100;97.5;101;95.75
99.75;100;97.5;101;95.75
99.75;105.25;102.75;101;95.75
99.75;105.25;102.75;100.5;95.75
99.75;105.25;102.75;100.5;95.75
99.75;105.25;102.75;105.75;95.75
99.75;105.25;102.75;105.75;95.75
99.75;104.25;102.75;105.75;95.75
99.75;104.25;101.75;105.75;95.25
99.25;104.25;101.25;104.25;95.25
99.25;103.25;101.25;103.75;95.25
99.25;102.75;101.25;103.75;95.25
99.25;102.75;101.25;103.75;95.25
99.25;102.25;100.75;103.25;95.25
99.25;102.25;100.75;103.25;95.25
99.25;101.75;100.25;103.25;95.25
99.25;101.75;100.25;102.75;95.25
99.25;101.75;100.25;102.75;95.25
99.25;101.75;100.25;102.25;95.25
99.25;101.75;100.25;102.25;94.75
99.25;101.75;100.25;102.25;94.75
99.25;101.75;99.75;102.25;94.75
99.25;101.25;99.75;102.25;94.75
99.25;101.25;99.75;102.25;94.75
99.25;101.25;99.75;102.25;94.75
99.25;101.25;99.25;102.25;94.75
98.75;101.25;99.25;101.75;94.25
98.75;101.25;99.25;101.75;99.5
98.75;100.75;99.25;101.75;99.5
98.75;100.75;99.25;101.75;99.5
98.75;100.75;99.25;101.75;99.5
98.75;100.75;99.25;101.75;99
98.75;100.75;99.25;101.75;98
98.75;100.75;98.75;101.75;97.5
98.75;100.75;98.75;101.75;97.5
98.75;100.75;98.75;101.75;97.5
98.75;100.75;98.75;101.25;97
98.75;100.75;98.25;101.25;96.5
98.25;100.25;98.25;101.25;96.5
103.5;100.25;98.25;101.25;96
103;100.25;98.25;101.25;96
101;100.25;98.25;101.25;96
100.5;99.75;98.25;101.25;96
100.5;99.75;98.25;101.25;96
100;99.75;98.25;101.25;95.5
100;99.75;98.25;101.25;95.5
100;99.75;98.25;101.25;95.5
100;105;98.25;100.75;95.5
100;105;98.25;100.75;95.5
100;103;97.75;100.75;95.5
100;103;97.75;100.75;95.5
99.5;102.5;97.75;100.25;95.5
99.5;102.5;97.75;100.25;95.5
99.5;102;97.75;100.25;95
99.5;102;97.75;105.5;95
99;102;97.25;105.5;95
99;102;97.25;105.5;95
99;102;102.5;105.5;95
99;102;102.5;105.5;95
99;102;102.5;105.5;95
99;102;102.5;105;95
98.5;102;102.5;104.5;95
98.5;101.5;102.5;104.5;94.5
98.5;101.5;102.5;103.5;94.5
98.5;101.5;102;103;94.5
98.5;101;101.5;103;94.5
98.5;101;101.5;103;94.5
98.5;101;101;103;94.5
98.5;101;101;102.5;94.5
98;101;101;102.5;94.5
98;100.5;100.5;102.5;94.5
98;100.5;100.5;102.5;94.5
99.75;100.5;100.5;102.5;94
99.75;100.5;100;102.5;99.25
99.75;100.5;100;102.5;99.25
99.75;100.5;99.5;102;99.25
99.75;100.5;99.5;102;99.25
99.75;100.5;99.5;101.5;99.25
99.75;100.5;99.5;101.5;99.25
99.75;100.5;99;101.5;98.75
99.25;100.5;99;101;98.75
99.25;100;99;101;98.25
99.25;100;99;101;98.25
99.25;100;99;101;98.25
99.25;100;99;101;97.25
99.25;99.5;99;100.5;97.25
99.25;104.75;99;100.5;96.75
99.25;104.75;99;100.5;96.75
99.25;104.75;99;100.5;96.25
99.25;104.75;99;100.5;96.25
99.25;104.75;98.5;100.5;96.25
99.25;104.75;98.5;100.5;95.75
99.25;104.75;98.5;100;95.75
98.75;104.75;98.5;105.25;95.75
98.75;104.75;98;105.25;95.75
98.75;104.25;98;105.25;95.25
98.75;103.25;98;105.25;95.25
98.75;103.25;98;103.75;95.25
98.75;102.25;98;102.75;95.25
98.75;102.25;98;102.75;95.25
98.75;102.25;98;102.75;95.25
98.75;102.25;98;102.75;95.25
98.75;102.25;97.5;102.25;95.25
98.75;102.25;97.5;102.25;95.25
98.75;101.75;97.5;102.25;94.75
98.25;101.75;97.5;101.75;94.75
98.25;101.75;97.5;101.75;94.75
98.25;101.25;97.5;101.75;94.75
98.25;101.25;97.5;101.75;94.75
98.25;101.25;97;101.75;94.75
98.25;101.25;97;101.75;94.75
98.25;101.25;102.25;101.25;94.75
98.25;101.25;102.25;101.25;94.25
97.75;100.75;102.25;101.25;94.25
97.75;100.75;102.25;101.25;94.25
97.75;100.75;101.25;101.25;94.25
103;100.75;100.75;101.25;94.25
103;100.75;100.25;101.25;94.25
102.5;100.75;100.25;101.25;94.25
102;100.75;100.25;101.25;94.25
101.5;100.25;99.75;101.25;94.25
101;100.25;99.75;101.25;93.75
100;100.25;99.75;101.25;99
100;100.25;99.75;101.25;99
100;100.25;99.25;101.25;99
100;100.25;99.25;100.75;99
99.5;100.25;99.25;100.75;99
99.5;100.25;99.25;100.75;98.5
99.5;100.25;99.25;100.75;97.5
99.5;100.25;99.25;100.75;97
99.5;100.25;98.75;100.75;97
99.5;100.25;98.75;100.75;97
99.5;99.75;98.75;100.25;97
99;99.75;98.75;100.25;96.5
99;99.75;98.25;100.25;96.5
99;99.75;98.25;100.25;96
99;99.75;98.25;100.25;96
99;99.75;98.25;100.25;95.5
99;99.75;98.25;100.25;95.5
99;99.75;98.25;100.25;95.5
99;99.75;98.25;99.75;95.5
99;99.75;98.25;105;95.5
98.5;99.25;97.75;105;95.5
98.5;99.25;97.75;105;95.5
98.5;104.5;97.75;104.5;95
98.5;104.5;97.75;104.5;95
98.5;104;97.75;104;95
98.5;103.5;97.75;103;95
98.5;102;97.25;103;95
98.5;101.5;97.25;103;95
98.5;101.5;97.25;102.5;95
98.5;101;97.25;102.5;95
98;101;96.75;102.5;95
98;101;102;102.5;95
98;101;102;102.5;95
97.5;101;102;102;95
97.5;101;102;101.5;95
97.5;101;102;101.5;95
97.5;100.5;101.5;101.5;94.5
102.75;100.5;100.5;101.5;94.5
102.75;100.5;100.5;101.5;94.5
102.75;100.5;100.5;101.5;94.5
100.75;100.5;100;101.5;94.5
100.25;100.5;100;101.5;94.5
100.25;100.5;99.5;101;94.5
100.25;100.5;99;101;94.5
99.75;100.5;99;101;94.5
99.25;100.5;99;101;94.5
99.25;100.5;99;101;94
99.25;100.5;98.5;101;94
99.25;100;98.5;101;94
99.25;100;98.5;101;94
99.25;100;98.5;101;98.75
99.25;100;98.5;101;98.75
99.25;100;98.5;101;98.75
98.75;100;98;101;98.75
98.75;100;98;101;98.75
98.75;100;98;101;98.25
98.75;100;98;101;97.25
98.75;100;98;101;96.75
98.75;100;98;101;96.75
98.75;100;98;101;96.25
98.75;100;98;101;96.25
98.75;100;98;100.5;96.25
98.25;100;98;100.5;96.25
98.25;99.5;98;100.5;96.25
98.25;99.5;98;100.5;95.75
98.25;99.5;98;100.5;95.75
98.25;99.5;98;100.5;95.75
98.25;99.5;98;100.5;95.25
98.25;99.5;97.5;100.5;95.25
98.25;99.5;97.5;100.5;95.25
98.25;99.5;97.5;100;95.25
98.25;99;97.5;100;94.75
98.25;99;97.5;100;94.75
98.25;98;97.5;100;94.75
97.75;104.25;97.5;99.5;94.75
97.75;104.25;97.5;104.75;94.75
97.75;104.25;97.5;104.75;94.75
97.75;104.25;97.5;104.75;94.75
97.75;103.75;97;104.75;94.75
97.75;103.75;97;104.25;94.25
97.75;103.25;97;104.25;94.25
97.75;103.25;97;103.75;94.25
97.75;101.75;96.5;103.75;94.25
97.75;101.75;101.75;103.25;94.25
97.25;101.75;101.75;102.25;94.25
97.25;101.25;101.75;101.75;94.25
97.25;101.25;101.75;101.75;94.25
97.25;100.75;101.75;101.75;94.25
102.5;100.75;101.25;101.25;94.25
102.5;100.75;100.75;101.25;94.25
101.5;100.75;99.75;101.25;94.25
101;100.75;99.25;101.25;94.25
100.5;100.75;99.25;101.25;94.25
100;100.75;98.75;101.25;93.75
100;100.75;98.75;101.25;93.75
99.5;100.25;98.75;101.25;93.75
99.5;100.25;98.75;100.75;93.75
99.5;100.25;98.75;100.75;93.75
99;100.25;98.25;100.75;93.25
99;100.25;98.25;100.75;93.25
99;100.25;98.25;100.25;98.5
99;100.25;98.25;100.25;98.5
99;100.25;98.25;100.25;98.5
99;100.25;98.25;100.25;98.5
99;100.25;97.75;100.25;98.5
98.5;100.25;97.75;100.25;98
98.5;99.75;97.75;100.25;97.5
98.5;99.75;97.75;100.25;97
98.5;99.75;97.75;100.25;96.5
98.5;99.75;97.75;100.25;96.5
98.5;99.75;97.75;100.25;96.5
98.5;99.75;97.75;99.75;96
98.5;99.75;97.75;99.75;96
98;99.75;97.25;99.75;96
98;99.75;97.25;99.75;95.5
98;99.75;97.25;99.75;95
98;99.75;97.25;99.75;95
98;99.25;97.25;99.75;95
98;99.25;97.25;99.75;95
98;99.25;97.25;99.25;95
97.5;99.25;97.25;99.25;94.5
97.5;99.25;97.25;104.5;94.5
97.5;99.25;97.25;104.5;94.5
97.5;99.25;97.25;104.5;94.5
97.5;98.75;97.25;104.5;94.5
97.5;98.75;97.25;104.5;94.5
97.5;98.75;97.25;104;94.5
97;98.75;97.25;103.5;94.5
97;104;97.25;103.5;94.5
102.25;104;96.75;103.5;94.5
101.75;104;96.75;103;94.5
101.75;103.5;96.75;103;94.5
101.25;103.5;96.75;102;94.5
100.25;103;96.75;102;94
99.75;102.5;96.75;102;94
99.25;102;96.75;102;94
99.25;101.5;101.5;101.5;94
99.25;101.5;101.5;101.5;94
98.75;101.5;101.5;101.5;94
98.75;101;100.5;101.5;94
98.75;101;100.5;101.5;94
98.75;101;100.5;101.5;94
98.75;101;100;101.5;94
98.25;100.5;100;101.5;94
98.25;100.5;100;101;94
98.25;100.5;99.5;101;94
98.25;100.5;99;101;94
98.25;100.5;99;100.5;94
98.25;100.5;98.5;100.5;93.5
98.25;100.5;98.5;100.5;93.5
97.75;100;98.5;100.5;93.5
97.75;100;98.5;100;93.5
97.75;100;98;100;93.5
97.75;100;98;100;93.5
97.75;100;98;100;93.5
97.75;100;98;100;93
97.75;100;98;100;93
97.75;100;98;100;98.25
97.75;100;98;100;98.25
97.75;99.5;98;100;98.25
97.75;99.5;98;100;98.25
97.25;99.5;97.5;100;97.25
97.25;99.5;97.5;100;96.25
97.25;99.5;97.5;100;96.25
97.25;99.5;97.5;100;95.75
97.25;99;97.5;100;95.75
96.75;99;97.5;99.5;95.25
96.75;99;97.5;99.5;95.25
96.75;99;97.5;99.5;95.25
96.75;98.5;97.5;99.5;94.75
102;98.5;97.5;99.5;94.75
101.5;103.75;97.5;99;94.75
101;103.75;97.5;104.25;94.75
100.5;103.75;97;104.25;94.75
99.5;102.75;97;104.25;94.75
99.5;102.25;97;104.25;94.75
99.5;102.25;97;104.25;94.75
99;102.25;97;104.25;94.75
99;101.75;97;104.25;94.75
99;101.75;97;103.25;94.75
99;101.75;96.5;103.25;94.75
99;101.75;96.5;102.75;94.75
98.5;101.75;96.5;102.75;94.25
98.5;101.25;96.5;102.25;94.25
98.5;101.25;96.5;102.25;94.25
98.5;101.25;96.5;102.25;94.25
98.5;101.25;96.5;101.75;94.25
98.5;100.75;96.5;101.25;94.25
98;100.75;96.5;101.25;93.75
98;100.75;96.5;101.25;93.75
98;100.75;96.5;101.25;93.75
98;100.25;96.5;101.25;93.75
98;100.25;96.5;101.25;93.75
98;100.25;96.5;101.25;93.75
98;100.25;96;100.75;93.75
98;100.25;96;100.75;93.75
98;100.25;101.25;100.75;93.75
98;100.25;101.25;100.75;93.75
98;99.75;101.25;100.75;93.75
97.5;99.75;101.25;100.75;93.75
97.5;99.75;101.25;100.75;93.25
97.5;99.75;101.25;100.75;93.25
97.5;99.25;101.25;100.75;93.25
97.5;99.25;101.25;100.25;93.25
97.5;99.25;101.25;100.25;98
97.5;99.25;101.25;100.25;98
97.5;99.25;101.25;100.25;98
97.5;99.25;101.25;100.25;98
97.5;99.25;101.25;100.25;97.5
97.5;98.75;100.75;100.25;97
97.5;98.75;100.25;100.25;97
97.5;98.75;100.25;100.25;97
97;98.75;99.75;100.25;96.5
97;98.75;99.25;100.25;96.5
97;98.75;98.75;100.25;96.5
97;98.75;98.75;100.25;96
97;98.75;98.25;100.25;96
97;98.75;98.25;99.75;96
97;98.75;97.75;99.75;96
97;98.75;97.75;99.75;95.5
97;98.75;97.75;99.75;95
97;98.25;97.75;99.75;95
97;98.25;97.75;99.75;95
96.5;98.25;97.75;99.25;95
96.5;103.5;97.75;99.25;95
96.5;103.5;97.75;99.25;95
95;103.5;97.25;99.25;95
101.75;102.5;97.25;98.75;94.5
101.75;101.5;97.25;104;94.5
101.25;101;97.25;104;94.5
100.25;101;97.25;104;94
100.25;101;96.75;104;94
99.75;100.5;96.75;104;94
99.25;100.5;96.75;104;94
99.25;100.5;96.75;101;94
99.25;100.5;96.75;100.5;94
98.75;100.5;96.75;100.5;93.5
98.75;100;96.75;100.5;93.5
98.75;100;96.75;100;93.5
98.75;100;96.75;100;93.5
98.25;100;96.25;100;93.5
98.25;100;96.25;100;93.5
98.25;100;96.25;100;93.5
98.25;100;96.25;100;93.5
98.25;99.5;96.25;100;93.5
98.25;99.5;96.25;100;93.5
97.75;99.5;96.25;100;93.5
97.75;99.5;96.25;100;93
97.75;99.5;96.25;100;93
97.75;99.5;96.25;99.5;93
97.75;99.5;96.25;99.5;93
97.75;99.5;95.75;99.5;93
97.75;99.5;95.75;99.5;97.75
97.25;99.5;95.75;99.5;97.75
97.25;99.5;101;99.5;97.75
97.25;99.5;101;99.5;96.75
97.25;99.5;101;99;96.75
97.25;99.5;101;99;96.75
97.25;99.5;101;99;96.75
97.25;99.5;101;99;95.75
97.25;99;101;98.5;95.75
97.25;99;101;98.5;95.75
97.25;99;101;103.75;95.75
97.25;99;100;103.75;95.75
97.25;99;100;103.75;95.25
97.25;99;99.5;103.75;95.25
97.25;99;99.5;103.75;95.25
97.25;98.5;99;102.75;94.75
97.25;98.5;99;102.75;94.75
96.75;98.5;99;101.75;94.75
96.75;98.5;98.5;101.75;94.25
96.75;98.5;98;101.75;94.25
96.75;98;98;101.25;94.25
96.75;98;97.5;101.25;94.25
96.75;98;97.5;101.25;94.25
96.75;103.25;97.5;101.25;93.75
101.5;103.25;97.5;101.25;93.75
101.5;103.25;97.5;100.75;93.75
101.5;103.25;97.5;100.75;93.75
101.5;103.25;97.5;100.75;93.75
100.5;103.25;97;100.25;93.25
100.5;103.25;97;100.25;93.25
100;102.75;97;100.25;93.25
99;102.25;97;100.25;93.25
99;102.25;96.5;100.25;93.25
99;102.25;96.5;99.75;93.25
99;102.25;96.5;99.75;93.25
99;101.75;96.5;99.75;93.25
98.5;101.25;96.5;99.75;93.25
98.5;101.25;96.5;99.75;93.25
98;101.25;96.5;99.75;93.25
98;101.25;96;99.75;92.75
98;100.75;96;99.25;92.75
98;100.75;96;99.25;92.75
98;100.75;96;99.25;92.75
98;100.25;96;99.25;92.75
98;100.25;100.75;99.25;92.75
97.5;100.25;100.75;99.25;92.75
97.5;99.75;100.75;99.25;92.25
97.5;99.75;100.75;99.25;97.5
97.5;99.75;100.75;99.25;97.5
97.5;99.25;100.75;99.25;97.5
97;99.25;100.75;98.75;97.5
97;99.25;100.75;98.75;97.5
97;99.25;100.75;98.75;97.5
97;99.25;100.75;98.75;97.5
97;99.25;99.75;98.75;97.5
97;99.25;99.25;98.75;97
97;99.25;98.75;98.75;96.5
97;99.25;98.25;98.75;95.5
97;99.25;97.25;98.75;95
97;99.25;97.25;98.75;94.5
97;98.75;97.25;98.75;94.5
97;98.75;96.75;98.75;94.5
97;98.75;96.75;98.75;94.5
96.5;98.75;96.75;98.25;94.5
96.5;98.75;96.75;98.25;94
96.5;98.75;96.75;103.5;94
96.5;98.75;96.75;103.5;94
96.5;98.75;96.25;103.5;94
96.5;98.75;96.25;103.5;94
96;98.75;96.25;103.5;94
96;98.75;96.25;103.5;93.5
101.25;98.75;96.25;103;93.5
100.75;98.25;96.25;102;93.5
98.75;98.25;96.25;102;93.5
98.75;98.25;96.25;101.5;93.5
98.75;98.25;96.25;101.5;93.5
98.75;98.25;96.25;101.5;93.5
98.25;98.25;95.75;100.5;93.5
98.25;98.25;95.75;100.5;93.5
98.25;98.25;95.75;100.5;93.5
97.75;98.25;95.75;100.5;93.5
97.75;98.25;95.75;100.5;93.5
97.75;98.25;95.75;100.5;93.5
97.75;98.25;95.75;100;93
97.25;97.75;95.75;100;93
97.25;103;95.25;100;93
97.25;103;100.5;100;93
97.25;103;100.5;100;93
97.25;103;100.5;100;93
96.75;103;100.5;99.5;93
96.75;103;100.5;99.5;93
96.75;103;100.5;99.5;93
96.75;103;100.5;99.5;93
96.75;103;100.5;99.5;93
96.75;103;100.5;99.5;92.5
96.75;103;100.5;99.5;92.5
96.75;102.5;100.5;99.5;92.5
96.75;102.5;100.5;99.5;92.5
96.75;102.5;100.5;99;92.5
96.75;101;100.5;99;92
96.75;101;100.5;99;92
96.25;100.5;100;99;97.25
96.25;100;100;99;97.25
96.25;100;100;99;97.25
96.25;100;100;99;97.25
96.25;100;100;99;97.25
96.25;99.5;99.5;99;97.25
96.25;99.5;99;99;97.25
96.25;99.5;99;99;97.25
96.25;99.5;98.5;99;97.25
96.25;99.5;98.5;99;97.25
96.25;99.5;98;99;95.25
96.25;99.5;98;98.5;94.75
95.75;99;97.5;98.5;94.75
95.75;99;97.5;103.25;94.75
95.75;99;97.5;103.25;94.25
101;99;97.5;103.25;94.25
101;99;97.5;103.25;94.25
101;99;97.5;103.25;94.25
100.5;99;97.5;103.25;93.75
99;99;97.5;103.25;93.75
99;99;97.5;103.25;93.75
99;99;97;103.25;93.75
98.5;99;97;102.75;93.75
98.5;98.5;97;102.25;93.75
98.5;98.5;97;101.75;93.75
98.5;98.5;97;101.25;93.75
98;98.5;97;101.25;93.75
98;98.5;97;101.25;93.75
98;98.5;96.5;100.75;93.75
98;98.5;96.5;100.75;93.25
97.5;98;96.5;100.25;93.25
97.5;98;96.5;100.25;93.25
97.5;98;96.5;100.25;93.25
97.5;98;96.5;100.25;93.25
97.5;98;96.5;100.25;93.25
97.5;98;96.5;100.25;92.75
97.5;98;96;100.25;92.75
97.5;98;96;99.75;92.75
97.5;98;96;99.75;92.75
97;98;96;99.75;92.75
97;98;96;99.75;92.25
97;98;95.5;99.75;91.75
97;97.5;95.5;99.75;97
97;102.75;95.5;99.25;97
97;102.75;95.5;99.25;97
97;102.75;95.5;99.25;97
97;102.75;95.5;99.25;97
97;102.75;95;99.25;97
97;102.75;95;99.25;97
97;102.75;95;98.75;97
97;102.25;100.25;98.75;96.5
97;101.75;100.25;98.75;96
96.5;101.25;100.25;98.75;96
96.5;101.25;100.25;98.75;96
96.5;101.25;100.25;98.75;96
96.5;101.25;100.25;98.25;95
96.5;101.25;100.25;98.25;95
96.5;101.25;100.25;98.25;94.5
96.5;100.75;100.25;98.25;94.5
96.5;100.75;99.25;98.25;94.5
96.5;99.75;99.25;98.25;94
96.5;99.75;99.25;103;94
96.5;99.75;98.75;103;94
96.5;99.75;98.75;103;94
96.5;99.75;98.25;103;94
96.5;99.75;98.25;103;94
96.5;99.75;98.25;103;94
96;99.75;98.25;103;93.5
96;99.25;97.75;103;93.5
96;99.25;97.75;102.5;93.5
96;99.25;97.25;102.5;93.5
96;99.25;97.25;102;93.5
96;98.75;97.25;101.5;93.5
96;98.75;97.25;101;93.5
96;98.75;96.75;101;93.5
96;98.75;96.75;100.5;93.5
95.5;98.75;96.75;100.5;93.5
100.75;98.75;96.75;100;93.5
100.75;98.75;96.75;100;93.5
100.75;98.75;96.75;100;93
100.25;98.75;96.75;100;93
99.25;98.75;96.25;100;93
99.25;98.75;96.25;100;93
98.75;98.25;96.25;100;93
98.75;98.25;96.25;100;93
98.75;98.25;96.25;99.5;93
98.75;98.25;96.25;99.5;93
98.25;98.25;96.25;99.5;93
97.75;98.25;96.25;99.5;93
97.75;97.75;96.25;99.5;93
97.75;97.75;96.25;99.5;93
97.75;97.75;95.75;99.5;93
97.75;97.75;95.75;99.5;93
97.75;97.75;95.75;99.5;92.5
97.25;97.75;95.75;99;92.5
97.25;97.75;95.75;99;92.5
97.25;97.75;95.75;99;92.5
97.25;102.5;95.75;99;92.5
97.25;102.5;95.75;99;92.5
97.25;102.5;95.25;99;92.5
97.25;102.5;95.25;99;92.5
97.25;102.5;95.25;98.5;92
97.25;102.5;95.25;98.5;92
96.75;102.5;95.25;98.5;92
96.75;102.5;94.75;98.5;92
96.75;102.5;100;98.5;92
96.75;102.5;100;98.5;96.75
96.75;102;100;98.5;96.75
96.75;101.5;100;98.5;96.25
96.75;101;100;98.5;95.75
96.75;101;100;98.5;95.75
96.75;101;100;98.5;95.25
96.75;99.5;100;98.5;95.25
96.75;99.5;100;98;94.75
96.75;99.5;100;98;94.75
96.75;99.5;100;97.5;94.75
96.75;99.5;99.5;102.75;94.75
96.75;99;98;102.75;94.75
96.25;99;97.5;102.75;93.75
96.25;99;97.5;102.75;93.75
96.25;98.5;97.5;102.75;93.75
96.25;98.5;97.5;101.75;93.75
96.25;98.5;97.5;101.75;93.75
96.25;98.5;97;101.25;93.75
96.25;98.5;97;100.75;93.75
96.25;98.5;97;100.25;93.75
96.25;98.5;97;100.25;93.25
96.25;98.5;97;99.75;93.25
96.25;98.5;97;99.75;93.25
95.75;98.5;97;99.75;93.25
95.75;98.5;96.5;99.75;93.25
95.75;98.5;96.5;99.25;93.25
95.75;98;96.5;99.25;93.25
95.75;98;96.5;99.25;93.25
95.75;98;96.5;99.25;93.25
95.75;98;96;99.25;92.75
95.25;98;96;99.25;92.75
100.5;98;96;98.75;92.75
99.5;98;96;98.75;92.75
99;98;96;98.75;92.75
98.5;98;96;98.75;92.75
98.5;98;96;98.75;92.75
98;97.5;96;98.75;92.75
97.5;97.5;96;98.75;92.75
97.5;97.5;95.5;98.75;92.75
97.5;97.5;95.5;98.75;92.75
97;97.5;95.5;98.75;92.75
97;97.5;95.5;98.75;92.25
97;97.5;95.5;98.75;92.25
97;97.5;95.5;98.75;92.25
97;97.5;95.5;98.75;92.25
97;97.5;95.5;98.75;92.25
96.5;97.5;95.5;98.75;92.25
96.5;97.5;95;98.75;92.25
96.5;97;95;98.75;92.25
96.5;102.25;95;98.25;92.25
96.5;102.25;95;98.25;92.25
96.5;102.25;95;98.25;92.25
96;102.25;95;98.25;91.75
96;102.25;94.5;98.25;91.75
96;102.25;99.75;98.25;91.75
96;101.75;99.75;97.75;91.75
96;101.25;99.75;97.75;91.75
96;101.25;99.75;97.75;91.75
96;101.25;99.75;97.75;91.75
96;101.25;99.75;97.75;91.25
96;100.75;99.75;97.75;96.5
96;100.75;99.75;97.25;96.5
96;100.75;99.75;102.5;96.5
95.5;100.25;98.75;102.5;96.5
95.5;100.25;98.25;102.5;96.5
95.5;100.25;98.25;102.5;96.5
95.5;100.25;97.75;102;96.5
95;99.75;97.75;101;96.5
100.25;99.75;97.25;100;96.5
100.25;99.75;97.25;100;96.5
100.25;99.75;97.25;100;96.5
99.25;99.25;96.75;100;96.5
98.75;99.25;96.75;100;96.5
98.75;99.25;96.75;99.5;96
97.75;99.25;96.25;99.5;95.5
97.75;99.25;96.25;99.5;95
97.75;98.75;96.25;99;94.5
97.25;98.75;96.25;99;94.5
97.25;98.75;96.25;99;94.5
97.25;98.75;96.25;99;94.5
96.75;98.75;96.25;99;94
96.75;98.25;96.25;98.5;94
96.75;98.25;96.25;98.5;94
96.25;98.25;96.25;98.5;94
96.25;98.25;96.25;98.5;93.5
96.25;98.25;95.75;98.5;93.5
96.25;98.25;95.75;98.5;93.5
96.25;98.25;95.75;98.5;93.5
96.25;98.25;95.75;98.5;93.5
96.25;98.25;95.25;98.5;93.5
96.25;98.25;95.25;98.5;93.5
95.75;98.25;95.25;98.5;93.5
95.75;98.25;95.25;98.5;93.5
95.75;98.25;95.25;98.5;93.5
95.75;98.25;95.25;98.5;93
95.75;98.25;95.25;98.5;93
95.75;98.25;95.25;98.5;93
95.75;97.75;95.25;98.5;93
95.75;97.75;95.25;98;92.5
95.75;97.75;95.25;98;92.5
95.25;97.75;95.25;98;92.5
95.25;97.75;95.25;98;92.5
95.25;97.75;95.25;98;92.5
95.25;97.75;94.75;98;92.5
95.25;97.75;94.75;98;92.5
95.25;97.25;94.75;98;92.5
95.25;97.25;94.75;97.5;92.5
95.25;97.25;94.75;97.5;92
94.75;97.25;99.5;97.5;92
100;97.25;99.5;97.5;92
99;97.25;99.5;97.5;92
98;97.25;99.5;97.5;92
97.5;96.75;99.5;97;92
97.5;102;99.5;102.25;92
97.5;102;99.5;102.25;92
97;102;99.5;102.25;91.5
97;102;99.5;102.25;91.5
97;102;99.5;102.25;91.5
97;102;99;102.25;91.5
97;102;97.5;100.75;91.5
97;100.5;97.5;100.75;91.5
96.5;100.5;97.5;100.25;91.5
96.5;100;97;100.25;91.5
96.5;100;97;100.25;91.5
96.5;100;97;100.25;91.5
96.5;99.5;97;99.75;91.5
96.5;99.5;97;99.75;96.25
96.5;99.5;96.5;99.75;96.25
96.5;99.5;96;99.75;96.25
96.5;99.5;96;99.25;96.25
96;99.5;95.5;99.25;96.25
96;99;95.5;99.25;96.25
96;99;95.5;98.75;96.25
96;99;95.5;98.75;96.25
96;99;95.5;98.75;96.25
96;99;95.5;98.75;96.25
96;99;95.5;98.75;95.75
96;99;95.5;98.75;95.25
96;99;95.5;98.75;94.75
96;98.5;95.5;98.25;94.75
95.5;98.5;95.5;98.25;94.25
95.5;98.5;95;98.25;94.25
95.5;98.5;95;98.25;94.25
95.5;98.5;95;98.25;94.25
95.5;98.5;95;98.25;93.75
95.5;98;95;98.25;93.75
95.5;98;95;97.75;93.75
95.5;98;95;97.75;93.75
95.5;98;95;97.75;93.75
95.5;98;95;97.75;93.25
95.5;98;95;97.75;93.25
95.5;98;94.5;97.75;93.25
95.5;98;94.5;97.75;93.25
95.5;98;94.5;97.75;93.25
95;98;94.5;97.75;93.25
95;98;94.5;97.25;92.75
95;97.5;94;97.25;92.75
95;97.5;94;97.25;92.75
95;97.5;94;97.25;92.75
95;97.5;94;97.25;92.75
94.5;97.5;99.25;97.25;92.75
94.5;97;99.25;97.25;92.75
94.5;97;99.25;97.25;92.75
94.5;97;99.25;96.75;92.25
99.75;97;99.25;102;92.25
99.25;97;99.25;102;92.25
98.75;96.5;99.25;102;92.25
98.75;96.5;99.25;102;91.75
98.25;101.75;99.25;102;91.75
97.75;101.75;98.75;102;91.75
97.75;101.75;98.75;101;91.75
96.75;101.75;98.25;100;91.75
96.75;101.75;98.25;100;91.75
96.25;101.75;97.75;100;91.75
96.25;101.75;97.75;100;91.75
96.25;100.75;97.75;99.5;91.75
96.25;100.75;97.75;99.5;91.75
96.25;100.75;97.75;99.5;91.25
95.75;99.75;97.25;99;91.25
95.75;99.25;97.25;99;91.25
95.75;99.25;96.75;99;91.25
95.75;99.25;96.75;99;91.25
95.75;98.75;96.75;99;91.25
95.75;98.25;96.25;99;91.25
95.75;98.25;96.25;99;91.25
95.75;98.25;96.25;98.5;91.25
95.75;98.25;95.75;98.5;91.25
95.75;98.25;95.75;98.5;91.25
95.75;97.75;95.75;98.5;91.25
95.25;97.75;95.75;98.5;91.25
95.25;97.75;95.75;98.5;90.75
95.25;97.75;95.75;98.5;90.75
95.25;97.75;95.75;98.5;96
95.25;97.75;95.75;98;96
95.25;97.75;95.75;98;96
95.25;97.75;95.75;98;96
94.75;97.75;95.25;98;96
94.75;97.75;95.25;98;95.5
94.75;97.75;95.25;97.5;95
94.75;97.25;95.25;97.5;95
94.75;97.25;95.25;97.5;94.5
94.75;97.25;95.25;97.5;94.5
94.75;97.25;95.25;97.5;94
94.75;97.25;95.25;97.5;94
94.25;97.25;95.25;97.5;94
94.25;97.25;94.75;97.5;94
94.25;97.25;94.75;97.5;93.5
99.5;96.75;94.75;97.5;93.5
98.5;96.75;94.75;97.5;93.5
98;96.75;94.75;97;93
98;96.75;94.75;97;93
97.5;96.75;94.75;97;93
97.5;96.75;94.25;97;93
97;96.75;94.25;96.5;92.5
96.5;96.75;93.75;101.75;92.5
96.5;96.75;93.75;101.75;92.5
96.5;96.75;93.75;101.75;92.5
96.5;96.25;99;101.75;92.5
96.5;101.5;99;101.75;92.5
96.5;101.5;99;101.75;92.5
96;101.5;99;101.75;92.5
96;101.5;99;101.25;92.5
96;101.5;99;100.75;92.5
96;101;99;100.75;92
95.5;101;99;100.75;92
95.5;101;99;100.25;92
95.5;100.5;98.5;99.75;92
95.5;100.5;97.5;99.25;92
95.5;100;97;99.25;92
95.5;100;96.5;99.25;92
95.5;100;96.5;99.25;92
95.5;100;96;98.75;91.5
95.5;99.5;96;98.75;91.5
95.5;99;96;98.75;91.5
95.5;99;96;98.25;91.5
95.5;98.5;96;98.25;91.5
95.5;98.5;96;98.25;91.5
95;98.5;96;98.25;91.5
95;98.5;96;98.25;91.5
95;98.5;95.5;98.25;91.5
95;98.5;95.5;98.25;91.5
95;98.5;95.5;98.25;91.5
95;98.5;95.5;97.75;91.5
95;98;95.5;97.75;91.5
95;98;95;97.75;91.5
95;98;95;97.75;91.5
95;98;95;97.75;91.5
95;98;95;97.75;91.5
95;98;95;97.75;91
95;98;95;97.75;91
94.5;98;95;97.75;91
94.5;97.5;95;97.75;91
94.5;97.5;95;97.75;91
94.5;97.5;95;97.75;91
94.5;97.5;94.5;97.25;91
94.5;97.5;94.5;97.25;95.75
94;97.5;94.5;97.25;95.75
94;97.5;94.5;97.25;95.75
94;97.5;94.5;97.25;95.75
94;97.5;94.5;97.25;95.75
94;97.5;94.5;97.25;95.75
94;97.5;94.5;97.25;94.75
99.25;97.5;94.5;96.75;94.25
99.25;97.5;94.5;96.75;94.25
97.75;97.5;94;96.75;93.75
97.25;97.5;94;96.75;93.75
97.25;97.5;94;96.75;93.75
97.25;97.5;94;96.75;93.25
97.25;97.5;94;96.75;93.25
97.25;97;94;96.25;93.25
96.75;97;94;96.25;93.25
96.75;97;98.75;96.25;92.75
96.25;97;98.75;96.25;92.75
96.25;97;98.75;101.5;92.25
96.25;97;98.75;101.5;92.25
96.25;97;98.75;101.5;92.25
96.25;97;98.75;101.5;92.25
96.25;97;98.75;101.5;92.25
95.75;97;97.75;101.5;92.25
95.75;97;97.75;101.5;92.25
95.75;96.5;97.75;101.5;91.75
95.75;96.5;97.75;101.5;91.75
95.75;96.5;97.25;101.5;91.75
95.75;96.5;97.25;101.5;91.75
95.75;96.5;97.25;101;91.75
95.25;96.5;96.75;101;91.75
95.25;96.5;96.75;100.5;91.75
95.25;96;96.25;100.5;91.75
95.25;96;96.25;100.5;91.75
95.25;101.25;96.25;100.5;91.75
95.25;101.25;95.75;100;91.75
95.25;101.25;95.75;100;91.75
95.25;101.25;95.75;99.5;91.25
95.25;101.25;95.75;99.5;91.25
95.25;101.25;95.75;99.5;91.25
95.25;101.25;95.25;99.5;91.25
95.25;101.25;95.25;99;91.25
94.75;101.25;95.25;99;91.25
94.75;99.75;95.25;99;91.25
94.75;99.75;94.75;99;91.25
94.75;99.75;94.75;98.5;90.75
94.75;99.25;94.75;98.5;90.75
94.75;98.75;94.75;98.5;90.75
94.75;98.75;94.75;98;90.25
94.75;98.25;94.75;98;95.5
94.75;98.25;94.75;98;95.5
94.75;98.25;94.75;98;95.5
94.25;97.75;94.75;98;95.5
94.25;97.75;94.75;98;95.5
94.25;97.75;94.75;98;95.5
94.25;97.25;94.75;98;95.5
94.25;97.25;94.75;98;94.5
94.25;97.25;94.25;98;94
94.25;97.25;94.25;97.5;94
94.25;97.25;94.25;97.5;93.5
94.25;97.25;94.25;97.5;93.5
94.25;96.75;94.25;97.5;93.5
94.25;96.75;93.75;97.5;93.5
94.25;96.75;93.75;97.5;93
94.25;96.75;93.75;97.5;93
93.75;96.75;93.75;97.5;92.5
93.75;96.75;93.75;97.5;92.5
99;96.75;93.75;97.5;92.5
99;96.75;93.75;97.5;92.5
98;96.75;93.75;97.5;92.5
98;96.75;93.25;97.5;92.5
98;96.75;98.5;97;92.5
97.5;96.25;98.5;97;92.5
97;96.25;98.5;97;92.5
97;96.25;98.5;97;92.5
96;96.25;98.5;97;92
96;96.25;98;97;92
96;96.25;98;97;92
96;96.25;98;97;92
95.5;96.25;97.5;97;92
95.5;96.25;97.5;97;92
95.5;95.75;97.5;97;92
95.5;101;97;96.5;92
95.5;101;97;96.5;92
95.5;101;96.5;101.25;92
95.5;100.5;96.5;101.25;92
95.5;100.5;96.5;101.25;92
95.5;100.5;96.5;101.25;91.5
95;100.5;96;101.25;91.5
95;100;96;101.25;91.5
95;99.5;96;101.25;91.5
95;99.5;96;101.25;91.5
95;99.5;96;101.25;91.5
95;99;95.5;99.75;91.5
95;99;95.5;99.75;91.5
95;99;95.5;99.75;91.5
95;98.5;95.5;99.75;91.5
95;98.5;95.5;99.25;91.5
95;98.5;95.5;99.25;91.5
95;98;95.5;98.75;91.5
95;98;95;98.75;91.5
95;98;95;98.75;91.5
95;98;95;98.25;91.5
95;98;95;98.25;91.5
94.5;98;95;97.75;91
94.5;98;95;97.75;91
94.5;98;95;97.75;91
94.5;97.5;95;97.75;91
94.5;97.5;95;97.75;91
94.5;97.5;94.5;97.75;91
94.5;97.5;94.5;97.75;91
94.5;97.5;94.5;97.75;91
94;97.5;94.5;97.75;91
94;97.5;94.5;97.25;91
94;97;94.5;97.25;91
94;97;94.5;97.25;91
94;97;94.5;97.25;90.5
94;97;94.5;97.25;90.5
94;97;94;97.25;90.5
94;97;94;97.25;90.5
94;97;94;97.25;90.5
94;97;94;97.25;90.5
94;97;94;97.25;95.25
93.5;97;94;97.25;95.25
93.5;96.5;94;97.25;95.25
93.5;96.5;94;97.25;95.25
98.75;96.5;94;97.25;95.25
98.75;96.5;94;97.25;94.25
97.75;96.5;93.5;97.25;94.25
97.25;96.5;93.5;97.25;93.75
97.25;96.5;93.5;97.25;93.75
96.75;96.5;98.25;97.25;93.75
96.25;96;98.25;96.75;93.25
96.25;96;98.25;96.75;93.25
96.25;96;98.25;96.75;93.25
96.25;96;98.25;96.75;93.25
95.75;96;98.25;96.75;92.75
95.75;96;98.25;96.75;92.75
95.75;96;97.75;96.75;92.75
95.25;96;97.25;96.75;92.75
95.25;96;97.25;96.75;92.75
95.25;96;96.75;96.75;92.25
95.25;96;96.25;96.75;92.25
94.75;100.75;96.25;96.25;92.25
94.75;100.75;96.25;96.25;92.25
94.75;100.75;96.25;96.25;92.25
94.75;100.75;96.25;96.25;91.75
94.75;100.75;96.25;96.25;91.75
94.75;100.75;96.25;95.75;91.75
94.75;100.75;95.75;101;91.75
94.75;100.75;95.75;101;91.75
94.25;100.75;95.75;101;91.75
94.25;100.75;95.75;101;91.25
94.25;100.75;95.25;101;91.25
94.25;100.25;95.25;101;91.25
94.25;99.75;95.25;100.5;91.25
94.25;99.75;95.25;100.5;91.25
94.25;99.25;95.25;100.5;91.25
94.25;99.25;95.25;100;91.25
94.25;98.75;95.25;100;91.25
94.25;98.75;95.25;100;91.25
94.25;98.25;95.25;100;91.25
94.25;98.25;94.75;99.5;91.25
94.25;97.75;94.75;99.5;91.25
93.75;97.75;94.75;99;91.25
93.75;97.75;94.75;99;91.25
93.75;97.75;94.75;98.5;90.75
93.75;97.75;94.25;98.5;90.75
93.75;97.75;94.25;98.5;90.75
93.75;97.25;94.25;98.5;90.75
93.75;97.25;94.25;98;90.75
93.75;97.25;94.25;98;90.75
93.75;97.25;94.25;98;90.75
93.75;97.25;94.25;98;90.75
93.75;97.25;94.25;97.5;90.75
93.75;96.75;94.25;97.5;90.75
93.75;96.75;94.25;97.5;90.25
93.75;96.75;94.25;97.5;90.25
93.75;96.75;94.25;97.5;90.25
93.25;96.75;94.25;97.5;90.25
93.25;96.75;93.75;97.5;90.25
93.25;96.75;93.75;97.5;90.25
93.25;96.75;93.75;97;90.25
98;96.75;93.75;97;90.25
96.5;96.25;93.75;97;90.25
96;96.25;93.75;97;90.25
96;96.25;93.75;97;90.25
96;96.25;93.75;97;89.75
96;96.25;93.75;97;89.75
96;96.25;93.75;97;95
95.5;95.75;93.75;96.5;95
95.5;95.75;93.75;96.5;95
95.5;95.75;93.75;96.5;95
95.5;95.75;93.75;96.5;95
95.5;95.75;93.25;96.5;95
95;95.75;93.25;96.5;95
95;95.25;93.25;96.5;95
95;100.5;93.25;96.5;95
95;100.5;93.25;96.5;95
95;100.5;92.75;96.5;95
95;100.5;98;96.5;94.5
95;100.5;98;96.5;94.5
95;100.5;98;96;93.5
95;100.5;98;96;93.5
95;100.5;98;96;93.5
94.5;100.5;98;96;93
94.5;100;98;96;93
94.5;99.5;98;96;93
94.5;99.5;98;96;93
94.5;99.5;98;96;93
94.5;99;98;95.5;92.5
94.5;99;98;100.75;92
94.5;99;98;100.75;92
94;98.5;98;100.75;92
94;98.5;97.5;100.75;92
94;98.5;97;100.75;92
94;98;97;100.25;92
94;98;97;99.75;91.5
94;98;96.5;99.25;91.5
94;98;96.5;99.25;91.5
94;98;96.5;99.25;91.5
94;97.5;96;98.75;91.5
94;97.5;95.5;98.75;91.5
94;97.5;95.5;98.75;91.5
94;97.5;95.5;98.75;91.5
94;97.5;95;98.25;91.5
94;97.5;95;98.25;91.5
93.5;97.5;95;97.75;91
93.5;97.5;95;97.75;91
93.5;97;94.5;97.75;91
93.5;97;94.5;97.75;91
93.5;97;94.5;97.75;91
93.5;97;94.5;97.75;90.5
93.5;97;94.5;97.25;90.5
93.5;97;94.5;97.25;90.5
93.5;97;94.5;97.25;90.5
93;97;94.5;97.25;90.5
98.25;97;94.5;97.25;90.5
98.25;96.5;94.5;97.25;90.5
97.25;96.5;94;96.75;90.5
96.25;96.5;94;96.75;90.5
96.25;96.5;94;96.75;90.5
96.25;96.5;94;96.75;90
96.25;96.5;94;96.75;90
95.75;96.5;94;96.75;90
95.75;96.5;94;96.75;90
95.25;96.5;94;96.75;90
95.25;96.5;94;96.25;90
95.25;96.5;94;96.25;90
95.25;96.5;94;96.25;90
95.25;96.5;94;96.25;89.5
95.25;96.5;93.5;96.25;94.75
95.25;96;93.5;96.25;94.75
95.25;96;93.5;96.25;94.75
95.25;96;93.5;95.75;94.75
95.25;96;93.5;95.75;94.75
95.25;96;93.5;95.75;94.75
94.75;96;93.5;95.75;94.75
94.75;96;93.5;95.75;94.75
94.75;96;93.5;95.25;94.25
94.75;96;93.5;95.25;93.75
94.75;95.5;93.5;100.5;93.75
94.75;95.5;93.5;100.5;93.75
94.25;95.5;93;100.5;93.75
94.25;95.5;93;100.5;93.25
94.25;95.5;93;100.5;92.75
94.25;95.5;93;100.5;92.25
94.25;95.5;92.5;100.5;91.75
94.25;95;92.5;100.5;91.75
94.25;100.25;97.75;100.5;91.75
94.25;100.25;97.75;100.5;91.75
94.25;100.25;97.75;100.5;91.75
94.25;100.25;97.75;100.5;91.25
94.25;100.25;97.75;100;91.25
93.75;100.25;97.75;99.5;91.25
93.75;99.75;97.75;99.5;91.25
93.75;99.75;97.75;99.5;91.25
93.75;99.75;97.75;99.5;91.25
93.75;99.25;97.75;99;91.25
93.75;98.75;96.75;98.5;91.25
93.75;98.75;96.75;98.5;91.25
93.75;98.75;96.25;98.5;91.25
93.75;98.75;96.25;98.5;91.25
93.75;98.25;96.25;98.5;90.75
93.75;97.75;96.25;98.5;90.75
93.75;97.75;96.25;98.5;90.75
93.75;97.75;95.75;98.5;90.75
93.75;97.75;95.75;98;90.75
93.75;97.75;95.25;98;90.75
93.75;97.75;95.25;98;90.75
93.75;97.25;95.25;97.5;90.75
93.25;97.25;94.75;97.5;90.25
93.25;97.25;94.75;97.5;90.25
93.25;97.25;94.75;97.5;90.25
93.25;96.75;94.75;97.5;90.25
93.25;96.75;94.75;97;90.25
93.25;96.75;94.25;97;90.25
93.25;96.75;94.25;97;90.25
92.75;96.75;94.25;97;90.25
92.75;96.75;94.25;97;90.25
92.75;96.75;94.25;97;89.75
98;96.75;94.25;97;89.75
98;96.75;94.25;96.5;89.75
97.5;96.75;94.25;96.5;89.75
97.5;96.25;93.75;96.5;89.75
97.5;96.25;93.75;96.5;89.75
96.5;96.25;93.75;96.5;89.75
96.5;96.25;93.75;96.5;89.25
96.5;96.25;93.75;96.5;89.25
96;96.25;93.75;96.5;94.5
96;96.25;93.75;96.5;94.5
95;96.25;93.75;96.5;94.5
95;96.25;93.75;96.5;94.5
95;96.25;93.75;96.5;94.5
95;96.25;93.75;96;94.5
94.5;96.25;93.25;96;94.5
94.5;96.25;93.25;96;94
94.5;96.25;93.25;96;94
94.5;96.25;93.25;96;94
94.5;96.25;93.25;96;93.5
94.5;96.25;93.25;96;93.5
94.5;96.25;93.25;96;93
94.5;95.75;93.25;96;93
94.5;95.75;92.75;96;93
94.5;95.75;97.5;96;93
94;95.75;97.5;96;92.5
94;95.75;97.5;96;92.5
94;95.75;97.5;96;92
94;95.75;97.5;96;91.5
94;95.75;97.5;95.5;91
94;95.75;97.5;95.5;91
94;95.75;97.5;95.5;91
93.5;95.75;97.5;95.5;91
93.5;95.75;97.5;100.25;91
93.5;95.75;97.5;100.25;91
93.5;95.75;97.5;100.25;91
93.5;95.75;97.5;100.25;91
93.5;95.75;97.5;100.25;91
93.5;95.75;97.5;100.25;91
93.5;95.25;97.5;100.25;91
93.5;95.25;97;100.25;90.5
93.5;95.25;96;100.25;90.5
93.5;95.25;96;100.25;90.5
93;95.25;96;100.25;90.5
93;94.75;95.5;100.25;90.5
93;100;95.5;99.75;90.5
93;100;95;99.25;90.5
93;100;95;99.25;90.5
93;100;95;99.25;90.5
93;100;95;98.75;90.5
93;100;95;98.75;90.5
93;100;95;98.25;90
92.5;100;94.5;98.25;90
92.5;100;94.5;98.25;90
92.5;100;94.5;97.75;90
92.5;100;94.5;97.75;90
97.75;100;94;97.25;90
97.75;100;94;97.25;90
97.75;100;94;96.75;90
97.75;99.5;94;96.75;89.5
97.75;99.5;94;96.75;89.5
96.25;99.5;94;96.75;89.5
96.25;99;94;96.75;89.5
95.75;98.5;94;96.75;89.5
95.75;98.5;93.5;96.75;89.5
95.75;98;93.5;96.75;89
95.25;98;93.5;96.75;89
95.25;98;93.5;96.75;94.25
94.75;98;93.5;96.75;94.25
94.75;97.5;93.5;96.75;94.25
94.25;97.5;93.5;96.75;94.25
94.25;97.5;93.5;96.75;94.25
94.25;97.5;93.5;96.75;94.25
94.25;97.5;93.5;96.25;94.25
94.25;97.5;93.5;96.25;94.25
93.75;97.5;93;96.25;93.25
93.75;97;93;96.25;92.75
93.75;97;93;96.25;92.75
93.75;97;93;95.75;92.75
93.75;97;93;95.75;92.75
93.75;97;93;95.75;92.75
93.75;97;93;95.75;92.25
93.75;96.5;92.5;95.75;92.25
93.75;96.5;92.5;95.75;92.25
93.25;96.5;92.5;95.75;92.25
93.25;96.5;92.5;95.75;91.75
93.25;96.5;92.5;95.75;91.75
93.25;96;92.5;95.75;91.75
93.25;96;92.5;95.75;91.75
93.25;96;92.5;95.75;91.75
93.25;96;97.25;95.25;91.75
93.25;96;97.25;95.25;91.25
93.25;96;97.25;95.25;91.25
93.25;96;97.25;95.25;91.25
93.25;96;97.25;95.25;90.75
93.25;96;97.25;94.75;90.75
93.25;96;96.75;100;90.75
93.25;96;96.25;100;90.75
93.25;96;96.25;100;90.75
93.25;95.5;96.25;100;90.75
93.25;95.5;95.75;100;90.25
93.25;95.5;95.75;100;90.25
92.75;95.5;95.75;100;90.25
92.75;95.5;95.75;100;90.25
92.75;95.5;95.75;100;90.25
92.75;95.5;95.25;100;90.25
92.75;95.5;95.25;100;90.25
92.75;95.5;95.25;100;90.25
92.75;95.5;94.75;99.5;90.25
92.25;95.5;94.75;98;90.25
97.5;95.5;94.75;98;90.25
97.5;95;94.75;98;90.25
97;95;94.75;98;90.25
97;95;94.75;98;90.25
96.5;95;94.25;97.5;90.25
96.5;95;94.25;97.5;90.25
96.5;95;94.25;97;90.25
95.5;95;94.25;97;90.25
95;94.5;93.75;97;89.75
95;94.5;93.75;97;89.75
95;94.5;93.75;97;89.75
95;99.75;93.75;96.5;89.75
94.5;99.75;93.75;96.5;89.75
94.5;99.75;93.75;96.5;89.75
94.5;99.75;93.25;96.5;89.75
94.5;99.75;93.25;96.5;89.75
94;99.75;93.25;96.5;89.75
94;99.75;93.25;96.5;89.25
94;99.75;93.25;96.5;89.25
93.5;99.25;92.75;96.5;94
93.5;99.25;92.75;96;94
93.5;98.75;92.75;96;94
93.5;98.75;92.75;96;94
93.5;98.75;92.75;96;94
93.5;98.75;92.75;96;94
93.5;98.75;92.75;96;94
93.5;98.25;92.75;96;94
93.5;98.25;92.75;95.5;93.5
93.5;98.25;92.75;95.5;93
93.5;98.25;92.75;95.5;92.5
93.5;98.25;92.75;95.5;92
93.5;97.75;92.75;95.5;92
93.5;97.75;92.75;95.5;92
93;97.75;92.75;95.5;92
93;97.75;92.75;95.5;92
93;97.75;92.25;95.5;91.5
93;97.75;92.25;95;91.5
93;97.75;91.75;95;91.5
93;97.25;97;95;91.5
93;97.25;97;95;91
93;97.25;97;95;91
93;97.25;97;95;91
93;96.75;97;95;91
93;96.75;97;95;91
92.5;96.25;97;95;91
92.5;96.25;97;95;91
92.5;96.25;96.5;95;91
92.5;96.25;96;95;91
92.5;96.25;96;99.75;91
92.5;96.25;95.5;99.75;91
92;96.25;95.5;99.75;90.5
97.25;96.25;95.5;99.75;90.5
97.25;96.25;95;99.75;90.5
97.25;96.25;95;99.75;90.5
97.25;96.25;95;99.75;90.5
96.75;96.25;94.5;99.75;90.5
96.25;95.75;94;99.75;90.5
96.25;95.75;94;99.75;90
96.25;95.75;94;98.75;90
96.25;95.75;94;98.25;90
95.75;95.75;94;97.25;90
95.25;95.75;93.5;97.25;90
95.25;95.75;93.5;97.25;90
95.25;95.75;93.5;96.75;90
95.25;95.75;93.5;96.75;90
94.75;95.75;93.5;96.75;90
94.75;95.75;93.5;96.75;90
94.25;95.75;93;96.75;90
94.25;95.25;93;96.75;90
93.75;95.25;93;96.25;89.5
93.75;95.25;93;96.25;89.5
93.75;95.25;93;96.25;89.5
93.75;95.25;93;96.25;89.5
93.75;95.25;93;96.25;89.5
93.75;94.75;93;96.25;89.5
93.75;94.75;93;96.25;89
93.75;94.75;92.5;95.75;89
93.25;94.75;92.5;95.75;89
93.25;94.75;92.5;95.75;89
93.25;94.25;92.5;95.75;88.5
93.25;94.25;92.5;95.75;93.75
93.25;94.25;92.5;95.75;93.75
93.25;99.5;92.5;95.75;93.75
93.25;99.5;92.5;95.75;93.75
93.25;99.5;92;95.75;93.75
93.25;99.5;92;95.75;93.75
93.25;99.5;92;95.25;93.75
93.25;99.5;92;95.25;93.25
92.75;99;91.5;95.25;93.25
92.75;99;96.75;95.25;93.25
92.75;98.5;96.75;95.25;92.75
92.75;98.5;96.75;95.25;92.25
92.75;98.5;96.75;95.25;92.25
92.75;98.5;96.75;95.25;92.25
92.75;98;96.75;95.25;91.75
92.75;97.5;96.75;94.75;91.75
92.75;97.5;96.75;94.75;91.75
92.75;97.5;96.75;94.75;91.75
92.75;97;96.75;94.75;91.75
92.25;97;96.75;94.25;91.75
92.25;96.5;96.75;99.5;91.75
92.25;96.5;96.25;99.5;91.25
92.25;96.5;96.25;99.5;91.25
92.25;96.5;96.25;99.5;91.25
92.25;96.5;95.75;99.5;91.25
92.25;96.5;95.75;99.5;91.25
92.25;96;94.75;99.5;91.25
92.25;96;94.75;99;90.75
92.25;96;94.75;99;90.75
92.25;96;94.75;98.5;90.75
92.25;96;94.25;98.5;90.75
91.75;96;94.25;98;90.75
97;96;94.25;97.5;90.25
97;96;94.25;97;90.25
97;95.5;94.25;97;90.25
97;95.5;94.25;97;90.25
97;95.5;93.75;97;90.25
97;95.5;93.75;96.5;90.25
97;95.5;93.75;96.5;90.25
96.5;95.5;93.75;96.5;90.25
95.5;95.5;93.75;96.5;90.25
95;95.5;93.75;96.5;90.25
95;95;93.25;96.5;89.75
94.5;95;93.25;96;89.75
94.5;95;92.75;96;89.75
94.5;95;92.75;95.5;89.75
94;95;92.75;95.5;89.75
94;95;92.75;95.5;89.75
93.5;95;92.75;95.5;89.75
93.5;95;92.75;95.5;89.75
93.5;95;92.25;95.5;89.75
93.5;94.5;92.25;95.5;89.75
93.5;94.5;92.25;95.5;89.75
93.5;94.5;92.25;95.5;89.25
93;94.5;92.25;95.5;89.25
93;94.5;92.25;95;89.25
93;94.5;92.25;95;89.25
93;94.5;92.25;95;89.25
93;94;91.75;95;89.25
93;94;91.75;95;88.75
93;99.25;91.75;95;88.75
93;99.25;91.75;95;88.75
93;99.25;91.75;94.5;88.75
93;99.25;91.75;94.5;88.75
93;99.25;91.75;94.5;88.75
93;99.25;91.25;99.25;88.25
93;99.25;91.25;99.25;93.5
93;99.25;96.5;99.25;93.5
93;99.25;96.5;99.25;93.5
93;98.75;96.5;99.25;93.5
93;98.75;96.5;99.25;93.5
93;98.25;96.5;99.25;93.5
93;98.25;96.5;98.25;93.5
92.5;98.25;96.5;98.25;93.5
92.5;98.25;96;97.75;93.5
92.5;98.25;95.5;97.25;93.5
92.5;97.75;95.5;96.75;93.5
92.5;97.25;95.5;96.75;93.5
92.5;97.25;95;96.75;93.5
92.5;97.25;95;96.75;93.5
92.5;96.75;95;96.25;93.5
92.5;96.75;95;96.25;93.5
92.5;96.25;94.5;96.25;93
92.5;96.25;94.5;96.25;93
92.5;96.25;94.5;96.25;92.5
92.5;95.75;94;96.25;92.5
92;95.75;94;96.25;92.5
92;95.75;94;95.75;92
92;95.75;94;95.75;91
92;95.75;93.5;95.75;91
91.5;95.75;93.5;95.75;91
96.75;95.75;93.5;95.75;91
96.25;95.75;93.5;95.75;90.5
95.75;95.75;93.5;95.75;90.5
94.75;95.25;93.5;95.25;90.5
94.75;95.25;93.5;95.25;90.5
94.75;95.25;93.5;95.25;90.5
94.25;95.25;93;95.25;90.5
94.25;95.25;93;95.25;90.5
94.25;95.25;93;95.25;90.5
93.75;95.25;92.5;95.25;90.5
93.75;95.25;92.5;95.25;90
93.75;95.25;92.5;95.25;90
93.75;95.25;92.5;95.25;90
93.75;95.25;92.5;95.25;90
93.75;95.25;92.5;95.25;90
93.25;95.25;92.5;95.25;90
93.25;94.75;92.5;94.75;90
93.25;94.75;92.5;94.75;90
93.25;94.75;92.5;94.75;90
93.25;94.75;92.5;94.75;89.5
93.25;94.75;92.5;94.75;89.5
93.25;94.75;92.5;94.75;89.5
93.25;94.75;92.5;94.75;89.5
93.25;94.75;92.5;94.75;89.5
93.25;94.25;92.5;94.75;89.5
92.75;94.25;92;94.75;89.5
92.75;94.25;92;94.25;89.5
92.75;94.25;92;94.25;89.5
92.75;94.25;92;94.25;89
92.75;94.25;92;94.25;89
92.75;94.25;92;93.75;89
92.75;93.75;92;99;89
92.75;93.75;92;99;89
92.25;93.75;92;98.5;89
92.25;93.75;92;98;89
92.25;99;91.5;97.5;89
91.75;99;91.5;97.5;89
91.75;99;91.5;97.5;89
91.75;99;91.5;96;88.5
91.75;99;91.5;96;88.5
91.25;99;91.5;96;88.5
91.25;99;91.5;96;88.5
96.5;99;91;96;88.5
96.5;99;91;96;88.5
95.5;99;91;96;88.5
95.5;98.5;96.25;95.5;88.5
95;98.5;96.25;95.5;88
95;97.5;96.25;95.5;93.25
95;97.5;96.25;95.5;93.25
94.5;97.5;96.25;95.5;93.25
94.5;97;96.25;95.5;93.25
94.5;97;96.25;95.5;93.25
94;97;96.25;95;93.25
93.5;97;96.25;95;93.25
93.5;96.5;96.25;95;92.75
93.5;96.5;96.25;95;92.75
93;96.5;96.25;95;92.75
93;96.5;95.75;95;92.75
93;96.5;95.75;95;92.25
93;96;95.75;95;92.25
93;96;95.75;95;92.25
92.5;96;95.25;95;92.25
92.5;96;95.25;95;92.25
92.5;96;95.25;94.5;92.25
92.5;96;95.25;94.5;91.75
92.5;95.5;95.25;94.5;91.25
92.5;95.5;94.75;94.5;91.25
92.5;95.5;94.75;94.5;91.25
92.5;95.5;94.75;94.5;90.75
92.5;95.5;94.75;94.5;90.75
92.5;95.5;94.75;94;90.25
92.5;95;94.25;94;89.75
92.5;95;94.25;94;89.75
92.5;95;94.25;93.5;89.75
92.5;95;94.25;98.75;89.75
92.5;95;94.25;98.75;89.75
92.5;95;93.75;98.75;89.75
92.5;95;93.75;98.75;89.75
92.5;95;93.25;98.75;89.75
92;95;93.25;98.75;89.75
92;95;93.25;98.75;89.75
92;94.5;93.25;98.75;89.75
92;94.5;92.75;98.75;89.75
92;94.5;92.75;98.75;89.75
92;94.5;92.75;98.75;89.75
92;94.5;92.75;98.75;89.75
92;94.5;92.75;98.75;89.25
92;94.5;92.75;98.25;89.25
92;94.5;92.75;97.75;89.25
91.5;94.5;92.75;97.75;89.25
91.5;94.5;92.75;97.75;89.25
91.5;94;92.25;97.25;89.25
91.5;94;92.25;96.75;89.25
91.5;94;92.25;96.75;89.25
96.25;94;92.25;96.25;89.25
96.25;94;92.25;96.25;89.25
96.25;94;92.25;96.25;89.25
95.25;94;92.25;96.25;89.25
95.25;94;92.25;96.25;88.75
95.25;94;92.25;96.25;88.75
94.75;93.5;92.25;96.25;88.75
94.25;93.5;92.25;95.75;88.75
93.75;93.5;92.25;95.75;88.75
93.75;98.75;92.25;95.75;88.75
93.75;98.75;91.75;95.75;88.75
93.75;98.75;91.75;95.75;88.75
93.75;98.75;91.75;95.25;88.75
93.25;98.75;91.75;95.25;88.75
93.25;98.75;91.75;95.25;88.75
93.25;98.75;91.75;95.25;88.25
93.25;98.75;91.75;95.25;88.25
92.75;98.75;91.75;95.25;88.25
92.75;98.75;91.75;95.25;88.25
92.75;98.75;91.25;95.25;88.25
92.75;98.75;91.25;95.25;93
92.75;98.75;91.25;95.25;93
92.75;98.75;91.25;94.75;93
92.75;98.75;91.25;94.75;93
92.75;97.75;91.25;94.75;93
92.75;97.75;91.25;94.75;93
92.25;97.75;91.25;94.75;93
92.25;97.25;91.25;94.75;93
92.25;97.25;91.25;94.75;93
92.25;97.25;90.75;94.75;92.5
92.25;97.25;90.75;94.25;92
92.25;97.25;96;94.25;92
92.25;96.75;96;94.25;91.5
92.25;96.75;96;94.25;91
92.25;96.25;96;94.25;91
92.25;96.25;96;94.25;90.5
92.25;95.75;96;94.25;90.5
92.25;95.75;96;94.25;90.5
92.25;95.75;96;94.25;90
91.75;95.75;96;94.25;90
91.75;95.75;96;94.25;90
91.75;95.75;96;93.75;90
91.75;95.75;96;93.75;90
91.75;95.25;95;93.75;90
91.75;95.25;95;93.75;90
91.75;95.25;95;93.75;90
91.75;95.25;95;93.75;90
91.75;95.25;94.5;93.75;90
91.75;95.25;94.5;98.5;89.5
91.25;95.25;94.5;98.5;89.5
91.25;95.25;94;98.5;89.5
91.25;94.75;94;98.5;89.5
91.25;94.75;94;98.5;89.5
90.75;94.75;93.5;98.5;89.5
90.75;94.75;93.5;98.5;89.5
90.75;94.75;93.5;98.5;89.5
90.75;94.75;93.5;98.5;89.5
96;94.75;93;98.5;89
96;94.75;93;98.5;89
96;94.75;93;98.5;89
96;94.75;92.5;98.5;89
96;94.25;92.5;98.5;89
95.5;94.25;92.5;98.5;89
95;94.25;92.5;98.5;89
95;94.25;92.5;98.5;89
95;94.25;92;98.5;89
94.5;94.25;92;97.5;89
94;94.25;92;97.5;89
93.5;94.25;92;97;88.5
93.5;94.25;92;97;88.5
93;94.25;92;97;88.5
93;94.25;92;97;88.5
93;93.75;92;97;88.5
93;93.75;92;96.5;88.5
93;93.75;92;96.5;88.5
93;93.75;91.5;96.5;88.5
93;93.75;91.5;96;88.5
92.5;93.75;91.5;96;88.5
92.5;93.75;91.5;96;88
92.5;93.25;91.5;96;88
92.5;98.5;91.5;96;88
92.5;98.5;91.5;95.5;88
92.5;98.5;91.5;95.5;88
92.5;98.5;91.5;95.5;88
92.5;98.5;91.5;95.5;88
92.5;98.5;91.5;95.5;88
92.5;97.5;91.5;95;87.5
92.5;97.5;91.5;95;92.75
92.5;97.5;91.5;95;92.75
92;97.5;91;95;92.75
92;97.5;91;95;92.75
92;97;91;95;92.75
92;97;91;95;92.75
92;97;91;95;92.75
92;96.5;91;95;92.75
92;96.5;95.75;95;92.25
92;96.5;95.75;95;92.25
92;95.5;95.75;95;91.25
92;95.5;95.75;95;91.25
92;95.5;95.75;95;90.75
91.5;95.5;95.75;94.5;90.75
91.5;95.5;95.75;94.5;90.75
91.5;95.5;95.75;94.5;90.75
91.5;95.5;95.25;94.5;90.25
91.5;95;95.25;94.5;90.25
91.5;95;95.25;94.5;89.75
91.5;95;95.25;94.5;89.75
91.5;95;94.75;94;89.75
91.5;95;94.75;94;89.75
91.5;95;94.75;94;89.75
91.5;95;94.25;94;89.75
91.5;95;94.25;93.5;89.75
91;95;93.75;93.5;89.25
91;95;93.75;93.5;89.25
91;95;93.25;93.5;89.25
90.5;95;93.25;93.5;89.25
95.75;94.5;93.25;93;89.25
95.75;94.5;93.25;98.25;89.25
95.75;94.5;93.25;98.25;89.25
95.25;94.5;93.25;98.25;89.25
94.75;94.5;92.75;98.25;88.75
94.75;94.5;92.75;98.25;88.75
94.75;94.5;92.75;98.25;88.75
94.25;94.5;92.75;98.25;88.75
94.25;94.5;92.75;97.75;88.75
94.25;94.5;92.75;97.75;88.75
93.75;94;92.25;97.75;88.75
93.25;94;92.25;97.75;88.75
93.25;94;92.25;97.75;88.75
92.75;94;92.25;97.25;88.75
92.75;94;92.25;97.25;88.25
92.75;94;91.75;97.25;88.25
92.75;94;91.75;96.75;88.25
92.75;94;91.75;96.75;88.25
92.25;94;91.75;96.25;88.25
92.25;94;91.75;96.25;88.25
92.25;94;91.75;96.25;88.25
92.25;94;91.75;95.75;88.25
92.25;93.5;91.75;95.75;88.25
92.25;93.5;91.75;95.75;88.25
92.25;93.5;91.25;95.75;88.25
92.25;93.5;91.25;95.75;87.75
91.75;93.5;91.25;95.75;87.75
91.75;93.5;91.25;94.75;87.75
91.75;93.5;91.25;94.75;87.75
91.75;98.25;91.25;94.75;92.5
91.75;98.25;91.25;94.75;92.5
91.75;98.25;91.25;94.75;92.5
91.75;98.25;91.25;94.75;92.5
91.75;98.25;91.25;94.25;92.5
91.75;98.25;91.25;94.25;92.5
91.75;98.25;91.25;94.25;92.5
91.25;98.25;91.25;94.25;92.5
91.25;97.75;91.25;94.25;92.5
91.25;97.75;90.75;94.25;92.5
91.25;97.25;90.75;93.75;92.5
91.25;96.75;90.75;93.75;92.5
91.25;96.75;90.75;93.75;92
91.25;96.75;90.75;93.75;91.5
91.25;96.25;90.75;93.75;91
91.25;96.25;90.75;93.75;91
91.25;96.25;90.75;93.75;90.5
91.25;95.75;90.25;93.75;90.5
91.25;95.75;90.25;93.75;90
91.25;95.25;95.5;93.75;90
91.25;95.25;95.5;93.75;90
91.25;95.25;95.5;93.75;90
90.75;94.75;95.5;93.75;89.5
90.75;94.75;95.5;93.25;89.5
90.75;94.75;95.5;93.25;89.5
90.75;94.75;95.5;93.25;89
90.25;94.75;95.5;93.25;89
90.25;94.75;95.5;93.25;89
90.25;94.75;95.5;92.75;89
90.25;94.75;95.5;98;89
95.5;94.75;95;98;89
95.5;94.25;95;98;89
95;94.25;95;98;89
95;94.25;95;98;89
94.5;94.25;95;98;89
94.5;94.25;95;98;88.5
94.5;94.25;94.5;98;88.5
94;94.25;94.5;98;88.5
94;94.25;94;97.5;88.5
94;94.25;94;97.5;88.5
93.5;94.25;94;97;88.5
93;94.25;93.5;97;88.5
92.5;94.25;93.5;97;88.5
92.5;94.25;93.5;97;88.5
92.5;94.25;93.5;97;88.5
92.5;93.75;93.5;96.5;88
92.5;93.75;93.5;96;88
92.5;93.75;93;96;88
92;93.75;93;95.5;88
92;93.75;93;95.5;88
92;93.75;93;95.5;88
92;93.75;93;95.5;88
92;93.75;93;95;88
92;93.75;93;95;88
91.5;93.75;92.5;95;88
91.5;93.75;92.5;95;87
91.5;93.75;92.5;94.5;92.25
91.5;93.75;92.5;94.5;92.25
91.5;93.25;92.5;94.5;92.25
91.5;93.25;92.5;94.5;92.25
91.5;93.25;92.5;94.5;92.25
91.5;93.25;92.5;94.5;92.25
91.5;98;92;94.5;92.25
91.5;98;92;94.5;92.25
91.5;98;92;94.5;91.25
91.5;98;92;94;90.75
91;98;92;94;90.75
91;98;92;94;90.75
91;98;92;94;90.25
91;98;92;94;90.25
91;98;92;94;90.25
91;98;92;94;90.25
91;98;92;94;90.25
91;98;91.5;94;90.25
91;97;91.5;93.5;90.25
91;97;91.5;93.5;90.25
90.5;96;91.5;93.5;89.75
90.5;96;91.5;93.5;89.75
90.5;95.5;91.5;93.5;89.75
90.5;95.5;91.5;93.5;89.75
90;95;91.5;93.5;89.75
90;95;91.5;93.5;89.25
90;95;91;93.5;89.25
90;95;91;93;89.25
95.25;95;91;93;89.25
94.75;95;91;93;89.25
94.25;94.5;91;93;88.75
94.25;94.5;91;93;88.75
94.25;94.5;91;93;88.75
93.75;94.5;91;92.5;88.75
93.25;94.5;91;97.75;88.75
92.75;94;91;97.75;88.75
92.75;94;91;97.75;88.75
92.75;94;91;97.75;88.75
92.75;94;91;97.75;88.25
92.75;94;91;97.75;88.25
92.25;94;90.5;97.75;88.25
92.25;94;90.5;97.75;88.25
92.25;94;90.5;97.75;88.25
92.25;93.5;90.5;97.25;88.25
91.75;93.5;90.5;96.75;88.25
91.75;93.5;90.5;96.75;88.25
91.75;93.5;90.5;96.75;88.25
91.75;93;90.5;96.25;88.25
91.75;93;90;96.25;88.25
91.75;93;95.25;95.75;88.25
91.25;93;95.25;95.75;88.25
91.25;93;95.25;95.75;88.25
91.25;92.5;95.25;95.75;88.25
91.25;92.5;95.25;95.75;88.25
91.25;92.5;95.25;95.25;88.25
91.25;92.5;95.25;95.25;88.25
91.25;97.75;95.25;95.25;88.25
91.25;97.75;94.75;95.25;87.75
91.25;97.75;94.25;95.25;87.75
91.25;97.75;94.25;94.75;87.75
91.25;97.75;94.25;94.75;87.75
91.25;97.75;93.75;94.75;87.75
91.25;97.75;93.75;94.75;87.75
91.25;97.75;93.75;94.25;87.75
91.25;97.75;93.25;94.25;87.25
90.75;97.75;92.75;94.25;87.25
90.75;97.75;92.75;94.25;87.25
90.75;97.75;92.25;94.25;87.25
90.75;97.75;92.25;94.25;87.25
90.75;97.75;92.25;94.25;86.75
90.75;97.75;92.25;94.25;86.75
90.75;97.25;92.25;94.25;86.75
90.25;97.25;92.25;94.25;86.75
90.25;96.25;92.25;93.75;92
90.25;96.25;91.75;93.75;92
90.25;95.75;91.75;93.75;92
90.25;95.25;91.75;93.75;92
90.25;95.25;91.75;93.75;92
90.25;95.25;91.75;93.75;92
90.25;95.25;91.25;93.75;92
90.25;95.25;91.25;93.75;92
90.25;95.25;91.25;93.75;92
89.75;95.25;91.25;93.75;91.5
89.75;94.75;91.25;93.75;91.5
89.75;94.75;91.25;93.75;91
95;94.75;91.25;93.75;91
95;94.75;91.25;93.25;91
95;94.25;91.25;93.25;91
95;94.25;91.25;93.25;90
95;94.25;90.75;93.25;90
94.5;94.25;90.75;93.25;90
94;94.25;90.75;93.25;90
94;94.25;90.75;93.25;89.5
93.5;93.75;90.75;92.75;89
93.5;93.75;90.75;92.75;89
93;93.75;90.25;92.75;89
93;93.75;90.25;92.75;89
92.5;93.75;90.25;92.25;89
92.5;93.75;90.25;92.25;88.5
92.5;93.75;90.25;97.5;88.5
92.5;93.75;90.25;97.5;88.5
92;93.75;90.25;97.5;88.5
92;93.75;89.75;97.5;88
92;93.75;95;97.5;88
91.5;93.25;95;97.5;88
91.5;93.25;95;96.5;88
91.5;93.25;95;96.5;88
91.5;93.25;95;96;88
91.5;93.25;95;95.5;88
91.5;93.25;95;95.5;87.5
91.5;93.25;95;95.5;87.5
91.5;92.75;95;95.5;87.5
91.5;92.75;95;95.5;87.5
91.5;92.75;95;95;87.5
91;92.75;95;95;87.5
91;92.75;95;95;87
91;92.75;94.5;95;87
91;92.25;94.5;95;87
91;92.25;94.5;95;87
91;97.5;94.5;94.5;87
91;97.5;94.5;94.5;87
90.5;97.5;94.5;94.5;87
90.5;97.5;94;94;86.5
90.5;97.5;94;94;91.75
90.5;97.5;94;94;91.75
90.5;97.5;94;94;91.75
90.5;97.5;93.5;94;91.75
90.5;97.5;93.5;94;91.75
90;97.5;93.5;94;91.75
90;97.5;93.5;94;91.75
90;97.5;93.5;94;91.75
90;97.5;93.5;94;91.75
90;97.5;93;94;91.75
90;97.5;93;94;91.75
90;97.5;93;94;91.75
90;97.5;92.5;93.5;90.75
89.5;97.5;92.5;93.5;90.75
89.5;97.5;92.5;93.5;90.75
94.75;96.5;92.5;93.5;90.25
94.75;96.5;92.5;93.5;90.25
94.75;96.5;92.5;93.5;90.25
94.75;96;92.5;93.5;90.25
94.75;95.5;92;93.5;89.75
94.25;95.5;92;93.5;89.75
93.75;95.5;92;93.5;89.75
93.25;95.5;92;93.5;89.25
92.75;95.5;92;93.5;89.25
92.25;95;92;93.5;88.75
92.25;95;92;93;88.75
92.25;95;91.5;93;88.75
91.75;95;91.5;93;88.75
91.75;95;91.5;93;88.75
91.25;95;91.5;93;88.75
91.25;94.5;91.5;93;88.75
91.25;94.5;91;93;88.75
91.25;94.5;91;93;88.75
91.25;94.5;91;93;88.75
90.75;94.5;91;93;88.25
90.75;94;91;93;88.25
90.75;94;91;93;88.25
90.75;94;91;93;88.25
90.75;94;91;92.5;88.25
90.75;94;91;92.5;88.25
90.75;94;91;92.5;88.25
90.75;94;91;92.5;88.25
90.75;94;91;92.5;88.25
90.75;94;90.5;92;87.75
90.75;94;90.5;97.25;87.75
90.75;94;90.5;97.25;87.75
90.75;94;90.5;97.25;87.75
90.25;93.5;90.5;97.25;87.75
90.25;93.5;90.5;96.75;87.75
90.25;93.5;90.5;96.75;87.75
90.25;93.5;90.5;96.75;87.75
90.25;93;90.5;96.25;87.75
90.25;93;90.5;95.75;87.75
90.25;93;90;95.25;87.25
90.25;93;90;95.25;87.25
90.25;93;90;95.25;87.25
90.25;93;90;95.25;87.25
90.25;93;89.5;95.25;87.25
90.25;93;94.75;94.75;87.25
90.25;93;94.75;94.75;87.25
90.25;93;94.75;94.75;87.25
90.25;92.5;94.75;94.25;87.25
90.25;92.5;94.75;94.25;87.25
89.75;92.5;94.75;94.25;86.75
89.75;92.5;94.75;93.75;86.75
89.75;92.5;94.75;93.75;86.75
89.75;92.5;94.75;93.75;86.75
89.75;92.5;94.75;93.75;86.75
89.75;92.5;94.75;93.75;86.75
89.75;92.5;94.75;93.75;86.75
89.75;92.5;94.75;93.75;91.5
89.75;92;94.75;93.25;91.5
89.25;97.25;93.75;93.25;91.5
89.25;97.25;93.75;93.25;91.5
94.5;97.25;93.25;93.25;91.5
94.5;97.25;93.25;93.25;91.5
93.5;97.25;93.25;93.25;91.5
93;96.75;92.75;93.25;91.5
93;96.75;92.75;93.25;91.5
92.5;95.75;92.75;93.25;91.5
92.5;95.75;92.25;93.25;91.5
92;95.75;92.25;93.25;91.5
92;95.75;92.25;93.25;91.5
92;95.75;92.25;92.75;91.5
92;95.25;92.25;92.75;91.5
91.5;95.25;92.25;92.75;90.5
91.5;95.25;91.75;92.75;90
91.5;95.25;91.75;92.75;89.5
91.5;94.75;91.75;92.25;89.5
91.5;94.75;91.75;92.25;89.5
91;94.75;91.75;92.25;89.5
91;94.75;91.25;92.25;89.5
91;94.75;91.25;91.75;89.5
90.5;94.25;91.25;97;89.5
90.5;94.25;91.25;97;89
90.5;94.25;91.25;97;89
90.5;94.25;91.25;97;89
90.5;94.25;91.25;97;89
90.5;93.75;91.25;97;89
90.5;93.75;91.25;97;88.5
90.5;93.75;91.25;97;88.5
90.5;93.75;90.75;97;88.5
90.5;93.75;90.75;97;88.5
90.5;93.75;90.75;97;88.5
90.5;93.75;90.75;97;88
90;93.75;90.75;96.5;88
90;93.75;90.75;96.5;88
90;93.75;90.75;96.5;87.5
90;93.75;90.25;96;87.5
90;93.25;90.25;96;87.5
90;93.25;90.25;96;87.5
90;93.25;90.25;96;87.5
90;93.25;90.25;96;87.5
90;94.34388344;90.25;95.5;87.5
90;94.34031373;90.25;95;87.5
89.5;94.33674401;90.25;95;87
89.5;94.33317429;89.75;95;87
89.5;94.32960457;89.75;95;87
89.5;94.32603485;89.75;95;87
89.5;94.32246513;89.75;94.5;87
89.5;94.31889541;89.25;94.5;87
89.5;94.31532569;94.5;94.5;86.5
89.5;94.31175597;94.5;94.5;86.5
89.5;94.30818625;94.5;94.5;86.5
89;94.30461653;94.5;94;86.5
89;94.30104681;94.5;94;86.5
94.25;94.29747709;94.5;94;86.5
93.25;94.29390737;94.5;94;91.25
93.25;94.29033765;93.5;94;91.25
92.75;94.28676793;93.5;93.5;91.25
92.25;94.28319821;93;93.5;91.25
92.25;94.27962849;92.5;93.5;91.25
92.25;94.27605877;92.5;93.5;91.25
91.75;94.27248905;92.5;93.5;91.25
91.75;94.26891934;92.5;93.5;91.25
91.75;94.26534962;92.5;93.5;91.25
91.75;94.2617799;92.5;93.5;91.25
91.25;94.25821018;92.5;93.5;91.25
91.25;94.25464046;92.5;93.5;91.25
91.25;94.25107074;92.5;93.5;91.25
91.25;94.24750102;92.5;93.5;91.25
91.25;94.2439313;92;93.5;90.75
91.25;94.24036158;92;93;90.75
91.25;94.23679186;92;93;90.25
90.75;94.23322214;92;93;90.25
90.75;94.22965242;91.5;93;89.75
90.75;94.2260827;91.5;93;89.75
90.75;94.22251298;91.5;93;89.75
90.75;94.21894326;91.5;93;89.75
90.75;94.21537354;91;93;89.25
90.75;94.21180382;91;93;89.25
90.25;94.2082341;91;93;88.75
90.25;94.20466438;91;92.5;88.75
90.25;94.20109466;91;92.5;88.75
90.25;94.19752495;90.5;92.5;88.75
90.25;94.19395523;90.5;92.5;88.75
90.25;94.19038551;90.5;92.5;88.75
90.25;94.18681579;90.5;92.5;88.75
90.25;94.18324607;90.5;92.5;88.75
90.25;94.17967635;90.5;92.5;88.25
90.25;94.17610663;90.5;92;88.25
90.25;94.17253691;90.5;92;88.25
90.25;94.16896719;90.5;92;88.25
90.25;94.16539747;90.5;92;88.25
90.25;94.16182775;90;91.5;87.75
90.25;94.15825803;90;91.5;87.75
89.75;94.15468831;90;96.75;87.75
89.75;94.15111859;90;96.75;87.75
89.75;94.14754887;90;96.75;87.75
89.75;94.14397915;90;96.75;87.75
89.75;94.14040943;90;96.75;87.75
89.75;94.13683971;90;96.75;87.75
89.75;94.13326999;90;96.75;87.75
89.75;94.12970027;90;96.75;87.75
89.75;94.12613056;90;96.25;87.25
89.75;94.12256084;90;95.75;87.25
89.75;94.11899112;90;95.75;87.25
89.75;94.1154214;90;95.75;87.25
89.25;94.11185168;90;95.75;87.25
89.25;94.10828196;90;95.25;87.25
89.25;94.10471224;90;95.25;87.25
89.25;94.10114252;90;95.25;87.25
89.25;94.0975728;90;95.25;87.25
89.25;94.09400308;90;95.25;87.25
89.25;94.09043336;89.5;94.75;87.25
88.75;94.08686364;89.5;94.75;87.25
88.75;94.08329392;89.5;94.75;87.25
94;94.0797242;89;94.25;87.25
94;94.07615448;94.25;94.25;87.25
94;94.07258476;94.25;94.25;87.25
93.5;94.06901504;94.25;94.25;87.25
93;94.06544532;94.25;94.25;87.25
92.5;94.0618756;94.25;94.25;86.75
92.5;94.05830589;94.25;94.25;86.75
92.5;94.05473617;94.25;94.25;86.75
92.5;94.05116645;94.25;94.25;86.75
92;94.04759673;94.25;93.75;86.75
92;94.04402701;93.75;93.75;86.75
92;94.04045729;93.75;93.75;86.75
92;94.03688757;93.75;93.75;86.75
92;94.03331785;93.75;93.25;86.75
92;94.02974813;93.25;93.25;86.25
91.5;94.02617841;93.25;93.25;86.25
91.5;94.02260869;93.25;93.25;86.25
91;94.01903897;93.25;93.25;86.25
91;94.01546925;92.75;93.25;86.25
91;94.01189953;92.75;92.75;85.75
91;94.00832981;92.75;92.75;91
91;94.00476009;92.75;92.75;91
91;94.00119037;92.75;92.75;91
91;93.99762065;92.25;92.75;91
91;93.99405093;92.25;92.75;91
91;93.99048121;92.25;92.75;91
91;93.9869115;91.75;92.75;91
90.5;93.98334178;91.75;92.75;91
90.5;93.97977206;91.75;92.75;91
90.5;93.97620234;91.25;92.75;91
90.5;93.97263262;91.25;92.25;90.5
90.5;93.9690629;91.25;92.25;90.5
90.5;93.96549318;91.25;92.25;90.5
90.5;93.96192346;91.25;92.25;90
90.5;93.95835374;91.25;92.25;90
90.5;93.95478402;90.75;92.25;90
90.5;93.9512143;90.75;92.25;90
90;93.94764458;90.75;91.75;90
90;93.94407486;90.75;91.75;90
90;93.94050514;90.75;91.75;89.5
90;93.93693542;90.75;91.75;89.5
90;93.9333657;90.75;91.75;89.5
90;93.92979598;90.25;91.75;89.5
90;93.92622626;90.25;96.5;89
90;93.92265654;90.25;96.5;89
89.5;93.91908682;90.25;96.5;89
89.5;93.91551711;90.25;96.5;88.5
89.5;93.91194739;90.25;96.5;88.5
89.5;93.90837767;90.25;96.5;88.5
89.5;93.90480795;90.25;96.5;88.5
89.5;93.90123823;90.25;96.5;88.5
89.5;93.89766851;90.25;96.5;88.5
89.5;93.89409879;90.25;96.5;88.5
89.5;93.89052907;90.25;96.5;88
89.5;93.88695935;89.75;96.5;88
89.5;93.88338963;89.75;96.5;88
89;93.87981991;89.75;96;88
89;93.87625019;89.75;96;88
89;93.87268047;89.75;96;88
89;93.86911075;89.75;95.5;88
88.5;93.86554103;89.75;95.5;87.5
88.5;93.86197131;89.25;95.5;87.5
88.5;93.85840159;89.25;95.5;87.5
93.75;93.85483187;89.25;95;87.5
93.75;93.85126215;88.75;95;87.5
93.75;93.84769244;88.75;95;87.5
93.75;93.84412272;88.75;94.5;87.5
93.75;93.840553;94;94.5;87.5
93.25;93.83698328;94;94.5;87.5
92.75;93.83341356;94;94.5;87.5
91.75;93.82984384;94;94;87.5
91.25;93.82627412;94;94;87.5
91.25;93.8227044;94;94;87.5
91.25;93.81913468;94;93.5;87
90.75;93.81556496;94;93.5;87
90.75;93.81199524;94;93.5;87
90.75;93.80842552;94;93.5;87
90.75;93.8048558;94;93;87
90.75;93.80128608;94;93;87
90.25;93.79771636;94;93;87
90.25;93.79414664;93.5;93;87
90.25;93.79057692;93.5;93;87
90.25;93.7870072;93.5;93;87
90.25;93.78343748;93;93;87
90.25;93.77986776;93;93;86.5
90.25;93.77629805;93;93;86.5
90.25;93.77272833;92.5;92.5;86.5
89.75;93.76915861;92.5;92.5;86.5
89.75;93.76558889;92.5;92.5;86.5
89.75;93.76201917;92;92.5;86
89.75;93.75844945;91.5;92.5;86
89.75;93.75487973;91.5;92.5;85.5
89.75;93.75131001;91.5;92.5;85.5
89.75;93.74774029;91.5;92.5;90.75
89.75;93.74417057;91;92.5;90.75
89.75;93.74060085;91;92.5;90.75
89.75;93.73703113;91;92;90.75
89.75;93.73346141;91;92;90.75
89.75;93.72989169;90.5;92;90.75
89.75;93.72632197;90.5;92;90.75
89.75;93.72275225;90.5;92;90.75
89.25;93.71918253;90.5;91.5;90.75
89.25;93.71561281;90.5;91.5;90.75
89.25;93.71204309;90.5;91.5;90.75
89.25;93.70847337;90;91.5;90.75
89.25;93.70490366;90;91.5;90.75
89.25;93.70133394;90;91.5;90.75
89.25;93.69776422;90;91;90.25
89.25;93.6941945;90;96.25;90.25
89.25;93.69062478;90;96.25;89.75
88.75;93.68705506;90;96.25;89.75
88.75;93.68348534;90;96.25;89.25
88.75;93.67991562;90;96.25;89.25
88.75;93.6763459;90;96.25;89.25
88.75;93.67277618;90;96.25;89.25
88.75;93.66920646;90;96.25;89.25
88.75;93.66563674;90;96.25;88.75
88.75;93.66206702;89.5;96.25;88.75
88.75;93.6584973;89.5;96.25;88.75
88.75;93.65492758;89.5;96.25;88.75
88.75;93;89.5;96.25;88.75
93.5;92.5;89.5;96.25;88.75
93.5;92.5;89.5;96.25;88.25
93;92.5;89.5;96.25;88.25
92.5;92.5;89.5;96.25;88.25
92.5;92.5;89.5;96.25;88.25
92.5;92.5;89.5;95.75;88.25
92;92.5;89.5;95.25;87.75
92;92.5;89.5;94.75;87.75
92;92.5;89.5;94.75;87.75
91.5;92.5;89.5;94.75;87.75
91.5;92.5;89.5;94.25;87.25
91.5;92.5;89;94.25;87.25
91;92.5;89;94.25;87.25
91;92.5;89;94.25;87.25
91;92.5;89;93.75;87.25
90.5;92.5;89;93.75;87.25
90.5;92.5;89;93.75;87.25
90.5;92;88.5;93.75;86.75
90.5;92;88.5;93.25;86.75
90.5;92;93.75;93.25;86.75
90.5;92;93.75;93.25;86.75
90;92;93.75;93.25;86.75
90;92;93.75;93.25;86.75
90;92;93.75;93.25;86.75
90;92;93.75;93.25;86.75
90;92;93.75;93.25;86.75
90;92;93.75;92.75;86.25
90;92;93.75;92.75;86.25
90;92;93.75;92.75;86.25
89.5;92;93.75;92.75;86.25
89.5;92;93.75;92.75;86.25
89.5;91.5;93.75;92.75;86.25
89.5;91.5;93.25;92.75;86.25
89.5;91.5;92.75;92.25;86.25
89.5;91.5;92.75;92.25;86.25
89.5;91.5;92.75;92.25;86.25
89.5;91.5;92.75;92.25;86.25
89.5;91.5;92.75;92.25;86.25
89.5;91;92.75;92.25;86.25
89.5;96.25;92.25;92.25;86.25
89.5;96.25;92.25;92.25;86.25
89.5;96.25;92.25;92.25;86.25
89.5;96.25;92.25;92.25;86.25
89.5;96.25;91.75;91.75;86.25
89.5;96.25;91.75;91.75;86.25
89.5;96.25;91.75;91.75;86.25
89;96.25;91.25;91.75;85.75
89;96.25;91.25;91.75;85.75
89;95.75;91.25;91.75;85.75
89;95.25;91.25;91.75;85.25
89;95.25;91.25;91.25;90.5
89;95.25;90.75;90.75;90.5
89;95.25;90.75;96;90.5
89;94.75;90.75;96;90.5
89;94.25;90.25;96;90.5
89;94.25;90.25;96;90.5
89;94.25;90.25;96;90.5
89;94.25;90.25;96;90.5
88.5;93.75;90.25;96;90.5
88.5;93.75;90.25;96;90.5
88.5;93.75;90.25;96;90.5
88.5;93.75;90.25;96;90
88.5;93.75;89.75;96;89.5
88.5;93.75;89.75;96;89.5
88.5;93.25;89.75;96;89.5
88.5;93.25;89.75;96;89.5
88.5;93.25;89.75;95.5;89.5
88;93.25;89.75;95.5;89
88;93.25;89.75;95;89
88;93.25;89.75;95;89
93.25;92.75;89.75;95;89
92.75;92.75;89.75;95;88.5
91.25;92.75;89.25;95;88.5
90.75;92.75;89.25;95;88.5
90.75;92.75;89.25;94.5;88.5
90.25;92.75;89.25;94;88
90.25;92.75;89.25;94;88
90.25;92.25;89.25;94;88
90.25;92.25;89.25;94;88
90.25;92.25;89.25;94;88
90.25;92.25;89.25;93.5;88
90.25;92.25;88.75;93.5;88
90.25;92.25;88.75;93;88
90.25;92.25;88.75;93;87.5
90.25;92.25;88.75;93;87.5
90.25;92.25;93.5;93;87.5
89.75;92.25;93.5;93;87.5
89.75;92.25;93.5;93;87.5
89.75;92.25;93.5;93;87
89.75;92.25;93.5;92.5;87
89.75;92.25;93.5;92.5;87
89.75;91.75;93.5;92.5;87
89.75;91.75;93.5;92.5;87
89.75;91.75;93.5;92;87
89.25;91.75;93.5;92;87
89.25;91.75;93.5;92;87
89.25;91.75;93.5;92;87
89.25;91.75;93.5;92;87
89.25;91.75;93;92;86.5
89.25;91.75;92.5;92;86.5
88.75;91.75;92;92;86.5
88.75;91.75;92;92;86.5
88.75;91.25;91.5;92;86.5
88.75;91.25;91.5;92;86.5
88.75;91.25;91.5;91.5;86.5
88.75;91.25;91;91.5;86
88.75;90.75;91;91.5;86
88.75;90.75;91;91;86
88.75;96;90.5;91;86
88.75;96;90.5;91;86
88.75;96;90.5;91;86
88.25;96;90.5;90.5;86
88.25;96;90;95.75;85.5
88.25;96;90;95.75;85.5
87.75;95.5;90;95.75;85
93;95;90;95.75;85
93;95;90;95.75;85
93;95;90;95.75;90.25
93;95;90;95.75;90.25
93;94.5;89.5;95.75;90.25
92.5;94;89.5;95.75;90.25
92;94;89.5;95.75;90.25
92;94;89.5;95.75;90.25
91.5;94;89.5;95.75;90.25
91.5;94;89.5;95.75;89.75
91.5;94;89.5;95.75;89.25
91;94;89;95.25;89.25
91;94;89;94.25;89.25
91;93.5;89;94.25;89.25
90.5;93.5;89;94.25;89.25
90.5;93.5;89;94.25;89.25
90.5;93;89;93.75;88.75
90;93;89;93.75;88.75
90;92.5;89;93.75;88.75
90;92.5;89;93.75;88.25
90;92.5;89;93.75;88.25
90;92.5;89;93.75;88.25
90;92.5;89;93.75;88.25
90;92.5;89;93.25;87.75
90;92.5;88.5;93.25;87.75
89.5;92.5;88.5;93.25;87.75
89.5;92.5;88.5;93.25;87.75
89.5;92.5;88.5;93.25;87.75
89.5;92.5;88.5;93.25;87.75
89;92.5;93.25;92.75;87.75
89;92.5;93.25;92.75;87.75
89;92;93.25;92.75;87.25
89;92;93.25;92.25;87.25
89;92;93.25;92.25;87.25
89;92;93.25;92.25;87.25
89;92;93.25;92.25;86.75
89;92;93.25;92.25;86.75
89;91.5;93.25;92.25;86.75
89;91.5;93.25;92.25;86.75
89;91.5;93.25;92.25;86.75
89;91.5;93.25;92.25;86.75
88.5;91.5;93.25;91.75;86.75
88.5;91.5;93.25;91.75;86.75
88.5;91.5;93.25;91.75;86.75
88.5;91.5;93.25;91.75;86.25
88.5;91.5;93.25;91.75;86.25
88.5;91.5;93.25;91.75;86.25
88.5;91;93.25;91.75;86.25
88.5;91;93.25;91.75;86.25
88.5;91;93.25;91.75;86.25
88.5;91;92.75;91.75;86.25
88;91;92.75;91.25;86.25
88;91;92.25;91.25;86.25
88;90.5;92.25;91.25;86.25
88;90.5;92.25;91.25;86.25
87.5;95.75;92.25;91.25;86.25
92.75;95.75;91.75;91.25;86.25
92.75;95.75;91.75;90.75;86.25
92.75;95.75;91.75;90.75;86.25
92.75;95.75;91.25;90.75;86.25
92.25;95.75;91.25;90.75;85.75
91.75;95.75;91.25;95.5;85.75
91.75;95.75;91.25;95.5;85.75
91.75;95.25;90.75;95.5;85.75
91.25;94.75;90.75;95.5;85.75
91.25;94.75;90.75;95.5;85.75
90.75;94.75;90.75;95.5;85.75
90.75;94.75;90.75;95.5;85.25
90.25;94.75;90.75;95.5;85.25
90.25;94.75;90.25;95.5;85.25
90.25;94.25;90.25;95.5;85.25
90.25;94.25;90.25;95.5;90
89.75;93.75;90.25;95.5;90
89.75;93.75;89.75;95;90
89.75;93.25;89.75;95;90
89.75;93.25;89.75;95;90
89.75;93.25;89.75;94.5;90
89.75;92.75;89.75;94.5;90
89.25;92.75;89.25;94.5;90
89.25;92.75;89.25;94.5;90
89.25;92.75;89.25;94;90
89.25;92.75;89.25;94;90
89.25;92.75;89.25;93.5;90
89.25;92.25;89.25;93.5;89.5
89.25;92.25;89.25;93.5;89.5
89.25;92.25;89.25;93;89.5
88.75;92.25;89.25;93;89.5
88.75;92.25;89.25;93;89.5
88.75;92.25;88.75;93;88.5
88.75;92.25;88.75;93;88.5
88.75;92.25;88.75;92.5;88.5
88.75;91.75;88.75;92.5;88.5
88.75;91.75;88.75;92.5;88.5
88.75;91.75;88.25;92.5;88.5
88.75;91.75;88.25;92.5;88
88.75;91.75;88.25;92.5;88
88.75;91.75;88.25;92.5;88
88.75;91.75;88.25;92.5;88
88.25;91.75;88.25;92;88
88.25;91.75;87.75;92;87.5
88.25;91.75;87.75;92;87.5
88.25;91.75;87.75;92;87.5
88.25;91.75;93;92;87.5
88.25;91.75;93;92;87
88.25;91.75;93;92;87
88.25;91.75;93;91.5;87
88.25;91.75;93;91.5;87
88.25;91.75;93;91.5;87
87.75;91.75;93;91.5;87
87.75;91.75;93;91.5;87
87.75;91.75;93;91.5;86.5
87.75;91.75;93;91.5;86.5
87.75;91.25;93;91.5;86.5
87.75;91.25;93;91.5;86.5
87.75;91.25;93;91;86.5
87.75;91.25;92.5;91;86.5
87.25;91.25;92.5;91;86.5
86.25;91.25;92.5;91;86.5
92.5;91.25;92;91;86.5
92;91.25;92;91;86.5
92;91.25;92;91;86.5
92;91.25;91.5;90.5;86.5
92;91.25;91.5;90.5;86.5
91;91.25;91.5;90.5;86
90.5;91.25;91.5;90.5;86
90.5;90.75;91;90.5;86
90.5;90.75;91;90.5;86
90.5;90.75;91;95.25;86
90;90.75;91;95.25;86
90;90.75;91;95.25;86
90;90.75;90.5;95.25;86
90;90.25;90.5;95.25;86
90;95.5;90.5;95.25;86
90;95.5;90;95.25;85.5
90;95.5;90;95.25;85.5
89.5;95.5;90;95.25;85.5
89.5;95.5;90;95.25;85.5
89.5;95.5;90;95.25;85.5
89.5;95.5;90;95.25;85.5
89.5;95.5;90;95.25;85.5
89.5;95.5;90;95.25;85.5
89.5;95.5;90;94.75;85.5
89.5;95.5;90;94.75;85.5
89.5;95.5;89.5;94.75;85
89.5;95.5;89.5;94.25;85
89;95.5;89.5;94.25;85
89;95.5;89.5;93.75;89.75
89;95.5;89.5;93.25;89.75
89;95.5;89.5;93.25;89.75
89;95.5;89.5;93.25;89.75
89;95.5;89.5;93.25;89.75
89;95;89.5;92.75;89.75
89;94.5;89.5;92.75;89.75
89;94.5;89.5;92.75;89.75
88.5;94;89;92.25;89.75
88.5;94;89;92.25;89.75
88.5;93.5;89;92.25;89.75
88.5;93.5;89;92.25;89.75
88.5;93.5;89;92.25;89.75
88.5;93.5;89;92.25;88.75
88.5;93.5;89;91.75;88.75
88.5;93.5;89;91.75;88.75
88.5;93.5;89;91.75;88.75
88.5;93.5;89;91.75;88.75
88.5;93;89;91.75;88.25
88.5;93;89;91.75;88.25
88;93;88.5;91.75;88.25
88;93;88.5;91.75;88.25
88;92.5;88.5;91.75;87.75
88;92.5;88.5;91.75;87.75
88;92.5;88.5;91.75;87.25
88;92.5;88.5;91.75;87.25
88;92.5;88.5;91.75;86.75
88;92.5;88.5;91.75;86.75
88;92.5;88.5;91.25;86.75
88;92.5;88.5;91.25;86.75
88;92.5;88.5;91.25;86.75
87.5;92;88.5;91.25;86.75
87.5;92;88.5;91.25;86.75
87.5;92;88.5;91.25;86.75
87.5;92;88.5;91.25;86.25
87.5;92;88.5;91.25;86.25
87.5;91.5;88;91.25;86.25
87.5;91.5;88;91.25;86.25
87;91.5;88;90.75;86.25
92.25;91.5;88;90.75;86.25
92.25;91.5;88;90.75;86.25
92.25;91.5;88;90.75;86.25
92.25;91;87.5;90.75;86.25
92.25;91;87;90.75;86.25
92.25;91;92.75;90.75;86.25
91.75;91;92.75;90.75;85.75
91.75;91;92.75;90.75;85.75
91.75;91;92.75;90.25;85.75
91.25;91;92.75;95;85.75
90.75;91;92.75;95;85.75
90.25;91;92.75;95;85.75
89.75;91;92.75;95;85.75
89.75;91;92.25;95;85.75
89.25;91;91.75;95;85.75
89.25;91;91.75;95;85.75
89.25;91;91.75;95;85.75
88.75;90.5;91.75;95;85.25
88.75;90.5;91.75;95;85.25
88.75;90.5;91.75;95;85.25
88.75;90.5;91.25;95;85.25
88.75;90.5;91.25;95;85.25
88.75;90.5;91.25;95;85.25
88.75;90.5;91.25;95;85.25
88.75;90.5;91.25;95;85.25
88.75;90.5;91.25;94.5;85.25
88.75;90.5;90.75;94.5;84.75
88.75;90;90.75;94;84.75
88.75;95.25;90.75;94;84.75
88.25;95.25;90.75;94;84.75
88.25;95.25;90.75;93.5;84.25
88.25;95.25;90.25;93.5;89.5
88.25;95.25;89.75;93.5;89.5
88.25;95.25;89.75;93;89.5
88.25;95.25;89.75;93;89.5
88.25;95.25;89.75;92.5;89.5
88.25;95.25;89.75;92;89.5
87.75;95.25;89.25;92;89.5
87.75;95.25;89.25;92;89.5
87.75;95.25;88.75;92;89.5
87.75;95.25;88.75;92;89.5
87.75;95.25;88.75;92;89.5
87.75;95.25;88.75;92;89.5
87.75;95.25;88.75;92;89.5
87.75;95.25;88.75;91.5;89.5
87.75;95.25;88.75;91.5;89
87.75;95.25;88.75;91.5;89
87.75;94.75;88.75;91.5;89
87.75;94.75;88.75;91.5;88.5
87.25;94.25;88.75;91;88.5
87.25;94.25;88.25;91;88.5
87.25;94.25;88.25;91;88.5
87.25;94.25;88.25;90.5;88
87.25;94.25;88.25;90.5;88
87.25;94.25;88.25;90.5;88
87.25;93.75;88.25;90.5;88
92;93.75;87.75;90.5;88
92;93.75;87.75;90.5;88
92;93.75;87.75;90.5;87.5
91.5;93.25;87.75;90.5;87.5
91.5;93.25;87.75;90.5;87
91;93.25;87.75;90.5;87
91;93.25;87.75;90;87
90.5;93.25;87.25;90;87
90.5;92.75;92.5;90;87
90;92.75;92.5;90;87
90;92.75;92.5;90;87
90;92.75;92.5;94.75;87
90;92.75;92.5;94.75;86.5
90;92.75;92.5;94.75;86.5
90;92.25;92.5;94.75;86.5
89.5;92.25;92.5;94.75;86.5
89.5;92.25;92.5;94.75;86.5
89.5;92.25;92.5;94.75;86.5
89.5;92.25;92.5;94.75;86
89.5;92.25;92.5;94.75;86
89.5;92.25;92.5;94.75;86
89;92.25;92.5;94.75;86
89;92.25;92.5;94.25;86
89;92.25;92.5;94.25;86
89;92.25;92.5;94.25;86
89;92.25;92.5;94.25;86
89;91.75;92.5;93.25;86
89;91.75;92.5;92.75;85.5
89;91.75;92.5;92.75;85.5
88.5;91.75;92.5;92.75;85.5
88.5;91.75;92;92.75;85.5
88.5;91.75;92;92.75;85.5
88.5;91.75;92;92.25;85.5
88.5;91.75;91.5;92.25;85.5
88;91.25;91.5;92.25;85.5
88;91.25;91.5;92.25;85.5
88;91.25;91.5;91.75;85
88;91.25;91.5;91.75;85
88;91.25;91;91.75;85
88;91.25;91;91.75;85
88;91.25;91;91.75;85
88;91.25;91;91.75;85
88;91.25;91;91.75;85
88;91.25;90.5;91.25;85
88;91.25;90.5;91.25;85
88;91.25;90.5;91.25;85
88;91.25;90.5;91.25;84.5
88;91.25;90;91.25;84.5
88;91.25;90;91.25;84.5
88;91.25;90;91.25;84.5
87.5;90.75;90;91.25;84
87.5;90.75;90;91.25;84
87.5;90.75;90;91.25;89.25
87.5;90.75;90;90.75;89.25
87.5;90.75;89.5;90.75;89.25
87.5;90.25;89.5;90.75;89.25
87.5;90.25;89.5;90.75;89.25
87.5;89.75;89.5;90.75;89.25
87.5;89.75;89.5;90.75;89.25
87.5;89.75;89.5;90.75;89.25
87.5;95;89.5;90.25;88.75
87.5;95;89;90.25;88.75
87.5;95;89;90.25;88.25
87.5;95;89;90.25;88.25
87;95;89;90.25;88.25
87;95;89;90.25;88.25
87;95;89;90.25;88.25
87;95;89;90.25;88.25
91.75;95;89;90.25;88.25
91.75;95;89;90.25;87.75
91.75;95;89;90.25;87.75
90.75;95;89;90.25;87.75
90.75;95;89;90.25;87.75
90.75;94.5;89;89.75;87.75
90.75;94.5;88.5;89.75;87.75
90.75;94.5;88.5;89.75;87.25
89.75;94.5;88.5;89.75;87.25
89.25;94.5;88.5;89.75;87.25
89.25;94;88.5;89.75;87.25
88.75;94;88.5;94.5;87.25
88.75;94;88.5;94.5;87.25
88.75;93.5;88;94.5;87.25
88.75;93;88;94.5;86.75
88.75;93;88;94.5;86.75
88.25;93;88;94.5;86.75
88.25;93;88;94.5;86.25
88.25;93;87.5;94.5;86.25
88.25;93;87.5;94.5;86.25
88.25;92.5;87.5;94;86.25
88.25;92.5;87.5;94;86.25
88.25;92.5;87.5;94;86.25
88.25;92.5;87.5;93.5;86.25
87.75;92.5;92.25;93;86.25
87.75;92.5;92.25;93;86.25
87.75;92;92.25;93;86.25
87.75;92;92.25;92.5;85.75
87.75;92;92.25;92.5;85.75
87.75;92;92.25;92.5;85.75
87.75;91.5;92.25;92.5;85.75
87.75;91.5;92.25;92.5;85.75
87.75;91.5;92.25;92.5;85.75
87.75;91.5;92.25;92.5;85.75
87.25;91.5;92.25;92;85.75
87.25;91.5;92.25;92;85.25
87.25;91.5;92.25;91.5;85.25
87.25;91;92.25;91.5;85.25
87.25;91;92.25;91.5;85.25
87.25;91;92.25;91.5;85.25
87.25;91;92.25;91.5;85.25
87.25;91;92.25;91.5;85.25
87.25;91;91.25;91;85.25
86.75;91;91.25;91;85.25
86.75;91;91.25;91;84.75
86.25;91;91.25;91;84.75
86.25;91;90.75;91;84.75
91.5;91;90.25;91;84.75
91;91;90.25;91;84.75
91;90.5;90.25;91;84.75
91;90.5;90.25;91;84.75
90;90.5;90.25;90.5;84.75
90;90.5;89.75;90.5;84.75
90;90;89.75;90.5;84.75
90;90;89.75;90.5;84.75
90;90;89.75;90.5;84.75
90;90;89.25;90.5;84.25
89.5;90;89.25;90.5;84.25
89.5;90;89.25;90.5;84.25
89.5;90;89.25;90.5;84.25
89.5;94.75;89.25;90.5;89
89;94.75;88.75;90.5;89
89;94.75;88.75;90.5;89
88.5;94.75;88.75;90.5;89
88.5;94.75;88.75;90;89
88.5;94.75;88.75;90;89
88.5;94.75;88.75;90;89
88.5;94.75;88.25;90;89
88.5;94.75;88.25;90;89
88.5;94.75;88.25;90;89
88;94.75;88.25;90;88.5
88;94.75;88.25;90;88.5
88;94.75;88.25;90;88
88;94.25;88.25;89.5;88
88;94.25;88.25;89.5;88
88;94.25;88.25;89.5;87.5
88;93.75;88.25;89.5;87.5
88;93.75;88.25;94.25;87.5
88;93.75;88.25;94.25;87.5
87.5;93.75;88.25;94.25;87
87.5;93.75;88.25;94.25;87
87.5;93.25;88.25;94.25;87
87.5;92.75;88.25;94.25;86.5
87.5;92.75;87.75;93.75;86.5
87.5;92.75;87.75;93.75;86
87.5;92.75;87.75;93.25;86
87.5;92.75;87.75;93.25;86
87.5;92.75;87.75;93.25;86
87.5;92.75;87.75;92.75;86
87.5;92.25;87.75;92.75;86
87.5;92.25;87.75;92.75;86
87.5;92.25;87.75;92.25;86
87.5;92.25;87.75;92.25;86
87.5;92.25;87.75;91.75;85.5
87.5;92.25;87.75;91.75;85.5
87;92.25;87.75;91.25;85.5
87;92.25;87.25;91.25;85.5
87;91.75;87.25;91.25;85.5
87;91.75;87.25;91.25;85.5
87;91.75;87.25;91.25;85.5
87;91.75;87.25;91.25;85.5
87;91.25;87.25;91.25;85.5
87;91.25;87.25;90.75;85.5
86.5;91.25;87.25;90.75;85.5
86.5;91.25;86.75;90.75;85
86.5;91.25;86.75;90.75;85
86.5;91.25;92;90.75;85
86.5;91.25;92;90.75;85
86;91.25;92;90.75;85
86;91.25;92;90.75;85
91.25;91.25;92;90.25;85
90.75;91.25;92;90.25;85
90.75;91.25;92;90.25;85
90.25;91.25;92;90.25;85
89.75;90.75;92;90.25;84.5
88.75;90.75;91.5;90.25;84.5
88.75;90.75;91.5;90.25;84.5
88.25;90.75;91.5;90.25;84.5
88.25;90.75;90.5;90.25;84.5
87.75;90.75;90.5;89.75;84.5
87.75;90.75;90;89.75;84.5
87.75;90.25;90;89.75;84.5
87.75;90.25;90;89.75;84.5
87.75;90.25;90;89.75;84.5
87.75;90.25;90;89.75;84.5
87.75;90.25;89.5;89.75;84.5
87.75;90.25;89.5;89.75;84.5
87.75;90.25;89;89.75;84.5
87.75;90.25;89;89.25;88.75
87.25;90.25;89;89.25;88.75
87.25;90.25;89;89.25;88.75
87.25;90.25;89;89.25;88.75
87.25;89.75;89;89.25;88.75
87.25;89.75;88.5;89.25;88.75
87.25;89.75;88.5;94;88.75
87.25;89.75;88.5;94;88.75
87.25;94.5;88.5;94;88.75
87.25;94.5;88.5;94;88.75
87.25;94.5;88;94;88.75
87.25;94.5;88;94;88.75
87.25;94.5;88;94;88.75
87.25;94.5;88;94;88.75
87.25;94.5;88;94;88.75
87.25;94.5;88;93.5;88.75
87.25;94.5;88;93.5;88.75
86.75;94.5;88;93;88.25
86.75;94.5;88;93;88.25
86.75;94.5;88;93;87.75
86.75;94.5;87.5;92.5;87.75
86.75;94;87.5;92.5;87.75
86.75;94;87.5;92;87.75
86.25;94;87.5;92;87.25
86.25;94;87.5;92;87.25
86.25;93.5;87.5;91.5;86.75
86.25;93.5;87.5;91.5;86.75
86.25;93.5;87.5;91.5;86.75
86.25;93.5;87.5;91;86.75
86.25;93.5;87;91;86.75
85.75;93.5;87;91;86.75
91;93.5;87;91;86.75
91;93.5;87;90.5;86.25
90;93;86.5;90.5;86.25
90;93;91.75;90.5;86.25
90;93;91.75;90.5;85.75
90;93;91.75;90.5;85.75
90;92.5;91.75;90.5;85.75
90;92.5;91.75;90.5;85.75
90;92.5;91.75;90.5;85.75
89.5;92.5;91.75;90.5;85.75
89;92;91.75;90.5;85.75
89;92;91.75;90.5;85.75
88.5;92;91.75;90.5;85.75
88.5;92;91.75;90.5;85.25
88.5;92;91.75;90;85.25
88;91.5;91.75;90;85.25
88;91.5;91.75;90;85.25
88;91.5;91.75;90;85.25
88;91;91.75;90;85.25
87.5;91;91.75;90;85.25
87.5;91;91.75;90;85.25
87.5;91;91.75;90;84.75
87.5;91;91.75;90;84.75
87.5;90.5;91.25;90;84.75
87.5;90.5;91.25;90;84.75
87.5;90.5;91.25;90;84.75
87.5;90.5;90.75;90;84.75
87.5;90.5;90.75;90;84.75
87.5;90.5;90.75;90;84.75
87.5;90.5;90.75;89.5;84.25
87.5;90.5;90.25;89.5;84.25
87.5;90.5;90.25;89.5;84.25
87.5;90.5;90.25;89.5;84.25
87.5;90.5;90.25;89.5;84.25
87;90.5;90.25;89.5;84.25
87;90;90.25;89.5;84.25
87;90;89.75;89.5;83.75
87;90;89.25;89.5;83.75
87;90;88.75;89.5;83.25
87;90;88.75;88.5;88.5
87;90;88.75;93.75;88.5
87;90;88.75;93.75;88.5
87;90;88.75;93.75;88.5
87;90;88.75;93.75;88.5
87;90;88.75;93.75;88.5
86.5;90;88.75;93.75;88.5
86.5;90;88.75;93.75;88.5
86.5;89.5;88.75;93.75;88.5
86.5;89.5;88.75;93.25;88.5
86.5;89.5;88.25;92.75;88.5
86.5;89.5;88.25;92.75;88.5
86.5;89;88.25;92.75;88.5
86;89;88.25;92.75;88.5
86;89;88.25;92.75;88.5
86;89;88.25;92.25;88
86;94.25;88.25;92.25;88
86;94.25;88.25;91.75;88
86;94.25;88.25;91.75;88
90.25;94.25;88.25;91.75;88
89.75;94.25;88.25;91.25;88
89.75;94.25;88.25;91.25;87.5
89.75;94.25;87.75;91.25;87.5
89.75;94.25;87.75;91.25;87.5
89.75;94.25;87.75;91.25;87.5
89.25;94.25;87.75;91.25;87.5
89.25;94.25;87.75;91.25;87.5
89.25;93.75;87.75;90.75;87.5
88.25;93.75;87.25;90.75;87.5
88.25;93.25;87.25;90.75;87
88.25;93.25;87.25;90.75;87
87.75;93.25;87.25;90.25;87
87.75;93.25;87.25;90.25;87
87.75;93.25;87.25;90.25;87
87.75;92.75;87.25;90.25;86.5
87.75;92.75;87.25;90.25;86.5
87.25;92.25;86.75;90.25;86
87.25;92.25;86.75;90.25;86
87.25;92.25;86.75;90.25;86
87.25;92.25;86.75;90.25;86
87.25;91.75;86.75;90.25;85.5
87.25;91.75;86.75;89.75;85.5
87.25;91.75;86.75;89.75;85.5
87.25;91.25;86.75;89.75;85.5
87.25;91.25;86.25;89.75;85
87.25;91.25;86.25;89.75;85
86.75;91.25;91.5;89.75;85
86.75;91.25;91.5;89.75;85
86.75;90.75;91.5;89.75;85
86.75;90.75;91.5;89.25;85
86.75;90.75;91.5;89.25;85
86.75;90.75;91.5;89.25;85
86.75;90.75;91.5;88.75;85
86.75;90.25;91.5;88.75;85
86.75;90.25;91.5;88.75;85
86.25;90.25;91.5;88.25;85
86.25;90.25;91.5;93.5;85
86.25;90.25;91.5;93.5;85
86.25;89.75;91.5;93.5;85
86.25;89.75;91.5;93.5;85
86.25;89.75;91.5;93.5;85
86.25;89.25;91.5;93.5;85
86.25;89.25;91;93.5;84.5
86.25;89.25;91;93.5;84.5
86.25;89.25;90.5;93;84.5
86.25;88.75;90.5;92.5;84.5
86.25;94;90;92.5;84.5
85.75;94;90;92.5;84.5
85.75;94;90;92.5;84.5
85.75;94;89.5;92;84.5
85.75;94;89.5;92;84.5
85.75;94;89.5;91.5;84.5
85.75;94;89.5;91.5;84.5
85.75;94;89.5;91.5;84
85.25;94;89.5;91.5;84
90.5;94;89.5;91.5;84
90.5;94;89;91.5;84
90.5;93.5;89;91;84
90;93.5;89;91;84
90;92.5;88.5;91;84
89.5;92.5;88;91;84
89.5;92;88;91;84
88.5;92;88;91;84
88.5;92;88;90.5;83.5
88.5;92;88;90.5;83.5
88.5;91.5;88;90;83.5
88.5;91.5;88;90;83.5
88.5;91.5;88;90;83.5
88.5;91.5;88;90;83
88;91.5;88;90;88.25
88;91.5;88;89.5;88.25
88;91.5;88;89.5;88.25
88;91;88;89.5;88.25
88;91;87.5;89.5;88.25
87.5;91;87.5;89.5;88.25
87.5;90.5;87.5;89.5;88.25
87.5;90;87.5;89.5;88.25
87.5;90;87.5;89.5;88.25
87.5;90;87.5;89.5;88.25
87;90;87.5;89.5;88.25
87;90;87.5;89;88.25
87;90;87.5;89;88.25
87;90;87.5;89;88.25
87;90;87;89;87.75
87;89.5;87;88.5;87.75
87;89.5;87;88.5;87.25
87;89.5;87;88.5;87.25
87;89.5;87;88;87.25
87;89.5;87;93.25;86.75
86.5;89.5;87;93.25;86.75
86.5;89.5;87;93.25;86.75
86.5;89.5;87;93.25;86.25
86.5;89;87;93.25;86.25
86.5;89;87;93.25;86.25
86.5;89;87;93.25;86.25
86.5;89;87;93.25;86.25
86.5;89;87;93.25;86.25
86.5;89;86.5;93.25;85.75
86.5;88.5;86.5;93.25;85.75
86.5;93.75;86.5;93.25;85.25
86;93.75;86;93.25;85.25
86;93.75;86;93.25;85.25
86;93.75;91.25;93.25;85.25
86;93.75;91.25;93.25;85.25
86;93.75;91.25;93.25;85.25
86;93.75;91.25;92.75;85.25
86;93.75;91.25;92.75;84.75
86;93.75;91.25;92.25;84.75
86;93.75;91.25;92.25;84.75
86;93.75;91.25;91.75;84.75
85.5;93.75;91.25;91.75;84.75
85.5;93.25;91.25;91.25;84.75
85.5;93.25;91.25;91.25;84.25
85.5;93.25;91.25;91.25;84.25
85.5;93.25;91.25;90.75;84.25
85;93.25;91.25;90.75;84.25
85;93.25;91.25;90.75;84.25
90.25;93.25;91.25;90.75;84.25
90.25;93.25;91.25;90.75;84.25
90.25;92.75;91.25;90.75;84.25
90.25;92.75;90.75;90.75;84.25
89.75;92.75;90.75;90.25;83.75
89.75;92.75;90.75;90.25;83.75
89.25;92.25;90.25;90.25;83.75
89.25;92.25;90.25;90.25;83.75
88.75;91.75;89.75;90.25;83.75
88.75;91.75;89.75;89.75;83.25
88.25;91.75;89.75;89.75;83.25
88.25;91.25;89.75;89.75;83.25
88.25;91.25;89.75;89.75;83.25
88.25;91.25;89.25;89.75;82.75
87.75;91.25;89.25;89.25;88
87.75;91.25;89.25;89.25;88
87.75;90.75;89.25;89.25;88
87.75;90.75;89.25;89.25;88
87.75;90.75;89.25;89.25;88
87.75;90.75;89.25;89.25;88
87.75;90.75;88.75;89.25;88
87.75;90.75;88.75;89.25;88
87.75;90.75;88.75;89.25;88
87.75;90.75;88.25;89.25;88
87.25;90.25;88.25;89.25;88
87.25;90.25;88.25;88.75;88
87.25;90.25;88.25;88.75;87.5
87.25;90.25;88.25;88.75;87.5
87.25;90.25;88.25;88.75;87.5
87.25;90.25;88.25;88.25;87
87.25;90.25;87.75;88.25;87
87.25;90.25;87.75;88.25;87
87.25;90.25;87.75;88.25;87
86.75;89.75;87.75;87.75;87
86.75;89.75;87.75;87.75;87
86.75;89.75;87.75;93;87
86.75;89.75;87.75;93;86.5
86.75;89.75;87.75;93;86.5
86.75;89.75;87.75;93;86.5
86.75;89.75;87.75;93;86
86.75;89.75;87.75;93;86
86.75;89.75;87.75;93;86
86.75;89.75;87.25;93;86
86.75;89.75;87.25;93;86
86.75;89.75;87.25;93;86
86.25;89.75;87.25;93;86
86.25;89.25;87.25;93;86
86.25;89.25;87.25;93;85.5
86.25;89.25;86.75;92.5;85.5
86.25;89.25;86.75;92.5;85
86.25;89.25;86.75;92.5;85
86.25;89.25;86.75;92.5;85
86.25;89.25;86.75;92.5;85
86.25;89.25;86.75;92.5;85
86.25;89.25;86.75;92;85
86.25;89.25;86.25;92;85
86.25;89.25;86.25;92;85
86.25;89.25;86.25;92;84.5
86.25;89.25;86.25;92;84.5
86.25;89.25;86.25;92;84.5
86.25;88.75;86.25;92;84.5
86.25;88.75;85.75;92;84.5
86.25;88.75;91;91.5;84.5
86.25;88.75;91;91.5;84.5
85.75;88.25;91;91;84.5
85.75;93.5;91;91;84.5
85.75;93.5;91;91;84.5
85.75;93.5;91;91;84.5
85.75;93.5;91;91;84.5
85.75;93.5;91;90.5;84.5
85.75;93.5;91;90.5;84
85.75;93.5;91;90.5;84
85.75;93.5;91;90.5;84
85.75;93.5;91;90.5;84
85.75;93.5;91;90.5;84
85.75;93.5;91;90.5;84
85.25;93.5;91;90;84
85.25;93.5;91;90;84
85.25;93.5;91;90;84
85.25;93.5;90.5;90;84
84.75;93.5;90.5;89.5;83.5
84.75;93;90.5;89.5;83.5
90;93;90;89.5;83.5
90;92.5;90;89.5;83.5
90;92.5;89;89.5;83.5
90;92.5;89;89.5;83.5
90;92.5;89;89.5;83.5
89;92.5;89;89.5;83.5
89;92.5;89;89.5;83.5
89;91.5;89;89;83.5
89;91.5;89;89;83.5
88.5;91.5;88.5;89;83.5
88.5;91.5;88.5;89;83.5
88.5;91.5;88.5;89;83
88.5;91.5;88.5;89;83
88.5;91.5;88.5;89;83
88.5;91.5;88.5;89;83
88;91;88;89;83
87.5;91;88;89;82.5
87.5;91;88;88.5;87.75
87.5;90.5;88;88.5;87.75
87.5;90.5;88;88.5;87.75
87.5;90.5;88;88.5;87.75
87;90.5;88;88.5;87.75
87;90.5;87.5;88.5;87.75
87;90;87.5;88.5;87.75
87;90;87.5;88.5;87.75
87;90;87.5;88.5;87.75
87;90;87.5;88.5;87.75
86.5;90;87.5;88;87.75
86.5;90;87.5;87.5;87.75
86.5;90;87.5;87.5;87.75
86.5;90;87.5;92.75;87.75
86.5;90;87.5;92.75;87.75
86.5;90;87.5;92.75;87.75
86.5;90;87.5;92.75;87.75
86.5;89.5;87.5;92.75;87.25
86.5;89.5;87.5;92.75;87.25
86.5;89.5;87.5;92.75;87.25
86.5;89.5;87.5;92.75;87.25
86.5;89.5;87;92.75;87.25
86.5;89.5;87;92.75;86.75
86;89;87;92.25;86.75
86;89;87;91.75;86.75
86;89;87;91.75;86.25
86;89;87;91.25;86.25
86;89;87;91.25;86.25
86;89;87;90.75;86.25
86;89;87;90.75;86.25
86;89;87;90.75;85.75
86;89;87;90.75;85.75
86;89;86.5;90.75;85.75
86;89;86.5;90.75;85.25
85.5;89;86.5;90.75;85.25
85.5;88.5;86.5;90.25;84.75
85.5;88.5;86.5;90.25;84.25
85.5;88.5;86.5;90.25;84.25
85.5;88.5;86.5;90.25;84.25
85;88.5;86.5;90.25;84.25
85;88.5;86.5;89.75;84.25
85;93.25;86;89.75;84.25
85;93.25;86;89.75;84.25
85;93.25;86;89.75;84.25
85;93.25;86;89.25;84.25
85;93.25;85.5;89.25;84.25
85;93.25;90.75;89.25;84.25
84.5;93.25;90.75;89.25;84.25
84.5;93.25;90.75;89.25;84.25
84.5;93.25;90.75;89.25;83.75
89.75;93.25;90.75;89.25;83.75
89.25;93.25;90.75;88.75;83.75
88.75;92.75;90.75;88.75;83.75
88.75;92.75;90.75;88.75;83.75
88.75;92.25;90.75;88.75;83.75
88.75;91.75;90.75;88.75;83.75
88.25;91.75;90.75;88.75;83.75
88.25;91.75;90.75;88.75;83.75
88.25;91.25;90.75;88.75;83.75
88.25;91.25;90.75;88.75;83.75
87.75;91.25;90.75;88.75;83.75
87.75;91.25;90.25;88.75;83.75
87.75;91.25;89.75;88.75;83.75
87.75;91.25;89.75;88.75;83.25
87.75;91.25;89.25;88.75;83.25
87.75;91.25;88.75;88.25;83.25
87.75;91.25;88.75;88.25;83.25
87.75;91.25;88.75;88.25;82.75
87.75;90.75;88.75;88.25;82.75
87.25;90.75;88.75;88.25;82.75
87.25;90.75;88.75;88.25;82.75
87.25;90.75;88.75;88.25;82.75
87.25;90.75;88.75;87.25;82.75
87.25;90.25;88.75;92.5;82.25
87.25;90.25;88.25;92.5;82.25
86.75;90.25;88.25;92.5;87.5
86.75;90.25;88.25;92.5;87.5
86.75;90.25;88.25;92.5;87.5
86.25;90.25;88.25;92.5;87.5
86.25;90.25;88.25;92.5;87.5
86.25;89.75;87.75;92.5;87.5
86.25;89.75;87.75;92.5;87.5
86.25;89.75;87.75;92.5;87.5
86.25;89.75;87.75;92.5;87.5
85.75;89.75;87.75;92.5;87.5
85.75;89.25;87.75;92.5;87.5
85.75;89.25;87.75;92.5;87.5
85.75;89.25;87.75;92.5;87
85.75;89.25;87.75;92.5;86.5
85.75;89.25;87.25;92.5;86.5
85.75;89.25;87.25;92.5;86.5
85.75;89.25;87.25;92;86
85.75;89.25;87.25;92;86
85.75;88.75;87.25;91.5;85.5
85.75;88.75;87.25;91.5;85.5
85.75;88.75;87.25;91.5;85.5
85.75;88.75;87.25;91;85
85.75;88.75;87.25;91;85
85.75;88.75;87.25;91;85
85.25;88.75;87.25;91;85
85.25;88.75;87.25;91;85
85.25;88.75;86.75;91;85
85.25;88.25;86.75;91;85
85.25;88.25;86.75;90.5;84.5
85.25;88.25;86.75;90.5;84.5
85.25;88.25;86.75;90;84.5
85.25;88.25;86.75;90;84.5
85.25;88.25;86.75;90;84.5
85.25;88.25;86.75;90;84.5
85.25;93;86.75;89.5;84.5
84.75;93;86.75;89.5;84.5
84.75;93;86.75;89.5;84.5
84.75;93;86.75;89.5;84.5
89.5;93;86.25;89.5;84
89.5;93;86.25;89;84
89.5;93;86.25;89;84
89;92.5;86.25;89;84
88.5;92.5;86.25;89;84
88.5;92.5;86.25;89;84
88;92.5;86.25;88.5;84
88;92;86.25;88.5;84
88;92;86.25;88.5;84
88;92;86.25;88.5;84
88;92;86.25;88.5;83.5
88;92;86.25;88.5;83.5
87.5;92;85.75;88;83.5
87.5;91.5;85.75;88;83.5
87;91.5;85.75;88;83.5
87;91.5;85.75;88;83.5
87;91;85.75;87.5;83.5
86;91;85.75;87.5;83.5
86;91;85.25;87.5;83.5
86;91;90.5;87.5;83
85.5;91;90.5;87.5;83
85.5;91;90.5;87;83
85.5;91;90.5;86.5;83
85.5;91;90.5;92.25;83
85.5;90.5;90.5;92.25;83
85.5;90.5;90.5;92.25;83
85.5;90;90.5;92.25;83
85.5;90;90.5;92.25;82.5
85;89.5;90.5;92.25;82.5
85;89.5;90.5;92.25;82.5
85;89.5;90.5;92.25;82.5
85;89.5;90.5;92.25;82.5
85;89.5;90.5;92.25;82.5
85;89.5;90.5;92.25;82.5
85;89.5;90.5;92.25;82.5
85;89.5;90.5;92.25;82
85;89.5;90.5;92.25;82
85;89.5;90.5;91.75;87.25
85;89.5;90.5;91.75;87.25
85;89.5;90.5;91.25;87.25
84.5;89.5;90;91.25;87.25
84.5;89.5;90;90.75;87.25
84.5;89.5;90;90.75;87.25
84.5;89.5;89.5;90.25;87.25
84.5;89;89.5;90.25;87.25
84.5;89;89.5;90.25;87.25
84;89;89.5;90.25;87.25
82.5;89;89.5;90.25;87.25
89.25;89;89.5;90.25;87.25
89.25;88.5;89.5;89.75;87.25
89.25;88.5;89;89.75;87.25
89.25;88.5;89;89.75;86.75
89.25;88.5;89;89.25;86.75
89.25;88.5;89;89.25;86.25
89.25;88.5;89;89.25;86.25
89.25;88.5;89;89.25;86.25
88.75;88.5;88.5;89.25;86.25
88.75;88.5;88.5;89.25;86.25
87.25;88.5;88.5;89.25;86.25
87.25;88;88;89.25;85.75
87.25;88;88;88.75;85.25
87.25;88;88;88.75;85.25
86.75;87.5;88;88.75;85.25
86.75;87.5;88;88.75;85.25
86.75;92.75;88;88.75;84.75
86.75;92.75;87.5;88.75;84.75
86.75;92.75;87;88.75;84.75
86.75;92.75;87;88.75;84.75
86.25;92.75;87;88.75;84.75
86.25;92.75;87;88.75;84.75
86.25;92.75;87;88.25;84.75
86.25;92.25;87;88.25;84.25
86.25;92.25;87;88.25;84.25
86.25;91.75;87;88.25;84.25
85.75;91.75;87;88.25;84.25
85.75;91.75;86.5;88.25;83.75
85.75;91.25;86.5;88.25;83.75
85.75;90.75;86.5;88.25;83.75
85.75;90.75;86.5;87.75;83.75
85.75;90.75;86.5;87.75;83.75
85.75;90.75;86.5;87.75;83.75
85.75;90.75;86.5;87.75;83.75
85.75;90.75;86.5;87.75;83.75
85.75;90.25;86;87.25;83.75
85.25;90.25;86;92;83.75
85.25;89.75;86;92;83.75
85.25;89.75;86;92;83.25
85.25;89.75;85.5;92;83.25
85.25;89.75;85.5;92;83.25
85.25;89.75;85.5;92;83.25
85.25;89.75;85.5;92;83.25
85.25;89.25;85;92;83.25
85.25;89.25;85;92;82.75
85.25;89.25;90.25;92;82.75
85.25;89.25;90.25;92;82.75
84.75;89.25;90.25;92;82.75
84.75;89.25;90.25;91.5;82.75
84.75;89.25;90.25;91.5;82.75
84.75;89.25;90.25;91.5;82.75
84.75;89.25;90.25;91;82.75
84.75;89.25;90.25;91;82.75
84.75;89.25;90.25;91;82.75
84.75;89.25;90.25;90.5;82.75
84.75;89.25;90.25;90.5;82.25
84.75;89.25;90.25;90.5;82.25
84.75;89.25;90.25;90.5;82.25
84.75;89.25;90.25;90;82.25
84.75;88.75;90.25;90;82.25
84.75;88.75;89.25;90;81.75
84.25;88.75;89.25;90;87
84.25;88.75;89.25;89.5;87
84.25;88.75;88.75;89;87
84.25;88.75;88.75;89;87
84.25;88.75;88.75;89;87
89;88.75;88.25;89;87
89;88.75;88.25;88.5;87
89;88.75;88.25;88.5;87
89;88.75;88.25;88.5;87
89;88.25;87.75;88.5;87
89;88.25;87.75;88.5;87
88.5;88.25;87.75;88.5;87
88.5;88.25;87.75;88.5;87
88.5;88.25;87.75;88;87
88.5;88.25;87.75;88;87
88;88.25;87.75;88;87
87.5;88.25;87.75;88;86.5
87.5;88.25;87.25;88;86.5
87.5;87.75;87.25;88;86.5
87;87.75;87.25;88;86.5
87;87.75;87.25;88;86
87;87.75;87.25;87.5;85.5
87;87.75;87.25;87.5;85.5
86.5;87.25;86.75;87.5;85.5
86.5;92.5;86.75;87.5;85.5
86;92.5;86.75;87.5;85.5
86;92.5;86.75;87.5;85
86;92.5;86.75;87;85
86;92.5;86.75;87;84
86;92.5;86.25;87;84
86;92.5;86.25;87;84
86;92.5;86.25;86.5;84
85.5;92.5;86.25;86.5;84
85.5;92.5;86.25;86.5;84
85.5;92.5;86.25;91.75;83.5
85.5;92.5;86.25;91.75;83.5
85.5;92.5;86.25;91.75;83.5
85.5;92.5;86.25;91.75;83.5
85.5;92.5;86.25;91.75;83.5
85.5;92;86.25;91.75;83.5
85.5;92;86.25;91.75;83.5
85.5;92;86.25;91.75;83.5
85;92;86.25;91.75;83.5
85;91.5;86.25;91.25;83.5
85;91.5;86.25;91.25;83.5
85;91.5;86.25;91.25;83.5
85;91.5;85.75;91.25;83
85;91.5;85.75;91.25;83
85;91;85.75;91.25;83
85;91;85.75;90.75;83
85;91;85.75;90.75;83
85;91;85.75;90.75;83
85;90.5;85.75;90.75;83
85;90.5;85.75;90.25;83
85;90.5;85.75;90.25;83
85;90;90;90.25;83
84.5;90;90;89.75;83
84.5;90;90;89.75;83
84.5;90;90;89.75;82.5
84.5;89.5;90;89.75;82.5
84.5;89.5;90;89.75;82.5
84.5;89.5;90;89.25;82.5
84.5;89.5;90;89.25;82.5
84.5;89.5;90;89.25;82.5
84.5;89.5;90;89.25;82.5
84.5;89.5;90;89.25;82.5
84.5;89;90;88.75;82
84.5;89;90;88.75;82
84;89;90;88.75;82
84;89;90;88.25;81.5
84;89;90;88.25;86.75
84;89;90;88.25;86.75
84;89;90;88.25;86.75
84;89;89.5;87.75;86.75
83.5;89;89;87.75;86.75
83.5;88.5;89;87.75;86.75
88.75;88.5;89;87.75;86.75
88.75;88.5;88.5;87.75;86.75
88.75;88.5;87.5;87.75;86.75
88.75;88.5;87.5;87.75;86.75
88.25;88.5;87.5;87.75;86.75
88.25;88.5;87.5;87.75;86.25
87.75;88.5;87.5;87.75;85.75
87.75;88.5;87;87.75;85.75
87.25;88.5;87;87.25;85.75
87.25;88;87;87.25;85.75
87.25;88;87;87.25;85.25
87.25;88;87;87.25;85.25
87.25;88;86.5;87.25;84.75
86.75;88;86.5;86.75;84.75
86.75;88;86.5;86.75;84.25
86.25;87.5;86.5;86.25;84.25
86.25;87.5;86.5;86.25;84.25
86.25;87.5;86.5;86.25;84.25
86.25;87;86.5;86.25;84.25
86.25;87;86.5;91.5;84.25
85.75;92.25;86.5;91.5;83.75
85.75;92.25;86.5;91.5;83.75
85.75;92.25;86.5;91.5;83.75
85.75;92.25;86;91.5;83.75
85.75;92.25;86;91.5;83.75
85.75;92.25;86;91.5;83.25
85.75;92.25;86;91.5;83.25
85.75;92.25;86;91.5;82.75
85.25;92.25;86;91.5;82.75
85.25;92.25;86;91.5;82.75
85.25;92.25;85.5;91;82.75
85.25;92.25;85.5;90.5;82.75
85.25;92.25;85.5;90.5;82.75
85.25;92.25;85.5;90;82.25
85.25;92.25;85.5;90;82.25
85.25;92.25;85.5;90;82.25
85.25;92.25;85;89.5;82.25
85.25;91.75;85;89.5;82.25
84.75;91.75;85;89.5;82.25
84.75;91.75;85;89;82.25
84.75;91.75;85;89;81.75
84.75;91.75;85;89;86.5
84.75;91.25;85;89;86.5
84.75;91.25;85;88.5;86.5
84.75;91.25;84.5;88.5;86.5
84.25;91.25;89.75;88.5;86.5
84.25;91.25;89.75;88.5;86.5
84.25;91.25;89.75;88.5;86.5
84.25;90.75;89.75;88;86.5
84.25;90.25;89.75;88;86.5
84.25;90.25;89.75;88;86.5
84.25;90.25;89.75;88;86
84.25;90.25;89.75;87.5;86
84.25;90.25;89.75;87.5;85.5
84.25;89.75;89.75;87.5;85.5
84.25;89.75;89.75;87.5;85.5
84.25;89.75;89.75;87.5;85
84.25;89.75;89.75;87.5;85
84.25;89.75;89.75;87.5;84.5
84.25;89.75;89.75;87.5;84.5
84.25;89.75;89.75;87.5;84
84.25;89.75;89.75;87.5;84
83.75;89.75;89.75;87;84
83.25;89.25;89.75;87;84
83.25;89.25;89.25;87;84
88.5;89.25;89.25;87;83.5
88.5;89.25;88.75;86.5;83.5
88.5;89.25;88.75;86.5;83.5
88.5;89.25;88.75;86.5;83.5
88.5;89.25;88.25;86.5;83.5
88.5;88.75;88.25;91.25;83
88.5;88.75;88.25;91.25;83
88.5;88.75;88.25;91.25;83
88;88.75;87.75;91.25;83
88;88.75;87.75;91.25;83
88;88.75;87.25;91.25;82.5
87.5;88.75;87.25;91.25;82.5
87.5;88.75;87.25;91.25;82.5
87.5;88.25;87.25;91.25;82.5
87.5;88.25;87.25;91.25;82.5
87;88.25;87.25;91.25;82.5
87;88.25;86.75;91.25;82.5
86.5;88.25;86.75;91.25;82.5
86.5;88.25;86.75;91.25;82.5
86.5;88.25;86.75;91.25;82.5
86.5;88.25;86.75;91.25;82.5
86.5;88.25;86.25;91.25;82.5
86.5;88.25;86.25;91.25;82.5
86;88.25;86.25;90.75;82.5
86;88.25;86.25;90.75;82.5
86;88.25;86.25;90.75;82.5
86;88.25;86.25;90.75;82
86;87.75;85.75;90.25;82
86;87.75;85.75;90.25;82
86;87.75;85.75;90.25;82
85.5;87.75;85.75;89.75;82
85.5;87.75;85.75;89.75;82
85.5;87.75;85.75;89.75;82
85.5;87.75;85.75;89.75;82
85.5;87.75;85.75;89.75;81.5
85.5;87.25;85.75;89.75;81.5
85.5;87.25;85.25;89.25;81.5
85;87.25;85.25;89.25;81
85;87.25;85.25;89.25;81
85;87.25;85.25;88.75;86.25
85;87.25;85.25;88.75;86.25
85;92;85.25;88.75;86.25
85;92;85.25;88.75;86.25
85;92;84.75;88.75;86.25
84.5;92;84.75;88.75;86.25
84.5;92;84.75;88.75;86.25
84.5;92;84.25;88.75;86.25
84.5;92;89.5;88.75;86.25
84.5;91.5;89.5;88.25;86.25
84.5;91.5;89.5;88.25;86.25
84.5;91.5;89.5;87.75;86.25
84.5;91;89.5;87.75;86.25
84.5;91;89.5;87.75;86.25
84.5;91;89.5;87.75;85.75
84.5;91;89.5;87.75;85.75
84;91;89.5;87.75;85.75
84;90.5;89.5;87.75;85.75
84;90.5;89.5;87.75;85.25
84;90.5;89.5;87.75;85.25
84;90.5;89.5;87.75;85.25
84;90.5;89.5;87.75;85.25
84;90.5;89.5;87.25;85.25
84;90.5;89.5;87.25;85.25
84;90.5;89.5;87.25;84.75
83.5;90.5;89.5;87.25;84.75
83.5;90;89.5;87.25;84.75
83;90;89.5;87.25;84.25
83;90;89.5;87.25;84.25
83;90;89;87.25;84.25
88.25;90;89;87.25;84.25
88.25;90;89;87.25;83.75
88.25;89.5;89;87.25;83.75
88.25;89.5;88.5;87.25;83.75
88.25;89.5;88.5;87.25;83.25
88.25;89;88;87.25;83.25
88.25;89;88;86.75;83.25
88.25;89;88;86.75;83.25
88.25;89;87.5;86.75;83.25
87.75;89;87.5;86.75;83.25
87.25;88.5;87.5;86.75;83.25
87.25;88.5;87.5;86.75;82.75
86.75;88.5;87.5;86.75;82.75
86.75;88.5;87.5;86.75;82.75
86.75;88.5;87;86.75;82.75
86.75;88.5;87;86.75;82.75
86.75;88;86.5;86.75;82.75
86.75;88;86.5;86.25;82.75
86.25;88;86.5;86.25;82.75
86.25;88;86.5;86.25;82.25
86.25;88;86.5;86.25;82.25
86.25;88;86.5;86.25;82.25
86.25;88;86.5;86.25;82.25
85.75;88;86.5;86.25;82.25
85.75;88;86.5;85.75;82.25
85.75;88;86.5;91;82.25
85.75;87.5;86;91;82.25
85.75;87.5;86;91;82.25
85.75;87.5;86;91;82.25
85.75;87.5;86;91;82.25
85.75;87.5;86;91;81.75
85.25;87.5;86;91;81.75
85.25;87.5;86;91;81.75
85.25;87;86;91;81.75
85.25;87;85.5;91;81.75
85.25;87;85.5;91;81.75
85.25;87;85.5;91;81.75
85.25;86.5;85.5;91;81.25
85.25;86.5;85.5;91;81.25
85.25;91.75;85.5;90.5;81.25
85.25;91.75;85;90.5;81.25
85.25;91.75;85;90;86
84.75;91.75;85;90;86
84.75;91.75;85;89.5;86
84.75;91.75;85;89.5;86
84.75;91.75;85;89.5;86
84.75;91.75;85;89.5;86
84.25;91.25;85;89;86
84.25;90.75;84.5;89;86
84.25;90.75;89.25;89;86
84.25;90.75;89.25;89;86
84.25;90.75;89.25;89;86
84.25;90.75;89.25;89;86
84.25;90.75;89.25;88.5;86
84.25;90.75;89.25;88.5;86
84.25;90.75;89.25;88.5;86
84.25;90.25;89.25;88.5;85
84.25;90.25;89.25;88.5;85
84.25;90.25;89.25;88.5;85
84.25;90.25;89.25;88;85
84.25;90.25;89.25;88;85
83.75;90.25;89.25;88;84.5
83.75;89.75;89.25;88;84.5
83.75;89.75;89.25;88;84.5
83.75;89.75;89.25;88;84
83.75;89.75;89.25;88;83.5
83.75;89.75;89.25;87.5;83.5
83.75;89.75;89.25;87.5;83.5
83.25;89.75;89.25;87.5;83.5
83.25;89.25;89.25;87.5;83.5
83.25;89.25;88.75;87.5;83
83.25;89.25;88.75;87.5;82.5
82.75;89.25;88.25;87.5;82.5
88;89.25;88.25;87.5;82.5
88;89.25;87.75;87.5;82.5
88;89.25;87.75;87.5;82.5
88;89.25;87.75;87.5;82.5
87.5;89.25;87.75;87;82
87.5;88.75;87.25;87;82
86.5;88.75;87.25;87;82
86.5;88.75;87.25;87;82
86.5;88.75;86.75;87;82
86.5;88.75;86.25;87;82
86.5;88.75;86.25;87;82
86.5;88.75;86.25;87;82
86.5;88.75;86.25;87;82
86.5;88.25;86.25;87;82
86;88.25;86.25;87;82
86;88.25;86.25;87;82
85.5;87.75;86.25;86.5;81.5
85.5;87.75;85.75;86.5;81.5
85;87.75;85.75;86.5;81.5
85;87.75;85.75;86.5;81.5
85;87.75;85.75;86.5;81
85;87.75;85.75;86.5;80.5
85;87.75;85.75;86;80.5
85;87.75;85.75;86;85.75
85;87.75;85.75;86;85.75
85;87.25;85.75;85.5;85.75
85;87.25;85.75;90.75;85.75
85;87.25;85.25;90.75;85.75
85;87.25;85.25;90.75;85.75
84.5;87.25;85.25;90.75;85.75
84.5;87.25;85.25;90.75;85.75
84.5;87.25;85.25;90.75;85.75
84.5;87.25;85.25;90.75;85.75
84.5;87.25;85.25;90.75;85.75
84.5;87.25;85.25;90.75;85.75
84.5;87.25;85.25;90.75;84.75
84.5;87.25;85.25;90.75;84.75
84;87.25;84.75;90.25;84.75
84;86.75;84.75;90.25;84.75
84;86.75;84.75;90.25;84.75
84;86.75;84.75;90.25;84.75
84;86.75;84.75;89.75;84.25
83.5;86.75;84.75;89.75;84.25
83.5;86.25;84.25;89.75;83.75
83.5;86.25;84.25;89.75;83.75
83.5;91.5;84.25;89.25;83.75
83.5;91.5;84.25;88.75;83.75
83.5;91.5;84.25;88.75;83.25
83.5;91.5;84.25;88.75;83.25
83.5;91.5;84.25;88.75;83.25
83.5;91.5;84.25;88.75;83.25
83.5;91.5;84.25;88.75;83.25
83.5;91.5;83.75;88.75;82.75
83.5;91.5;83.75;88.25;82.75
83.5;91.5;83.75;88.25;82.75
83.5;91.5;89;88.25;82.75
83;91.5;89;87.75;82.75
83;91.5;89;87.75;82.75
83;91;89;87.75;82.25
83;91;89;87.75;82.25
83;91;89;87.75;82.25
83;91;89;87.75;82.25
83;91;89;87.75;82.25
82.5;90.5;89;87.25;82.25
87.75;90.5;89;87.25;82.25
87.75;90.5;89;87.25;82.25
87.75;90.5;89;87.25;82.25
87.75;90.5;88.5;87.25;82.25
87.25;90.5;88.5;87.25;81.75
87.25;90.5;88;87.25;81.75
87.25;90;88;87.25;81.75
86.75;90;88;87.25;81.75
86.75;90;88;87.25;81.75
86.75;90;87.5;86.75;81.75
86.75;89.5;87.5;86.75;81.75
86.75;89.5;87.5;86.75;81.75
86.25;89.5;87;86.75;81.25
86.25;89.5;87;86.25;81.25
85.75;89;87;86.25;81.25
85.75;89;87;86.25;81.25
85.75;89;87;86.25;81.25
85.75;89;86.5;85.75;81.25
85.75;89;86.5;85.75;81.25
85.75;88.5;86.5;85.75;81.25
85.25;88.5;86.5;85.75;81.25
85.25;88.5;86;85.75;80.75
84.75;88.5;86;85.75;80.75
84.75;88;86;85.25;80.75
84.75;88;86;85.25;80.75
84.75;88;86;90.5;80.75
84.75;88;85.5;90.5;80.75
84.75;88;85.5;90.5;80.25
84.25;87.5;85.5;90.5;85.5
84.25;87.5;85.5;90.5;85.5
84.25;87.5;85.5;90.5;85.5
84.25;87.5;85.5;90.5;85.5
84.25;87.5;85.5;90.5;85.5
84.25;87.5;85;90.5;85.5
84.25;87.5;85;90.5;85.5
84.25;87.5;85;90.5;85.5
84.25;87;85;90.5;85.5
84.25;87;85;90.5;85.5
84.25;87;85;90.5;85.5
84.25;87;85;90.5;85.5
83.75;87;85;90.5;85.5
83.75;87;85;90;85
83.75;87;85;89.5;85
83.75;87;85;89.5;84.5
83.75;87;85;89.5;84.5
83.75;87;84.5;89;84.5
83.75;86.5;84.5;89;84.5
83.75;86.5;84.5;89;84.5
83.75;86.5;84.5;89;84.5
83.25;86.5;84.5;89;84.5
83.25;86;84.5;89;84
83.25;91.25;84.5;88.5;84
83.25;91.25;84.5;88.5;84
83.25;91.25;84.5;88.5;84
83.25;91.25;84.5;88.5;84
83.25;91.25;84.5;88.5;84
83.25;91.25;84.5;88.5;84
83.25;91.25;84.5;88;84
82.75;91.25;84.5;88;83.5
82.75;91.25;84;88;83
87.5;91.25;84;87.5;83
87.5;91.25;84;87.5;83
87.5;91.25;84;87.5;83
87.5;91.25;88.75;87.5;82.5
87.5;91.25;88.75;87.5;82.5
87.5;91.25;88.75;87.5;82.5
87;90.75;88.75;87.5;82.5
87;90.75;88.75;87;82.5
87;90.25;88.75;87;82.5
87;90.25;88.75;87;82.5
86.5;90.25;88.75;87;82
86.5;89.75;88.75;87;82
86.5;89.75;88.75;87;82
86;89.25;88.75;86.5;82
86;89.25;88.75;86.5;82
86;89.25;88.75;86.5;82
86;89.25;88.75;86.5;82
86;89.25;88.75;86.5;82
85.5;89.25;88.75;86.5;82
85.5;89.25;88.75;86.5;81.5
85.5;88.75;88.75;86;81.5
85.5;88.75;88.75;86;81.5
85;88.75;88.75;86;81.5
85;88.75;88.75;86;81.5
85;88.75;88.75;86;81.5
85;88.75;88.75;86;81.5
85;88.75;88.75;86;81
84.5;88.25;88.75;86;81
84.5;88.25;88.75;86;81
84.5;88.25;88.75;86;81
84.5;88.25;88.75;86;81
84.5;88.25;88.75;86;81
84.5;88.25;88.25;86;81
84;88.25;88.25;85.5;80.5
84;88.25;88.25;90.25;80.5
84;87.75;88.25;90.25;80.5
84;87.75;88.25;90.25;80.5
84;87.75;88.25;90.25;80.5
84;87.75;87.75;90.25;80.5
84;87.75;87.75;90.25;80.5
84;87.75;87.75;90.25;80
84;87.75;87.75;90.25;80
84;87.25;87.75;90.25;80
84;87.25;87.75;89.75;85.25
83.5;87.25;87.75;89.25;85.25
83.5;87.25;87.25;89.25;85.25
83.5;87.25;87.25;89.25;85.25
83.5;87.25;87.25;89.25;85.25
83.5;87.25;87.25;88.75;85.25
83.5;87.25;86.75;88.75;85.25
83.5;87.25;86.75;88.75;85.25
83.5;86.75;86.75;88.75;85.25
83.5;86.75;86.75;88.75;85.25
83.5;86.75;86.75;88.75;85.25
83.5;86.75;86.25;88.75;85.25
83.5;86.75;86.25;88.75;85.25
83.5;86.75;86.25;88.25;85.25
83.5;86.75;86.25;88.25;85.25
83.5;86.75;86.25;88.25;85.25
83.5;86.75;85.75;88.25;85.25
83.5;86.75;85.75;88.25;85.25
83.5;86.25;85.75;87.75;85.25
83;86.25;85.75;87.75;85.25
83;86.25;85.75;87.75;84.75
83;86.25;85.75;87.25;84.75
83;86.25;85.75;87.25;84.75
83;86.25;85.25;87.25;84.25
83;86.25;85.25;86.75;84.25
83;85.75;85.25;86.75;83.75
83;91;85.25;86.75;83.75
83;91;85.25;86.75;83.75
82.5;91;85.25;86.75;83.75
82.5;91;84.75;86.25;83.75
82.5;91;84.75;86.25;83.25
82.5;91;84.75;86.25;83.25
82;91;84.75;86.25;83.25
87.25;91;84.75;86.25;83.25
87.25;91;84.75;86.25;83.25
87.25;91;84.75;86.25;82.75
87.25;91;84.75;86.25;82.75
87.25;91;84.75;86.25;82.75
86.75;91;84.25;85.75;82.75
86.75;90.5;84.25;85.75;82.75
86.75;90.5;84.25;85.75;82.75
86.25;90.5;84.25;85.75;82.75
86.25;90.5;84.25;85.75;82.25
86.25;90.5;84.25;85.25;82.25
86.25;90;83.75;85.25;82.25
86.25;90;83.75;85.25;82.25
86.25;90;83.75;85.25;82.25
85.75;90;88.5;84.75;82.25
85.75;90;88.5;84.75;82.25
85.25;89.5;88.5;90;82.25
85.25;89.5;88.5;90;82.25
85.25;89.5;88.5;90;82.25
85.25;89;88.5;90;81.75
85.25;89;88.5;90;81.75
85.25;89;88.5;90;81.75
84.75;89;88.5;90;81.75
84.75;89;88.5;90;81.75
84.75;89;88.5;90;81.75
84.75;89;88.5;90;81.75
84.25;88.5;88.5;90;81.75
84.25;88.5;88.5;90;81.75
84.25;88.5;88.5;90;81.75
84.25;88.5;88.5;90;81.75
84.25;88.5;88.5;90;81.75
84.25;88;88;90;81.25
84.25;88;88;90;81.25
84.25;88;88;89.5;81.25
84.25;88;88;89.5;81.25
84.25;88;88;89;80.75
84.25;87.5;87.5;89;80.75
83.75;87.5;87.5;88.5;80.75
83.75;87.5;87.5;88.5;80.75
83.75;87.5;87.5;88;80.75
83.75;87.5;87.5;88;80.75
83.75;87.5;87.5;88;80.75
83.75;87.5;87.5;88;80.75
83.75;87.5;87.5;88;80.75
83.25;87.5;87;88;80.75
83.25;87;87;87.5;80.75
83.25;87;87;87.5;80.25
83.25;87;87;87.5;80.25
83.25;87;86.5;87.5;85
83.25;87;86.5;87.5;85
83.25;87;86.5;87.5;85
83.25;87;86.5;87.5;85
83.25;87;86.5;87.5;85
83.25;87;86.5;87.5;85
83.25;87;86.5;87.5;85
82.75;87;86.5;87.5;85
82.75;87;86;87.5;85
82.75;86.5;86;87.5;85
82.75;86.5;85.5;87.5;85
82.75;86.5;85.5;87.5;85
82.75;86.5;85.5;87.5;85
82.75;86.5;85.5;87;85
82.75;86.5;85.5;87;84.5
82.25;86.5;85.5;87;84.5
82.25;86.5;85.5;87;84.5
82.25;86;85;87;84.5
82.25;86;85;87;84.5
82.25;86;85;87;84
82.25;86;85;87;84
81.75;85.5;85;87;84
87;90.75;85;87;84
87;90.75;84.5;86.5;84
87;90.75;84.5;86.5;84
87;90.75;84.5;86.5;84
87;90.75;84.5;86.5;84
87;90.75;84.5;86.5;83.5
87;90.75;84.5;86;83.5
87;90.75;84.5;86;83.5
86.5;90.75;84.5;86;83
86;90.75;84.5;86;82.5
86;90.75;84.5;86;82.5
85.5;90.25;84.5;86;82.5
85.5;90.25;84.5;86;82.5
85;90.25;84;86;82.5
85;90.25;84;86;82.5
85;90.25;84;86;82.5
85;89.75;84;85.5;82.5
85;89.75;84;85.5;82
84.5;89.75;84;85.5;82
84.5;89.75;84;85.5;82
84;89.75;83.5;85.5;82
84;89.25;83.5;85.5;82
84;89.25;83.5;85.5;82
84;89.25;83.5;85;82
84;89.25;83.5;85;82
83.5;89.25;83;85;81.5
83.5;89.25;88.25;85;81.5
83.5;89.25;88.25;85;81.5
83.5;89.25;88.25;85;81.5
83.5;89.25;88.25;85;81.5
83.5;88.75;88.25;85;81.5
83.5;88.75;88.25;89.75;81.5
83.5;88.75;88.25;89.75;81.5
83.5;88.75;88.25;89.75;81
83.5;88.75;88.25;89.75;81
83.5;88.75;88.25;89.75;81
83;88.25;88.25;89.75;81
83;88.25;88.25;89.75;81
83;88.25;88.25;89.75;81
83;88.25;88.25;89.75;81
83;88.25;88.25;89.75;81
83;88.25;88.25;89.75;81
83;87.75;87.75;89.75;81
83;87.75;87.75;89.75;81
83;87.75;87.75;89.75;81
83;87.75;87.75;89.75;81
83;87.25;87.75;89.75;81
83;87.25;87.25;89.25;80.5
83;87.25;87.25;89.25;80.5
83;87.25;87.25;89.25;80.5
83;87.25;87.25;89.25;80.5
82.5;87.25;87.25;89.25;80.5
82.5;87.25;87.25;88.75;80.5
82.5;87.25;86.75;88.75;80
82.5;87.25;86.25;88.75;80
82.5;87.25;86.25;88.75;80
82.5;87.25;86.25;88.75;79.5
82.5;86.75;86.25;88.75;84.75
82;86.75;85.75;88.75;84.75
82;86.75;85.75;88.25;84.75
82;86.75;85.75;88.25;84.75
81.5;86.75;85.75;88.25;84.75
81.5;86.75;85.25;88.25;84.75
86.75;86.75;85.25;88.25;84.75
86.75;86.75;85.25;88.25;84.75
86.75;86.75;85.25;87.75;84.75
86.75;86.75;85.25;87.75;84.75
86.75;86.75;85.25;87.75;84.75
86.75;86.75;84.75;87.75;84.75
86.75;86.25;84.75;87.25;84.25
86.75;86.25;84.75;87.25;84.25
86.75;86.25;84.75;87.25;83.75
86.25;86.25;84.75;86.75;83.75
86.25;86.25;84.75;86.75;83.75
86.25;86.25;84.75;86.75;83.75
85.75;86.25;84.75;86.75;83.75
85.75;86.25;84.75;86.75;83.75
85.25;86.25;84.75;86.25;83.75
85.25;85.75;84.75;86.25;83.75
84.75;85.75;84.75;86.25;83.25
84.75;85.75;84.75;86.25;83.25
84.25;85.75;84.25;86.25;83.25
84.25;83.75;84.25;86.25;83.25
84.25;90.5;84.25;86.25;83.25
84.25;90.5;84.25;86.25;83.25
83.75;90.5;84.25;85.75;82.75
83.75;90.5;84.25;85.75;82.75
83.75;90.5;84.25;85.75;82.75
83.75;90.5;84.25;85.75;82.75
83.25;90.5;83.75;85.75;82.25
83.25;90.5;83.75;85.75;82.25
83.25;90.5;83.75;85.75;82.25
83.25;90.5;83.75;85.75;82.25
83.25;90.5;83.75;85.75;82.25
83.25;90.5;83.75;85.25;81.75
83.25;90.5;83.75;85.25;81.75
82.75;90;83.25;85.25;81.75
82.75;90;83.25;84.75;81.75
82.75;90;83.25;84.75;81.75
82.75;90;83.25;84.75;81.75
82.75;90;82.75;84.25;81.25
82.25;90;88;89.5;81.25
82.25;90;88;89.5;81.25
82.25;90;88;89.5;81.25
82.25;90;88;89.5;81.25
82.25;90;88;89.5;80.75
82.25;90;88;89.5;80.75
82.25;90;88;89.5;80.75
82.25;90;88;89.5;80.75
82.25;89.5;88;89.5;80.75
81.75;89.5;88;89.5;80.75
81.75;89.5;88;89.5;80.75
81.75;89.5;88;89.5;80.75
81.75;89.5;88;89;80.75
81.75;89.5;88;89;80.75
81.75;89;87.5;88.5;80.75
81.75;88.5;87.5;88.5;80.75
81.75;88.5;87.5;88.5;80.25
81.25;88.5;87.5;88.5;80.25
81.25;88.5;87.5;88;80.25
86.5;88.5;87.5;88;80.25
86.5;88;87.5;88;80.25
86.5;87.5;87.5;87.5;80.25
86.5;87.5;87;87.5;79.75
86.5;87.5;87;87.5;79.75
86;87.5;87;87.5;79.75
86;87.5;87;87;79.75
86;87.5;87;87;84.5
85.5;87.5;86.5;87;84.5
85.5;87.5;86.5;87;84.5
85.5;87;86.5;87;84.5
85.5;87;86.5;86.5;84.5
85.5;87;86.5;86.5;84.5
85;87;86.5;86;84.5
85;87;86;86;84.5
85;87;86;86;84.5
85;87;86;86;84.5
85;87;86;85.5;84.5
85;87;86;85.5;84.5
85;87;86;85.5;84.5
84.5;87;85.5;85.5;84.5
84.5;87;85;85.5;84.5
84;87;85;85.5;84.5
84;87;85;85.5;84
83.5;87;85;85;84
83.5;86.5;84.5;85;84
83.5;86.5;84.5;85;83.5
83.5;86.5;84.5;85;83.5
83.5;86.5;84.5;85;83.5
83.5;86.5;84;85;83.5
83;86.5;84;85;83.5
83;86.5;84;85;83
83;86;84;85;83
83;86;84;85;83
83;86;84;85;83
83;86;83.5;85;83
83;86;83.5;85;82.5
83;86;83.5;85;82.5
82.5;86;83;85;82.5
82.5;86;83;85;82.5
82.5;86;83;84.5;82.5
82.5;86;82.5;84.5;82
82.5;86;82.5;84.5;82
82.5;86;87.75;84.5;82
82.5;86;87.75;84;82
82.5;86;87.75;89.25;82
82.5;86;87.75;89.25;82
82.5;85.5;87.75;89.25;81.5
82.5;85;87.75;89.25;81.5
82.5;85;87.75;89.25;81.5
82.5;90.25;87.75;89.25;81.5
82;90.25;87.75;89.25;81.5
82;90.25;87.75;89.25;81.5
82;90.25;87.75;89.25;81
82;90.25;87.75;89.25;81
82;90.25;87.75;89.25;81
82;90.25;87.75;89.25;81
82;90.25;87.75;89.25;81
82;90.25;87.75;89.25;81
82;89.75;87.75;89.25;81
82;89.75;87.25;89.25;81
82;89.25;87.25;89.25;81
82;89.25;86.75;88.75;81
81.5;89.25;86.75;88.75;81
81.5;88.75;86.75;88.75;80.5
81.5;88.75;86.25;88.75;80.5
81.5;88.75;86.25;88.25;80.5
81.5;88.75;86.25;88.25;80.5
86.25;88.75;86.25;88.25;80.5
86.25;88.75;86.25;88.25;80.5
86.25;88.25;85.75;88.25;80.5
86.25;88.25;85.75;88.25;80.5
86.25;88.25;85.75;88.25;80.5
86.25;88.25;85.25;87.75;80.5
86.25;87.75;84.75;87.75;80.5
85.75;87.75;84.75;87.25;80
85.75;87.75;84.75;87.25;80
85.75;87.75;84.75;87.25;80
85.75;87.75;84.25;87.25;80
85.25;87.75;84.25;87.25;80
85.25;87.75;84.25;86.75;80
85.25;87.25;84.25;86.75;80
85.25;87.25;83.75;86.75;79.5
85.25;87.25;83.75;86.75;79.5
84.75;87.25;83.75;86.75;84.25
84.75;87.25;83.75;86.25;84.25
84.75;87.25;83.75;86.25;84.25
84.75;86.75;83.75;86.25;84.25
84.75;86.75;83.75;86.25;84.25
84.75;86.75;83.75;86.25;84.25
84.75;86.75;83.75;86.25;84.25
84.25;86.75;83.75;85.75;84.25
83.75;86.25;83.25;85.75;84.25
83.75;86.25;83.25;85.75;84.25
83.75;86.25;83.25;85.75;84.25
83.75;86.25;83.25;85.75;84.25
83.25;86.25;83.25;85.25;84.25
83.25;86.25;83.25;85.25;83.75
83.25;86.25;83.25;85.25;83.75
82.75;86.25;83.25;85.25;83.75
82.75;85.75;83.25;85.25;83.75
82.75;85.75;83.25;85.25;83.75
82.75;85.75;83.25;85.25;83.75
82.75;85.75;82.75;84.75;83.25
82.75;85.75;82.75;84.75;83.25
82.75;85.75;82.75;84.75;83.25
82.75;85.25;82.25;84.75;83.25
82.75;85.25;87.5;84.75;82.75
82.75;85.25;87.5;84.75;82.75
82.75;85.25;87.5;84.75;82.25
82.75;84.75;87.5;84.75;82.25
82.75;84.75;87.5;84.75;81.75
82.75;90;87.5;84.75;81.75
82.25;90;87.5;89;81.75
82.25;90;87.5;89;81.75
82.25;90;87.5;89;81.75
82.25;90;87.5;89;81.25
82.25;90;87.5;89;81.25
82.25;90;87.5;89;81.25
82.25;90;87.5;89;81.25
82.25;90;87.5;89;80.75
82.25;90;87.5;89;80.75
82.25;90;87.5;89;80.75
82.25;90;87.5;89;80.75
82.25;90;87.5;89;80.75
82.25;90;87.5;89;80.75
82.25;90;87.5;89;80.25
82.25;90;87.5;89;80.25
81.75;90;87.5;88;80.25
81.75;90;87;88;80.25
81.75;90;87;88;80.25
81.75;90;87;87.5;80.25
81.75;90;87;87.5;80.25
81.75;90;86.5;87;80.25
81.75;90;86.5;87;80.25
81.75;90;86.5;87;79.75
81.75;90;86.5;87;79.75
81.75;90;86.5;86.5;79.75
81.75;90;86.5;86.5;79.75
81.75;90;86;86.5;79.75
81.75;90;86;86.5;79.75
81.75;90;86;86.5;79.75
81.75;90;86;86;79.75
81.25;89.5;85.5;86;79.25
81.25;89.5;85;86;79.25
81.25;89;85;86;79.25
81.25;89;85;85.5;84
86;89;85;85.5;84
86;89;85;85.5;84
85.5;89;84.5;85.5;84
85.5;89;84.5;85.5;84
85.5;88.5;84.5;85.5;84
85;88.5;84.5;85;84
85;88.5;84.5;85;84
85;88;84;85;84
84.5;88;84;85;84
84;88;84;85;84
84;87.5;84;85;84
83.5;87.5;84;85;83.5
83.5;87.5;84;85;83.5
83.5;87.5;84;84.5;83.5
83.5;87.5;83.5;84.5;83
83.5;87.5;83.5;84.5;83
83;87.5;83.5;84.5;83
83;87;83.5;84.5;83
83;87;83.5;84.5;82.5
83;87;83.5;84;82.5
83;87;83.5;84;82.5
83;87;83;84;82.5
82.5;87;83;84;82.5
82.5;87;83;84;82.5
82.5;87;83;83.5;82.5
82.5;87;82.5;88.75;82.5
82.5;87;82.5;88.75;82
82.5;87;82.5;88.75;82
82.5;86.5;82.5;88.75;82
82.5;86.5;82.5;88.75;81.5
82.5;86.5;87.25;88.75;81.5
82.5;86.5;87.25;88.75;81.5
82.5;86.5;87.25;88.75;81.5
82.5;86.5;87.25;88.75;81.5
82;86.5;87.25;88.75;81.5
82;86;87.25;88.75;81
82;86;87.25;88.25;81
82;86;87.25;88.25;81
82;86;87.25;88.25;81
82;86;87.25;88.25;81
82;86;87.25;88.25;81
82;86;87.25;88.25;80.5
82;86;87.25;87.75;80.5
82;86;87.25;87.75;80.5
82;86;87.25;87.75;80.5
81.5;86;87.25;87.75;80.5
81.5;86;86.75;87.75;80.5
81.5;86;86.75;87.25;80.5
81.5;86;86.75;87.25;80.5
81.5;86;86.75;87.25;80.5
81.5;86;86.75;86.75;80.5
81.5;86;86.75;86.75;80.5
81.5;85.5;86.25;86.75;80
81;85.5;86.25;86.75;80
81;85.5;86.25;86.75;80
81;85.5;86.25;86.25;80
81;85.5;86.25;86.25;80
81;85;86.25;86.25;80
81;85;86.25;86.25;80
81;85;86.25;86.25;80
81;85;85.75;85.75;80
81;84.5;85.75;85.75;80
80.5;89.75;85.75;85.75;80
80;89.75;85.75;85.75;80
85.75;89.75;85.75;85.75;80
85.75;89.75;85.25;85.75;80
85.75;89.75;84.75;85.25;80
85.75;89.75;84.75;85.25;80
85.75;89.75;84.75;85.25;80
85.75;89.75;84.75;85.25;80
85.75;89.75;84.75;85.25;80
85.75;89.75;84.25;84.75;79.5
85.75;89.75;84.25;84.75;79.5
85.25;89.75;84.25;84.75;79
85.25;89.75;84.25;84.75;79
85.25;89.25;84.25;84.75;79
84.75;89.25;83.75;84.75;79
84.75;89.25;83.75;84.75;79
84.25;88.75;83.75;84.75;78.5
84.25;88.75;83.75;84.75;83.75
84.25;88.75;83.75;84.75;83.75
83.75;88.75;83.75;84.25;83.75
83.75;88.75;83.75;84.25;83.75
83.75;88.75;83.75;84.25;83.75
83.75;88.25;83.75;83.75;83.75
83.25;88.25;83.75;83.75;83.75
83.25;88.25;83.75;83.75;83.75
83.25;88.25;83.75;83.75;83.75
83.25;88.25;83.75;88.5;83.75
83.25;88.25;83.25;88.5;83.75
83.25;88.25;83.25;88.5;83.75
82.75;88.25;83.25;88.5;83.25
82.75;88.25;83.25;88.5;83.25
82.75;88.25;83.25;88.5;83.25
82.25;87.75;82.75;88.5;82.75
82.25;87.75;82.75;88.5;82.75
82.25;87.25;82.75;88.5;82.75
82.25;87.25;82.75;88.5;82.75
82.25;87.25;82.75;88.5;82.75
82.25;87.25;82.75;88.5;82.25
82.25;87.25;82.75;88;82.25
82.25;86.75;82.75;88;82.25
82.25;86.75;82.75;88;81.75
82.25;86.75;82.75;87.5;81.75
82.25;86.75;82.75;87.5;81.75
82.25;86.75;82.25;87.5;81.75
82.25;86.75;82.25;87.5;81.75
82.25;86.75;82.25;87.5;81.25
81.75;86.25;82.25;87.5;81.25
81.75;86.25;82.25;87.5;81.25
81.75;86.25;87;87.5;81.25
81.75;86.25;87;87.5;81.25
81.75;86.25;87;87;81.25
81.75;85.75;87;87;81.25
81.75;85.75;87;87;80.75
81.75;85.75;87;87;80.75
81.75;85.75;87;87;80.75
81.75;85.75;87;87;80.75
81.75;85.25;87;87;80.75
81.75;85.25;87;86.5;80.25
81.75;85.25;87;86.5;80.25
81.75;85.25;87;86.5;80.25
81.75;85.25;87;86.5;80.25
81.25;84.75;87;86.5;80.25
81.25;84.75;87;86.5;80.25
81.25;84.75;86.5;86.5;79.75
81.25;84.75;86.5;86;79.75
81.25;84.75;85.5;86;79.75
81.25;84.75;85.5;86;79.75
80.75;84.75;85.5;86;79.75
80.75;84.75;85;85.5;79.75
80.75;89.5;85;85.5;79.25
80.75;89.5;85;85.5;79.25
80.75;89.5;85;85.5;79.25
85.5;89.5;84.5;85.5;79.25
85.5;89.5;84.5;85.5;79.25
85;89.5;84;85.5;79.25
85;89.5;84;85;79.25
85;89.5;83.5;85;79.25
84.5;89.5;83.5;85;78.75
84.5;89.5;83.5;85;78.75
84.5;89.5;83.5;85;78.75
84.5;89.5;83.5;85;78.75
84.5;89.5;83.5;85;83.5
84;89;83.5;85;83.5
83.5;89;83.5;85;83.5
83.5;89;83.5;85;83.5
83.5;89;83.5;84.5;83.5
83.5;88.5;83.5;84.5;83.5
83.5;88.5;83;84.5;83.5
83.5;88.5;83;84.5;83.5
83;88.5;83;84.5;83.5
83;88.5;83;84.5;83.5
83;88;83;84.5;83.5
83;88;83;84.5;83.5
83;87.5;83;84.5;83.5
83;87.5;83;84.5;83
83;87.5;83;84.5;83
82.5;87.5;82.5;84;83
82.5;87.5;82.5;84;83
82.5;87.5;82.5;84;82.5
82.5;87.5;82;84;82
82.5;87;82;84;82
82.5;87;82;84;82
82;87;82;84;82
82;87;82;83.5;82
82;87;86.75;83.5;82
82;86.5;86.75;88.25;81.5
82;86.5;86.75;88.25;81.5
82;86.5;86.75;88.25;81.5
82;86.5;86.75;88.25;81.5
82;86.5;86.75;88.25;81.5
81.5;86.5;86.75;88.25;81
81.5;86.5;86.75;88.25;81
81.5;86.5;86.75;88.25;81
81.5;86.5;86.75;88.25;80.5
81.5;86;86.75;88.25;80.5
81.5;86;86.75;88.25;80.5
81;86;86.75;88.25;80.5
81;86;86.75;88.25;80.5
81;86;86.75;88.25;80.5
81;86;86.75;87.75;80.5
81;86;86.75;87.75;80.5
80.5;85.5;86.75;87.75;80
80.5;85.5;86.25;87.25;80
80.5;85.5;86.25;87.25;80
80.5;85;85.75;87.25;80
80.5;85;85.75;87.25;80
80.5;85;85.25;87.25;80
85.25;85;85.25;86.75;80
85.25;85;85.25;86.75;80
85.25;85;84.75;86.75;80
84.75;85;84.75;86.75;79.5
84.25;85;84.75;86.25;79.5
84.25;84.5;84.75;86.25;79.5
83.75;84.5;84.25;86.25;79.5
83.75;84.5;84.25;86.25;79.5
83.75;84.5;84.25;86.25;79.5
83.25;84.5;84.25;86.25;79
83.25;84.5;83.75;86.25;79
83.25;89.25;83.75;85.75;79
82.75;89.25;83.75;85.75;79
82.75;89.25;83.75;85.75;79
82.75;89.25;83.25;85.75;79
82.75;89.25;83.25;85.75;79
82.75;89.25;83.25;85.25;79
82.75;89.25;83.25;85.25;78.5
82.25;89.25;83.25;85.25;78.5
82.25;89.25;83.25;85.25;78.5
82.25;89.25;83.25;85.25;83.25
81.75;89.25;83.25;84.75;83.25
81.75;89.25;83.25;84.75;83.25
81.75;89.25;83.25;84.75;83.25
81.75;89.25;83.25;84.75;83.25
81.75;89.25;82.75;84.75;83.25
81.75;89.25;82.75;84.75;83.25
81.75;89.25;82.75;84.75;83.25
81.25;89.25;82.75;84.75;83.25
81.25;89.25;82.75;84.25;82.75
81.25;89.25;82.75;84.25;82.75
81.25;89.25;82.25;84.25;82.75
81.25;88.75;82.25;84.25;82.25
81.25;88.75;82.25;84.25;82.25
81.25;88.75;82.25;84.25;82.25
81.25;88.25;82.25;84.25;82.25
81.25;88.25;82.25;83.75;81.75
81.25;88.25;82.25;83.75;81.75
81.25;88.25;82.25;83.75;81.75
81.25;88.25;82.25;83.75;81.25
81.25;88.25;82.25;83.75;81.25
80.75;88.25;81.75;83.75;81.25
80.75;88.25;81.75;83.75;81.25
80.75;88.25;81.25;83.25;80.75
80.75;88.25;86.5;83.25;80.75
80.75;88.25;86.5;88;80.75
80.75;87.75;86.5;88;80.75
80.75;87.75;86.5;88;80.25
80.25;87.75;86.5;88;80.25
80.25;87.75;86.5;88;80.25
80.25;87.75;86.5;88;80.25
85;87.25;86.5;88;80.25
85;87.25;86.5;88;80.25
85;87.25;86.5;88;80.25
85;87.25;86.5;88;80.25
84.5;87.25;86.5;88;80.25
84.5;86.75;86.5;88;80.25
84;86.75;86;88;80.25
84;86.75;86;88;79.75
84;86.75;86;87.5;79.75
84;86.25;86;87.5;79.75
84;86.25;86;87.5;79.75
83.5;86.25;86;87;79.75
83.5;86.25;85.5;87;79.75
83.5;86.25;85.5;87;79.75
83;86.25;85.5;87;79.75
83;86.25;85.5;87;79.75
83;86.25;85.5;87;79.75
82.5;85.75;85;87;79.75
82.5;85.75;85;86.5;79.25
82.5;85.75;85;86.5;79.25
82.5;85.75;85;86.5;79.25
82;85.75;85;86.5;79.25
82;85.75;85;86;79.25
82;85.75;85;86;79.25
82;85.75;84.5;86;79.25
82;85.75;84.5;85.5;79.25
82;85.75;84.5;85.5;79.25
81.5;85.75;84.5;85;79.25
81.5;85.75;84.5;85;78.75
81.5;85.25;84;85;78.75
81.5;85.25;84;85;78.75
81.5;85.25;84;85;78.75
81.5;85.25;84;84.5;78.75
81.5;85.25;84;84.5;78.75
81;85.25;84;84.5;78.75
81;85.25;83.5;84.5;78.25
81;85.25;83.5;84;78.25
81;84.75;83.5;84;78.25
81;84.75;83.5;84;78.25
81;84.75;83.5;84;78.25
81;84.75;83.5;84;77.75
81;84.75;83;84;83
81;84.75;83;84;83
81;84.75;83;84;83
80.5;84.25;83;84;83
80.5;84.25;83;83.5;83
80;84.25;83;83.5;83
80;84.25;82.5;83.5;83
80;83.75;82.5;83.5;83
80;89;82.5;83;83
80;89;82.5;83;83
79.5;89;82;83;83
79.5;89;81.5;83;82.5
84.75;89;81.5;87.75;82.5
84.75;89;81.5;87.75;82
84.75;89;81.5;87.75;82
84.75;89;81.5;87.75;82
84.75;89;81;87.75;82
84.25;89;86.25;87.75;81.5
84.25;89;86.25;87.75;81.5
84.25;89;86.25;87.75;81.5
83.75;88.5;86.25;87.75;81
83.75;88.5;86.25;87.75;81
83.75;88.5;86.25;87.75;81
83.25;88.5;86.25;87.75;80.5
83.25;88.5;86.25;87.75;80.5
83.25;88;86.25;87.75;80.5
83.25;88;86.25;87.75;80.5
83.25;88;86.25;87.25;80.5
83.25;88;86.25;87.25;80.5
82.75;88;86.25;87.25;80.5
82.75;88;86.25;86.75;80
82.75;87.5;86.25;86.75;80
82.25;87.5;86.25;86.75;80
82.25;87.5;86.25;86.75;80
82.25;87.5;86.25;86.75;80
82.25;87.5;86.25;86.75;79.5
82.25;87;86.25;86.75;79.5
82.25;86.5;86.25;86.25;79.5
82.25;86.5;86.25;86.25;79.5
82.25;86.5;85.75;86.25;79.5
81.75;86.5;85.75;86.25;79.5
81.75;86.5;85.75;86.25;79.5
81.75;86.5;85.25;86.25;79
81.75;86.5;85.25;86.25;79
81.75;86;85.25;85.75;79
81.25;86;85.25;85.75;79
81.25;86;85.25;85.75;79
81.25;86;85.25;85.75;79
81.25;86;84.75;85.75;79
81.25;86;84.75;85.25;79
81.25;85.5;84.75;85.25;79
81.25;85.5;84.25;85.25;79
81.25;85.5;84.25;85.25;79
81.25;85.5;83.75;85.25;78.5
81.25;85.5;83.75;85.25;78.5
81.25;85.5;83.75;84.75;78.5
80.75;85.5;83.75;84.75;78.5
80.75;85.5;83.75;84.75;78.5
80.75;85;83.75;84.75;78.5
80.75;85;83.75;84.75;78.5
80.75;85;83.75;84.75;78
80.75;85;83.25;84.25;78
80.75;85;83.25;84.25;78
80.75;85;83.25;84.25;82.75
80.75;85;83.25;84.25;82.75
80.75;85;83.25;84.25;82.75
80.75;85;82.75;83.75;82.75
80.25;85;82.75;83.75;82.75
80.25;85;82.75;83.75;82.75
80.25;85;82.75;83.75;82.75
80.25;85;82.75;83.75;82.75
80.25;85;82.75;83.25;82.75
79.75;84.5;82.75;83.25;82.75
79.75;84.5;82.75;83.25;82.75
79.75;84.5;82.75;83.25;82.75
84.5;84.5;82.25;82.75;82.75
84.5;84.5;82.25;82.75;82.25
84.5;84.5;82.25;82.75;82.25
84.5;84.5;82.25;82.25;82.25
84.5;84;82.25;87.5;82.25
84.5;84;82.25;87.5;82.25
84.5;84;82.25;87.5;82.25
84.5;83.5;82.25;87.5;81.75
84;88.75;82.25;87.5;81.75
84;88.75;82.25;87.5;81.75
84;88.75;81.75;87.5;81.25
83.5;88.75;81.75;87.5;81.25
83.5;88.75;81.75;87.5;81.25
83;88.75;81.75;87.5;81.25
83;88.75;81.75;87.5;81.25
82.5;88.75;81.75;87.5;81.25
82.5;88.75;81.25;87.5;81.25
82.5;88.75;86;87.5;81.25
82.5;88.75;86;87.5;80.75
82.5;88.75;86;87.5;80.25
82.5;88.75;86;87.5;80.25
82.5;88.75;86;87.5;80.25
82.5;88.75;86;87.5;79.75
82;88.25;86;87;79.75
82;88.25;86;87;79.75
82;88.25;86;87;79.75
82;88.25;86;87;79.75
82;88.25;86;87;79.75
82;87.75;86;87;79.75
82;87.75;86;86.5;79.75
82;87.25;86;86.5;79.25
81.5;87.25;86;86.5;79.25
81.5;87.25;86;86;79.25
81.5;87.25;86;85.5;79.25
81.5;87.25;86;85.5;79.25
81.5;87.25;86;85;79.25
81.5;87.25;86;85;79.25
81;87.25;86;85;78.75
81;86.75;85.5;85;78.75
81;86.75;85.5;85;78.75
81;86.75;85;84.5;78.75
81;86.75;85;84.5;78.75
81;86.75;85;84.5;78.75
81;86.25;85;84.5;78.75
81;86.25;85;84.5;78.25
80.5;86.25;85;84.5;78.25
80.5;86.25;85;84.5;78.25
80.5;86.25;85;84;78.25
80.5;86.25;84.5;84;78.25
80.5;86.25;84.5;84;78.25
80.5;85.75;84.5;84;78.25
80.5;85.75;84.5;84;78.25
80;85.75;84;84;78.25
80;85.75;84;84;78.25
80;85.75;84;83.5;77.75
80;85.75;84;83.5;77.75
80;85.75;84;83.5;77.75
80;85.75;83.5;83.5;77.75
80;85.75;83.5;83.5;77.25
80;85.75;83.5;83;82.5
80;85.75;83.5;83;82.5
80;85.75;83.5;83;82.5
79.5;85.75;83.5;83;82.5
79.5;85.25;83.5;82.5;82.5
79.5;85.25;83.5;87.25;82.5
79.5;85.25;83;87.25;82.5
79.5;85.25;83;87.25;82.5
79;85.25;83;87.25;82.5
84.25;85.25;83;87.25;82.5
84.25;84.75;83;87.25;82.5
84.25;84.75;83;87.25;82.5
84.25;84.75;83;87.25;82.5
84.25;84.75;82.5;87.25;82.5
84.25;84.75;82.5;87.25;82.5
83.75;84.75;82.5;87.25;82.5
83.75;84.75;82.5;86.75;82.5
83.75;84.75;82.5;86.75;82.5
83.75;84.75;82.5;86.75;82.5
83.25;84.75;82.5;86.75;82
83.25;84.75;82.5;86.25;82
83.25;84.25;82.5;86.25;81.5
83.25;84.25;82;86.25;81.5
82.75;84.25;82;85.75;81.5
82.25;84.25;82;85.75;81.5
82.25;84.25;82;85.75;81.5
82.25;84.25;82;85.25;81
82.25;84.25;82;85.25;81
82.25;84.25;81.5;85.25;81
81.75;84.25;81.5;85.25;80.5
81.75;84.25;81.5;85.25;80.5
81.75;84.25;81.5;85.25;80.5
81.25;84.25;81.5;85.25;80.5
81.25;84.25;81;84.75;80.5
81.25;83.75;81;84.75;80.5
81.25;83.75;80.5;84.75;80.5
81.25;83.75;80.5;84.75;80
81.25;83.75;80.5;84.75;80
81.25;83.75;85.75;84.75;80
81.25;83.75;85.75;84.75;79.5
81.25;83.75;85.75;84.25;79.5
81.25;83.75;85.75;84.25;79
81.25;83.75;85.75;84.25;79
80.75;83.75;85.75;83.75;79
80.75;88.5;85.75;83.75;78.5
80.75;88.5;85.75;83.75;78.5
80.75;88.5;85.75;83.75;78.5
80.75;88.5;85.75;83.75;78.5
80.75;88.5;85.75;83.75;78.5
80.75;88.5;85.75;83.75;78.5
80.25;88.5;85.75;83.75;78.5
80.25;88.5;85.75;83.75;78.5
80.25;88.5;85.75;83.25;78.5
80.25;88.5;85.75;83.25;78.5
80.25;88.5;85.75;83.25;78.5
80.25;88.5;85.75;82.75;78.5
80.25;88;85.75;82.75;78.5
80.25;88;85.75;82.25;78
80.25;87.5;85.75;82.25;78
80.25;87.5;85.25;81.75;78
80.25;87;84.75;87;77.5
79.75;87;84.75;87;77.5
79.75;86.5;84.75;87;77.5
79.75;86.5;84.75;87;77.5
79.75;86.5;84.75;87;77.5
79.75;86.5;84.75;87;77
79.75;86.5;84.25;87;77
79.75;86.5;84.25;87;77
79.75;86.5;83.75;87;77
79.25;86.5;83.75;87;82.25
79.25;86.5;83.75;87;82.25
78.75;86.5;83.25;87;82.25
84;86.5;83.25;87;82.25
84;86;83.25;87;82.25
84;86;83.25;86.5;82.25
84;86;83.25;86.5;82.25
83.5;86;82.75;86.5;82.25
83.5;85.5;82.75;86;82.25
83.5;85.5;82.75;86;82.25
83;85.5;82.75;85.5;82.25
83;85.5;82.75;85;82.25
83;85.5;82.75;85;82.25
83;85;82.75;85;81.75
82.5;85;82.75;85;81.75
82.5;85;82.25;85;81.75
82.5;85;82.25;85;81.75
82.5;85;82.25;84.5;81.75
82;85;82.25;84.5;81.25
82;84.5;82.25;84.5;81.25
82;84.5;82.25;84.5;81.25
82;84.5;82.25;84.5;81.25
82;84.5;82.25;84;81.25
82;84.5;81.75;84;81.25
81.5;84.5;81.75;84;81.25
81.5;84.5;81.75;84;81.25
81;84.5;81.75;84;81.25
81;84.5;81.75;84;81.25
81;84.5;81.75;83.5;80.75
80.5;84;81.75;83.5;80.75
80.5;84;81.75;83.5;80.75
80.5;84;81.75;83.5;80.25
80.5;84;81.75;83.5;80.25
80.5;84;81.75;83.5;80.25
80.5;84;81.75;83.5;79.75
80.5;84;81.75;83.5;79.75
80.5;84;81.25;83.5;79.75
80.5;84;81.25;83.5;79.75
80.5;83.5;81.25;83.5;79.75
80.5;83.5;81.25;83;79.75
80;83.5;81.25;83;79.75
80;83.5;81.25;83;79.75
80;83.5;81.25;83;79.25
80;88.25;81.25;83;79.25
80;88.25;81.25;83;79.25
80;88.25;80.75;83;79.25
80;88.25;80.75;82.5;78.75
80;88.25;80.25;82.5;78.75
80;88.25;85.5;82;78.75
80;88.25;85.5;82;78.75
80;88.25;85.5;81.5;78.75
79.5;88.25;85.5;86.75;78.75
79.5;88.25;85.5;86.75;78.75
79.5;88.25;85.5;86.75;78.75
79.5;88.25;85.5;86.75;78.75
79.5;88.25;85.5;86.75;78.75
79.5;88.25;85.5;86.75;78.75
79.5;88.25;85.5;86.75;78.25
79.5;88.25;85.5;86.75;78.25
79.5;88.25;85.5;86.75;78.25
79.5;88.25;85.5;86.75;78.25
79;88.25;85.5;86.75;78.25
79;88.25;85.5;86.75;77.75
79;88.25;85;86.75;77.75
79;88.25;85;86.75;77.75
83.75;88.25;85;86.25;77.75
83.75;88.25;84.5;86.25;77.75
83.75;88.25;84.5;86.25;77.75
83.75;87.75;84;86.25;77.25
83.75;87.75;84;86.25;77.25
83.75;87.75;84;86.25;77.25
83.75;87.75;83.5;85.75;77.25
83.75;87.75;83.5;85.75;82
83.75;87.25;83.5;85.75;82
83.25;87.25;83.5;85.75;82
83.25;87.25;83.5;85.75;82
83.25;87.25;83.5;85.25;82
82.75;87.25;83.5;85.25;82
82.75;87.25;83;85.25;82
82.75;87.25;83;85.25;82
82.75;86.75;83;84.75;82
82.25;86.75;83;84.75;82
82.25;86.25;83;84.75;81.5
81.75;86.25;83;84.75;81.5
81.75;86.25;83;84.75;81.5
81.75;86.25;83;84.75;81.5
81.75;86.25;83;84.25;81.5
81.75;86.25;82.5;84.25;81.5
81.25;86.25;82.5;84.25;81.5
81.25;85.75;82.5;84.25;81.5
81.25;85.75;82.5;84.25;81
81.25;85.75;82;84.25;81
81.25;85.75;82;84.25;81
81.25;85.75;82;84.25;81
81.25;85.25;82;84.25;80.5
80.75;85.25;82;83.75;80.5
80.75;85.25;82;83.75;80.5
80.75;85.25;82;83.75;80
80.25;85.25;82;83.75;80
80.25;85.25;82;83.75;79.5
80.25;85.25;82;83.75;79.5
80.25;85.25;82;83.75;79.5
80.25;85.25;81.5;83.75;79.5
80.25;85.25;81.5;83.25;79.5
80.25;85.25;81.5;83.25;79
79.75;85.25;81.5;83.25;79
79.75;84.75;81.5;83.25;79
79.75;84.75;81.5;83.25;79
79.75;84.75;81.5;83.25;79
79.75;84.75;81.5;83.25;79
79.75;84.75;81.5;83.25;79
79.75;84.75;81;82.75;79
79.75;84.75;81;82.75;78.5
79.75;84.75;81;82.75;78.5
79.25;84.75;81;82.75;78.5
79.25;84.75;81;82.75;78.5
79.25;84.25;81;82.75;78.5
79.25;84.25;81;82.75;78.5
78.75;84.25;81;82.25;78.5
78.75;84.25;81;82.25;78.5
78.75;84.25;81;82.25;78.5
78.75;84.25;80.5;81.75;78.5
83.5;84.25;85.25;81.75;78
83.5;84.25;85.25;81.75;78
83;84.25;85.25;81.25;78
83;84.25;85.25;86.5;78
82.5;84.25;85.25;86.5;78
82.5;83.75;85.25;86.5;78
82.5;83.75;85.25;86.5;78
82.5;83.75;85.25;86.5;77.5
82.5;83.75;85.25;86.5;77.5
82;83.75;85.25;86.5;77.5
82;83.75;85.25;86.5;77.5
82;83.75;85.25;86.5;77.5
82;83.25;85.25;86.5;77.5
82;83.25;85.25;86.5;77.5
81.5;83.25;85.25;86.5;77.5
81.5;83.25;85.25;86.5;77
81;82.75;85.25;86.5;77
81;82.75;85.25;86.5;77
81;88;85.25;85.5;81.75
81;88;85.25;85.5;81.75
81;88;85.25;85.5;81.75
81;88;85.25;85.5;81.75
81;88;85.25;85.5;81.75
80.5;88;85.25;85;81.75
80.5;88;84.75;85;81.75
80.5;88;84.75;85;81.75
80.5;88;84.75;85;81.75
80.5;88;84.75;85;81.75
80.5;88;84.25;84.5;81.75
80;88;84.25;84.5;81.75
80;88;84.25;84.5;81.75
80;88;84.25;84.5;81.75
80;88;83.75;84.5;81.25
80;88;83.75;84.5;81.25
80;87.5;83.75;84;81.25
80;87.5;83.25;84;81.25
80;87.5;83.25;84;81.25
80;87.5;83.25;84;81.25
80;87.5;83.25;83.5;81.25
79.5;87;83.25;83.5;80.75
79.5;87;83.25;83.5;80.75
79.5;87;83.25;83.5;80.75
79.5;87;82.75;83;80.75
79.5;87;82.25;83;80.25
79.5;87;82.25;83;80.25
79.5;86.5;82.25;83;80.25
79.5;86.5;82.25;83;80.25
79.5;86.5;82.25;83;80.25
79;86;81.75;83;79.75
79;86;81.75;83;79.75
79;86;81.75;82.5;79.75
79;86;81.75;82.5;79.75
78.5;85.5;81.75;82.5;79.75
78.5;85.5;81.75;82.5;79.75
78.5;85.5;81.25;82.5;79.25
83.25;85.5;81.25;82.5;79.25
83.25;85.5;81.25;82.5;79.25
83.25;85.5;81.25;82.5;79.25
83.25;85.5;81.25;82;79.25
83.25;85;81.25;82;79.25
83.25;85;81.25;82;79.25
83.25;85;81.25;82;78.75
83.25;85;80.75;81.5;78.75
82.75;85;80.75;81.5;78.75
82.25;85;80.75;81;78.75
82.25;85;80.75;81;78.75
82.25;85;80.25;86.25;78.75
82.25;85;80.25;86.25;78.75
81.75;84.5;80.25;86.25;78.75
81.75;84.5;80.25;86.25;78.75
81.75;84.5;79.75;86.25;78.75
81.25;84.5;85;86.25;78.75
81.25;84.5;85;86.25;78.75
81.25;84;85;86.25;78.75
80.75;84;85;86.25;78.25
80.75;84;85;86.25;78.25
80.75;84;85;86.25;78.25
80.75;84;85;86.25;78.25
80.75;84;85;86.25;78.25
80.75;84;85;86.25;77.75
80.75;84;85;86.25;77.75
80.25;84;85;86.25;77.75
80.25;84;85;86.25;77.75
80.25;84;85;86.25;77.75
80.25;84;85;86.25;77.75
80.25;84;85;85.75;77.75
80.25;84;85;85.75;77.75
80.25;84;85;85.25;77.25
80.25;84;85;85.25;77.25
79.75;83.5;85;85.25;77.25
79.75;83.5;85;84.75;77.25
79.75;83.5;85;84.75;77.25
79.75;83.5;84.5;84.25;77.25
79.75;83.5;84;84.25;76.75
79.25;83.5;84;84.25;76.75
79.25;83;84;83.75;76.75
79.25;83;83.5;83.75;81.5
79.25;83;83.5;83.75;81.5
79.25;82.5;83.5;83.75;81.5
79.25;82.5;83;83.25;81.5
79.25;87.75;82.5;83.25;81.5
79.25;87.75;82.5;83.25;81.5
78.75;87.75;82.5;83.25;81.5
78.75;87.75;82.5;83.25;81.5
78.75;87.75;82;83.25;81.5
78.75;87.75;82;83.25;81.5
78.75;87.75;82;82.75;81.5
78.75;87.75;81.5;82.75;81
78.75;87.75;81.5;82.75;81
78.25;87.75;81.5;82.25;81
78.25;87.75;81.5;82.25;80.5
78.25;87.75;81.5;82.25;80.5
78.25;87.75;81.5;82.25;80.5
78.25;87.75;81.5;82.25;80.5
77.75;87.75;81.5;82.25;80
83;87.75;81.5;82.25;80
83;87.75;81;82.25;80
83;87.75;81;82.25;80
83;87.75;81;81.75;80
83;87.75;81;81.75;80
83;87.75;81;81.75;80
82.5;87.75;81;81.75;80
82.5;87.25;81;81.75;80
82.5;87.25;80.5;81.75;79.5
82.5;87.25;80.5;81.75;79.5
82.5;87.25;80.5;81.25;79.5
82;87.25;80;81.25;79
82;86.75;84.75;86;79
82;86.75;84.75;86;79
81.5;86.75;84.75;86;78.5
81.5;86.75;84.75;86;78.5
81.5;86.75;84.75;86;78.5
81;86.75;84.75;86;78.5
81;86.75;84.75;86;78
81;86.25;84.75;86;78
80.5;85.75;84.75;86;78
80.5;85.75;84.75;86;78
80.5;85.75;84.75;86;78
80.5;85.75;84.75;86;78
80;85.75;84.75;86;77.5
80;85.75;84.75;86;77.5
80;85.75;84.75;86;77.5
80;85.75;84.75;85.5;77.5
80;85.25;84.75;85.5;77
80;85.25;84.75;85;77
80;85.25;84.75;85;77
80;85.25;84.75;84.5;77
80;85.25;84.75;84.5;77
80;85.25;84.75;84;77
79.5;84.75;84.75;83.5;77
79.5;84.75;84.25;83.5;77
79.5;84.75;84.25;83.5;77
79.5;84.75;84.25;83.5;76.5
79.5;84.75;84.25;83.5;76.5
79.5;84.75;84.25;83.5;76.5
79.5;84.75;83.75;83.5;76.5
79;84.75;83.75;83;76.5
79;84.75;83.75;83;81.25
79;84.75;83.75;83;81.25
79;84.75;83.75;83;81.25
79;84.25;83.75;83;81.25
79;84.25;83.75;83;81.25
79;84.25;83.25;82.5;81.25
78.5;84.25;82.75;82.5;81.25
78.5;84.25;82.75;82.5;81.25
78.5;84.25;82.75;82.5;81.25
78.5;84.25;82.75;82.5;81.25
78.5;84.25;82.75;82.5;81.25
78.5;84.25;82.25;82.5;81.25
78.5;84.25;82.25;82.5;81.25
78;84.25;82.25;82.5;81.25
78;84.25;82.25;82.5;81.25
78;83.75;82.25;82;81.25
78;83.75;81.75;82;81.25
82.75;83.75;81.75;82;81.25
82.75;83.75;81.75;82;81.25
82.25;83.75;81.25;82;81.25
82.25;83.75;81.25;82;81.25
82.25;83.75;81.25;82;80.75
82.25;83.75;81.25;81.5;80.75
82.25;83.75;81.25;81.5;80.75
81.75;83.75;81.25;81;80.75
81.75;83.75;81.25;81;80.75
81.75;83.25;80.75;85.75;80.75
81.75;83.25;80.75;85.75;80.25
81.75;83.25;80.75;85.75;79.75
81.25;83.25;80.75;85.75;79.75
81.25;83.25;80.75;85.75;79.75
81.25;83.25;80.75;85.75;79.25
80.75;83.25;80.75;85.75;79.25
80.75;83.25;80.75;85.75;79.25
80.25;83.25;80.75;85.75;79.25
80.25;83.25;80.75;85.75;78.75
80.25;82.75;80.75;85.75;78.75
80.25;82.75;80.75;85.75;78.75
80.25;82.75;80.25;85.75;78.75
79.75;82.75;80.25;85.75;78.75
79.75;82.25;80.25;85.25;78.75
79.75;87.5;80.25;85.25;78.75
79.75;87.5;80.25;84.75;78.25
79.75;87.5;79.25;84.75;78.25
79.75;87.5;84.5;84.75;78.25
79.75;87.5;84.5;84.75;78.25
79.75;87.5;84.5;84.75;78.25
79.25;87.5;84.5;84.75;77.75
79.25;87.5;84.5;84.25;77.75
79.25;87.5;84.5;83.75;77.75
78.75;87.5;84.5;83.75;77.75
78.75;87.5;84.5;83.75;77.75
78.75;87.5;84.5;83.75;77.75
78.75;87.5;84.5;83.25;77.75
78.75;87.5;84.5;83.25;77.75
78.75;87.5;84.5;83.25;77.75
78.75;87.5;84.5;83.25;77.75
78.75;87;84.5;83.25;77.75
78.75;87;84.5;82.75;77.25
78.25;87;84.5;82.75;77.25
78.25;87;84.5;82.75;77.25
78.25;86.5;84.5;82.75;77.25
78.25;86.5;84.5;82.75;77.25
78.25;86.5;84.5;82.75;77.25
78.25;86.5;84.5;82.75;76.75
78.25;86.5;84.5;82.25;76.75
77.75;86.5;84;82.25;76.25
77.75;86.5;84;82.25;81
77.75;86;84;82.25;81
77.75;86;83.5;82.25;81
77.75;85.5;83.5;82.25;81
77.75;85.5;83.5;82.25;81
82.5;85.5;83.5;81.75;81
82.5;85.5;83.5;81.75;81
82.5;85.5;83.5;81.75;81
82.5;85.5;83.5;81.75;81
82.5;85;83.5;81.75;81
82.5;85;83.5;81.75;81
82.5;85;83;81.25;81
82.5;85;83;81.25;81
82.5;85;83;81.25;80.5
82;85;83;81.25;80.5
81.5;84.5;83;81.25;80
81;84.5;83;81.25;80
81;84.5;82.5;81.25;80
81;84.5;82.5;80.75;80
80.5;84.5;82.5;80.75;80
80.5;84;82.5;85.5;79.5
80.5;84;82.5;85.5;79.5
80.5;84;82;85.5;79.5
80.5;84;82;85.5;79.5
80;84;81.5;85.5;79
80;84;81.5;85.5;79
80;84;81.5;85.5;79
80;84;81.5;85.5;79
80;84;81.5;85.5;79
80;83.5;81;85.5;78.5
80;83.5;81;85.5;78.5
80;83.5;81;85.5;78.5
80;83.5;81;85.5;78.5
80;83.5;81;85.5;78.5
80;83.5;81;85.5;78.5
79.5;83.5;81;85.5;78
79.5;83.5;81;85.5;78
79.5;83.5;81;85.5;78
79.5;83.5;81;85.5;77.5
79.5;83;81;85.5;77.5
79.5;83;81;85.5;77.5
79.5;83;80.5;85.5;77.5
79.5;83;80.5;85.5;77.5
79.5;83;80.5;85.5;77
79.5;83;80.5;85;77
79;82.5;80.5;85;77
79;82.5;80.5;85;77
79;82.5;80.5;84.5;77
79;87.25;80.5;84.5;77
79;87.25;80.5;84.5;76.5
79;87.25;80.5;84;76.5
79;87.25;80;84;76.5
78.5;87.25;80;83.5;76.5
78.5;87.25;80;83.5;76
78.5;87.25;80;83.5;76
78.5;87.25;80;83.5;80.75
78.5;87.25;80;83.5;80.75
78.5;87.25;80;83.5;80.75
78.5;87.25;80;83.5;80.75
78.5;87.25;80;83.5;80.75
78.5;87.25;79.5;83;80.75
78.5;87.25;79.5;83;80.75
78.5;86.75;79.5;83;80.75
78;86.75;79.5;82.5;80.75
78;86.75;84.25;82.5;80.75
78;86.75;84.25;82.5;80.75
78;86.75;84.25;82.5;80.75
78;86.25;84.25;82.5;80.75
78;86.25;84.25;82.5;80.75
78;86.25;84.25;82.5;80.75
78;86.25;84.25;82.5;80.75
78;86.25;84.25;82.5;80.25
78;86.25;84.25;82;80.25
78;86.25;84.25;82;80.25
77.5;86.25;84.25;82;80.25
77.5;86.25;84.25;82;79.75
77.5;86.25;84.25;82;79.75
77.5;85.75;84.25;82;79.75
77.5;85.75;84.25;82;79.75
77;85.75;83.75;82;79.75
82.25;85.25;83.75;82;79.75
82.25;85.25;83.75;82;79.75
82.25;85.25;83.75;82;79.25
82.25;85.25;83.75;81.5;79.25
82.25;84.75;83.75;81.5;79.25
82.25;84.75;83.75;81.5;79.25
82.25;84.75;83.75;81.5;79.25
81.75;84.75;83.75;81.5;78.75
81.75;84.75;83.25;81.5;78.75
81.75;84.25;83.25;81;78.75
81.75;84.25;82.75;81;78.75
81.75;84.25;82.75;81;78.75
81.25;84.25;82.75;81;78.25
81.25;84.25;82.75;81;78.25
81.25;84.25;82.75;80.5;78.25
81.25;84.25;82.25;80.5;78.25
81.25;84.25;82.25;80.5;78.25
80.75;84.25;82.25;85.25;78.25
80.75;84.25;82.25;85.25;78.25
80.25;84.25;82.25;85.25;78.25
80.25;84.25;81.75;85.25;77.75
80.25;84.25;81.75;85.25;77.75
79.75;83.75;81.75;85.25;77.75
79.75;83.75;81.75;85.25;77.75
79.75;83.75;81.75;85.25;77.75
79.75;83.75;81.25;85.25;77.25
79.25;83.75;81.25;85.25;77.25
79.25;83.75;81.25;85.25;76.75
79.25;83.75;81.25;85.25;76.75
79.25;83.75;81.25;85.25;76.75
79.25;83.75;80.75;84.75;76.25
79.25;83.75;80.75;84.75;76.25
79.25;83.75;80.75;84.75;76.25
79.25;83.75;80.75;84.75;76.25
78.75;83.25;80.75;84.25;76.25
78.75;83.25;80.75;84.25;76.25
78.75;83.25;80.25;84.25;76.25
78.75;83.25;80.25;84.25;75.25
78.75;83.25;80.25;83.75;80.5
78.25;83.25;80.25;83.75;80.5
78.25;83.25;80.25;83.75;80.5
78.25;83.25;80.25;83.75;80.5
78.25;83.25;80.25;83.75;80.5
78.25;83.25;80.25;83.75;80.5
78.25;82.75;80.25;83.75;80.5
78.25;82.75;80.25;83.75;80.5
77.75;82.75;80.25;83.25;80.5
77.75;82.75;79.75;83.25;80.5
77.75;82.75;79.75;83.25;80.5
77.75;82.75;79.75;83.25;80.5
77.75;82.75;79.75;82.75;80
77.75;82.75;79.75;82.75;80
77.25;82.75;79.75;82.75;80
77.25;82.75;79.25;82.75;79.5
77.25;82.75;79.25;82.25;79.5
77.25;82.25;79.25;82.25;79.5
77.25;82.25;84;82.25;79.5
77.25;87;84;82.25;79.5
82;87;84;82.25;79.5
82;87;84;81.75;79.5
82;87;84;81.75;79
82;87;84;81.75;78.5
81.5;87;84;81.75;78.5
81.5;87;84;81.75;78.5
81;87;84;81.75;78.5
81;87;84;81.75;78.5
81;87;84;81.75;78
81;87;84;81.25;78
81;87;84;81.25;77.5
81;87;84;81.25;77.5
80.5;87;84;81.25;77.5
80.5;87;84;81.25;77.5
80;87;84;81.25;77.5
80;87;84;80.75;77.5
80;87;84;80.75;77.5
80;87;84;80.75;77.5
79.5;86.5;84;80.75;77.5
79.5;86.5;84;80.25;77
79;86.5;84;79.75;77
79;86.5;84;85;77
79;86.5;84;85;77
79;86.5;84;85;77
78.5;86.5;84;85;77
78.5;86.5;84;85;77
78.5;86;84;85;77
78.5;86;84;85;77
78.5;86;84;85;77
78.5;85.5;84;85;77
78.5;85.5;84;85;76.5
78.5;85.5;83.5;85;76.5
78.5;85.5;83.5;85;76.5
78.5;85.5;83.5;85;76.5
78.5;85;83.5;85;76.5
78;85;83.5;85;76.5
78;85;83.5;85;76.5
78;85;83.5;84.5;76.5
78;85;83.5;84.5;76.5
78;85;83.5;84.5;76
78;84.5;83.5;84;76
78;84.5;83.5;84;76
78;84.5;83;84;75.5
77.5;84.5;83;83.5;75.5
77.5;84.5;83;83.5;75.5
77.5;84.5;83;83.5;80.25
77.5;84.5;83;83.5;80.25
77.5;84.5;83;83.5;80.25
77.5;84.5;83;83;80.25
77.5;84;83;83;80.25
77.5;84;83;83;80.25
77.5;84;82.5;83;80.25
77.5;84;82.5;83;80.25
77.5;84;82.5;83;80.25
77.5;84;82.5;82.5;80.25
77.5;84;82.5;82.5;80.25
77.5;83.5;82.5;82.5;80.25
77;83.5;82;82;80.25
77;83.5;82;82;80.25
76.5;83.5;82;82;80.25
76.5;83.5;81.5;82;80.25
76.5;83.5;81.5;82;80.25
81.75;83.5;81.5;82;79.75
81.75;83.5;81;82;79.75
81.75;83.5;81;81.5;79.75
81.25;83.5;81;81.5;79.25
81.25;83.5;81;81.5;79.25
81.25;83.5;81;81.5;79.25
80.75;83;80.5;81.5;79.25
80.75;83;80.5;81.5;79.25
80.75;83;80.5;81;78.75
80.75;83;80.5;81;78.75
80.75;83;80.5;81;78.75
80.25;83;80.5;81;78.75
80.25;83;80.5;81;78.75
80.25;83;80.5;81;78.75
80.25;83;80.5;81;78.25
80.25;82.5;80.5;81;78.25
79.75;82.5;80;81;78.25
79.75;82.5;80;81;78.25
79.25;82.5;80;81;78.25
79.25;82.5;80;81;78.25
79.25;82;80;81;77.75
79.25;82;80;81;77.75
79.25;82;80;81;77.75
78.75;82;80;80.5;77.75
78.75;82;80;80.5;77.75
78.75;81.5;80;80.5;77.25
78.75;81.5;80;84.75;77.25
78.75;81;80;84.75;77.25
78.75;86.75;80;84.75;77.25
78.75;86.75;79.5;84.75;77.25
78.75;86.75;79.5;84.75;77.25
78.75;86.75;79.5;84.75;77.25
78.25;86.75;79.5;84.75;77.25
78.25;86.75;79.5;84.75;77.25
78.25;86.75;79;84.75;77.25
78.25;86.75;79;84.75;77.25
78.25;86.75;83.75;84.75;77.25
78.25;86.75;83.75;84.75;77.25
77.75;86.75;83.75;84.75;76.75
77.75;86.25;83.75;84.75;76.75
77.75;86.25;83.75;84.75;76.75
77.75;86.25;83.75;84.25;76.25
77.75;86.25;83.75;84.25;76.25
77.75;86.25;83.75;84.25;76.25
77.25;86.25;83.75;83.75;76.25
77.25;86.25;83.75;83.75;76.25
77.25;86.25;83.75;83.75;75.75
77.25;85.75;83.75;83.75;75.75
77.25;85.75;83.75;83.75;75.75
77.25;85.75;83.75;83.75;75.75
77.25;85.75;83.75;83.75;75.75
77.25;85.75;83.75;83.75;75.75
76.75;85.75;83.75;83.25;75.25
76.75;85.75;83.75;83.25;74.75
76.75;85.75;83.75;83.25;80
76.75;85.25;83.75;83.25;80
76.75;85.25;83.75;82.75;80
76.25;85.25;83.75;82.75;80
81.5;85.25;83.75;82.75;80
81.5;85.25;83.75;82.75;80
81;85.25;83.75;82.75;80
80.5;84.75;83.75;82.75;80
80;84.75;83.25;82.25;80
79.5;84.75;83.25;81.75;80
79.5;84.25;83.25;81.75;80
79.5;84.25;83.25;81.75;80
79.5;84.25;82.75;81.75;80
79.5;84.25;82.75;81.75;80
79.5;84.25;82.75;81.75;80
79.5;83.75;82.75;81.25;80
79;83.75;82.75;81.25;80
79;83.75;82.25;81.25;80
78.5;83.75;81.75;81.25;80
78.5;83.75;81.75;81.25;80
78.5;83.75;81.75;81.25;80
78.5;83.75;81.75;81.25;79.5
78;83.25;81.25;81.25;79.5
78;83.25;81.25;81.25;79.5
78;83.25;81.25;81.25;79.5
78;83.25;80.75;81.25;79
78;83.25;80.75;81.25;79
77.5;82.75;80.75;81.25;79
77.5;82.75;80.75;80.75;79
77.5;82.75;80.25;80.75;79
77.5;82.75;80.25;80.75;78.5
77.5;82.75;80.25;80.75;78.5
77.5;82.75;80.25;80.25;78.5
77.5;82.75;80.25;80.25;78
77.5;82.75;80.25;79.75;78
77.5;82.25;79.75;84.5;78
77.5;82.25;79.75;84.5;78
77.5;82.25;79.75;84.5;78
77.5;82.25;79.75;84.5;78
77.5;82.25;79.75;84.5;77.5
77.5;81.75;79.75;84.5;77.5
77.5;81.75;79.75;84.5;77.5
77.5;81.75;79.75;84.5;77.5
77.5;81.75;79.75;84.5;77
77;81.75;79.75;84.5;77
77;81.75;79.75;84.5;77
77;81.75;79.25;84.5;76.5
77;86.5;79.25;84.5;76.5
77;86.5;79.25;84.5;76.5
81.25;86.5;79.25;84.5;76.5
81.25;86.5;79.25;84;76.5
81.25;86.5;79.25;84;76.5
81.25;86.5;79.25;84;76.5
81.25;86.5;78.75;84;76.5
81.25;86.5;78.75;84;76.5
81.25;86.5;78.75;84;76.5
80.75;86.5;78.75;84;76
80.75;86.5;83.5;84;76
80.75;86.5;83.5;84;76
80.25;86.5;83.5;84;76
80.25;86.5;83.5;83.5;76
80.25;86.5;83.5;83.5;75.5
80.25;86.5;83.5;83.5;75.5
80.25;86.5;83.5;83.5;75.5
79.75;86;83.5;83.5;75.5
79.25;86;83.5;83.5;75.5
79.25;86;83.5;83;75.5
79.25;86;83.5;83;75
78.75;86;83.5;82.5;74.5
78.75;86;83.5;82.5;79.75
78.75;86;83.5;82.5;79.75
78.75;85.5;83.5;82.5;79.75
78.25;85.5;83.5;82.5;79.75
78.25;85.5;83.5;82.5;79.75
78.25;85.5;83.5;82.5;79.75
78.25;85;83.5;82.5;79.75
77.75;85;83.5;82;79.75
77.75;85;83.5;82;79.75
77.75;85;83.5;82;79.75
77.75;85;83.5;82;79.75
77.75;85;83.5;81.5;79.25
77.25;85;83.5;81.5;79.25
77.25;85;83.5;81.5;79.25
77.25;85;83.5;81.5;79.25
77.25;85;83.5;81.5;78.75
77.25;85;83;81;78.75
77.25;85;83;81;78.75
77.25;85;83;81;78.75
77.25;84.5;83;80.5;78.75
76.75;84.5;83;80.5;78.75
76.75;84.5;83;80;78.75
76.75;84.5;83;80;78.75
76.75;84.5;82.5;80;78.25
76.75;84.5;82.5;80;78.25
76.75;84.5;82.5;80;78.25
76.75;84.5;82.5;79.5;77.75
76.25;84.5;82.5;79.5;77.75
76.25;84.5;82;84.25;77.75
75.75;84;82;84.25;77.75
81;84;82;84.25;77.75
81;84;82;84.25;77.75
81;84;81.5;84.25;77.75
81;83.5;81.5;84.25;77.25
81;83.5;81.5;84.25;76.75
81;83.5;81.5;84.25;76.75
81;83.5;81.5;84.25;76.75
80.5;83.5;81.5;84.25;76.75
80;83;81;84.25;76.75
80;83;81;84.25;76.75
79.5;83;81;84.25;76.75
79;83;81;84.25;76.25
79;83;81;83.75;76.25
79;83;81;83.75;76.25
79;83;80.5;83.75;76.25
79;83;80.5;83.75;76.25
79;82.5;80.5;83.75;76.25
78.5;82.5;80.5;83.75;76.25
78.5;82.5;80;83.75;76.25
78.5;82.5;80;83.75;75.75
78;82.5;80;83.75;75.75
78;82.5;80;83.75;75.75
78;82.5;80;83.75;75.75
78;82.5;80;83.25;75.75
78;82.5;80;83.25;75.75
78;82;80;83.25;75.75
78;82;80;83.25;75.75
77.5;82;79.5;83.25;75.75
77.5;82;79.5;83.25;75.75
77.5;82;79.5;83.25;75.75
77.5;81.5;79.5;83.25;75.25
77.5;81.5;79.5;83.25;75.25
77.5;81.5;79.5;83.25;75.25
77.5;86.25;79.5;83.25;75.25
77.5;86.25;79.5;82.75;75.25
77;86.25;79;82.25;75.25
77;86.25;79;82.25;75.25
77;86.25;79;82.25;74.25
77;86.25;79;82.25;79.5
77;86.25;79;81.75;79.5
77;86.25;79;81.75;79.5
77;86.25;78.5;81.75;79.5
77;86.25;78.5;81.75;79.5
77;86.25;78;81.25;79.5
77;86.25;83.25;81.25;79.5
77;86.25;83.25;81.25;79.5
77;86.25;83.25;81.25;79.5
77;86.25;83.25;81.25;79.5
77;86.25;83.25;81.25;79.5
76.5;85.75;83.25;80.75;79.5
76.5;85.25;83.25;80.75;79.5
76.5;85.25;83.25;80.25;79.5
76.5;85.25;83.25;80.25;79.5
76.5;85.25;83.25;80.25;79.5
76.5;85.25;83.25;80.25;79
76.5;84.75;83.25;80.25;79
76;84.75;83.25;80.25;79
76;84.75;83.25;80.25;79
76;84.75;83.25;80.25;79
75.5;84.75;83.25;80.25;79
80.75;84.25;83.25;80.25;79
80.75;84.25;83.25;79.75;79
80.75;84.25;82.75;79.75;78.5
80.75;84.25;82.75;79.75;78.5
80.75;84.25;82.75;79.75;78.5
80.25;84.25;82.75;79.25;78.5
80.25;84.25;82.75;79.25;78.5
80.25;84.25;82.75;79.25;78.5
80.25;83.75;82.25;78.75;78.5
79.75;83.75;81.75;84;78.5
79.75;83.75;81.25;84;78.5
79.75;83.75;81.25;84;78
79.75;83.75;81.25;84;78
79.25;83.75;81.25;84;77.5
79.25;83.75;81.25;84;77.5
79.25;83.75;81.25;84;77
79.25;83.25;80.75;84;77
78.75;83.25;80.75;84;76.5
78.75;83.25;80.75;84;76.5
78.75;83.25;80.75;84;76.5
78.25;83.25;80.75;84;76.5
78.25;83.25;80.75;84;76.5
78.25;83.25;80.25;84;76.5
78.25;82.75;80.25;84;76
77.75;82.75;80.25;84;76
77.75;82.75;80.25;84;76
77.75;82.75;80.25;84;76
77.75;82.75;80.25;83.5;76
77.25;82.75;80.25;83.5;75.5
77.25;82.25;80.25;83.5;75.5
77.25;82.25;79.75;83;75.5
77.25;82.25;79.75;83;75.5
77.25;82.25;79.75;82.5;75.5
77.25;82.25;79.75;82.5;75.5
77.25;82.25;79.75;82.5;75.5
77.25;82.25;79.75;82.5;75.5
77.25;82.25;79.75;82.5;75
76.75;82.25;79.25;82.5;75
76.75;82.25;79.25;82;75
76.75;82.25;79.25;82;75
76.75;82.25;79.25;82;75
76.75;82.25;78.75;82;75
76.75;81.75;78.75;82;75
76.75;81.75;78.75;81.5;75
76.75;81.75;78.75;81.5;75
76.25;81.75;78.75;81.5;74.5
76.25;81.75;78.25;81.5;74.5
76.25;81.75;78.25;81.5;74.5
76.25;81.75;78.25;81.5;74.5
76.25;81.75;83;81.5;74.5
76.25;81.75;83;81.5;79.25
76.25;81.75;83;81.5;79.25
76.25;81.75;83;81;79.25
76.25;81.75;83;81;79.25
75.75;81.75;83;81;79.25
75.75;81.75;83;81;79.25
75.25;81.25;83;81;79.25
80.5;86;83;81;79.25
80.5;86;83;81;79.25
80.5;86;83;81;79.25
80.5;86;82.5;80.5;79.25
80.5;86;82.5;80.5;79.25
80.5;86;82.5;80.5;79.25
80.5;86;82.5;80.5;78.75
80.5;86;82.5;80;78.75
80.5;86;82.5;80;78.75
80;86;82.5;80;78.75
80;86;82.5;80;78.75
80;86;82.5;80;78.25
80;86;82;80;78.25
80;86;82;80;77.75
80;86;81.5;80;77.25
79.5;86;81.5;80;77.25
79.5;86;81.5;80;77.25
79.5;85.5;81.5;79.5;76.75
79.5;85.5;81;79.5;76.75
79.5;85.5;81;78.5;76.75
79;85.5;81;83.75;76.75
79;85.5;81;83.75;76.25
79;85.5;80.5;83.75;76.25
79;85.5;80.5;83.75;76.25
79;85;80.5;83.75;76.25
79;85;80.5;83.75;76.25
78;85;80;83.75;76.25
78;85;80;83.75;75.75
78;85;80;83.75;75.75
77.5;85;80;83.75;75.75
77.5;85;80;83.75;75.75
77.5;85;80;83.75;75.75
77;85;79.5;83.75;75.75
77;85;79.5;83.75;75.75
77;84.5;79.5;83.75;75.25
77;84.5;79.5;83.75;75.25
77;84.5;79;83.75;75.25
77;84.5;79;83.25;75.25
77;84.5;79;83.25;75.25
77;84.5;79;83.25;75.25
77;84;79;82.75;75.25
76.5;84;79;82.75;75.25
76.5;84;79;82.75;75.25
76.5;84;79;82.75;75.25
76.5;84;79;82.75;75.25
76.5;84;79;82.25;75.25
76.5;84;79;82.25;75.25
76.5;84;79;82.25;75.25
76.5;84;79;82.25;75.25
76.5;83.5;79;82.25;75.25
76.5;83.5;79;81.75;75.25
76;83.5;78.5;81.75;75.25
76;83.5;78.5;81.75;74.75
76;83;78;81.75;74.75
76;83;82.75;81.25;74.75
75.5;83;82.75;81.25;74.25
75.5;83;82.75;81.25;74.25
75.5;83;82.75;81.25;73.75
80.25;83;82.75;81.25;79
80.25;82.5;82.75;81.25;79
80.25;82.5;82.75;80.75;79
79.75;82.5;82.75;80.75;79
79.75;82.5;82.75;80.75;79
79.75;82.5;82.75;80.25;79
79.75;82.5;82.75;80.25;79
79.75;82.5;82.75;80.25;79
79.25;82.5;82.75;80.25;79
79.25;82.5;82.75;80.25;79
79.25;82.5;82.75;79.75;79
78.75;82.5;82.75;79.75;79
78.75;82.5;82.75;79.75;79
78.75;82.5;82.75;79.75;79
78.25;82.5;82.75;79.75;79
78.25;82;82.25;79.75;79
78.25;82;82.25;79.75;79
78.25;82;82.25;79.75;79
78.25;82;82.25;79.25;78.5
77.75;82;81.75;79.25;78.5
77.75;81.5;81.75;79.25;78.5
77.75;81.5;81.75;79.25;78.5
77.75;81.5;81.75;79.25;78.5
77.25;81.5;81.75;79.25;78.5
77.25;81.5;81.75;79.25;78.5
77.25;81.5;81.75;78.75;78.5
76.75;81.5;81.25;78.75;78.5
76.75;81;81.25;78.75;78
76.75;81;81.25;78.75;78
76.75;81;80.75;78.25;78
76.75;81;80.75;83.5;78
76.75;81;80.75;83.5;78
76.75;81;80.25;83.5;78
76.75;81;80.25;83.5;78
76.75;80.5;80.25;83.5;78
76.75;80.5;80.25;83.5;78
76.75;85.75;80.25;83.5;77.5
76.25;85.75;80.25;83.5;77.5
76.25;85.75;80.25;83.5;77.5
76.25;85.75;80.25;83.5;77.5
76.25;85.75;79.75;83.5;77
76.25;85.75;79.75;83.5;77
75.75;85.75;79.75;83.5;77
75.75;85.75;79.75;83.5;77
75.25;85.75;79.75;83.5;77
75.25;85.75;79.75;83.5;76.5
75.25;85.75;79.75;83.5;76.5
74.75;85.75;79.75;83.5;76.5
74.75;85.75;79.75;83.5;76.5
74.75;85.75;79.25;83.5;76.5
80;85.75;79.25;83.5;76
80;85.75;79.25;83.5;76
80;85.75;79.25;83.5;76
80;85.75;79.25;83.5;76
80;85.75;79.25;83.5;76
80;85.75;79.25;83.5;76
80;85.75;79.25;83.5;75.5
80;85.25;79.25;83;75.5
80;85.25;78.75;83;75.5
80;85.25;78.75;83;75.5
80;85.25;78.75;83;75.5
80;85.25;78.75;83;75.5
79.5;85.25;78.75;83;75.5
79.5;84.75;78.75;83;75.5
79.5;84.75;78.75;83;75.5
79.5;84.75;78.75;82.5;75
79.5;84.75;78.75;82.5;75
79;84.75;78.75;82.5;75
79;84.75;78.75;82.5;75
79;84.25;78.75;82.5;75
78.5;84.25;78.25;82.5;75
78.5;83.75;78.25;82.5;74.5
78.5;83.75;77.75;82.5;74.5
78.5;83.75;82.5;82.5;74.5
78.5;83.75;82.5;82.5;74
78.5;83.75;82.5;82.5;73.5
78;83.25;82.5;82;78.75
78;83.25;82.5;82;78.75
78;83.25;82.5;82;78.75
78;83.25;82.5;82;78.75
77.5;83.25;82.5;82;78.75
77;82.75;82.5;82;78.75
77;82.75;82.5;81.5;78.75
77;82.75;82.5;81.5;78.75
76.5;82.75;82.5;81.5;78.75
76.5;82.75;82.5;81;78.75
76.5;82.75;82.5;81;78.75
76.5;82.75;82.5;81;78.75
76.5;82.25;82.5;81;78.75
76.5;82.25;82.5;81;78.75
76.5;82.25;82.5;81;78.75
76.5;82.25;82.5;80.5;78.75
76.5;82.25;82.5;80.5;78.75
76.5;82.25;82.5;80.5;78.75
76.5;81.75;82.5;80;78.75
76;81.75;82.5;80;78.75
76;81.75;82.5;80;78.25
76;81.75;82;80;78.25
75.5;81.75;82;80;78.25
75.5;81.75;82;79.5;78.25
75.5;81.75;82;79.5;78.25
75;81.75;82;79.5;78.25
75;81.25;82;79.5;78.25
75;81.25;81.5;79.5;78.25
75;81.25;81.5;79;77.75
74.5;81.25;81.5;79;77.75
74.5;81.25;81.5;79;77.75
79.75;81.25;81.5;79;77.75
79.75;81.25;81;79;77.75
79.75;81.25;81;79;77.25
79.75;81.25;81;79;77.25
79.75;80.75;81;79;77.25
79.75;80.75;80.5;78.5;77.25
79.75;80.75;80.5;78.5;77.25
79.25;80.75;80;83.25;77.25
79.25;85.5;80;83.25;76.75
79.25;85.5;80;83.25;76.75
78.75;85.5;80;83.25;76.25
78.75;85.5;80;83.25;76.25
78.75;85.5;80;83.25;76.25
78.75;85.5;80;83.25;76.25
78.25;85.5;80;83.25;76.25
78.25;85.5;80;83.25;75.75
78.25;85.5;79.5;83.25;75.75
77.75;85.5;79.5;83.25;75.75
77.75;85.5;79;83.25;75.75
77.75;85.5;79;83.25;75.75
77.75;85.5;79;83.25;75.75
77.75;85.5;78.5;83.25;75.25
77.25;85.5;78.5;83.25;75.25
77.25;85.5;78.5;82.75;75.25
77.25;85.5;78.5;82.75;75.25
77.25;85;78.5;82.75;75.25
76.75;85;78.5;82.25;75.25
76.75;85;78.5;82.25;75.25
76.75;84.5;78.5;82.25;74.75
76.75;84.5;78.5;82.25;74.75
76.75;84.5;78.5;82.25;74.75
76.25;84.5;78.5;81.75;74.75
76.25;84.5;78;81.25;74.75
76.25;84.5;78;81.25;74.75
76.25;84;78;81.25;74.75
76.25;84;78;81.25;74.25
76.25;84;77.5;81.25;74.25
75.75;84;77.5;80.75;74.25
75.75;84;77;80.75;74.25
75.75;84;82.25;80.75;74.25
75.75;84;82.25;80.25;73.75
75.75;84;82.25;80.25;73.75
75.75;84;82.25;79.75;78.5
75.75;83.5;82.25;79.75;78.5
75.75;83.5;82.25;79.75;78.5
75.25;83.5;82.25;79.75;78.5
75.25;83.5;82.25;79.75;78.5
75.25;83.5;82.25;79.75;78.5
75.25;83.5;82.25;79.75;78.5
75.25;83;82.25;79.75;78.5
75.25;83;82.25;79.75;78.5
75.25;83;82.25;79.25;78.5
74.75;83;82.25;79.25;78.5
74.75;82.5;81.75;79.25;78.5
79.5;82.5;81.75;79.25;78.5
79.5;82.5;81.75;79.25;78.5
79.5;82.5;81.75;79.25;78.5
79.5;82.5;81.75;79.25;78.5
79.5;82.5;81.75;79.25;78
79.5;82;81.75;78.75;78
79.5;82;81.75;78.75;78
79.5;82;81.75;78.75;78
79.5;82;81.75;78.75;78
79.5;82;81.75;78.75;77.5
79.5;82;81.25;78.75;77.5
79.5;82;81.25;78.75;77.5
79.5;82;81.25;78.25;77.5
79;81.5;81.25;78.25;77.5
79;81.5;81.25;78.25;77
79;81.5;81.25;78.25;77
79;81.5;81.25;83;77
79;81.5;81.25;83;77
78.5;81.5;81.25;83;77
78.5;81.5;80.75;83;77
78.5;81.5;80.75;83;77
78;81.5;80.75;83;76.5
77.5;81.5;80.75;83;76
77.5;81.5;80.75;83;76
77.5;81.5;80.75;83;76
77.5;81.5;80.75;83;76
77.5;81;80.75;83;76
77.5;81;80.25;83;75.5
77.5;81;80.25;83;75.5
77;81;80.25;83;75.5
77;81;79.75;83;75.5
77;81;79.75;83;75
76.5;81;79.75;82.5;75
76.5;81;79.25;82.5;75
76.5;81;79.25;82.5;75
76;80.5;79.25;82.5;75
76;80.5;79.25;82.5;75
76;80.5;78.75;82.5;75
76;80.5;78.75;82;75
76;80.5;78.75;82;75
76;85.25;78.75;82;74.5
76;85.25;78.75;82;74.5
76;85.25;78.75;81.5;74.5
76;85.25;78.75;81.5;74.5
75.5;85.25;78.75;81;74.5
75.5;85.25;78.75;81;74.5
75.5;85.25;78.25;81;74.5
75.5;85.25;78.25;81;74.5
75.5;85.25;77.75;81;74.5
75.5;85.25;77.75;81;74.5
75.5;85.25;77.75;80.5;74.5
75.5;85.25;77.75;80.5;74.5
75.5;85.25;77.75;80.5;74
75.5;85.25;77.75;80.5;74
75;85.25;77.75;80;74
75;85.25;77.25;80;74
75;85.25;77.25;80;74
75;84.75;77.25;80;74
75;84.75;77.25;80;74
75;84.75;76.75;80;73.5
75;84.75;82;80;73.5
74.5;84.75;82;80;73.5
74.5;84.75;82;79.5;73.5
74.5;84.75;82;79.5;73.5
74.5;84.75;82;79;78.25
79.25;84.75;82;79;78.25
79.25;84.25;82;79;78.25
79.25;84.25;82;79;78.25
79.25;84.25;82;79;78.25
79.25;84.25;82;79;78.25
79.25;84.25;82;79;78.25
79.25;84.25;82;78.5;78.25
79.25;84.25;82;78.5;78.25
79.25;84.25;82;78;78.25
79.25;84.25;82;82.75;78.25
79.25;83.75;82;82.75;78.25
78.75;83.75;82;82.75;78.25
78.75;83.75;82;82.75;78.25
78.75;83.75;82;82.75;78.25
78.75;83.75;82;82.75;78.25
78.75;83.75;82;82.75;77.75
78.75;83.75;82;82.75;77.75
78.25;83.75;82;82.75;77.75
78.25;83.75;82;82.75;77.25
78.25;83.25;82;82.75;77.25
78.25;83.25;81.5;82.75;77.25
77.25;83.25;81.5;82.75;77.25
77.25;83.25;81.5;82.75;76.75
77.25;83.25;81.5;82.75;76.75
77.25;83.25;81.5;82.25;76.75
77.25;82.75;81.5;82.25;76.75
76.75;82.75;81;82.25;76.75
76.75;82.75;81;81.75;76.75
76.75;82.75;81;81.75;76.25
76.75;82.75;81;81.75;76.25
76.75;82.25;81;81.75;76.25
76.25;82.25;81;81.25;76.25
76.25;82.25;81;81.25;76.25
75.75;82.25;81;81.25;76.25
75.75;82.25;80.5;81.25;76.25
75.75;82.25;80.5;81.25;76.25
75.75;82.25;80.5;81.25;76.25
75.75;82.25;80.5;81.25;75.75
75.75;81.75;80;81.25;75.75
75.75;81.75;80;81.25;75.75
75.75;81.75;79.5;80.75;75.25
75.75;81.75;79.5;80.75;75.25
75.75;81.75;79.5;80.75;75.25
75.25;81.25;79.5;80.25;74.75
75.25;81.25;79.5;80.25;74.75
75.25;81.25;79;80.25;74.75
75.25;81.25;79;80.25;74.75
75.25;81.25;79;80.25;74.75
75.25;81.25;79;80.25;74.75
75.25;81.25;79;80.25;74.75
75.25;80.75;79;80.25;74.75
75.25;80.75;79;80.25;74.75
74.75;80.75;79;80.25;74.25
74.75;80.75;79;79.75;74.25
74.75;80.75;79;79.75;74.25
74.75;80.75;78.5;79.75;74.25
74.75;80.75;78.5;79.75;74.25
74.75;78.75;78.5;79.75;74.25
74.75;85;78.5;79.75;73.75
73.25;85;78.5;79.75;73.75
79;85;78.5;79.75;73.75
79;85;78;79.25;73.75
79;85;78;79.25;73.75
79;85;78;79.25;73.75
79;85;78;79.25;73.75
79;85;77.5;79.25;73.75
79;85;77.5;78.75;73.25
78.5;85;77.5;78.75;78
78.5;85;77.5;78.75;78
78;85;77.5;78.75;78
78;85;77.5;78.75;78
78;85;76.5;78.75;78
78;85;81.75;78.75;78
78;85;81.75;78.25;78
78;85;81.75;78.25;78
77.5;85;81.75;78.25;78
77;85;81.75;78.25;78
77;85;81.75;78.25;78
77;85;81.75;78.25;77.5
77;85;81.75;78.25;77.5
76.5;85;81.75;78.25;77.5
76.5;85;81.75;82.5;77.5
76;85;81.75;82.5;77.5
76;85;81.75;82.5;77.5
76;85;81.75;82.5;77
76;84.5;81.75;82.5;77
76;84.5;81.75;82.5;77
76;84.5;81.75;82.5;77
75.5;84.5;81.75;82.5;76.5
75.5;84;81.75;82.5;76.5
75.5;84;81.75;82.5;76.5
75.5;84;81.75;82.5;76.5
75.5;84;81.75;82.5;76.5
75.5;84;81.75;82.5;76.5
75;84;81.75;82.5;76
75;83.5;81.75;82.5;76
75;83.5;81.75;82.5;76
75;83.5;81.75;82.5;76
75;83.5;81.75;82;76
75;83.5;81.75;82;76
75;83;81.75;82;76
75;83;81.75;82;76
75;83;81.75;82;75.5
74.5;83;81.75;82;75.5
74.5;83;81.75;81.5;75.5
74.5;82.5;81.75;81.5;75
74.5;82.5;81.75;81.5;75
74.5;82.5;81.25;81.5;75
74.5;82.5;81.25;81.5;74.5
74.5;82.5;81.25;81.5;74.5
74.5;82.5;81.25;81;74.5
74.5;82.5;81.25;81;74.5
74.5;82.5;81.25;81;74.5
74;82;81.25;81;74.5
74;82;81.25;81;74.5
74;82;81.25;81;74.5
73.5;82;81.25;81;74
73.5;82;80.75;81;74
73.5;82;80.75;80.5;74
78.75;82;80.75;80.5;73.5
78.75;81.5;80.25;80.5;73.5
78.75;81.5;80.25;80.5;73.5
78.75;81.5;79.75;80.5;73.5
78.75;81.5;79.75;80.5;73
78.75;81.5;79.75;80;73
78.75;81.5;79.75;80;73
78.75;81;79.75;80;72.5
78.75;81;79.25;80;77.75
78.75;81;79.25;80;77.75
78.25;81;79.25;80;77.75
78.25;81;79.25;80;77.75
78.25;81;79.25;80;77.75
78.25;81;79.25;79.5;77.75
78.25;80.5;79.25;79.5;77.75
77.75;80.5;79.25;79.5;77.75
77.75;80.5;78.75;79.5;77.75
77.75;80.5;78.75;79.5;77.75
77.25;80;78.75;79.5;77.75
76.75;80;78.75;79.5;77.75
76.75;80;78.25;79;77.75
76.25;84.75;78.25;79;77.75
76.25;84.75;78.25;79;77.75
76.25;84.75;78.25;79;77.75
76.25;84.75;78.25;79;77.75
76.25;84.75;78.25;79;77.75
76.25;84.75;78.25;79;77.75
76.25;84.75;78.25;78.5;77.25
75.75;84.75;78.25;78.5;77.25
75.75;84.75;78.25;78.5;77.25
75.75;84.75;78.25;78.5;77.25
75.75;84.75;77.75;78.5;77.25
75.25;84.75;77.75;78;76.75
75.25;84.75;77.75;78;76.75
74.75;84.25;77.75;78;76.75
74.75;84.25;77.75;78;76.25
74.75;84.25;77.75;77.5;76.25
74.75;84.25;77.75;77.5;76.25
74.75;84.25;77.75;77.5;76.25
74.75;84.25;77.75;77.5;76.25
74.75;84.25;77.75;77.5;76.25
74.75;84.25;77.25;82.25;75.75
74.75;84.25;77.25;82.25;75.75
74.75;84.25;77.25;82.25;75.75
74.75;83.75;76.75;82.25;75.75
74.75;83.75;81.5;82.25;75.75
74.75;83.75;81.5;82.25;75.75
74.75;83.75;81.5;82.25;75.75
74.75;83.25;81.5;82.25;75.25
74.75;83.25;81.5;82.25;75.25
74.75;83.25;81.5;82.25;75.25
74.25;83.25;81.5;82.25;75.25
74.25;82.75;81.5;82.25;75.25
74.25;82.75;81.5;82.25;75.25
74.25;82.75;81.5;81.75;75.25
74.25;82.75;81.5;81.75;75.25
74.25;82.75;81.5;81.75;75.25
74.25;82.25;81.5;81.75;75.25
74.25;82.25;81.5;81.75;75.25
73.75;82.25;81.5;81.75;75.25
73.75;82.25;81;81.75;75.25
73.75;82.25;81;81.75;74.75
73.75;82.25;81;81.25;74.75
73.75;82.25;81;81.25;74.75
73.75;81.75;81;81.25;74.75
73.25;81.75;81;81.25;74.25
78.5;81.75;80.5;81.25;74.25
78.5;81.75;80.5;80.75;74.25
78.5;81.75;80.5;80.75;74.25
78.5;81.75;80.5;80.75;74.25
78.5;81.75;80.5;80.75;74.25
78.5;81.75;80.5;80.25;74.25
78.5;81.75;80.5;80.25;74.25
78.5;81.75;80;80.25;74.25
78.5;81.75;80;80.25;73.75
78.5;81.75;80;79.25;73.75
78;81.75;80;79.25;73.75
78;81.25;80;79.25;73.75
78;81.25;80;79.25;73.75
78;81.25;80;78.75;73.75
77.5;81.25;79.5;78.75;73.75
77.5;81.25;79.5;78.75;73.75
77.5;81.25;79.5;78.75;73.75
77.5;81.25;79.5;78.75;73.75
77.5;80.75;79.5;78.25;73.75
77.5;80.75;79.5;78.25;73.25
77.5;80.75;79;78.25;73.25
77.5;80.75;79;78.25;72.75
77.5;80.75;79;78.25;72.75
77.5;80.75;79;78.25;77.5
77.5;80.75;79;78.25;77.5
77;80.75;78.5;78.25;77.5
77;80.25;78.5;78.25;77.5
77;80.25;78.5;77.75;77.5
76.5;80.25;78.5;77.75;77.5
76.5;80.25;78.5;77.75;77.5
76.5;80.25;78.5;82;77.5
76.5;80.25;78.5;82;77.5
76;80.25;78.5;82;77.5
76;80.25;78;82;77.5
76;80.25;78;82;77.5
76;80.25;78;82;77.5
76;79.75;78;82;77.5
75.5;79.75;77.5;82;77.5
75.5;84.5;77.5;82;77.5
75.5;84.5;77.5;82;77.5
75.5;84.5;77.5;82;77.5
75.5;84.5;77.5;82;77.5
75.5;84.5;77.5;82;77
75.5;84.5;77.5;82;77
75.5;84.5;77.5;82;77
75;84.5;77.5;81.5;77
75;84.5;77.5;81.5;76.5
75;84.5;77.5;81.5;76.5
75;84.5;77.5;81.5;76.5
75;84;77.5;81;76.5
75;84;77.5;81;76
75;84;77;81;76
75;84;77;81;76
75;84;77;81;76
75;84;77;80.5;75.5
74.5;84;77;80.5;75.5
74.5;84;76.5;80;75.5
74.5;83.5;76.5;80;75.5
74.5;83.5;76;80;75.5
74.5;83.5;75.5;80;75
74.5;83.5;81.25;80;75
74.5;83.5;81.25;79.5;75
74.5;83.5;81.25;79.5;74.5
74.5;83.5;81.25;79.5;74.5
74.5;83.5;81.25;79.5;74
74.5;83.5;81.25;79.5;74
74.5;83;81.25;79.5;73.5
74;83;81.25;79.5;73.5
74;83;81.25;79;73.5
74;83;81.25;79;73.5
74;83;81.25;79;73.5
74;83;81.25;79;73
74;82.5;81.25;79;73
74;82.5;81.25;78.5;73
74;82.5;81.25;78.5;73
74;82.5;81.25;78.5;73
73.5;82.5;81.25;78.5;72.5
73.5;82.5;81.25;78;77.25
73.5;82.5;81.25;78;77.25
73.5;82.5;81.25;78;77.25
73.5;82;81.25;77.5;77.25
73.5;82;81.25;77.5;77.25
73.5;82;81.25;77.5;77.25
73;82;81.25;77.5;77.25
78.25;82;81.25;77.5;77.25
78.25;82;81.25;77.5;77.25
78.25;82;81.25;77.5;77.25
78.25;82;81.25;77.5;77.25
78.25;82;81.25;77;77.25
78.25;82;81.25;77;77.25
78.25;82;81.25;81.75;77.25
77.75;82;81.25;81.75;77.25
77.75;82;81.25;81.75;77.25
77.75;81.5;81.25;81.75;77.25
77.75;81.5;81.25;81.75;77.25
77.25;81.5;81.25;81.75;77.25
77.25;81.5;81.25;81.75;77.25
76.75;81.5;81.25;81.75;76.75
76.75;81;80.75;81.75;76.75
76.75;81;80.75;81.75;76.75
76.75;81;80.25;81.75;76.75
76.25;81;80.25;81.75;76.75
76.25;81;79.75;81.75;76.75
76.25;81;79.75;81.75;76.75
76.25;81;79.75;81.75;76.75
76.25;81;79.75;81.75;76.25
76.25;81;79.25;81.25;76.25
75.75;81;79.25;81.25;76.25
75.75;81;78.75;81.25;76.25
75.75;81;78.75;81.25;75.75
75.75;80.5;78.75;81.25;75.75
75.75;80.5;78.75;80.75;75.75
75.25;80.5;78.75;80.75;75.25
75.25;80.5;78.25;80.75;75.25
75.25;80.5;78.25;80.75;75.25
75.25;80.5;78.25;80.75;75.25
75.25;80.5;78.25;80.75;75.25
75.25;80.5;78.25;80.25;75.25
75.25;80.5;78.25;80.25;75.25
75.25;80;78.25;80.25;75.25
75.25;80;78.25;79.75;74.75
75.25;80;77.75;79.75;74.75
74.75;80;77.75;79.25;74.75
74.75;80;77.75;79.25;74.75
74.75;80;77.75;79.25;74.75
74.75;80;77.75;78.75;74.75
74.75;79.5;77.75;78.75;74.75
74.75;79.5;77.75;78.75;74.25
74.75;79.5;77.75;78.75;74.25
74.75;79.5;77.75;78.75;74.25
74.25;79.5;77.25;78.25;74.25
74.25;79.5;77.25;78.25;74.25
74.25;84.25;77.25;78.25;74.25
74.25;84.25;77.25;78.25;74.25
74.25;84.25;77.25;78.25;74.25
73.75;84.25;77.25;78.25;73.75
73.75;84.25;76.75;78.25;73.75
73.75;84.25;76.75;78.25;73.75
73.75;84.25;76.75;78.25;73.75
73.75;84.25;76.75;77.75;73.75
73.75;84.25;76.75;77.75;73.75
73.75;84.25;76.25;77.75;73.75
73.75;84.25;76.25;77.75;73.75
73.25;84.25;76.25;77.75;73.75
73.25;84.25;76.25;77.75;73.75
73.25;84.25;76.25;77.75;73.75
72.75;84.25;81;77.75;73.75
78;84.25;81;77.25;73.25
78;84.25;81;76.75;73.25
78;83.75;81;81.5;73.25
78;83.75;81;81.5;73.25
77.5;83.75;81;81.5;73.25
77.5;83.75;81;81.5;73.25
77.5;83.75;81;81.5;73.25
77.5;83.75;81;81.5;73.25
77.5;83.25;81;81.5;73.25
77.5;83.25;81;81.5;73.25
77;83.25;81;81.5;72.75
77;83.25;81;81.5;72.75
77;83.25;81;81.5;72.75
77;83.25;81;81.5;72.75
77;83.25;81;81.5;72.75
77;83.25;81;81.5;72.75
76.5;83.25;81;81.5;72.75
76.5;82.75;81;81.5;72.75
76.5;82.75;81;81;72.25
76.5;82.75;81;81;77
76;82.75;81;81;77
75.5;82.25;81;81;77
75.5;82.25;81;81;77
75;82.25;81;80.5;77
75;82.25;81;80.5;77
75;82.25;80.5;80.5;77
75;82.25;80.5;80.5;77
75;82.25;80.5;80.5;77
75;81.75;80.5;80;77
75;81.75;80.5;80;77
75;81.75;80;79;77
75;81.75;80;79;77
75;81.75;80;79;77
75;81.75;80;79;77
75;81.75;80;79;77
74.5;81.75;80;79;76.5
74.5;81.75;80;79;76.5
74.5;81.75;79.5;79;76.5
74.5;81.75;79.5;78.5;76.5
74.5;81.25;79.5;78.5;76.5
74.5;81.25;79;78.5;76.5
74.5;81.25;79;78.5;76.5
74;81.25;78.5;78.5;76
74;81.25;78.5;78.5;76
74;81.25;78;78;76
74;81.25;78;78;76
74;81.25;78;78;76
74;81.25;78;78;76
73.5;80.75;78;78;76
73.5;80.75;78;78;76
73.5;80.75;78;78;75.5
73.5;80.75;77.5;78;75.5
73.5;80.75;77.5;78;75
73;80.75;77.5;77.5;75
73;80.75;77.5;77.5;75
73;80.25;77.5;77.5;75
73;80.25;77.5;77.5;75
73;80.25;77.5;77.5;75
72.5;80.25;77.5;77.5;74.5
77.75;80.25;77.5;77.5;74.5
77.75;80.25;77.5;77;74.5
77.75;80.25;77;77;74
77.75;80.25;77;77;74
77.75;80.25;77;77;73.5
77.75;80.25;77;77;73.5
77.75;80.25;77;77;73.5
77.75;79.75;76.5;76;73.5
77.75;79.75;76.5;74.5;73.5
77.75;79.75;76.5;81.25;73.5
77.25;79.75;76.5;81.25;73.5
76.75;79.75;76.5;81.25;73.5
76.75;79.25;76;81.25;73.5
76.75;79.25;80.75;81.25;73.5
76.75;79.25;80.75;81.25;73.5
76.75;79.25;80.75;81.25;73
76.25;79.25;80.75;81.25;73
76.25;78.75;80.75;81.25;73
76.25;78.75;80.75;81.25;73
76.25;84;80.75;81.25;73
75.75;84;80.75;81.25;73
75.75;84;80.75;81.25;73
75.75;84;80.75;81.25;73
75.75;84;80.75;81.25;73
75.25;84;80.75;81.25;73
75.25;84;80.75;81.25;73
75.25;84;80.75;81.25;72.5
75.25;84;80.75;81.25;72.5
75.25;84;80.75;81.25;72
75.25;84;80.75;80.75;72
75.25;84;80.75;80.75;72
75.25;84;80.75;80.75;72
75.25;84;80.75;80.75;72
74.75;84;80.75;80.25;72
74.75;84;80.75;80.25;76.75
74.75;84;80.75;80.25;76.75
74.75;84;80.75;79.75;76.75
74.75;84;80.75;79.75;76.75
74.75;84;80.75;79.75;76.75
74.75;83.5;80.25;79.75;76.75
74.25;83.5;80.25;79.75;76.75
74.25;83.5;80.25;79.75;76.75
74.25;83.5;80.25;79.75;76.75
73.75;83;80.25;79.25;76.75
73.75;83;80.25;79.25;76.25
73.75;83;79.75;79.25;76.25
73.75;83;79.75;79.25;76.25
73.75;83;79.75;79.25;76.25
73.75;83;79.25;78.75;76.25
73.75;83;78.75;78.75;76.25
73.25;83;78.75;78.75;75.75
73.25;82.5;78.75;78.75;75.75
73.25;82.5;78.75;78.75;75.75
73.25;82.5;78.75;78.75;75.75
73.25;82.5;78.75;78.75;75.75
73.25;82.5;78.75;78.75;75.75
72.75;82.5;78.25;78.25;75.75
72.75;82.5;78.25;78.25;75.25
77.5;82.5;78.25;77.75;75.25
77.5;82;78.25;77.75;74.75
77.5;82;77.75;77.75;74.75
77.5;82;77.75;77.75;74.75
77.5;82;77.75;77.25;74.25
77.5;82;77.75;77.25;74.25
77.5;82;77.25;77.25;74.25
77.5;81.5;77.25;77.25;74.25
77.5;81.5;77.25;77.25;74.25
77.5;81;77.25;77.25;73.75
77.5;81;77.25;77.25;73.75
77.5;81;77.25;77.25;73.75
77;81;77.25;77.25;73.75
77;81;77.25;76.75;73.75
77;81;77.25;76.75;73.25
77;81;77.25;76.25;73.25
77;80.5;77.25;76.25;73.25
77;80.5;77.25;76.25;72.75
77;80.5;76.75;75.75;72.75
77;80.5;76.75;75.75;72.75
77;80.5;76.75;81;72.75
77;80.5;76.75;81;72.75
76.5;80.5;76.75;81;72.75
76.5;80.5;76.75;81;72.25
76.5;80.5;76.75;81;72.25
76.5;80;76.75;81;72.25
76;80;76.75;81;72.25
76;80;76.75;81;71.75
76;80;76.25;81;76.5
76;80;76.25;81;76.5
75.5;80;76.25;81;76.5
75.5;80;76.25;81;76.5
75.5;80;76.25;81;76.5
75;80;75.75;81;76.5
75;80;75.75;81;76.5
75;80;80.5;81;76.5
75;79.5;80.5;80.5;76.5
75;79.5;80.5;80.5;76.5
75;79.5;80.5;80.5;76.5
74.5;79.5;80.5;80.5;76.5
74.5;79.5;80.5;80.5;76.5
74.5;79.5;80.5;80;76.5
74.5;79;80.5;80;76.5
74;79;80.5;80;76.5
74;79;80.5;80;76.5
74;79;80.5;80;76.5
74;79;80.5;79.5;76.5
74;79;80.5;79.5;76.5
74;79;80.5;79;76.5
74;78.5;80.5;79;76.5
73.5;83.75;80.5;79;76.5
73.5;83.75;80.5;79;76
73.5;83.75;80.5;78.5;76
73.5;83.75;80.5;78.5;76
73.5;83.75;80.5;78.5;76
73.5;83.75;80.5;78;76
73.5;83.75;80.5;78;76
73.5;83.75;80.5;78;75.5
73.5;83.75;80.5;77.5;75.5
73.5;83.75;80.5;77.5;75.5
73.5;83.75;80.5;77.5;75.5
73;83.75;80.5;77;75.5
73;83.75;80.5;77;75.5
72;83.75;80.5;77;75.5
71;83.75;80;77;75.5
77.25;83.75;80;77;75
77.25;83.75;80;77;75
77.25;83.75;80;77;75
77.25;83.75;79.5;76.5;75
77.25;83.75;79.5;76.5;74.5
76.75;83.75;79.5;76.5;74.5
76.75;83.75;79.5;76.5;74.5
76.75;83.75;79.5;76;74.5
76.75;83.75;79;80.75;74.5
76.75;83.75;79;80.75;74.5
76.75;83.75;79;80.75;74
76.75;83.75;79;80.75;74
76.75;83.75;79;80.75;74
76.25;83.75;79;80.75;73.5
76.25;83.25;78.5;80.75;73.5
76.25;83.25;78.5;80.75;73
76.25;83.25;78.5;80.75;73
76.25;83.25;78.5;80.75;73
76.25;83.25;78.5;80.75;73
76.25;82.75;78.5;80.75;73
75.75;82.75;78.5;80.75;73
75.75;82.75;78;80.75;72.5
75.25;82.75;78;80.25;72.5
74.75;82.75;77.5;80.25;72.5
74.75;82.75;77.5;80.25;72
74.75;82.75;77.5;79.75;72
74.75;82.25;77.5;79.75;72
74.75;82.25;77.5;79.75;76.25
74.75;82.25;77.5;79.75;76.25
74.25;82.25;77.5;79.75;76.25
74.25;82.25;77;79.25;76.25
73.75;82.25;77;79.25;76.25
73.75;82.25;77;78.75;76.25
73.75;81.75;77;78.75;76.25
73.75;81.75;77;78.75;76.25
73.75;81.75;77;78.75;76.25
73.75;81.75;77;78.25;76.25
73.75;81.75;77;78.25;76.25
73.75;81.75;77;78.25;76.25
73.25;81.75;77;78.25;76.25
73.25;81.75;77;77.75;76.25
73.25;81.75;77;77.75;76.25
73.25;81.75;77;77.75;76.25
73.25;81.25;77;77.25;76.25
73.25;81.25;77;77.25;76.25
72.75;81.25;76.5;77.25;76.25
72.75;81.25;76.5;77.25;75.75
72.75;81.25;76.5;77.25;75.75
72.75;81.25;76.5;77.25;75.25
72.75;80.75;76.5;77.25;75.25
72.75;80.75;76.5;77.25;75.25
72.75;80.75;76.5;76.75;75.25
72.75;80.75;76.5;76.75;74.75
72.75;80.75;76.5;76.75;74.75
72.25;80.75;76.5;76.75;74.75
72.25;80.25;76.5;76.75;74.75
72.25;80.25;76.5;76.75;74.75
72.25;80.25;76.5;76.75;74.75
71.75;80.25;76.5;76.75;74.25
77;80.25;76;76.75;74.25
77;80.25;76;76.75;74.25
77;80.25;75.5;76.75;74.25
77;80.25;75.5;76.75;74.25
77;80.25;80.25;76.25;74.25
77;80.25;80.25;76.25;73.75
77;79.75;80.25;76.25;73.75
77;79.75;80.25;75.75;73.75
77;79.75;80.25;75.75;73.25
77;79.75;80.25;75.75;73.25
77;79.75;80.25;75.75;72.75
76.5;79.75;80.25;75.25;72.75
76.5;79.75;80.25;80.5;72.75
76.5;79.25;80.25;80.5;72.75
76.5;79.25;80.25;80.5;72.25
76.5;79.25;80.25;80.5;72.25
76.5;79.25;80.25;80.5;72.25
76.5;79.25;80.25;80.5;72.25
76.5;79.25;80.25;80.5;72.25
76.5;79.25;80.25;80.5;72.25
76;79.25;80.25;80.5;72.25
76;79.25;80.25;80.5;72.25
76;79.25;80.25;80.5;72.25
76;79.25;80.25;80.5;72.25
76;78.75;80.25;80.5;72.25
76;78.25;80.25;80.5;72.25
76;78.25;79.75;80.5;72.25
75.5;77.25;79.75;80.5;71.75
75.5;83.5;79.75;80.5;71.75
75;83.5;79.75;80.5;71.25
75;83.5;79.75;80.5;71.25
75;83.5;79.75;80.5;76
75;83.5;79.75;80.5;76
75;83.5;79.25;80.5;76
75;83.5;79.25;80.5;76
75;83.5;78.75;80.5;76
75;83.5;78.75;80;76
75;83.5;78.75;80;76
75;83.5;78.75;80;76
75;83.5;78.75;79.5;76
74.5;83.5;78.75;79.5;76
74.5;83.5;78.75;79.5;76
74.5;83.5;78.25;79;76
74.5;83.5;78.25;79;76
74.5;83.5;78.25;78.5;76
74.5;83.5;77.75;78.5;76
74.5;83.5;77.75;78.5;75.5
74.5;83;77.75;78;75.5
74;83;77.25;78;75.5
74;83;77.25;78;75.5
74;83;77.25;77.5;75.5
74;83;77.25;77.5;75.5
74;83;77.25;77;75.5
74;82.5;77.25;77;75
74;82.5;76.75;77;75
73.5;82.5;76.75;77;75
73.5;82.5;76.75;77;75
73.5;82.5;76.75;77;75
73.5;82.5;76.75;77;75
73.5;82.5;76.75;76.5;75
73.5;82.5;76.75;76.5;75
73;82.5;76.75;76.5;75
73;82;76.75;76.5;74.5
73;82;76.75;76.5;74.5
73;82;76.25;76.5;74.5
73;82;76.25;76;74.5
73;82;76.25;76;74
73;81.5;76.25;75.5;74
73;81.5;76.25;75.5;74
72.5;81.5;76.25;80.25;74
72.5;81.5;76.25;80.25;74
72.5;81.5;76.25;80.25;74
72;81.5;76.25;80.25;74
72;81.5;75.75;80.25;74
72;81.5;75.75;80.25;74
71.5;81;75.75;80.25;73.5
71.5;81;75.75;80.25;73.5
76.75;81;75.75;79.75;73.5
76.75;80.5;75.25;79.75;73
76.75;80.5;75.25;79.75;73
76.75;80.5;80;79.75;73
76.75;80.5;80;79.25;73
76.75;80.5;80;79.25;73
76.75;80.5;80;79.25;73
76.75;80.5;80;78.75;73
76.75;80;80;78.75;73
76.25;80;80;78.75;72.5
76.25;80;80;78.75;72.5
76.25;80;80;78.25;72.5
76.25;80;80;78.25;72.5
76.25;80;80;78.25;72.5
76.25;80;80;78.25;72.5
75.75;80;80;78.25;72
75.75;80;80;77.75;72
75.75;79.5;80;77.75;72
75.75;79.5;80;77.75;72
75.25;79.5;80;77.25;72
75.25;79.5;80;77.25;72
75.25;79.5;80;77.25;72
74.75;79.5;80;77.25;71.5
74.75;79.5;80;77.25;71.5
74.75;79.5;80;77.25;71.5
74.25;79;80;76.75;71.5
74.25;79;80;76.75;71
74.25;79;80;76.75;75.75
74.25;79;80;76.25;75.75
74.25;79;80;76.25;75.75
74.25;79;80;76.25;75.75
74.25;79;80;76.25;75.75
74.25;78.5;80;76.25;75.75
74.25;78.5;80;76.25;75.75
74.25;78;80;75.75;75.75
73.75;83.25;80;75.75;75.75
73.75;83.25;80;75.75;75.75
73.75;83.25;79.5;75.75;75.75
73.75;83.25;79.5;74.75;75.75
73.75;83.25;79.5;80;75.75
73.75;83.25;79.5;80;75.75
73.75;83.25;79.5;80;75.75
73.75;83.25;79.5;80;75.75
73.75;83.25;79;80;75.75
73.75;83.25;79;80;75.25
73.25;83.25;79;80;75.25
73.25;83.25;79;80;74.75
73.25;83.25;78.5;80;74.75
73.25;83.25;78.5;80;74.75
72.75;83.25;78.5;80;74.75
72.75;82.75;78;80;74.75
72.75;82.75;78;80;74.75
72.75;82.75;78;80;74.25
72.75;82.75;78;80;74.25
72.75;82.75;78;80;74.25
72.75;82.25;77.5;80;74.25
72.75;82.25;77;80;74.25
72.75;82.25;77;79.5;74.25
72.75;82.25;77;79.5;74.25
72.25;82.25;77;79.5;73.75
72.25;82.25;77;79.5;73.75
72.25;82.25;76.5;79.5;73.75
72.25;81.75;76.5;79.5;73.75
72.25;81.75;76.5;79.5;73.75
72.25;81.75;76.5;79;73.75
72.25;81.25;76;79;73.75
71.75;81.25;76;79;73.75
71.75;81.25;76;79;73.75
71.75;81.25;76;79;73.75
76.5;81.25;76;79;73.75
76.5;80.75;76;78.5;73.75
76.5;80.75;76;78.5;73.25
76.5;80.75;75.5;78.5;73.25
76.5;80.75;75.5;78;73.25
76.5;80.75;75.5;78;73.25
76.5;80.75;75.5;78;73.25
76.5;80.75;75.5;78;73.25
76;80.75;75;78;73.25
76;80.75;79.75;77.5;72.75
76;80.75;79.75;77.5;72.75
76;80.25;79.75;77.5;72.75
76;80.25;79.75;77.5;72.75
76;80.25;79.75;77.5;72.75
76;80.25;79.75;77.5;72.75
76;80.25;79.75;77.5;72.25
75.5;80.25;79.75;77;72.25
75.5;80.25;79.75;77;72.25
75;79.75;79.75;77;71.75
75;79.75;79.75;77;71.75
75;79.75;79.75;77;71.75
75;79.75;79.75;76.5;71.75
74.5;79.75;79.75;76.5;71.75
74.5;79.75;79.75;76.5;71.25
74;79.75;79.75;76.5;71.25
74;79.75;79.25;76.5;71.25
74;79.75;79.25;76.5;71.25
74;79.25;79.25;76;70.75
74;79.25;79.25;76;70.75
73.5;79.25;79.25;76;70.25
73.5;79.25;79.25;76;75.5
73.5;79.25;79.25;76;75.5
73.5;79.25;79.25;76;75.5
73.5;79.25;79.25;75.5;75.5
73.5;79.25;79.25;75.5;75.5
73.5;78.75;79.25;75.5;75.5
73.5;78.75;79.25;75;75.5
73;78.75;78.75;75;75.5
73;78.75;78.75;79.75;75.5
73;78.75;78.75;79.75;75.5
73;78.75;78.25;79.75;75.5
73;78.75;78.25;79.75;75.5
72.5;78.75;78.25;79.75;75.5
72.5;78.75;77.75;79.75;75.5
72.5;78.75;77.25;79.75;75.5
72.5;78.25;77.25;79.75;75
72.5;78.25;77.25;79.75;75
72.5;78.25;76.75;79.75;75
72.5;77.75;76.75;79.75;75
72;77.75;76.75;79.75;75
72;83;76.75;79.75;75
71;83;76.75;79.75;75
71;83;76.25;79.75;75
76.25;83;76.25;79.75;75
76.25;83;76.25;79.75;74.5
76.25;83;76.25;79.75;74.5
76.25;83;76.25;79.75;74.5
76.25;83;75.75;79.75;74.5
76.25;83;75.75;79.75;74.5
76.25;83;75.75;79.75;74
76.25;83;75.75;79.75;74
76.25;83;75.75;79.75;74
75.75;83;75.25;79.75;74
75.75;83;75.25;79.75;74
75.75;83;75.25;79.75;73.5
75.75;83;79.5;79.25;73.5
75.75;83;79.5;79.25;73.5
75.25;83;79.5;79.25;73.5
75.25;83;79.5;79.25;73.5
75.25;83;79.5;79.25;73.5
75.25;83;79.5;79.25;73
75.25;83;79.5;79.25;73
74.75;83;79.5;79.25;73
74.75;83;79.5;78.75;73
74.75;83;79.5;78.75;73
74.75;83;79.5;78.75;73
74.25;83;79.5;78.75;72.5
74.25;83;79.5;78.75;72.5
74.25;83;79.5;78.75;72.5
74.25;82.5;79.5;78.75;72.5
74.25;82.5;79.5;78.25;72.5
74.25;82.5;79.5;78.25;72
73.75;82.5;79.5;78.25;72
73.75;82.5;79.5;78.25;72
73.75;82;79.5;78.25;72
73.75;82;79.5;78.25;72
73.25;82;79.5;78.25;72
72.75;82;79.5;78.25;72
72.75;82;79.5;78.25;71.5
72.75;82;79.5;77.75;71.5
72.75;82;79.5;77.75;71.5
72.75;82;79.5;77.75;71.5
72.75;82;79.5;77.75;71.5
72.75;81.5;79.5;77.75;71.5
72.75;81.5;79.5;77.25;71.5
72.25;81.5;79.5;77.25;71.5
72.25;81;79;76.75;71.5
72.25;81;79;76.75;71
72.25;81;79;76.75;71
72.25;81;79;76.75;71
71.75;81;79;76.25;71
71.75;81;79;76.25;71
71.25;81;79;76.25;71
71.25;81;79;76.25;70.5
71.25;80.5;79;76.25;75.25
71.25;80.5;78.5;75.75;75.25
70.75;80.5;78.5;75.75;75.25
70.25;80.5;78.5;75.75;75.25
76;80.5;78.5;75.25;75.25
76;80.5;78.5;75.25;75.25
76;80.5;78.5;74.75;75.25
76;80.5;78.5;74.25;75.25
76;80.5;78.5;79.5;75.25
76;80.5;78.5;79.5;75.25
76;80;78.5;79.5;75.25
76;80;78.5;79.5;75.25
76;80;78;79.5;75.25
76;80;78;79.5;75.25
76;80;78;79.5;75.25
76;79.5;78;79.5;74.75
75.5;79.5;77.5;79.5;74.75
75.5;79.5;77.5;79.5;74.75
75.5;79.5;77.5;79.5;74.75
75.5;79.5;77.5;79.5;74.75
75.5;79.5;77.5;79.5;74.75
75.5;79.5;77.5;79.5;74.25
75.5;79.5;77.5;79.5;74.25
75;79.5;77.5;79.5;74.25
75;79;77.5;79.5;74.25
75;79;77;79.5;74.25
75;79;77;79;74.25
75;79;77;79;73.75
75;79;77;78.5;73.75
75;79;76.5;78.5;73.75
74.5;79;76.5;78.5;73.75
74.5;79;76.5;78;73.75
74;79;76.5;78;73.75
74;79;76.5;78;73.75
74;78.5;76.5;78;73.25
73.5;78.5;76.5;78;73.25
73.5;78;76.5;78;73.25
73.5;77.5;76.5;77.5;73.25
73;82.75;76.5;77.5;73.25
73;82.75;76;77.5;73.25
73;82.75;76;77.5;72.75
73;82.75;76;77.5;72.75
73;82.75;76;77.5;72.75
72.5;82.75;76;77.5;72.25
72.5;82.75;76;77.5;72.25
72.5;82.75;76;77;72.25
72.5;82.75;75.5;77;72.25
72.5;82.75;75.5;76.5;71.75
72.5;82.75;75.5;76.5;71.75
72.5;82.75;75.5;76.5;71.25
72.5;82.75;75.5;76;71.25
72.5;82.75;75;76;71.25
72.5;82.75;75;75.5;71.25
72.5;82.75;75;75.5;71.25
72.5;82.75;75;75.5;70.75
72.5;82.75;75;75.5;70.75
72;82.75;75;75.5;70.75
72;82.75;75;75.5;70.75
72;82.75;75;75.5;70.75
72;82.75;79.25;75.5;70.75
72;82.75;79.25;75;70.25
72;82.75;79.25;75;70.25
71.5;82.75;79.25;74.5;70.25
71.5;82.25;79.25;74.5;69.75
71.5;82.25;79.25;74.5;75
71.5;82.25;79.25;79.25;75
71;82.25;79.25;79.25;75
71;82.25;79.25;79.25;75
75.75;82.25;79.25;79.25;75
75.75;82.25;79.25;79.25;75
75.75;82.25;79.25;79.25;75
75.75;82.25;79.25;79.25;75
75.75;82.25;79.25;79.25;75
75.75;82.25;79.25;78.75;75
75.25;82.25;79.25;78.75;75
75.25;81.75;79.25;78.75;75
75.25;81.75;79.25;78.25;75
75.25;81.75;78.75;78.25;75
75.25;81.75;78.75;78.25;75
75.25;81.75;78.75;78.25;75
75.25;81.75;78.75;78.25;75
74.75;81.75;78.75;77.75;75
74.75;81.75;78.75;77.75;75
74.25;81.25;78.25;77.75;75
74.25;81.25;78.25;77.75;75
74.25;81.25;78.25;77.25;75
74.25;81.25;77.75;77.25;75
74.25;81.25;77.75;77.25;75
73.75;81.25;77.75;76.75;75
73.75;81.25;77.25;76.75;74.5
73.75;81.25;76.75;76.75;74.5
73.25;81.25;76.75;76.25;74.5
73.25;81.25;76.25;75.75;74.5
73.25;81.25;76.25;75.75;74.5
73.25;81.25;76.25;75.25;74.5
73.25;80.75;76.25;75.25;74
73.25;80.75;76.25;75.25;74
73.25;80.75;76.25;75.25;74
72.75;80.75;76.25;75.25;74
72.75;80.75;76.25;75.25;74
72.75;80.75;76.25;75.25;74
72.75;80.75;75.75;74.75;74
72.75;80.75;75.75;74.75;73.5
72.75;80.25;75.75;74.75;73.5
72.25;80.25;75.75;74.75;73.5
72.25;80.25;75.25;74.75;73
72.25;80.25;75.25;74.75;73
72.25;80.25;75.25;74.75;73
72.25;80.25;75.25;74.25;73
72.25;80.25;75.25;79;73
72.25;80.25;75.25;79;73
72.25;79.75;75.25;79;72.5
71.75;79.75;74.75;79;72.5
71.75;79.75;74.75;79;72.5
71.75;79.75;74.25;79;72
71.75;79.75;74.25;79;72
71.75;79.75;74.25;79;72
71.25;79.25;79;79;71
71.25;79.25;79;79;71
71.25;79.25;79;79;71
71.25;79.25;79;79;71
71.25;79.25;79;79;71
71.25;79.25;79;79;71
71.25;79.25;79;79;71
70.25;79.25;79;79;71
70.25;78.75;79;79;71
75.5;78.75;79;78.5;71
75.5;78.75;79;78.5;71
75.5;78.75;79;78.5;70.5
75.5;78.75;79;78.5;70.5
75.5;78.75;79;78.5;70.5
75.5;78.75;79;78.5;70.5
75.5;78.75;79;78;70.5
75;78.75;79;78;70.5
75;78.25;79;78;70
75;78.25;79;78;69.5
75;78.25;78.5;78;74.75
75;78.25;78.5;77.5;74.75
75;78.25;78.5;77.5;74.75
75;78.25;78.5;77.5;74.75
74.5;78.25;78.5;77.5;74.75
74.5;78.25;78.5;77.5;74.75
74.5;78.25;78.5;77;74.75
74.5;77.75;78;77;74.75
74.5;77.75;78;77;74.75
74.5;77.75;78;77;74.75
74.5;77.75;78;77;74.75
74;77.75;77.5;77;74.75
73.5;77.75;77.5;77;74.75
73.5;77.25;77;77;74.75
73.5;77.25;77;76.5;74.75
73.5;82.5;77;76.5;74.75
73.5;82.5;77;76.5;74.75
73;82.5;77;76.5;74.75
73;82.5;77;76.5;74.25
73;82.5;77;76.5;74.25
73;82.5;76.5;76.5;73.75
73;82.5;76.5;76.5;73.75
73;82.5;76.5;76.5;73.25
73;82.5;76.5;76;73.25
72.5;82.5;76;76;73.25
72.5;82.5;76;76;73.25
72.5;82.5;76;76;73.25
72.5;82.5;76;75.5;72.75
72.5;82.5;76;75.5;72.75
72;82.5;76;75.5;72.75
72;82.5;76;75;72.75
72;82.5;76;75;72.75
72;82.5;76;75;72.25
72;82.5;75.5;75;72.25
72;82.5;75.5;75;72.25
72;82.5;75;74.5;71.75
72;82.5;75;74.5;71.75
71.5;82.5;75;74;71.75
71.5;82.5;75;78.75;71.75
71.5;82.5;75;78.75;71.75
71.5;82;75;78.75;71.75
71;82;75;78.75;71.25
71;82;75;78.75;71.25
71;82;75;78.75;71.25
71;81.5;74.5;78.75;71.25
71;81.5;74.5;78.75;71.25
70.5;81.5;74;78.75;71.25
70.5;81.5;78.75;78.75;71.25
70.5;81.5;78.75;78.75;71.25
75.25;81.5;78.75;78.75;70.75
75.25;81.5;78.75;78.75;70.75
75.25;81.5;78.75;78.75;70.25
75.25;81.5;78.75;78.75;70.25
75.25;81.5;78.75;78.75;69.75
74.75;81.5;78.75;78.75;68.75
74.75;81.5;78.75;78.75;74.5
74.75;81;78.75;78.75;74.5
74.75;81;78.75;78.75;74.5
74.75;81;78.75;78.75;74.5
74.75;81;78.75;78.75;74.5
74.75;81;78.75;78.75;74.5
74.25;81;78.75;78.75;74.5
74.25;81;78.75;78.25;74.5
74.25;81;78.75;78.25;74.5
74.25;81;78.75;78.25;74.5
74.25;80.5;78.75;78.25;74.5
74.25;80.5;78.75;77.75;74.5
74.25;80.5;78.75;77.25;74.5
73.75;80.5;78.75;77.25;74.5
73.75;80.5;78.25;77.25;74
73.75;80;78.25;76.75;74
73.75;80;78.25;76.75;74
73.25;80;78.25;76.75;74
73.25;80;78.25;76.75;74
73.25;80;78.25;76.75;74
72.75;80;78.25;76.75;74
72.75;80;77.75;76.25;74
72.75;80;77.75;76.25;74
72.75;80;77.75;76.25;74
72.75;79.5;77.75;76.25;74
72.25;79.5;77.75;76.25;73.5
72.25;79.5;77.75;75.75;73.5
72.25;79.5;77.75;75.75;73.5
72.25;79.5;77.75;75.75;73.5
72.25;79.5;77.75;75.25;73.5
72.25;79.5;77.25;75.25;73.5
71.75;79.5;77.25;75.25;73
71.75;79;77.25;75.25;73
71.75;79;77.25;75.25;73
71.75;79;77.25;75.25;73
71.75;79;77.25;75.25;73
71.75;79;77.25;75.25;72.5
71.25;79;77.25;74.75;72.5
71.25;79;77.25;74.75;72.5
71.25;78.5;76.75;74.75;72.5
71.25;78.5;76.75;74.75;72.5
71.25;78.5;76.25;74.75;72.5
71.25;78.5;76.25;74.75;72.5
70.75;78.5;76.25;74.25;72.5
70.75;78.5;76.25;74.25;72.5
70.75;78.5;76.25;74.25;72.5
70.75;78;75.75;73.75;72
70.75;78;75.75;78.5;72
70.75;78;75.75;78.5;72
70.75;78;75.75;78.5;72
70.75;78;75.75;78.5;72
70.75;78;75.25;78.5;71.5
70.25;77.5;75.25;78.5;71.5
75;77.5;75.25;78.5;71
75;82.25;75.25;78.5;71
75;82.25;74.75;78.5;71
75;82.25;74.75;78.5;71
75;82.25;74.75;78.5;71
75;82.25;74.75;78.5;70.5
75;82.25;74.75;78.5;70.5
75;82.25;74.75;78.5;70.5
75;82.25;74.75;78.5;70.5
74.5;82.25;74.25;78.5;70.5
74.5;82.25;74.25;78;70.5
74.5;82.25;74.25;78;70.5
74.5;82.25;74.25;78;70.5
74.5;82.25;74.25;78;70.5
74;82.25;74.25;78;70
74;82.25;74.25;78;70
74;81.75;74.25;77.5;70
74;81.75;73.75;77.5;70
74;81.75;73.75;77.5;69
73.5;81.75;73.75;77.5;74.25
73.5;81.75;78.5;77.5;74.25
73;81.75;78.5;77;74.25
73;81.75;78.5;77;74.25
73;81.75;78.5;76.5;74.25
72.5;81.75;78.5;76.5;74.25
72.5;81.25;78.5;76.5;74.25
72.5;81.25;78.5;76.5;74.25
72.5;81.25;78.5;76;73.75
72.5;81.25;78.5;76;73.75
72;81.25;78.5;76;73.75
72;81.25;78.5;76;73.25
71.5;81.25;78.5;75.5;73.25
71.5;81.25;78.5;75.5;73.25
71.5;81.25;78.5;75.5;72.75
71.5;81.25;78.5;75.5;72.75
71.5;80.75;78.5;75.5;72.75
71.5;80.75;78.5;75;72.75
71.5;80.25;78.5;75;72.75
71;80.25;78.5;75;72.75
71;80.25;78.5;74.5;72.25
71;80.25;78.5;74.5;72.25
71;80.25;78.5;74.5;72.25
71;80.25;78.5;74.5;72.25
71;80.25;78.5;74.5;72.25
70.5;80.25;78.5;74;72.25
70.5;79.75;78.5;74;72.25
70.5;79.75;78.5;74;72.25
70.5;79.75;78.5;74;71.75
70.5;79.75;78.5;73.5;71.75
70;79.75;78;73.5;71.25
70;79.75;78;78.25;71.25
70;79.25;78;78.25;71.25
74.75;79.25;78;78.25;71.25
74.75;79.25;77.5;78.25;71.25
74.75;79.25;77.5;78.25;71.25
74.75;79.25;77.5;78.25;70.75
74.75;78.75;77.5;78.25;70.75
74.75;78.75;77.5;78.25;70.75
74.25;78.75;77.5;78.25;70.75
74.25;78.75;77.5;78.25;70.25
74.25;78.75;77.5;78.25;70.25
74.25;78.75;77;78.25;70.25
74.25;78.75;77;78.25;70.25
73.75;78.75;77;78.25;70.25
73.75;78.75;77;78.25;70.25
73.75;78.75;77;78.25;69.75
73.75;78.25;77;78.25;69.75
73.75;78.25;77;77.75;69.75
73.75;78.25;77;77.75;69.75
73.75;78.25;77;77.75;69.25
73.25;78.25;77;77.75;69.25
73.25;78.25;76.5;77.75;74
73.25;78.25;76.5;77.75;74
73.25;78.25;76;77.25;74
73.25;78.25;76;77.25;74
72.75;78.25;76;76.75;74
72.75;78.25;76;76.75;74
72.75;77.75;76;76.75;74
72.75;77.75;75.5;76.75;74
72.75;77.75;75.5;76.25;74
72.25;77.75;75.5;76.25;74
72.25;77.75;75;76.25;74
72.25;77.75;75;76.25;74
72.25;77.75;75;76.25;74
72.25;77.25;75;76.25;74
71.75;77.25;75;76.25;74
71.75;77.25;75;75.75;74
71.75;76.75;74.5;75.75;74
71.25;82;74.5;75.75;74
71.25;82;74.5;75.75;74
71.25;82;74.5;75.25;73.5
71.25;82;74.5;75.25;73.5
71.25;82;74.5;75.25;73.5
71.25;82;74;75.25;73.5
71.25;82;74;75.25;73.5
70.75;82;74;75.25;73.5
70.75;82;74;75.25;73.5
70.75;82;74;74.75;73
70.75;82;74;74.75;73
70.75;82;74;74.75;73
70.75;82;74;74.25;73
70.75;82;74;74.25;72.5
70.75;82;73.5;74.25;72.5
70.75;82;78.25;73.75;72.5
70.75;82;78.25;73.75;72.5
70.75;82;78.25;73.75;72
70.75;82;78.25;73.75;72
70.75;82;78.25;73.75;72
70.75;82;78.25;73.75;72
70.25;81.5;78.25;73.25;72
70.25;81.5;78.25;78;71.5
70.25;81.5;78.25;78;71.5
70.25;81.5;78.25;78;71.5
70.25;81.5;78.25;78;71
70.25;81;78.25;78;71
70.25;81;78.25;78;71
70.25;81;78.25;78;71
69.75;81;78.25;78;71
69.75;81;78.25;78;70.5
74.5;81;78.25;78;70.5
74.5;81;78.25;78;70.5
74.5;81;78.25;78;70.5
74.5;81;78.25;78;70.5
74.5;81;78.25;78;70.5
74;80.5;77.75;77.5;70
73.5;80;77.75;77.5;70
73.5;80;77.75;77.5;70
73.5;80;77.75;77.5;70
73.5;80;77.75;77.5;70
73;80;77.25;77.5;70
72.5;80;77.25;77.5;70
72.5;79.5;77.25;77.5;70
72.5;79.5;77.25;77.5;70
72.5;79.5;77.25;77.5;70
72.5;79.5;76.75;77.5;69.5
72.5;79.5;76.75;77.5;69.5
72.5;79;76.75;77.5;69.5
72;79;76.75;77;73.75
72;79;76.75;77;73.75
72;79;76.75;77;73.75
71.5;79;76.75;77;73.75
71.5;79;76.25;77;73.75
71.5;79;75.75;77;73.75
71;78.5;75.75;77;73.75
71;78.5;75.75;76.5;73.75
71;78.5;75.75;76.5;73.75
71;78.5;75.75;76;73.75
71;78.5;75.25;76;73.75
71;78.5;75.25;76;73.75
71;78;75.25;76;73.75
71;78;75.25;76;73.75
70.5;78;75.25;76;73.25
70.5;78;75.25;75.5;73.25
70.5;78;74.75;75.5;73.25
70.5;78;74.75;75.5;73.25
70.5;78;74.75;75;73.25
70;78;74.75;75;72.75
70;78;74.75;75;72.75
70;78;74.75;75;72.75
70;78;74.25;75;72.75
70;78;74.25;74.5;72.75
70;78;74.25;74.5;72.75
70;78;74.25;74.5;72.25
69.5;77.5;74.25;74.5;72.25
74.25;77.5;74.25;74;72.25
74.25;77.5;74.25;74;72.25
74.25;77;74.25;74;72.25
74.25;81.75;74.25;74;72.25
74.25;81.75;73.75;74;71.75
74.25;81.75;73.75;73;71.75
74.25;81.75;73.75;77.75;71.75
74.25;81.75;73.75;77.75;71.25
74.25;81.75;73.75;77.75;71.25
73.75;81.75;73.75;77.75;70.75
73.75;81.75;73.25;77.75;70.75
73.75;81.75;78;77.75;70.75
73.75;81.75;78;77.75;70.75
73.75;81.75;78;77.75;70.75
73.75;81.75;78;77.75;70.75
73.75;81.75;78;77.75;70.75
73.75;81.75;78;77.75;70.75
73.25;81.75;78;77.75;70.75
73.25;81.25;78;77.75;70.75
73.25;81.25;78;77.25;70.75
73.25;81.25;78;77.25;70.75
73.25;81.25;78;77.25;70.25
73.25;81.25;78;77.25;70.25
73.25;81.25;78;77.25;70.25
72.75;81.25;78;77.25;70.25
72.75;81.25;78;77.25;70.25
72.75;81.25;78;77.25;70.25
72.25;81.25;78;77.25;70.25
72.25;81.25;78;76.75;70.25
71.75;80.75;77.5;76.75;70.25
71.75;80.75;77.5;76.75;69.75
71.25;80.75;77.5;76.75;69.75
71.25;80.75;77.5;76.25;69.75
71.25;80.75;77.5;76.25;69.75
71.25;80.75;77;76.25;69.75
71.25;80.75;77;76.25;69.75
71.25;80.25;77;76.25;69.75
70.75;80.25;76.5;76.25;69.25
70.75;79.75;76.5;75.75;68.75
70.75;79.75;76;75.75;73.5
70.75;79.75;75.5;75.25;73.5
70.75;79.75;75.5;75.25;73.5
70.25;79.25;75.5;75.25;73.5
70.25;79.25;75.5;75.25;73.5
70.25;79.25;75;74.75;73.5
70.25;79.25;75;74.75;73.5
70.25;79.25;75;74.75;73.5
70.25;79.25;75;74.75;73.5
69.75;79.25;74.5;74.25;73.5
69.75;78.75;74.5;74.25;73
69.75;78.75;74.5;74.25;73
69.75;78.75;74.5;74.25;73
69.25;78.75;74.5;74.25;73
69.25;78.75;74.5;74.25;72.5
69.25;78.75;74;74.25;72.5
69.25;78.75;74;74.25;72.5
74;78.75;73.5;73.75;72.5
74;78.25;73.5;73.75;72.5
74;78.25;73.5;73.75;72.5
74;78.25;73.5;73.75;72.5
74;78.25;73.5;73.25;72.5
74;78.25;73;73.25;72.5
74;78.25;73;72.75;72
74;77.75;72.5;77.5;72
74;77.75;77.75;77.5;72
74;77.75;77.75;77.5;72
74;77.75;77.75;77.5;71.5
74;77.75;77.75;77.5;71.5
73.5;77.75;77.75;77.5;71.5
73.5;77.75;77.75;77.5;71.5
73.5;77.75;77.75;77.5;71.5
73.5;77.75;77.75;77.5;71.5
73.5;77.75;77.75;77.5;71.5
73.5;77.25;77.75;77.5;71
73;77.25;77.75;77.5;71
73;77.25;77.75;77.5;71
73;77.25;77.75;77.5;71
73;77.25;77.75;77.5;71
73;77.25;77.75;77.5;71
72.5;77.25;77.75;77.5;71
72;77.25;77.75;77.5;70.5
72;81.5;77.75;77.5;70.5
72;81.5;77.75;77.5;70.5
71.5;81.5;77.75;77.5;70.5
71.5;81.5;77.25;77;70.5
71.5;81.5;77.25;77;70.5
71;81.5;77.25;77;70.5
71;81.5;77.25;76.5;70
71;81.5;77.25;76.5;70
71;81.5;77.25;76;70
71;81.5;77.25;76;70
71;81;77.25;76;70
71;81;77.25;76;70
70.5;81;76.75;76;70
70.5;81;76.75;75.5;69.5
70.5;81;76.75;75.5;69.5
70.5;81;76.75;75.5;69.5
70.5;81;76.75;75;69.5
70;80.5;76.75;75;69
70;80.5;76.75;74.5;69
70;80.5;76.75;74.5;69
70;80.5;76.25;74;69
70;80.5;76.25;74;69
70;80.5;76.25;74;69
69.5;80.5;76.25;74;68
69.5;80.5;76.25;74;73.25
69.5;80.5;76.25;73.5;73.25
69.5;80;76.25;73.5;73.25
69;80;76.25;73.5;73.25
69;80;75.75;73.5;73.25
73.75;80;75.75;73;73.25
73.75;80;75.75;73;73.25
73.75;79.5;75.75;73;73.25
73.75;79.5;75.75;73;73.25
73.75;79.5;75.25;73;73.25
73.75;79.5;75.25;73;73.25
73.75;79;75.25;72.5;73.25
73.75;79;75.25;72.5;73.25
73.75;79;75.25;72.5;73.25
73.75;79;74.75;71.5;73.25
73.75;79;74.75;77.25;73.25
73.75;79;74.25;77.25;72.75
73.75;79;74.25;77.25;72.75
73.75;79;74.25;77.25;72.75
73.25;79;74.25;77.25;72.75
73.25;78.5;74.25;77.25;72.75
73.25;78.5;74.25;77.25;72.75
73.25;78;73.75;77.25;72.75
73.25;78;73.75;77.25;72.75
72.75;78;73.75;77.25;72.75
72.75;78;73.75;77.25;72.75
72.75;78;73.75;77.25;72.25
72.75;78;73.75;77.25;72.25
72.75;78;73.75;77.25;72.25
72.75;78;73.75;77.25;72.25
72.75;78;73.25;77.25;72.25
72.75;77.5;73.25;77.25;72.25
72.75;77.5;73.25;76.75;72.25
72.75;77.5;73.25;76.75;72.25
72.75;77.5;73.25;76.75;71.75
72.25;77.5;73.25;76.75;71.25
72.25;77.5;73.25;76.75;71.25
72.25;77.5;72.75;76.25;70.75
72.25;77.5;72.25;76.25;70.75
72.25;77.5;77.5;76.25;70.75
72.25;77;77.5;76.25;70.75
72.25;77;77.5;76.25;70.25
72.25;77;77.5;76.25;70.25
71.75;77;77.5;76.25;70.25
71.75;77;77.5;76.25;70.25
71.75;77;77.5;76.25;70.25
71.25;77;77.5;76.25;70.25
71.25;77;77.5;75.75;70.25
71.25;77;77.5;75.25;70.25
71.25;77;77.5;75.25;70.25
71.25;76.5;77.5;75.25;69.75
71.25;81.25;77.5;75.25;69.75
70.75;81.25;77.5;75.25;69.75
70.75;81.25;77.5;75.25;69.75
70.75;81.25;77.5;74.75;69.75
70.75;81.25;77.5;74.75;69.25
70.75;81.25;77.5;74.25;69.25
70.75;81.25;77.5;74.25;69.25
70.75;81.25;77.5;73.75;69.25
70.25;81.25;77.5;73.75;69.25
70.25;81.25;77.5;73.25;68.75
70.25;81.25;77.5;73.25;68.75
70.25;81.25;77.5;73.25;68.75
70.25;81.25;77.5;73.25;68.25
70.25;81.25;77.5;73.25;68.25
70.25;81.25;77.5;73.25;68.25
69.75;81.25;77.5;72.75;68.25
69.75;81.25;77.5;72.75;68.25
69.75;81.25;77.5;72.25;73
69.75;81.25;77.5;72.25;73
69.75;81.25;77.5;71.75;73
69.75;81.25;77.5;77;73
69.25;81.25;77.5;77;73
69.25;81.25;77.5;77;73
69.25;81.25;77;77;73
68.75;81.25;77;77;73
68.75;81.25;77;77;73
73.5;81.25;77;77;73
73.5;81.25;77;77;73
73.5;81.25;77;77;73
73.5;81.25;76.5;77;72.5
73.5;81.25;76.5;77;72.5
73.5;80.75;76.5;77;72.5
73.5;80.75;76.5;77;72
73.5;80.75;76.5;77;72
73.5;80.75;76.5;77;72
73;80.75;76.5;77;72
73;80.75;76.5;77;72
73;80.75;76.5;77;72
73;80.75;76;77;72
73;80.75;76;77;71.5
73;80.25;76;77;71.5
72.5;80.25;76;76.5;71.5
72.5;80.25;76;76.5;71.5
72.5;80.25;75.5;76.5;71.5
72.5;80.25;75.5;76.5;71.5
72.5;80.25;75.5;76.5;71.5
72.5;80.25;75.5;76;71.5
72.5;80.25;75;76;71
72.5;79.75;75;76;71
72;79.75;75;76;71
72;79.75;75;76;71
72;79.75;75;76;71
71.5;79.25;75;76;70.5
71.5;79.25;74.5;75.5;70.5
71;78.75;74.5;75.5;70.5
71;78.75;74.5;75.5;70
71;78.75;74.5;75.5;70
71;78.75;74.5;75;70
71;78.75;74.5;75;70
71;78.75;74.5;75;70
71;78.75;74;75;69.5
71;78.75;74;75;69.5
71;78.75;74;74.5;69.5
71;78.75;74;74.5;69.5
71;78.75;74;74.5;69.5
70.5;78.75;73.5;74.5;69.5
70.5;78.75;73.5;74;69.5
70.5;78.25;73.5;74;69.5
70.5;78.25;73.5;74;69
70;78.25;73.5;73.5;69
70;78.25;73.5;73.5;69
70;78.25;73.5;73.5;69
70;78.25;73;73;69
70;78.25;73;73;68.5
70;78.25;73;73;68.5
70;77.75;73;73;68.5
69.5;77.75;73;73;68.5
69.5;77.75;73;73;68
69.5;77.75;72.5;73;68
69.5;77.75;72.5;73;72.75
69.5;77.75;72.5;73;72.75
69.5;77.75;77.25;72.5;72.75
69.5;77.75;77.25;76.75;72.75
69.5;77.75;77.25;76.75;72.75
69;77.25;77.25;76.75;72.75
69;77.25;77.25;76.75;72.75
69;77.25;77.25;76.75;72.75
69;77.25;77.25;76.75;72.75
69;77.25;77.25;76.75;72.75
69;77.25;77.25;76.75;72.75
69;77.25;77.25;76.75;72.75
68.5;77.25;77.25;76.75;72.75
68.5;77.25;77.25;76.75;72.75
68.5;77.25;77.25;76.75;72.75
68.5;76.75;77.25;76.75;72.75
73.25;76.25;77.25;76.75;72.75
73.25;76.25;77.25;76.25;72.75
73.25;76.25;77.25;76.25;72.25
73.25;81;77.25;76.25;72.25
73.25;81;77.25;76.25;72.25
73.25;81;77.25;76.25;72.25
73.25;81;77.25;76.25;72.25
73.25;81;77.25;76.25;72.25
73.25;81;77.25;76.25;72.25
72.75;81;76.75;76.25;72.25
72.75;81;76.25;75.75;72.25
72.75;81;76.25;75.75;71.75
72.75;81;75.75;75.75;71.75
72.75;81;75.75;75.75;71.75
72.75;81;75.75;75.25;71.75
72.75;81;75.75;75.25;71.75
72.25;81;74.75;75.25;71.75
72.25;81;74.75;75.25;71.25
72.25;81;74.75;74.75;71.25
72.25;81;74.75;74.25;70.75
72.25;81;74.75;74.25;70.75
72.25;81;74.25;74.25;70.75
71.75;81;74.25;74.25;70.75
71.75;81;74.25;73.75;70.75
71.75;81;74.25;73.75;70.75
71.75;81;73.75;73.75;70.25
71.75;81;73.75;73.75;70.25
71.25;81;73.75;73.75;70.25
71.25;81;73.75;73.75;69.75
71.25;81;73.75;73.25;69.75
71.25;80.5;73.75;73.25;69.75
71.25;80.5;73.75;73.25;69.75
71.25;80.5;73.75;73.25;69.75
71.25;80.5;73.75;73.25;69.25
70.75;80.5;73.25;73.25;69.25
70.75;80.5;73.25;73.25;69.25
70.75;80.5;73.25;73.25;69.25
70.75;80;73.25;73.25;69.25
70.75;80;73.25;72.75;69.25
70.75;80;72.75;72.75;69.25
70.75;80;72.75;72.75;68.75
70.75;80;72.75;72.75;68.75
70.25;80;72.75;72.25;68.75
70.25;80;72.75;72.25;68.75
70.25;80;72.75;72.25;68.25
70.25;80;72.75;72.25;68.25
70.25;80;72.75;76.5;67.75
70.25;80;77;76.5;67.75
70.25;80;77;76.5;72.5
69.75;80;77;76.5;72.5
69.75;79.5;77;76.5;72.5
69.75;79.5;77;76.5;72.5
69.75;79.5;77;76.5;72.5
69.75;79;77;76.5;72.5
69.75;79;77;76.5;72.5
69.25;79;77;76.5;72.5
69.25;79;77;76.5;72.5
69.25;78.5;77;76.5;72.5
69.25;78.5;77;76.5;72.5
69.25;78.5;77;76;72.5
69.25;78.5;77;76;72.5
69.25;78.5;77;76;72.5
69.25;78.5;77;76;72.5
69.25;78.5;77;75.5;72
69.25;78.5;77;75.5;72
68.75;78;77;75.5;72
68.75;78;77;75.5;72
68.75;78;77;75.5;72
68.75;78;77;75;72
68.75;78;77;75;72
68.75;78;77;75;72
68.25;78;77;75;71.5
68.25;77.5;77;75;71.5
73;77.5;76.5;74.5;71.5
73;77.5;76.5;74.5;71.5
73;77.5;76;74.5;71.5
73;77.5;76;74.5;71
73;77.5;76;74.5;71
73;77.5;76;74.5;71
73;77.5;76;74.5;71
73;77.5;75.5;74;71
72.5;77.5;75.5;74;70.5
72.5;77.5;75.5;74;70.5
72.5;77.5;75.5;74;70.5
72.5;77.5;75.5;74;70
72;77;75.5;74;70
72;77;75.5;73.5;70
72;77;75;73.5;69.5
72;77;75;73.5;69.5
72;77;75;73.5;69.5
71.5;77;75;73.5;69.5
71.5;77;74.5;73.5;69
71.5;77;74.5;73;68.5
71.5;77;74.5;73;68.5
71.5;77;74.5;73;68.5
71.5;77;74;73;68.5
71;76.5;74;73;68
71;76.5;74;72.5;68
71;76.5;74;72.5;67.5
70.5;76;73.5;72.5;72.25
70.5;75.5;73.5;72;72.25
70.5;75.5;73.5;72;72.25
70.5;80.75;73.5;71.5;72.25
70.5;80.75;73.5;71.5;72.25
70.5;80.75;73;71.5;72.25
70.5;80.75;73;76.25;72.25
70.5;80.75;73;76.25;72.25
70.5;80.75;73;76.25;72.25
70.5;80.75;73;76.25;72.25
70.5;80.75;73;76.25;72.25
70.5;80.75;73;76.25;72.25
70;80.75;73;76.25;72.25
69.5;80.75;73;76.25;72.25
69.5;80.75;73;76.25;72.25
69.5;80.75;73;76.25;72.25
69;80.75;72.5;76.25;72.25
69;80.75;72.5;76.25;71.75
69;80.75;72.5;76.25;71.75
69;80.75;72;76.25;71.75
69;80.75;72;76.25;71.75
69;80.75;72;76.25;71.25
69;80.75;76.75;76.25;71.25
69;80.75;76.75;76.25;71.25
69;80.75;76.75;76.25;71.25
68.5;80.75;76.75;76.25;70.75
68.5;80.25;76.75;76.25;70.75
68.5;80.25;76.75;75.75;70.75
68.5;80.25;76.75;75.75;70.75
68.5;80.25;76.75;75.75;70.75
68.5;80.25;76.75;75.75;70.75
68;80.25;76.75;75.75;70.25
68;80.25;76.75;75.75;70.25
67;80.25;76.75;75.75;70.25
72.75;80.25;76.75;75.75;70.25
72.75;79.75;76.75;75.25;70.25
72.75;79.75;76.75;75.25;69.75
72.75;79.75;76.75;75.25;69.75
72.75;79.75;76.75;74.75;69.75
72.75;79.75;76.75;74.75;69.75
72.75;79.75;76.75;74.75;69.75
72.75;79.75;76.75;74.75;69.25
72.75;79.75;76.75;74.75;69.25
72.75;79.75;76.75;74.25;69.25
72.25;79.75;76.25;74.25;69.25
72.25;79.25;76.25;74.25;69.25
72.25;79.25;76.25;74.25;69.25
72.25;79.25;76.25;73.75;68.75
72.25;79.25;76.25;73.75;68.75
71.75;79.25;76.25;73.75;68.75
71.75;78.75;76.25;73.75;68.75
71.75;78.75;75.75;73.75;68.75
71.75;78.75;75.75;73.25;68.75
71.25;78.75;75.75;73.25;68.75
71.25;78.75;75.75;73.25;68.25
71.25;78.75;75.25;73.25;68.25
71.25;78.75;75.25;72.75;68.25
70.75;78.75;75.25;72.75;68.25
70.75;78.75;74.75;72.75;68.25
70.25;78.75;74.75;72.75;68.25
70.25;78.75;74.75;72.75;68.25
70.25;78.25;74.75;72.25;67.75
70.25;78.25;74.75;72.25;67.25
69.75;78.25;74.25;72.25;67.25
69.75;78.25;74.25;72.25;72
69.25;78.25;73.25;71.75;72
69.25;78.25;73.25;76;72
69.25;78.25;73.25;76;72
69.25;77.75;73.25;76;72
69.25;77.75;73.25;76;72
69.25;77.75;73.25;76;72
69.25;77.75;73.25;76;72
69.25;77.25;73.25;76;72
68.75;77.25;72.75;76;72
68.75;77.25;72.75;76;72
68.75;77.25;72.75;76;72
68.75;77.25;72.75;76;72
68.75;77.25;72.75;76;72
68.75;76.75;72.75;76;72
68.25;76.75;72.75;76;72
68.25;76.75;72.75;76;72
68.25;76.75;72.25;76;71.5
68.25;76.75;72.25;76;71.5
68.25;76.75;72.25;76;71.5
67.75;76.25;71.75;76;71.5
67.75;76.25;71.75;75.5;71.5
67.75;76.25;71.75;75.5;71.5
67.75;76.25;76.5;75.5;71
72.5;76.25;76.5;75.5;71
72.5;76.25;76.5;75.5;71
72.5;76.25;76.5;75.5;71
72.5;76.25;76.5;75.5;71
72.5;75.75;76.5;75.5;70.5
72.5;75.75;76.5;75;70.5
72.5;80.5;76.5;75;70.5
72.5;80.5;76.5;75;70.5
72.5;80.5;76.5;75;70
72.5;80.5;76.5;75;70
72.5;80.5;76.5;75;70
72.5;80.5;76.5;75;70
72.5;80.5;76.5;75;69.5
72.5;80.5;76.5;74.5;69.5
72;80.5;76.5;74.5;69.5
72;80.5;76.5;74.5;69.5
72;80.5;76.5;74.5;69.5
72;80.5;76.5;74;69
72;80.5;76.5;74;69
72;80.5;76.5;73.5;69
72;80.5;76.5;73.5;69
71.5;80.5;76.5;73.5;68.5
71.5;80.5;76.5;73.5;68.5
71.5;80;76.5;73.5;68.5
71.5;80;76;73;68.5
71.5;80;76;73;68
71.5;80;76;73;68
71;80;76;73;68
71;80;76;72.5;68
71;80;76;72.5;68
71;80;76;72.5;68
71;80;76;72;68
71;80;76;72;67.5
71;80;76;71.5;67.5
71;80;75.5;71;67
70.5;80;75.5;70.5;71.75
70.5;80;75.5;75.75;71.75
70.5;80;75.5;75.75;71.75
70;80;75.5;75.75;71.75
70;79.5;75;75.75;71.75
70;79.5;75;75.75;71.75
70;79.5;75;75.75;71.75
70;79.5;74.5;75.75;71.75
69.5;79.5;74.5;75.75;71.75
69.5;79.5;74.5;75.75;71.75
69.5;79.5;74.5;75.75;71.75
69;79.5;74.5;75.75;71.75
69;79.5;74.5;75.75;71.75
69;79.5;74;75.75;71.75
69;79;74;75.75;71.75
69;79;74;75.75;71.25
69;79;73.5;75.75;71.25
69;79;73;75.75;71.25
68.5;79;73;75.75;71.25
68.5;79;73;75.75;71.25
68.5;78.5;73;75.75;71.25
68.5;78.5;73;75.75;71.25
68.5;78.5;73;75.25;70.75
68.5;78.5;72.5;75.25;70.75
68.5;78.5;72.5;75.25;70.75
68.5;78.5;72.5;75.25;70.75
68.5;78;72.5;75.25;70.75
68;78;72.5;75.25;70.75
68;78;72.5;75.25;70.25
68;78;72.5;75.25;70.25
67.5;78;72;74.75;70.25
67.5;78;72;74.75;69.75
67;78;72;74.75;69.75
72.25;78;71.5;74.75;69.75
72.25;78;76.25;74.25;69.75
72.25;77.5;76.25;73.75;69.75
72.25;77.5;76.25;73.75;69.75
71.75;77.5;76.25;73.75;69.75
71.75;77.5;76.25;73.75;68.75
71.75;77.5;76.25;73.75;68.75
71.75;77;76.25;73.75;68.75
71.75;77;76.25;73.75;68.75
71.75;77;76.25;73.25;68.75
71.25;77;76.25;73.25;68.75
71.25;77;76.25;72.75;68.75
71.25;77;76.25;72.75;68.75
71.25;77;76.25;72.75;68.75
71.25;77;76.25;72.75;68.25
71.25;77;76.25;72.75;68.25
71.25;76.5;76.25;72.75;68.25
71.25;76.5;76.25;72.75;67.75
71.25;76.5;76.25;72.75;67.75
71.25;76.5;76.25;72.25;71.5
71.25;76.5;76.25;71.75;71.5
70.75;76.5;76.25;71.75;71.5
70.25;76.5;76.25;71.75;71.5
70.25;76.5;75.75;71.75;71.5
70.25;76.5;75.75;71.75;71.5
70.25;76.5;75.75;71.75;71.5
70.25;76;75.75;71.75;71.5
70.25;76;75.75;71.25;71.5
69.75;76;75.75;71.25;71.5
69.75;76;75.75;70.75;71.5
69.75;76;75.75;70.75;71.5
69.75;75.5;75.75;70.25;71.5
69.75;75;75.75;70.25;71.5
69.75;75;75.25;75.5;71.5
69.25;80.25;75.25;75.5;71.5
69.25;80.25;75.25;75.5;71.5
69.25;80.25;75.25;75.5;71.5
69.25;80.25;75.25;75.5;71.5
69.25;80.25;75.25;75.5;71
69.25;80.25;74.75;75.5;71
68.75;80.25;74.75;75.5;71
68.75;80.25;74.25;75.5;71
68.75;80.25;74.25;75.5;71
68.75;80.25;74.25;75.5;71
68.75;80.25;74.25;75.5;70.5
68.75;80.25;73.75;75.5;70.5
68.75;80.25;73.75;75.5;70
68.25;80.25;73.75;75.5;70
68.25;80.25;73.25;75.5;70
68.25;80.25;73.25;75.5;70
68.25;80.25;73.25;75.5;70
68.25;80.25;72.75;75;70
68.25;80.25;72.75;75;70
68.25;80.25;72.75;75;70
68.25;80.25;72.75;75;69
68.25;80.25;72.75;75;69
68.25;80.25;72.75;75;69
67.75;80.25;72.75;75;69
67.75;80.25;72.75;75;69
67.25;80.25;72.25;74.5;69
66.75;79.75;72.25;74.5;68
72;79.75;72.25;74.5;68
72;79.75;72.25;74.5;68
72;79.75;72.25;74;68
72;79.75;72.25;74;68
72;79.75;71.75;74;68
72;79.75;71.75;74;68
72;79.75;71.75;73.5;68
71.5;79.25;71.75;73.5;68
71.5;79.25;71.75;73.5;67.5
71.5;79.25;71.25;73.5;67.5
71.5;79.25;70.75;73;67.5
71.5;79.25;76;73;67.5
71.5;79.25;76;72.5;67.5
71.5;79.25;76;72.5;67
71.5;78.75;76;72.5;67
71.5;78.75;76;72.5;66.5
71.5;78.75;76;72.5;66.5
71.5;78.25;76;72;66.5
71.5;78.25;76;71.5;71.25
71.5;78.25;76;71.5;71.25
71.5;78.25;76;71.5;71.25
71;78.25;76;71.5;71.25
71;78.25;76;71.5;71.25
71;78.25;76;71.5;71.25
71;78.25;76;71;71.25
71;78.25;76;71;71.25
71;78.25;76;71;71.25
70.5;78.25;76;75.25;71.25
70.5;78.25;75.5;75.25;71.25
70.5;78.25;75.5;75.25;71.25
70.5;78.25;75.5;75.25;71.25
70.5;77.75;75.5;75.25;71.25
70;77.75;75.5;75.25;71.25
70;77.75;75.5;75.25;71.25
70;77.75;75.5;75.25;71.25
70;77.75;75.5;75.25;71.25
69.5;77.75;75.5;75.25;71.25
69.5;77.75;75;75.25;71.25
69.5;77.75;75;75.25;71.25
69.5;77.75;75;75.25;71.25
69.5;77.25;75;75.25;71.25
69.5;77.25;74.5;75.25;71.25
69.5;77.25;74.5;75.25;71.25
69.5;77.25;74;75.25;70.75
69;77.25;74;75.25;70.75
69;77.25;74;74.75;70.75
69;77.25;73;74.75;70.75
69;77.25;73;74.75;70.75
69;77.25;73;74.75;70.75
69;76.75;73;74.75;70.75
68.5;76.75;73;74.25;70.25
68.5;76.75;72.5;74.25;70.25
68.5;76.75;72.5;74.25;70.25
68.5;76.75;72.5;73.75;70.25
68.5;76.25;72.5;73.75;70.25
68;76.25;72.5;73.75;70.25
68;76.25;72;73.25;70.25
68;76.25;72;73.25;70.25
68;76.25;72;72.75;69.75
68;76.25;71.5;72.75;69.75
68;76.25;71.5;72.75;69.75
67.5;76.25;71;72.25;69.75
67.5;76.25;71;72.25;69.75
67.5;75.75;75.75;72.25;68.75
67.5;75.75;75.75;72.25;68.75
67.5;75.75;75.75;72.25;68.75
67;75.75;75.75;72.25;68.25
71.75;75.75;75.75;71.75;67.75
71.75;75.75;75.75;71.75;67.75
71.75;75.75;75.75;71.75;67.75
71.75;75.25;75.75;71.75;67.75
71.75;75.25;75.75;71.25;67.75
71.75;75.25;75.75;71.25;67.25
71.75;74.75;75.75;71.25;67.25
71.75;80;75.75;71.25;67.25
71.75;80;75.75;70.75;66.75
71.75;80;75.75;70.75;66.75
71.75;80;75.75;70.75;66.75
71.75;80;75.75;75;66.75
71.25;80;75.75;75;66.75
71.25;80;75.75;75;66.75
71.25;80;75.75;75;66.25
71.25;80;75.75;75;66.25
71.25;80;75.75;75;66.25
71.25;80;75.75;75;71
71.25;80;75.75;75;71
71.25;80;75.75;75;71
71.25;80;75.75;75;71
71.25;80;75.25;75;71
70.75;80;75.25;75;71
70.75;80;75.25;75;71
70.75;80;74.75;75;71
70.75;80;74.75;75;71
70.25;80;74.75;75;70.5
70.25;80;74.75;75;70.5
70.25;80;74.75;75;70.5
70.25;80;74.25;75;70.5
70.25;80;74.25;75;70.5
69.75;80;74.25;75;70.5
69.75;79.5;73.75;74.5;70
69.75;79.5;73.25;74.5;70
69.75;79.5;73.25;74.5;70
69.75;79.5;73.25;74.5;70
69.25;79.5;73.25;74.5;70
69.25;79.5;73.25;74.5;69.5
69.25;79.5;72.75;74;69.5
69.25;79;72.75;74;69
69.25;79;72.75;74;69
69.25;79;72.75;74;69
69.25;79;72.75;73.5;68.5
69.25;79;72.25;73.5;68.5
68.75;79;72.25;73.5;68.5
68.75;79;72.25;73.5;68.5
68.75;79;72.25;73.5;68.5
68.75;79;71.75;73;68.5
68.75;79;71.75;73;68
68.75;79;71.75;73;68
68.75;79;71.75;73;68
68.25;79;71.75;72.5;68
68.25;79;71.75;72;68
68.25;78.5;71.75;71.5;67.5
68.25;78.5;71.75;71.5;67.5
68.25;78.5;71.75;71;67.5
68.25;78.5;71.25;71;67.5
68.25;78.5;71.25;71;67.5
67.75;78;71.25;70.5;67.5
67.75;78;71.25;70.5;67.5
67.75;78;71.25;70.5;67.5
67.25;78;75.5;70.5;67
67.25;78;75.5;70;67
67.25;78;75.5;70;67
67.25;78;75.5;70;67
67.25;78;75.5;74.75;70.75
67.25;78;75.5;74.75;70.75
67.25;78;75.5;74.75;70.75
66.75;78;75.5;74.75;70.75
66.75;78;75.5;74.75;70.75
66.25;77.5;75.5;74.75;70.75
71.5;77.5;75.5;74.75;70.75
71.5;77.5;75.5;74.75;70.75
71.5;77.5;75.5;74.75;70.75
71.5;77.5;75.5;74.75;70.75
71.5;77.5;75.5;74.75;70.75
71.5;77.5;75.5;74.75;70.75
71.5;77.5;75.5;74.75;70.75
71.5;77;75.5;74.75;70.75
71.5;77;75.5;74.75;70.75
71.5;77;75.5;74.25;70.75
71;77;75.5;74.25;70.75
71;77;75.5;74.25;70.75
71;77;75.5;74.25;70.25
71;77;75;74.25;70.25
71;77;75;74.25;70.25
71;77;75;74.25;70.25
70.5;76.5;75;74.25;70.25
70.5;76.5;75;74.25;70.25
70.5;76.5;75;73.75;70.25
70.5;76.5;75;73.75;70.25
70.5;76.5;75;73.75;70.25
70.5;76.5;74.5;73.75;69.75
70.5;76.5;74.5;73.75;69.75
70.5;76.5;74.5;73.75;69.75
70.5;76.5;74.5;73.75;69.75
70;76.5;74.5;73.25;69.75
70;76.5;74.5;73.25;69.75
70;76;74;73.25;69.75
69.5;76;74;72.75;69.75
69.5;76;74;72.75;69.25
69.5;76;73.5;72.75;69.25
69.5;76;73.5;72.25;68.75
69;76;73.5;72.25;68.75
69;76;73.5;72.25;68.25
69;76;73.5;71.75;68.25
69;76;73;71.75;67.75
69;76;73;71.75;67.75
68.5;76;73;71.75;67.75
68.5;76;73;71.75;67.75
68;76;72.5;71.75;67.75
68;75.5;72.5;71.75;67.75
68;75.5;72.5;71.75;67.75
68;75.5;72.5;71.75;67.75
68;75.5;72;71.25;67.25
68;75.5;72;71.25;67.25
68;75.5;72;71.25;67.25
68;75.5;72;70.75;67.25
68;75;72;70.75;66.75
67.5;75;72;70.75;66.75
67.5;75;72;70.75;66.75
67.5;75;72;70.75;66.75
67.5;74.5;72;70.25;66.75
67;79.75;72;70.25;66.25
67;79.75;72;69.75;65.75
67;79.75;71.5;74.5;65.75
67;79.75;71.5;74.5;70.5
66.5;79.75;71.5;74.5;70.5
66.5;79.75;71.5;74.5;70.5
71.25;79.75;71;74.5;70.5
71.25;79.75;71;74.5;70.5
71.25;79.75;71;74.5;70.5
71.25;79.75;71;74.5;70.5
71.25;79.75;70;74.5;70.5
71.25;79.75;75.25;74.5;70.5
71.25;79.75;75.25;74.5;70.5
71.25;79.75;75.25;74.5;70.5
71.25;79.75;75.25;74.5;70.5
71.25;79.75;75.25;74.5;70.5
71.25;79.75;75.25;74;70.5
71.25;79.75;75.25;74;70.5
71.25;79.75;75.25;74;70.5
71.25;79.25;75.25;74;70
71.25;79.25;75.25;74;70
70.75;79.25;75.25;74;70
70.75;79.25;75.25;73.5;69.5
70.75;79.25;75.25;73.5;69.5
70.75;79.25;75.25;73.5;69.5
70.75;79.25;75.25;73.5;69
70.75;79.25;75.25;73;68
70.75;79.25;75.25;73;68
70.75;79.25;75.25;72.5;68
70.25;79.25;75.25;72.5;67.5
70.25;78.75;75.25;72;67.5
70.25;78.75;75.25;72;67.5
70.25;78.75;75.25;72;67.5
70.25;78.75;74.75;72;67.5
70.25;78.75;74.75;72;67
70.25;78.75;74.75;72;67
69.75;78.75;74.75;72;67
69.75;78.75;74.75;72;67
69.25;78.75;74.75;71.5;67
69.25;78.75;74.25;71.5;66.5
68.75;78.75;74.25;71.5;66.5
68.75;78.75;74.25;71.5;66.5
68.75;78.75;74.25;71.5;66.5
68.75;78.25;74.25;71;66.5
68.25;78.25;74.25;71;66
67.75;78.25;74.25;71;66
67.75;78.25;73.75;71;66
67.25;78.25;73.75;71;70.25
67.25;78.25;73.75;71;70.25
67.25;77.75;73.75;71;70.25
67.25;77.75;73.75;71;70.25
66.75;77.75;73.25;70.5;70.25
66.75;77.75;73.25;70.5;70.25
66.75;77.75;72.75;70.5;70.25
66.75;77.75;72.75;70;70.25
66.75;77.75;72.75;70;70.25
66.75;77.25;72.75;70;70.25
66.75;77.25;72.75;70;70.25
66.75;77.25;72.25;74.25;69.75
66.75;77.25;72.25;74.25;69.75
66.75;76.75;72.25;74.25;69.75
66.25;76.75;72.25;74.25;69.75
65.75;76.75;71.75;74.25;69.75
65.75;76.75;71.75;74.25;69.75
71;76.75;71.75;74.25;69.75
71;76.75;71.75;74.25;69.25
71;76.75;71.25;74.25;69.25
71;76.75;71.25;74.25;69.25
71;76.75;71.25;74.25;69.25
71;76.75;71.25;74.25;68.75
71;76.75;71.25;74.25;68.75
71;76.75;71.25;74.25;68.75
71;76.25;71.25;74.25;68.25
71;76.25;71.25;74.25;68.25
71;76.25;71.25;74.25;68.25
71;76.25;70.75;74.25;67.75
71;76.25;70.75;74.25;67.75
70.5;76.25;70.75;74.25;67.75
70.5;76.25;70.75;74.25;67.25
70.5;76.25;70.75;74.25;67.25
70.5;76.25;75;73.75;67.25
70.5;76.25;75;73.75;67.25
70.5;75.75;75;73.75;67.25
70.5;75.75;75;73.75;67.25
70.5;75.75;75;73.75;66.75
70.5;75.75;75;73.75;66.75
70.5;75.75;75;73.75;66.25
70;75.25;75;73.25;66.25
69.5;75.25;75;73.25;66.25
69.5;75.25;75;73.25;65.75
69.5;74.75;75;73.25;65.75
69.5;74.75;75;73.25;65.75
69.5;79.5;75;73.25;65.25
69;79.5;75;72.75;65.25
69;79.5;75;72.75;70
69;79.5;75;72.75;70
69;79.5;75;72.75;70
69;79.5;75;72.75;70
69;79.5;75;72.25;70
68.5;79.5;75;72.25;70
68.5;79.5;75;72.25;70
68.5;79.5;75;72.25;70
68;79.5;75;72.25;70
68;79.5;75;72.25;70
68;79.5;74.5;72.25;70
68;79;74.5;72.25;70
68;79;74.5;72.25;70
68;79;74.5;71.75;70
68;78.5;74.5;71.25;69.5
68;78.5;74.5;71.25;69.5
67.5;78.5;74;71.25;69.5
67.5;78.5;74;71.25;69.5
67.5;78.5;74;70.75;69.5
67.5;78.5;74;70.75;69
67.5;78.5;74;70.75;69
67;78.5;74;70.25;69
67;78;74;69.75;69
67;78;73.5;69.75;69
67;78;73;74;69
67;78;73;74;68.5
67;78;72.5;74;68.5
67;78;72.5;74;68.5
67;78;72.5;74;68.5
67;77.5;72.5;74;68.5
66.5;77.5;72;74;68
66.5;77.5;71.5;74;68
66.5;77.5;71.5;74;68
66.5;77.5;71.5;74;68
66.5;77.5;71.5;74;68
66;77.5;71.5;74;68
65.5;77.5;71.5;74;67.5
70.75;77.5;71;73.5;67.5
70.75;77.5;71;73;67.5
70.75;77;71;73;67.5
70.75;77;71;73;67
70.75;77;71;73;67
70.75;77;71;73;67
70.75;77;70.5;72.5;66.5
70.75;77;70.5;72.5;66.5
70.75;77;70.5;72.5;66.5
70.75;77;70;72.5;66.5
70.25;76.5;70;72;66.5
70.25;76.5;70;72;66.5
70.25;76.5;74.75;72;66.5
70.25;76.5;74.75;72;66
70.25;76.5;74.75;72;66
70.25;76.5;74.75;71.5;66
70.25;76.5;74.75;71.5;65.5
70.25;76.5;74.75;71.5;65
70.25;76.5;74.75;71;69.75
70.25;76.5;74.75;71;69.75
69.75;76.5;74.75;71;69.75
69.75;76;74.75;70.5;69.75
69.75;76;74.75;70.5;69.75
69.75;76;74.75;70.5;69.75
69.75;76;74.75;70.5;69.75
69.25;76;74.75;70;69.75
69.25;76;74.75;70;69.75
69.25;76;74.75;70;69.75
69.25;76;74.75;69.5;69.75
69.25;76;74.75;69.5;69.75
68.75;75.5;74.75;69;69.75
68.75;75.5;74.75;69;69.75
68.75;75.5;74.75;69;69.75
68.75;75.5;74.75;73.75;69.75
68.25;75.5;74.75;73.75;69.75
68.25;75.5;74.75;73.75;69.75
68.25;75.5;74.75;73.75;69.75
67.75;75.5;74.75;73.75;69.75
67.75;75.5;74.75;73.75;69.25
67.75;75.5;74.25;73.75;69.25
67.75;75.5;74.25;73.75;69.25
67.25;75.5;73.75;73.75;69.25
67.25;75;73.75;73.75;69.25
67.25;75;73.75;73.75;69.25
67.25;75;73.75;73.75;68.75
67.25;75;73.75;73.75;68.75
67.25;75;73.75;73.75;68.75
67.25;74.5;73.75;73.75;68.75
66.75;74.5;73.75;73.75;68.25
66.75;74.5;73.75;73.75;68.25
66.75;74.5;73.25;73.75;68.25
66.75;74.5;73.25;73.75;68.25
66.75;74.5;73.25;73.75;67.75
66.75;79.25;73.25;73.75;67.75
66.25;79.25;72.75;73.75;67.75
66.25;79.25;72.75;73.75;67.25
65.75;79.25;72.25;73.75;67.25
65.75;79.25;72.25;73.25;67.25
65.75;79.25;72.25;73.25;66.75
65.25;79.25;72.25;73.25;66.75
70.5;79.25;71.75;73.25;66.75
70.5;79.25;71.75;73.25;66.75
70.5;79.25;71.75;73.25;66.25
70.5;79.25;71.25;73.25;66.25
70.5;79.25;71.25;73.25;66.25
70.5;79.25;71.25;72.75;66.25
70.5;79.25;71.25;72.25;65.75
70;79.25;70.75;72.25;65.75
70;79.25;70.75;72.25;65.75
70;79.25;70.75;72.25;65.25
70;79.25;70.75;71.75;65.25
70;78.75;70.75;71.25;65.25
70;78.75;70.75;71.25;65.25
70;78.75;70.75;71.25;69.5
70;78.75;70.75;71.25;69.5
70;78.75;70.25;71.25;69.5
69.5;78.75;70.25;71.25;69.5
69.5;78.75;70.25;70.75;69.5
69.5;78.75;69.75;70.75;69.5
69.5;78.75;74.5;70.75;69.5
69.5;78.75;74.5;70.75;69.5
69.5;78.75;74.5;70.25;69.5
69.5;78.75;74.5;69.75;69.5
69;78.25;74.5;69.75;69.5
69;78.25;74.5;69.75;69.5
69;78.25;74.5;69.75;69.5
68.5;78.25;74.5;69.25;69
68.5;78.25;74.5;68.75;69
68.5;78.25;74.5;68.75;69
68.5;78.25;74.5;68.75;69
68.5;78.25;74.5;73.5;69
68;77.75;74.5;73.5;68.5
68;77.75;74.5;73.5;68.5
68;77.75;74.5;73.5;68.5
68;77.75;74.5;73.5;68.5
68;77.75;74.5;73.5;68.5
68;77.75;74.5;73.5;68.5
68;77.75;74;73.5;68.5
67.5;77.25;74;73.5;68.5
67.5;77.25;74;73.5;68
67.5;77.25;74;73.5;68
67.5;77.25;74;73;68
67.5;77.25;74;73;67.5
67.5;76.75;74;73;67.5
67.5;76.75;74;73;67
67.5;76.75;74;73;67
67.5;76.75;73.5;73;67
67;76.75;73.5;73;67
67;76.75;73.5;72.5;67
67;76.25;73;72.5;67
67;76.25;73;72.5;66.5
66.5;76.25;73;72.5;66.5
66.5;76.25;73;72.5;66.5
66.5;76.25;73;72;66.5
66.5;76.25;72.5;72;66
66.5;76.25;72.5;72;66
66.5;76.25;72.5;71.5;66
66.5;75.75;72.5;71.5;66
66.5;75.75;72.5;71.5;66
66.5;75.75;72.5;71.5;65.5
66;75.75;72.5;71.5;65.5
66;75.75;72.5;71;65.5
66;75.75;72.5;71;65.5
66;75.75;72.5;71;65.5
70.25;75.75;72;71;65
70.25;75.25;72;70.5;65
70.25;75.25;72;70.5;64.5
70.25;75.25;72;70;64.5
70.25;75.25;72;70;64
70.25;74.75;71.5;69.5;69.25
70.25;74.75;71.5;69;69.25
70.25;74.75;71.5;69;69.25
69.75;74.75;71.5;69;69.25
69.75;74.75;71;69;69.25
69.75;74.75;71;68.5;69.25
69.75;74.25;71;68.5;69.25
69.75;74.25;71;68.5;69.25
69.75;79;70.5;73.25;69.25
69.25;79;70.5;73.25;69.25
69.25;79;70.5;73.25;68.75
69.25;79;70.5;73.25;68.75
69.25;79;70;73.25;68.75
68.75;79;70;73.25;68.75
68.75;79;70;73.25;68.25
68.75;79;70;73.25;68.25
68.25;79;74.25;73.25;68.25
68.25;79;74.25;73.25;68.25
68.25;79;74.25;73.25;68.25
67.75;79;74.25;73.25;67.75
67.75;79;74.25;73.25;67.75
67.75;79;74.25;73.25;66.75
67.25;79;74.25;73.25;66.75
67.25;79;74.25;73.25;66.75
66.75;79;74.25;73.25;66.25
66.75;79;74.25;72.75;65.75
66.75;79;74.25;72.75;65.75
66.75;79;74.25;72.75;65.75
66.75;79;74.25;72.75;65.75
66.25;79;74.25;72.75;65.75
66.25;79;74.25;72.75;65.25
66.25;79;74.25;72.25;65.25
66.25;79;73.75;72.25;65.25
66.25;79;73.75;72.25;64.75
65.75;79;73.75;72.25;64.75
65.75;79;73.75;72.25;64.75
65.75;79;73.75;71.75;64.25
65.75;79;73.75;71.75;69
65.75;78.5;73.75;71.75;69
65.75;78.5;73.75;71.25;69
65.75;78.5;73.75;71.25;69
65.75;78.5;73.75;71.25;69
65.25;78.5;73.25;71.25;69
70;78.5;73.25;71.25;69
70;78.5;73.25;71.25;69
70;78.5;73.25;70.75;69
70;78.5;72.75;70.25;69
70;78.5;72.75;70.25;68.5
70;78.5;72.75;69.75;68.5
70;78.5;72.75;69.75;68.5
70;78.5;72.75;69.75;68.5
70;78;72.75;69.25;68.5
70;78;72.75;69.25;68.5
70;78;72.75;69.25;68.5
70;78;72.25;69.25;68
70;78;72.25;69.25;68
70;78;71.75;69.25;68
70;78;71.75;68.75;68
70;78;71.75;68.75;68
70;78;71.75;68.75;68
69.5;77.5;71.75;68.75;68
69.5;77.5;71.25;68.75;67.5
69.5;77.5;71.25;68.25;67.5
69.5;77;71.25;68.25;67.5
69.5;77;71.25;73;67.5
69.5;77;71.25;73;67.5
69.5;76.5;71.25;73;67.5
69;76.5;70.75;73;67.5
69;76.5;70.75;73;67.5
69;76;70.75;73;67.5
69;76;70.75;73;67
69;76;70.25;73;67
69;76;70.25;73;67
69;76;70.25;73;67
68.5;76;70.25;73;67
68.5;76;70.25;73;67
68.5;75.5;70.25;73;67
68.5;75.5;70.25;73;66.5
68.5;75.5;69.75;73;66.5
68.5;75.5;69.75;73;66.5
68.5;75.5;69.75;73;66.5
68.5;75.5;69.75;73;66.5
68;75.5;69.25;73;66
68;75;68.75;73;66
67.5;75;74;72.5;66
67.5;75;74;72.5;65.5
67.5;75;74;72.5;65.5
67.5;75;74;72.5;65.5
67.5;75;74;72.5;65.5
67;75;74;72.5;65
67;75;74;72.5;65
67;75;74;72.5;64.5
66.5;74.5;74;72.5;64
66.5;74.5;74;72.5;68.75
66.5;74.5;74;72.5;68.75
66;74.5;74;72.5;68.75
66;74;74;72.5;68.75
66;74;74;72;68.75
66;74;74;72;68.75
66;74;74;72;68.75
66;78.75;74;71;68.75
66;78.75;74;71;68.75
65.5;78.75;74;71;68.75
65.5;78.75;74;71;68.75
69.75;78.75;74;71;68.75
69.75;78.75;74;71;68.75
69.75;78.75;74;71;68.75
69.75;78.75;73.5;71;68.75
69.75;78.75;73.5;71;68.25
69.75;78.75;73.5;70.5;68.25
69.75;78.75;73.5;70.5;68.25
69.75;78.75;73.5;70;68.25
69.75;78.75;73.5;70;67.75
69.75;78.75;73.5;70;67.75
69.25;78.75;73;70;67.75
69.25;78.75;73;70;67.75
69.25;78.75;73;70;67.75
69.25;78.75;73;69.5;67.75
69.25;78.75;73;69.5;67.75
69.25;78.75;73;69.5;67.25
69.25;78.75;72.5;69.5;67.25
69.25;78.75;72.5;69;67.25
69.25;78.75;72.5;69;67.25
69.25;78.75;72.5;69;67.25
69.25;78.75;72.5;68.5;66.75
68.75;78.75;72.5;68;66.75
68.75;78.75;72;68;66.75
68.75;78.75;72;72.75;66.75
68.75;78.75;72;72.75;66.25
68.75;78.75;72;72.75;65.75
68.25;78.75;71.5;72.75;65.75
68.25;78.25;71.5;72.75;65.75
68.25;78.25;71;72.75;65.75
68.25;78.25;71;72.75;65.25
68.25;78.25;71;72.75;65.25
67.75;78.25;71;72.75;65.25
67.75;78.25;71;72.75;65.25
67.25;78.25;70.5;72.75;65.25
67.25;78.25;70.5;72.75;65.25
67.25;78.25;70.5;72.75;64.75
67.25;78.25;70.5;72.75;64.75
67.25;78.25;70.5;72.25;64.75
67.25;78.25;70.5;72.25;64.25
66.75;78.25;70;72.25;64.25
66.75;78.25;70;72.25;64.25
66.75;78.25;70;72.25;68.5
66.75;78.25;70;72.25;68.5
66.25;78.25;70;72.25;68.5
66.25;78.25;70;72.25;68.5
66.25;77.75;69.5;71.75;68.5
66.25;77.75;69.5;71.75;68.5
65.75;77.75;69.5;71.75;68.5
65.75;77.25;69.5;71.75;68.5
65.75;77.25;69.5;71.75;68.5
65.25;77.25;69.5;71.25;68.5
65.25;77.25;68.5;71.25;68.5
65.25;77.25;73.75;71.25;68.5
65.25;77.25;73.75;71.25;68.5
65.25;76.75;73.75;71.25;68.5
65.25;76.75;73.75;70.75;68.5
65.25;76.75;73.75;70.75;68.5
64.75;76.75;73.75;70.75;68.5
69.5;76.75;73.75;70.25;68
69.5;76.25;73.75;70.25;68
69.5;76.25;73.75;69.75;68
69.5;76.25;73.75;69.75;68
69.5;76.25;73.75;69.75;68
69.5;76.25;73.75;69.75;68
69.5;76.25;73.75;69.75;68
69.5;76.25;73.75;69.75;67.5
69.5;76.25;73.75;69.75;67.5
69.5;76.25;73.75;69.25;67
69;75.75;73.75;69.25;67
69;75.75;73.75;69.25;67
69;75.75;73.75;69.25;66.5
69;75.75;73.75;68.75;66.5
69;75.75;73.75;68.75;66.5
69;75.75;73.75;68.25;66.5
69;75.75;73.75;72.5;66.5
69;75.75;73.75;72.5;66.5
68.5;75.75;73.25;72.5;66.5
68.5;75.75;73.25;72.5;66.5
68.5;75.25;73.25;72.5;66.5
68.5;75.25;73.25;72.5;66.5
68.5;75.25;73.25;72.5;66.5
68;75.25;73.25;72.5;66
67.5;75.25;73.25;72.5;66
67.5;75.25;73.25;72.5;66
67.5;75.25;72.75;72.5;66
67.5;75.25;72.75;72.5;66
67.5;75.25;72.75;72.5;65.5
67;75.25;72.75;72.5;65.5
67;75.25;72.75;72.5;65.5
67;74.75;72.25;72.5;65.5
66.5;74.75;72.25;72.5;65.5
66.5;74.75;72.25;72.5;65.5
66.5;74.75;72.25;72.5;65.5
66.5;74.75;71.75;72.5;65.5
66.5;74.75;71.75;72.5;65
66;74.75;71.75;72.5;65
66;74.75;71.75;72.5;65
66;74.75;71.75;72.5;65
66;74.25;71.75;72.5;65
66;74.25;71.25;72.5;64.5
66;74.25;71.25;72.5;64.5
65.5;74.25;70.75;72.5;64.5
65.5;74.25;70.75;72.5;68.25
65.5;74.25;70.75;72;68.25
65;74.25;70.75;72;68.25
65;74.25;70.75;72;68.25
65;73.75;70.75;72;68.25
64.5;78.5;70.75;72;68.25
69.25;78.5;70.25;72;68.25
69.25;78.5;70.25;72;68.25
69.25;78.5;70.25;71.5;68.25
69.25;78.5;70.25;71.5;68.25
69.25;78.5;70.25;71.5;68.25
69.25;78.5;69.75;71.5;68.25
69.25;78.5;69.75;71.5;68.25
69.25;78.5;69.75;71.5;68.25
69.25;78.5;69.25;71;67.75
69.25;78.5;69.25;70.5;67.75
69.25;78.5;69.25;70.5;67.75
69.25;78.5;69.25;70.5;67.75
68.75;78.5;69.25;70.5;67.75
68.75;78;69.25;70;67.25
68.75;78;69.25;70;67.25
68.25;78;68.25;69.5;67.25
68.25;78;73.5;69.5;67.25
68.25;78;73.5;69.5;67.25
68.25;78;73.5;69.5;66.75
68.25;78;73.5;69.5;66.75
68.25;77.5;73.5;69;66.75
68.25;77.5;73.5;69;66.25
68.25;77.5;73.5;69;65.75
67.75;77.5;73.5;69;65.75
67.75;77.5;73.5;69;65.75
67.75;77.5;73.5;69;65.75
67.75;77.5;73.5;68.5;65.75
67.75;77.5;73.5;68.5;65.75
67.25;77.5;73.5;68.5;65.25
67.25;77.5;73.5;67.5;65.25
67.25;77.5;73.5;72.25;65.25
67.25;77.5;73.5;72.25;65.25
66.75;77;73.5;72.25;65.25
66.75;77;73.5;72.25;64.75
66.25;76.5;73.5;72.25;64.75
66.25;76.5;73.5;72.25;64.75
66.25;76.5;73.5;72.25;64.75
66.25;76.5;73.5;72.25;64.75
66.25;76;73;72.25;64.75
65.75;76;73;72.25;64.75
65.75;76;73;72.25;64.75
65.75;76;73;72.25;64.25
65.75;75.5;72.5;72.25;64.25
65.25;75.5;72.5;72.25;64.25
65.25;75.5;72.5;72.25;63.75
65.25;75.5;72;72.25;63.75
65.25;75.5;72;72.25;63.75
65.25;75.5;72;71.75;63.25
65.25;75;72;71.75;63.25
65.25;75;72;71.75;68
65.25;75;71.5;71.75;68
65.25;75;71.5;71.25;68
65.25;75;71.5;71.25;68
64.75;75;71.5;71.25;68
64.75;75;71.5;70.75;68
64.25;75;71;70.75;68
64.25;75;71;70.75;68
63.75;75;70.5;70.75;68
63.75;74.5;70.5;70.25;68
69;74.5;70.5;70.25;68
69;74.5;70.5;70.25;68
69;74.5;70.5;70.25;68
69;74.5;70.5;70.25;67.5
69;74.5;70;70.25;67.5
69;74;70;69.75;67.5
69;74;70;69.75;67.5
69;74;69.5;68.75;67.5
69;74;69.5;68.75;67.5
69;74;69.5;68.75;67.5
68.5;74;69.5;68.75;67
68.5;74;69.5;68.75;67
68.5;74;69.5;68.25;67
68;73.5;69.5;68.25;67
68;73.5;69;68.25;67
68;73.5;69;68.25;67
68;78.25;69;67.75;67
68;78.25;73.25;72;67
68;78.25;73.25;72;66.5
68;78.25;73.25;72;66.5
68;78.25;73.25;72;66.5
68;78.25;73.25;72;66
67.5;78.25;73.25;72;66
67.5;78.25;73.25;72;66
67.5;78.25;73.25;72;66
67.5;78.25;73.25;72;66
67.5;78.25;73.25;72;65.5
67;78.25;73.25;72;65.5
67;78.25;73.25;71.5;65.5
67;78.25;73.25;71.5;65.5
66.5;78.25;73.25;71.5;65
66.5;78.25;73.25;71.5;65
66.5;78.25;73.25;71.5;65
66.5;78.25;73.25;71.5;65
66.5;78.25;73.25;71.5;65
66.5;78.25;73.25;71.5;65
66;78.25;72.75;71.5;65
66;78.25;72.75;71.5;65
66;78.25;72.75;71;64.5
66;78.25;72.75;71;64.5
66;77.75;72.75;71;64.5
65.5;77.75;72.25;71;64.5
65.5;77.75;71.75;71;64.5
65.5;77.75;71.75;71;64
65;77.75;71.25;70.5;63.5
65;77.75;71.25;70.5;63.5
65;77.75;71.25;70.5;63
65;77.75;71.25;70.5;62.5
64.5;77.75;71.25;70.5;67.75
64.5;77.75;71.25;70;67.75
64.5;77.75;71.25;70;67.75
64.5;77.75;71.25;70;67.75
64.5;77.75;71.25;69.5;67.75
64;77.25;71.25;69.5;67.75
68.75;77.25;71.25;69;67.75
68.75;77.25;70.75;69;67.75
68.75;77.25;70.75;69;67.75
68.75;77.25;70.25;68.5;67.75
68.75;77.25;70.25;68.5;67.75
68.75;77.25;70.25;68.5;67.75
68.75;77.25;70.25;68.5;67.75
68.75;77.25;69.75;68;67.75
68.75;77.25;69.75;68;67.75
68.75;76.75;69.75;68;67.75
68.75;76.75;69.75;68;67.75
68.75;76.75;69.75;67.5;67.75
68.75;76.75;69.25;67.5;67.75
68.75;76.75;69.25;67.5;67.75
68.75;76.75;69.25;71.75;67.25
68.75;76.25;69.25;71.75;67.25
68.25;76.25;69.25;71.75;67.25
68.25;76.25;69.25;71.75;66.75
68.25;76.25;69.25;71.75;66.75
68.25;76.25;69.25;71.75;66.75
68.25;76.25;69.25;71.75;66.75
68.25;76.25;68.75;71.75;66.25
68.25;76.25;68.25;71.75;66.25
68.25;75.75;68.25;71.75;66.25
67.75;75.75;73;71.75;66.25
67.75;75.75;73;71.75;66.25
67.75;75.75;73;71.25;66.25
67.75;75.75;73;71.25;65.25
67.75;75.25;73;71.25;65.25
67.75;75.25;73;71.25;64.75
67.25;75.25;73;71.25;64.75
67.25;75.25;73;71.25;64.75
67.25;75.25;73;71.25;64.75
66.75;74.75;73;71.25;64.25
66.75;74.75;73;71.25;64.25
66.75;74.75;73;71.25;64.25
66.75;74.75;73;71.25;64.25
66.75;74.75;73;71.25;64.25
66.25;74.75;73;71.25;64.25
66.25;74.75;73;71.25;64.25
66.25;74.75;72.5;71.25;63.75
65.75;74.75;72.5;71.25;63.75
65.75;74.25;72.5;71.25;63.75
65.25;74.25;72.5;71.25;63.75
65.25;74.25;72.5;70.75;63.75
65.25;74.25;72;70.75;63.25
65.25;74.25;72;70.75;63.25
65.25;74.25;72;70.75;63.25
65.25;74.25;72;70.75;63.25
65.25;74.25;72;70.75;62.75
64.75;74.25;72;70.75;67.5
64.75;74.25;72;70.75;67.5
64.75;74.25;72;70.25;67.5
64.75;74.25;72;70.25;67.5
64.75;74.25;71.5;69.75;67.5
64.75;74.25;71.5;69.75;67.5
64.25;74.25;71.5;68.75;67.5
64.25;73.75;71.5;68.75;67.5
64.25;73.75;71;68.75;67.5
63.75;73.75;71;68.25;67.5
68.5;73.75;70.5;68.25;67.5
68.5;73.75;70.5;68.25;67.5
68.5;73.75;70.5;67.75;67.5
68.5;73.25;70.5;67.75;67.5
68.5;73.25;70.5;67.25;67.5
68.5;73.25;70.5;67.25;67.5
68.5;73.25;70.5;71.5;67.5
68.5;78;70.5;71.5;67.5
68;78;70;71.5;67.5
68;78;70;71.5;67.5
68;78;70;71.5;67.5
68;78;69.5;71.5;67
68;78;69.5;71.5;67
68;78;69.5;71.5;67
68;78;69.5;71.5;67
68;78;69;71.5;67
68;78;69;71.5;67
67.5;78;69;71.5;67
67.5;78;68.5;71.5;66.5
67.5;78;68;71.5;66.5
67.5;78;68;71.5;66.5
67;78;72.75;71.5;66.5
67;78;72.75;71.5;66.5
67;78;72.75;71.5;65.5
67;78;72.75;71;65.5
66.5;78;72.75;71;65.5
66.5;78;72.75;71;65.5
66.5;78;72.75;71;65.5
66.5;78;72.75;71;65.5
66;78;72.75;71;65
66;77.5;72.75;71;65
66;77.5;72.75;70.5;65
66;77.5;72.75;70.5;65
66;77.5;72.75;70.5;65
65.5;77.5;72.75;70.5;65
65.5;77.5;72.75;70.5;64.5
65.5;77.5;72.75;70.5;64.5
65.5;77;72.75;70.5;64.5
65.5;77;72.75;70;64.5
65.5;77;72.75;70;64.5
65;77;72.75;70;64.5
64.5;77;72.75;70;64
64.5;76.5;72.75;70;64
64.5;76.5;72.75;69.5;64
64.5;76.5;72.75;69.5;62.5
64.5;76.5;72.25;69.5;62.5
64;76.5;72.25;69.5;67.25
64;76.5;72.25;69.5;67.25
64;76.5;72.25;69.5;67.25
64;76.5;72.25;69.5;67.25
63.5;76;72.25;69;67.25
63.5;76;72.25;69;67.25
68.25;76;72.25;69;67.25
68.25;76;72.25;69;67.25
68.25;76;72.25;69;67.25
68.25;76;72.25;68.5;67.25
68.25;76;71.75;68.5;67.25
68.25;76;71.75;68.5;67.25
68.25;75.5;71.75;68.5;67.25
68.25;75.5;71.25;68.5;67.25
68.25;75.5;70.75;68.5;66.75
68.25;75.5;70.75;68;66.75
68.25;75.5;70.75;68;66.75
68.25;75.5;70.25;68;66.75
68.25;75.5;70.25;67.5;66.75
68.25;75.5;69.75;67;66.75
67.75;75.5;69.75;67;66.75
67.75;75;69.75;67;66.25
67.75;75;69.75;67;66.25
67.75;75;69.75;67;66.25
67.75;75;69.75;71.25;66.25
67.75;75;69.75;71.25;66.25
67.75;75;69.75;71.25;66.25
67.75;75;69.75;71.25;66.25
67.25;75;69.25;71.25;66.25
67.25;74.5;69.25;71.25;66.25
67.25;74.5;68.75;71.25;66.25
67.25;74.5;68.75;71.25;65.75
67.25;74.5;68.25;71.25;65.75
66.75;74.5;68.25;71.25;65.75
66.75;74.5;68.25;71.25;65.75
66.75;74.5;67.75;71.25;65.25
66.75;74.5;72.5;71.25;65.25
66.75;74.5;72.5;71.25;65.25
66.75;74.5;72.5;71.25;65.25
66.25;74.5;72.5;71.25;64.75
66.25;74.5;72.5;71.25;64.75
66.25;74;72.5;71.25;64.25
66.25;74;72.5;71.25;64.25
66.25;74;72.5;71.25;64.25
66.25;74;72.5;70.75;64.25
65.75;74;72.5;70.75;63.75
65.75;73.5;72.5;70.75;63.75
65.75;73.5;72.5;70.25;63.75
65.75;73.5;72.5;70.25;63.25
65.25;73.5;72.5;70.25;63.25
65.25;73.5;72.5;70.25;62.75
65.25;73.5;72.5;69.75;62.75
64.75;73.5;72.5;69.75;62.75
64.75;73;72.5;69.75;62.25
64.75;73;72.5;69.25;62.25
64.75;73;72;69.25;67
64.75;73;72;69.25;67
64.25;77.75;72;68.75;67
64.25;77.75;72;68.75;67
64.25;77.75;72;68.25;67
64.25;77.75;72;68.25;67
64.25;77.75;71.5;68.25;67
64.25;77.75;71.5;68.25;67
64.25;77.75;71.5;67.75;67
64.25;77.75;71.5;67.75;67
64.25;77.75;71;67.75;67
64.25;77.75;71;67.75;67
64.25;77.75;71;67.25;67
63.75;77.75;71;67.25;67
63.75;77.75;71;67.25;67
63.75;77.75;70.5;66.75;67
63.25;77.75;70.5;66.75;67
68;77.75;70;66.75;67
68;77.25;70;66.25;66.5
68;77.25;69;71;66.5
68;77.25;69;71;66.5
68;77.25;68.5;71;66.5
68;77.25;68.5;71;66.5
68;77.25;68.5;71;66.5
68;77.25;67.5;71;66.5
68;77.25;72.25;71;66.5
67.5;77.25;72.25;71;66
67.5;77.25;72.25;71;66
67.5;77.25;72.25;70.5;66
67.5;77.25;72.25;70.5;66
67.5;77.25;72.25;70;66
67.5;76.75;72.25;70;66
67.5;76.75;72.25;70;66
67.5;76.75;72.25;70;66
67.5;76.75;72.25;70;66
67.5;76.25;72.25;70;66
67.5;76.25;72.25;70;65.5
67.5;76.25;72.25;70;65.5
67.5;76.25;72.25;69.5;65.5
67.5;76.25;72.25;69.5;65.5
67.5;76.25;72.25;69.5;65.5
67.5;76.25;72.25;69;65.5
67.5;76.25;72.25;69;65
67;75.75;72.25;69;65
67;75.75;71.75;69;65
67;75.75;71.75;69;65
67;75.75;71.75;68;65
67;75.75;71.75;68;65
66.5;75.75;71.75;68;64.5
66.5;75.25;71.75;68;64.5
66.5;75.25;71.75;68;64.5
66;75.25;71.75;67.5;64.5
66;75.25;71.25;67.5;64
66;75.25;71.25;67.5;64
65.5;75.25;71.25;67.5;63.5
65.5;75.25;71.25;67;63.5
65.5;75.25;71.25;67;63.5
65.5;74.75;71.25;67;63.5
65;74.75;71.25;66.5;63
65;74.75;71.25;70.75;63
65;74.75;70.75;70.75;63
65;74.75;70.75;70.75;62.5
65;74.75;70.75;70.75;62.5
65;74.25;70.75;70.75;62
64.5;74.25;70.25;70.75;62
64.5;74.25;70.25;70.75;66.75
64.5;74.25;69.75;70.75;66.75
64;74.25;69.75;70.75;66.75
64;74.25;69.75;70.75;66.75
64;74.25;69.75;70.25;66.75
64;74.25;69.75;70.25;66.75
63.5;74.25;69.25;70.25;66.75
63.5;73.75;68.75;70.25;66.75
63.5;73.75;68.75;69.75;66.75
63.5;73.75;68.75;69.75;66.75
63.5;73.75;68.75;69.75;66.75
67.75;73.75;68.25;69.75;66.75
67.75;73.75;68.25;69.75;66.75
67.75;73.25;68.25;69.75;66.75
67.75;73.25;68.25;69.25;66.75
67.75;73.25;67.75;69.25;66.75
67.75;73.25;67.75;69.25;66.75
67.75;73.25;67.75;69.25;66.25
67.75;72.75;72;68.75;66.25
67.75;72.75;72;68.75;66.25
67.75;77.5;72;68.75;66.25
67.75;77.5;72;68.75;66.25
67.75;77.5;72;68.25;66.25
67.75;77.5;72;68.25;66.25
67.75;77.5;72;68.25;66.25
67.75;77.5;72;68.25;66.25
67.25;77.5;72;68.25;66.25
67.25;77.5;72;67.25;66.25
67.25;77.5;72;67.25;66.25
67.25;77.5;72;67.25;66.25
67.25;77.5;72;66.75;65.75
67.25;77.5;72;66.25;65.75
67.25;77.5;72;66.25;65.75
67.25;77.5;72;66.25;65.75
67.25;77.5;72;65.75;65.75
67.25;77.5;72;70.5;65.75
67.25;77.5;72;70.5;65.75
67.25;77.5;72;70.5;65.25
67.25;77.5;72;70.5;65.25
67.25;77.5;72;70.5;65.25
67.25;77.5;72;70.5;64.75
67.25;77.5;72;70.5;64.75
66.75;77.5;72;70.5;64.75
66.75;77.5;71.5;70.5;64.75
66.75;77;71.5;70.5;64.75
66.75;77;71.5;70.5;64.25
66.75;77;71.5;70.5;64.25
66.75;77;71;70.5;64.25
66.75;77;71;70.5;64.25
66.75;77;71;70.5;63.75
66.75;77;71;70.5;63.75
66.75;77;71;70.5;63.75
66.75;77;71;70.5;63.25
66.75;77;71;70.5;63.25
66.25;77;71;70.5;63.25
66.25;76.5;70.5;70.5;63.25
66.25;76.5;70.5;70.5;62.75
66.25;76.5;70.5;70.5;62.75
65.75;76.5;70;70.5;62.75
65.75;76.5;70;70;62.25
65.75;76.5;70;70;61.75
65.75;76.5;69.5;70;66.5
65.75;76.5;69.5;70;66.5
65.25;76.5;69.5;70;66.5
65.25;76.5;69.5;70;66.5
65.25;76.5;69.5;70;66.5
65.25;76.5;69;70;66.5
64.75;76;68.5;69.5;66.5
64.75;76;68.5;69.5;66.5
64.75;75.5;68.5;69.5;66.5
64.75;75.5;68.5;69;66.5
64.25;75.5;68.5;69;66.5
64.25;75.5;68;69;66.5
63.75;75.5;68;68.5;66.5
63.75;75.5;68;68.5;66
63.75;75.5;67.5;68.5;66
63.75;75.5;67.5;68.5;66
63.75;75.5;67;68.5;66
63.75;75.5;71.75;68;66
63.25;75.5;71.75;68;66
63.25;75.5;71.75;68;65.5
63.25;75.5;71.75;67.5;65.5
63.25;75;71.75;67.5;65.5
67.5;75;71.75;67;65.5
67.5;75;71.75;67;65.5
67.5;74.5;71.75;67;65.5
67.5;74.5;71.75;67;65
67.5;74.5;71.75;67;65
67.5;74.5;71.75;67;65
67.5;74.5;71.75;66.5;65
67.5;74;71.75;66.5;65
67.5;74;71.75;66.5;64.5
67.5;74;71.75;66.5;64.5
67.5;74;71.75;66.5;64.5
67.5;74;71.75;66;64.5
67;74;71.75;65.5;64.5
67;74;71.25;65.5;64.5
67;74;71.25;65.5;64.5
66.5;73.5;71.25;70.25;64
66.5;73.5;71.25;70.25;64
66.5;73.5;71.25;70.25;64
66.5;73.5;71.25;70.25;63.5
66.5;73.5;71.25;70.25;63.5
66.5;73.5;71.25;70.25;63.5
66.5;73.5;70.75;70.25;63.5
66.5;73.5;70.75;70.25;63
66;73.5;70.75;70.25;63
66;73.5;70.25;70.25;63
65.5;73.5;70.25;70.25;63
65.5;73.5;70.25;70.25;62.5
65.5;73;70.25;69.75;62
65.5;73;70.25;69.75;62
65;73;70.25;69.75;62
65;72.5;69.75;69.75;62
65;72.5;69.75;69.75;66.25
65;77.25;69.75;69.25;66.25
65;77.25;69.75;69.25;66.25
65;77.25;69.75;69.25;66.25
65;77.25;69.75;69.25;66.25
64.5;77.25;69.25;69.25;66.25
64.5;77.25;69.25;68.75;66.25
64.5;77.25;69.25;68.75;66.25
64.5;77.25;69.25;68.25;66.25
64;77.25;68.75;68.25;66.25
64;77.25;68.75;68.25;66.25
64;77.25;68.75;68.25;66.25
64;77.25;68.75;68.25;66.25
64;77.25;68.75;67.25;66.25
64;77.25;68.25;67.25;66.25
63.5;77.25;68.25;67.25;66.25
63.5;77.25;68.25;66.75;66.25
63.5;77.25;67.75;66.25;66.25
63.5;77.25;67.75;66.25;66.25
63.5;77.25;67.25;65.75;66.25
63;76.75;67.25;65.75;66.25
63;76.75;66.75;65.25;66.25
63;76.75;71.5;70;65.75
63;76.75;71.5;70;65.75
63;76.75;71.5;70;65.75
62.5;76.75;71.5;70;65.25
67.25;76.75;71.5;70;65.25
67.25;76.75;71.5;70;65.25
67.25;76.75;71.5;70;65.25
67.25;76.75;71.5;70;65.25
67.25;76.75;71.5;70;65.25
67.25;76.75;71.5;70;65.25
67.25;76.75;71.5;70;64.75
67.25;76.75;71.5;70;64.25
67.25;76.75;71.5;70;64.25
67.25;76.75;71.5;70;64.25
67.25;76.75;71.5;70;64.25
67.25;76.75;71.5;70;64.25
67.25;76.75;71.5;70;63.75
67.25;76.75;71.5;70;63.75
66.75;76.75;71.5;70;63.75
66.75;76.25;71.5;70;63.75
66.75;76.25;71.5;70;63.25
66.75;76.25;71.5;70;62.75
66.75;76.25;71.5;70;62.75
66.25;76.25;71.5;70;62.75
66.25;76.25;71.5;70;62.75
66.25;76.25;71;70;62.75
66.25;76.25;71;70;62.75
66.25;76.25;71;70;62.25
66.25;76.25;71;69.5;62.25
66.25;76.25;71;69.5;62.25
66.25;76.25;71;69.5;61.75
65.75;75.75;70.5;69.5;61.75
65.75;75.75;70.5;69.5;61.25
65.75;75.75;70.5;69.5;61.25
65.75;75.75;70.5;69.5;66
65.25;75.75;70.5;69.5;66
65.25;75.75;70.5;69.5;66
65.25;75.75;70.5;69.5;66
65.25;75.25;70;69;66
65.25;75.25;70;69;66
65.25;75.25;70;69;66
64.75;75.25;69.5;68.5;66
64.75;75.25;69.5;68.5;66
64.75;74.75;69;68.5;66
64.25;74.75;69;68.5;66
64.25;74.75;69;68;66
64.25;74.75;68.5;68;66
64.25;74.75;68.5;68;66
63.75;74.75;68.5;67.5;66
63.75;74.75;68.5;67.5;66
63.75;74.25;68.5;67.5;65.5
63.75;74.25;68;67.5;65.5
63.75;74.25;68;67.5;65.5
63.75;74.25;67.5;67;65.5
63.25;74.25;67.5;67;65.5
63.25;74.25;67.5;67;65
63.25;73.75;67.5;67;65
63.25;73.75;67.5;67;65
63.25;73.75;67;66.5;65
63.25;73.75;67;66.5;65
62.75;73.75;67;65.5;64.5
62.75;73.75;66.5;65.5;64.5
62.75;73.75;66.5;69.75;64
62.75;73.75;66;69.75;64
62.75;73.75;71.25;69.75;64
62.25;73.75;71.25;69.75;63
67;73.75;71.25;69.75;62.5
67;73.75;71.25;69.75;62.5
67;73.75;71.25;69.75;62.5
67;73.75;71.25;69.75;62.5
67;73.25;71.25;69.75;62
67;73.25;71.25;69.75;62
67;73.25;71.25;69.75;62
67;73.25;71.25;69.75;61.5
67;73.25;71.25;69.75;65.75
67;72.75;71.25;69.75;65.75
67;72.75;71.25;69.75;65.75
67;72.75;71.25;69.75;65.75
67;72.75;71.25;69.75;65.75
66.5;72.75;71.25;69.75;65.75
66.5;72.75;71.25;69.25;65.75
66.5;72.75;71.25;69.25;65.75
66.5;72.75;71.25;69.25;65.75
66.5;72.75;71.25;69.25;65.75
66.5;72.75;71.25;69.25;65.75
66;72.25;71.25;68.75;65.75
66;72.25;71.25;68.75;65.75
66;77;71.25;68.75;65.75
66;77;71.25;68.75;65.75
66;77;71.25;68.75;65.25
66;77;71.25;68.25;65.25
66;77;71.25;68.25;65.25
66;77;71.25;68.25;65.25
66;77;71.25;67.75;65.25
66;77;71.25;67.75;65.25
66;77;71.25;67.25;65.25
65.5;77;71.25;67.25;65.25
65.5;77;71.25;66.75;65.25
65.5;77;71.25;66.25;64.75
65;77;71.25;66.25;64.75
65;77;71.25;66.25;64.75
65;77;70.75;65.75;64.75
65;77;70.75;65.75;64.75
64.5;77;70.75;65.25;64.75
64.5;77;70.75;69.5;64.75
64.5;77;70.75;69.5;64.75
64.5;77;70.25;69.5;64.75
64;77;70.25;69.5;64.25
64;77;70.25;69.5;64.25
64;77;70.25;69.5;64.25
63.5;76.5;70.25;69.5;63.75
63.5;76.5;70.25;69.5;63.75
63.5;76.5;69.75;69.5;63.75
63.5;76.5;69.75;69.5;63.75
63.5;76.5;69.75;69.5;63.75
63.5;76.5;69.75;69.5;63.25
63.5;76.5;69.25;69;62.75
63.5;76.5;69.25;69;62.75
63;76.5;69.25;69;62.75
63;76.5;69.25;69;62.75
63;76.5;68.75;68.5;62.25
63;76.5;68.25;68.5;62.25
63;76.5;68.25;68.5;62.25
62.5;76.5;68.25;68.5;62.25
62.5;76.5;67.75;68.5;62.25
62.5;76;67.75;68.5;61.25
62.5;76;67.75;68;65.5
62.5;76;67.75;68;65.5
62.5;76;67.25;68;65.5
66.75;76;67.25;67.5;65.5
66.75;76;67.25;67.5;65.5
66.75;76;66.75;67.5;65.5
66.75;76;66.25;67.5;65.5
66.75;76;71;66.5;65.5
66.75;76;71;66.5;65.5
66.75;76;71;66.5;65.5
66.75;76;71;66.5;65.5
66.75;76;71;66;65.5
66.75;75.5;71;66;65
66.25;75.5;71;65.5;65
66.25;75.5;71;65;65
66.25;75.5;71;65;65
66.25;75.5;71;65;64.5
66.25;75.5;71;69.25;64.5
66.25;75;71;69.25;64
66.25;75;71;69.25;64
66.25;75;71;69.25;64
66.25;74.5;71;69.25;63.5
66.25;74.5;71;69.25;63.5
66.25;74.5;71;69.25;63.5
66.25;74.5;71;69.25;63.5
66.25;74.5;71;69.25;63
65.75;74.5;71;69.25;63
65.75;74;71;69.25;63
65.75;74;71;69.25;62.5
65.25;74;70.5;69.25;62.5
65.25;74;70.5;68.75;62
65.25;74;70.5;68.75;62
65.25;74;70.5;68.75;62
64.75;74;70.5;68.75;62
64.75;73.5;70.5;68.75;62
64.75;73.5;70.5;68.75;62
64.25;73.5;70.5;68.75;62
64.25;73.5;70.5;68.75;61.5
64.25;73.5;70;68.25;61.5
64.25;73.5;70;67.75;65.25
63.75;73.5;70;67.75;65.25
63.75;73.5;70;67.25;65.25
63.25;73.5;70;67.25;65.25
63.25;73.5;70;67.25;65.25
63.25;73;70;67.25;65.25
63.25;73;70;67.25;65.25
63.25;73;69.5;66.75;65.25
63.25;73;69.5;66.75;65.25
63.25;73;69.5;66.75;65.25
63.25;73;69;66.75;65.25
62.75;72.5;68.5;66.75;65.25
62.25;72.5;68.5;66.25;65.25
61.75;72;68;66.25;64.75
61.75;71;68;66.25;64.75
61.75;76.75;67.5;66.25;64.75
61.75;76.75;67.5;65.75;64.75
66.5;76.75;67.5;65.75;64.75
66.5;76.75;67.5;65.75;64.75
66.5;76.75;67.5;65.25;64.25
66.5;76.75;67.5;65.25;64.25
66.5;76.75;67;64.25;64.25
66.5;76.75;67;64.25;64.25
66.5;76.75;66.5;69;64.25
66.5;76.75;66.5;69;64.25
66.5;76.75;66.5;69;64.25
66;76.75;66;69;64.25
66;76.75;66;69;64.25
66;76.75;65.5;69;63.75
66;76.75;70.75;69;63.75
66;76.75;70.75;69;63.75
65.5;76.75;70.75;69;63.25
65.5;76.75;70.75;69;62.75
65.5;76.75;70.75;69;62.25
65.5;76.75;70.75;68.5;62.25
65.5;76.75;70.75;68.5;62.25
65.5;76.75;70.75;68.5;62.25
65.5;76.25;70.75;68.5;61.75
65;76.25;70.75;68.5;61.75
65;76.25;70.75;68.5;61.75
65;76.25;70.75;68.5;61.25
65;76.25;70.75;68;61.25
65;76.25;70.75;68;61.25
64.5;76.25;70.75;68;65
64.5;76.25;70.75;68;65
64.5;76.25;70.25;68;65
64.5;76.25;70.25;68;65
64.5;76.25;70.25;67.5;65
64;76.25;70.25;67;65
64;76.25;70.25;67;65
64;76.25;69.75;67;65
64;76.25;69.75;66.5;65
64;76.25;69.75;66.5;65
64;76.25;69.75;66.5;65
63.5;76.25;69.75;66.5;65
63.5;76.25;69.75;66;65
63.5;76.25;69.75;66;65
63.5;76.25;69.75;66;65
63.5;76.25;69.75;66;65
63.5;75.75;69.25;65.5;65
63.5;75.75;69.25;65.5;65
63;75.75;69.25;65.5;65
63;75.75;69.25;65.5;65
63;75.75;69.25;65;65
63;75.75;69.25;65;65
62.5;75.75;68.75;64.5;65
62.5;75.75;68.25;68.75;65
62.5;75.75;68.25;68.75;65
62.5;75.75;68.25;68.75;65
62.5;75.75;67.75;68.75;65
62.5;75.75;67.75;68.75;65
62.5;75.75;67.25;68.75;65
62.5;75.75;67.25;68.75;64.5
62.5;75.25;67.25;68.75;64.5
62;75.25;67.25;68.75;64.5
62;75.25;67.25;68.75;64.5
62;75.25;66.75;68.75;64.5
62;75.25;66.75;68.75;64.5
62;74.75;66.75;68.75;64
62;74.75;66.25;68.75;63.5
62;74.75;66.25;68.75;63
62;74.75;66.25;68.75;63
62;74.75;66.25;68.75;63
61.5;74.75;66.25;68.75;63
66.25;74.25;65.75;68.25;62.5
66.25;74.25;65.75;68.25;62.5
66.25;74.25;70.5;68.25;62.5
66.25;74.25;70.5;68.25;62.5
66.25;73.75;70.5;67.75;62
66.25;73.75;70.5;67.75;62
66.25;73.75;70.5;67.75;61.5
66.25;73.75;70.5;67.25;61.5
66.25;73.75;70.5;67.25;61
66.25;73.75;70.5;66.75;61
66.25;73.75;70.5;66.75;61
66.25;73.75;70.5;66.75;60.5
65.75;73.75;70.5;66.75;60.5
65.75;73.25;70.5;66.75;60
65.75;73.25;70.5;66.75;64.75
65.75;73.25;70.5;66.75;64.75
65.75;73.25;70.5;66.75;64.75
65.75;73.25;70.5;66.25;64.75
65.75;73.25;70.5;66.25;64.75
65.75;72.75;70.5;66.25;64.75
65.25;72.75;70.5;66.25;64.75
65.25;72.75;70.5;66.25;64.75
65.25;72.75;70.5;65.75;64.75
65.25;72.75;70.5;65.75;64.75
65.25;72.75;70;65.75;64.75
65.25;72.75;70;65.75;64.75
64.75;72.75;70;65.25;64.75
64.75;72.75;70;65.25;64.75
64.75;72.75;70;64.75;64.75
64.75;72.75;70;64.75;64.75
64.25;72.75;70;64.25;64.75
64.25;72.25;70;68.5;64.75
63.75;72.25;70;68.5;64.25
63.75;72.25;70;68.5;64.25
63.75;72.25;70;68.5;64.25
63.75;76.5;69.5;68.5;64.25
63.25;76.5;69.5;68.5;64.25
63.25;76.5;69.5;68.5;64.25
63.25;76.5;69.5;68.5;63.75
63.25;76.5;69.5;68.5;63.75
63.25;76.5;68.5;68.5;63.75
62.75;76.5;68;68.5;63.75
62.75;76.5;68;68;63.75
62.75;76.5;68;68;63.75
62.25;76.5;68;68;63.25
62.25;76.5;68;68;63.25
62.25;76.5;67.5;68;63.25
62.25;76.5;67.5;68;62.75
62.25;76.5;67;68;62.75
62.25;76.5;67;68;62.25
61.75;76.5;66.5;67.5;61.75
61.25;76.5;66.5;67.5;61.75
61.25;76.5;66.5;67.5;61.75
66;76.5;66.5;67;61.75
66;76.5;66.5;67;61.25
66;76.5;66;66.5;61.25
66;76.5;66;66.5;61.25
66;76;66;66;61.25
66;76;66;66;61.25
66;76;66;66;61.25
65.5;76;70.25;66;61.25
65.5;76;70.25;66;60.75
65.5;76;70.25;65.5;60.75
65.5;76;70.25;65.5;60.25
65.5;76;70.25;65;64.5
65.5;76;70.25;65;64.5
65.5;76;70.25;64.5;64.5
65.5;76;70.25;64.5;64.5
65.5;76;70.25;64.5;64.5
65.5;76;70.25;64;64.5
65.5;76;70.25;68.25;64.5
65.5;76;70.25;68.25;64.5
65.5;75.5;70.25;68.25;64.5
65;75.5;70.25;68.25;64.5
65;75.5;70.25;68.25;64
65;75.5;70.25;68.25;64
65;75.5;70.25;68.25;64
65;75.5;70.25;68.25;64
65;75;70.25;68.25;64
65;75;70.25;68.25;64
65;75;69.75;68.25;64
65;75;69.75;68.25;64
65;75;69.75;68.25;63.5
64.5;75;69.75;68.25;63.5
64.5;75;69.25;68.25;63
64.5;74.5;69.25;68.25;63
64;74.5;69.25;67.75;63
64;74.5;69.25;67.75;63
64;74.5;69.25;67.75;63
63.5;74.5;68.75;67.75;63
63.5;74.5;68.75;67.25;62.5
63.5;74;68.75;67.25;62.5
63.5;74;68.75;67.25;62.5
63.5;74;68.75;67.25;62
63.5;74;68.25;66.75;61.5
63.5;74;68.25;66.75;61.5
63.5;74;68.25;66.25;61.5
63.5;73.5;68.25;66.25;61
63.5;73.5;68.25;65.75;61
63.5;73.5;67.75;65.75;61
63;73.5;67.25;65.25;60.5
63;73.5;66.75;65.25;60.5
63;73.5;66.75;64.75;60.5
63;73;66.75;64.25;60.5
63;73;66.75;64.25;60.5
62.5;73;66.75;64.25;60
62.5;73;66.75;64.25;64.25
62.5;73;66.25;63.75;64.25
62.5;73;66.25;63.75;64.25
62.5;73;65.75;63.75;64.25
62.5;73;70;68;64.25
62.5;73;70;68;64.25
62;72.5;70;68;64.25
62;72.5;70;68;64.25
62;72.5;70;68;64.25
62;72.5;70;68;64.25
62;72.5;70;68;64.25
62;72.5;70;68;64.25
61.5;72.5;70;68;64.25
61.5;72.5;70;68;64.25
61.5;72.5;70;68;64.25
61;72.5;70;68;64.25
65.75;72.5;70;67.5;63.75
65.75;72.5;70;67.5;63.75
65.75;72;70;67.5;63.75
65.75;72;70;67.5;63.75
65.75;71.5;70;67.5;63.75
65.75;76.25;70;67.5;63.75
65.75;76.25;70;67;63.25
65.75;76.25;70;67;63.25
65.75;76.25;70;67;63.25
65.75;76.25;70;67;63.25
65.75;76.25;70;66.5;63.25
65.75;76.25;70;66.5;62.75
65.75;76.25;70;66.5;62.75
65.25;76.25;69.5;66.5;62.75
65.25;76.25;69.5;66.5;62.75
65.25;76.25;69.5;66.5;62.75
65.25;76.25;69.5;66;62.75
65.25;76.25;69;66;62.25
65.25;76.25;69;65.5;62.25
65.25;76.25;69;65.5;62.25
65.25;76.25;69;65.5;62.25
65.25;76.25;69;65;62.25
65.25;76.25;69;65;61.75
65.25;76.25;69;65;61.75
64.75;76.25;69;64.5;61.75
64.75;76.25;69;64.5;61.75
64.75;76.25;69;64.5;61.25
64.75;76.25;68.5;64;61.25
64.75;76.25;68.5;64;61.25
64.75;76.25;68.5;64;60.75
64.75;76.25;68;63.5;60.75
64.25;76.25;68;67.75;60.75
64.25;76.25;68;67.75;60.75
64.25;76.25;68;67.75;60.75
64.25;76.25;68;67.75;60.75
64.25;76.25;68;67.75;60.75
64.25;76.25;67.5;67.75;60.75
64.25;76.25;67.5;67.75;60.75
64.25;76.25;67.5;67.75;59.25
64.25;76.25;67;67.75;64
64.25;75.75;66.5;67.75;64
63.75;75.75;66.5;67.75;64
63.75;75.75;66.5;67.75;64
63.75;75.75;66;67.75;64
63.75;75.75;66;67.75;64
63.25;75.25;66;67.75;64
63.25;75.25;66;67.75;64
62.75;75.25;65.5;67.75;64
62.75;75.25;65;67.25;64
62.75;75.25;69.75;67.25;64
62.75;75.25;69.75;67.25;64
62.25;75.25;69.75;67.25;64
62.25;75.25;69.75;67.25;64
61.75;75.25;69.75;66.75;64
61.75;74.75;69.75;66.75;64
61.75;74.75;69.75;66.75;64
61.75;74.75;69.75;66.75;63.5
61.25;74.75;69.75;66.75;63.5
60.75;74.75;69.75;66.25;63.5
60.75;74.75;69.75;66.25;63.5
65.5;74.75;69.75;66.25;63.5
65.5;74.75;69.75;65.75;63.5
65.5;74.25;69.75;65.75;63
65.5;74.25;69.75;65.25;63
65.5;74.25;69.75;64.75;63
65.5;74.25;69.75;64.75;63
65.5;74.25;69.75;64.75;63
65.5;74.25;69.75;64.75;63
65.5;73.75;69.75;64.25;63
65.5;73.75;69.75;64.25;63
65.5;73.75;69.75;64.25;63
65.5;73.75;69.25;64.25;62.5
65.5;73.75;69.25;63.75;62.5
65;73.25;69.25;63.25;62
65;73.25;69.25;67.5;62
65;73.25;69.25;67.5;62
65;73.25;69.25;67.5;62
65;73.25;69.25;67.5;61.5
65;73.25;68.75;67.5;61
65;73.25;68.75;67.5;61
65;73.25;68.75;67.5;61
65;73.25;68.25;67.5;61
65;73.25;68.25;67.5;60.5
64.5;73.25;68.25;67.5;60.5
64.5;72.75;68.25;67.5;60.5
64;72.75;67.75;67.5;60.5
64;72.25;67.75;67.5;60.5
63.5;72.25;67.75;67.5;60.5
63;72.25;67.25;67.5;60.5
63;72.25;67.25;67.5;60.5
62.5;72.25;67.25;67.5;60
62.5;72.25;67.25;67.5;59.5
62.5;72.25;67.25;67;59.5
62;71.75;66.75;67;63.75
62;71.75;66.75;67;63.75
62;71.75;66.75;67;63.75
62;71.75;66.25;67;63.75
62;71.75;66.25;67;63.75
62;71.25;65.75;66.5;63.75
62;71.25;65.75;66.5;63.75
62;76;65.75;66.5;63.75
61.5;76;65.25;66;63.75
61.5;76;64.75;66;63.75
61.5;76;64.75;65.5;63.75
61.5;76;64.25;65.5;63.75
61;76;69.5;65.5;63.75
61;76;69.5;65.5;63.75
61;76;69.5;65.5;63.75
60.5;76;69.5;65;63.75
65.25;76;69.5;65;63.75
65.25;76;69.5;65;63.75
65.25;76;69.5;65;63.75
65.25;76;69.5;64.5;63.75
65.25;76;69.5;64.5;63.75
65.25;76;69.5;64;63.75
65.25;76;69;64;63.75
65.25;76;69;64;63.75
65.25;76;69;64;63.25
65.25;76;69;64;63.25
65.25;75.5;69;64;63.25
65.25;75.5;69;63.5;63.25
65.25;75.5;69;63.5;63.25
65.25;75.5;69;63.5;63.25
64.75;75.5;69;63.5;63.25
64.75;75.5;68.5;63;63.25
64.75;75.5;68.5;67.25;63.25
64.75;75.5;68.5;67.25;63.25
64.75;75.5;68.5;67.25;63.25
64.75;75.5;68.5;67.25;62.75
64.75;75;68;67.25;62.75
64.75;75;68;67.25;62.75
64.75;75;68;67.25;62.75
64.75;75;68;67.25;62.75
64.75;75;67.5;67.25;62.75
64.75;75;67.5;67.25;62.75
64.75;75;67;67.25;62.75
64.75;75;67;67.25;62.75
64.75;74.5;66.5;67.25;62.75
64.25;74.5;65.5;67.25;62.75
64.25;74.5;65.5;67.25;62.25
64.25;74.5;65.5;66.75;62.25
64.25;74.5;65;66.75;62.25
64.25;74.5;65;66.75;61.75
64.25;74;69.25;66.75;60.75
64.25;74;69.25;66.75;60.75
64.25;74;69.25;66.75;60.75
64.25;74;69.25;66.75;60.75
63.75;74;69.25;66.75;60.75
63.75;74;69.25;66.25;60.25
63.75;74;69.25;66.25;60.25
63.75;74;69.25;66.25;60.25
63.75;74;69.25;66.25;59.75
63.25;74;69.25;65.75;59.75
63.25;74;69.25;65.75;59.75
62.75;74;69.25;65.75;59.25
62.25;74;69.25;65.75;59.25
62.25;74;69.25;65.75;63.5
62.25;73.5;69.25;65.25;63.5
62.25;73.5;69.25;65.25;63.5
61.75;73.5;69.25;65.25;63.5
61.75;73.5;69.25;64.75;63.5
61.75;73.5;69.25;64.75;63.5
61.25;73.5;69.25;64.25;63.5
61.25;73.5;69.25;64.25;63.5
61.25;73.5;69.25;63.75;63.5
61.25;73;69.25;63.75;63
60.75;73;69.25;63.75;63
60.75;73;68.75;63.75;63
60.75;73;68.75;63.75;63
65;73;68.75;63.25;63
65;73;68.75;62.75;62.5
65;72.5;68.75;62.75;62.5
65;72.5;68.75;62.75;62.5
65;72.5;68.75;62.75;62
65;72.5;68.75;67;62
65;72.5;68.75;67;61
65;72.5;68.75;67;61
65;72.5;68.75;67;61
65;72.5;68.25;67;61
65;72.5;68.25;67;60.5
65;72.5;68.25;67;60.5
64.5;72.5;68.25;67;60.5
64.5;72;68.25;67;60
64.5;72;68.25;67;60
64.5;72;68.25;67;60
64.5;72;68.25;67;59.5
64.5;71.5;68.25;66.5;63.25
64.5;71.5;67.75;66.5;63.25
64.5;71;67.75;66.5;63.25
64.5;71;67.75;66.5;63.25
64.5;71;67.75;66.5;63.25
64;75.75;67.75;66.5;63.25
64;75.75;67.75;66;63.25
64;75.75;67.75;66;63.25
64;75.75;67.75;66;63.25
64;75.75;67.25;66;63.25
64;75.75;67.25;66;63.25
64;75.75;67.25;66;63.25
63.5;75.75;66.75;66;63.25
63.5;75.75;66.75;65;63.25
63.5;75.75;66.25;65;63.25
63.5;75.75;66.25;65;63.25
63.5;75.75;66.25;64.5;63.25
63.5;75.75;66.25;64;62.75
63;75.75;66.25;64;62.75
63;75.75;66.25;64;62.75
63;75.75;66.25;63.5;62.75
63;75.75;65.75;63;62.75
63;75.25;65.75;63;62.75
62.5;75.25;65.75;63;62.75
62.5;75.25;65.25;66.75;62.25
62.5;75.25;65.25;66.75;62.25
62;75.25;65.25;66.75;62.25
62;75.25;65.25;66.75;62.25
62;75.25;64.75;66.75;62.25
61.5;75.25;64.75;66.75;62.25
61.5;75.25;64.75;66.75;62.25
61.5;75.25;64.75;66.75;62.25
61.5;74.75;64.25;66.75;61.75
61.5;74.75;69;66.75;61.25
61.5;74.75;69;66.75;61.25
61;74.75;69;66.75;61.25
61;74.75;69;66.25;61.25
61;74.75;69;66.25;60.25
61;74.75;69;66.25;60.25
61;74.75;69;66.25;60.25
61;74.75;69;66.25;60.25
61;74.75;69;66.25;59.75
61;74.25;69;66.25;59.75
60.5;74.25;69;66.25;59.75
60.5;74.25;69;65.75;59.75
64.75;74.25;69;65.75;59.25
64.75;74.25;69;65.75;59.25
64.75;74.25;69;65.75;58.75
64.75;74.25;69;65.25;63
64.75;74.25;69;65.25;63
64.75;73.75;69;64.75;63
64.75;73.75;69;64.75;63
64.75;73.75;69;64.25;63
64.75;73.75;69;64.25;63
64.75;73.75;68.5;64.25;63
64.75;73.75;68.5;64.25;63
64.25;73.75;68.5;63.75;63
64.25;73.75;68.5;63.75;63
64.25;73.25;68;63.25;63
64.25;73.25;68;66.5;62.5
64.25;73.25;68;66.5;62.5
64.25;73.25;68;66.5;62.5
64.25;72.75;68;66.5;62.5
64.25;72.75;67.5;66.5;62.5
63.75;72.75;67.5;66.5;62.5
63.75;72.75;67.5;66.5;62.5
63.75;72.25;67.5;66;62.5
63.75;72.25;67.5;66;62.5
63.75;72.25;67.5;66;62
63.25;72.25;67;66;62
63.25;72.25;67;66;62
63.25;72.25;67;65.5;62
62.75;72.25;66.5;65.5;62
62.75;72.25;66.5;65.5;61.5
62.75;71.75;66.5;65.5;61.5
62.75;71.75;66;65.5;61
62.25;71.75;66;65.5;61
62.25;71.75;66;65.5;60.5
62.25;71.75;66;65;60.5
62.25;71.75;66;65;59.5
61.75;71.25;66;64.5;59
61.75;71.25;66;63;59
61.75;71.25;65.5;63;58
61.25;71.25;65.5;63;62.75
61.25;71.25;65.5;63;62.75
61.25;71.25;65.5;62.5;62.75
61.25;70.75;65.5;62;62.75
60.75;70.75;65.5;66.25;62.75
60.75;70.25;65;66.25;62.75
60.75;75.5;65;66.25;62.75
60.75;75.5;64.5;66.25;62.75
60.75;75.5;64.5;66.25;62.75
60.25;75.5;63.5;66.25;62.75
60.25;75.5;68.75;66.25;62.75
59.75;75.5;68.75;66.25;62.75
64.5;75.5;68.75;66.25;62.75
64.5;75.5;68.75;66.25;62.75
64.5;75.5;68.75;66.25;62.75
64.5;75.5;68.75;66.25;62.75
64.5;75.5;68.75;66.25;62.25
64.5;75.5;68.75;66.25;62.25
64.5;75.5;68.75;66.25;62.25
64.5;75.5;68.75;66.25;62.25
64.5;75.5;68.75;66.25;62.25
64.5;75.5;68.75;65.75;62.25
64.5;75;68.75;65.75;62.25
64.5;75;68.75;65.75;62.25
64.5;75;68.75;65.75;62.25
64.5;75;68.75;65.75;62.25
64.5;75;68.75;65.75;62.25
64;75;68.75;65.25;62.25
64;75;68.75;65.25;62.25
64;75;68.75;65.25;62.25
64;75;68.75;64.75;61.75
64;75;68.75;64.75;61.75
63.5;75;68.75;64.75;61.75
63.5;74.5;68.75;64.25;61.75
63.5;74.5;68.75;64.25;61.75
63.5;74.5;68.75;64.25;61.75
63.5;74.5;68.75;64.25;61.75
63.5;74.5;68.25;63.75;61.25
63.5;74.5;68.25;63.75;61.25
63.5;74.5;68.25;63.25;61.25
63;74.5;68.25;63.25;60.75
63;74.5;68.25;63.25;60.75
63;74.5;68.25;62.75;60.25
63;74;68.25;62.75;59.75
63;74;68.25;62.25;59.75
63;74;68.25;61.75;59.75
62.5;74;68.25;66;59.75
62.5;74;68.25;66;59.25
62.5;73.5;68.25;66;59.25
62.5;73.5;67.75;66;59.25
62.5;73.5;67.75;66;59.25
62.5;73.5;67.75;66;59.25
62.5;73.5;67.75;66;58.75
62.5;73;67.75;66;58.75
62;73;67.75;66;58.25
62;73;67.75;66;58.25
62;73;67.75;66;58.25
62;73;67.75;66;62.5
61.5;73;67.75;65.5;62.5
61.5;73;67.75;65.5;62.5
61.5;73;67.75;65.5;62.5
61.5;73;67.75;65.5;62.5
61.5;73;67.75;65.5;62.5
61;72.5;67.75;65.5;62.5
61;72.5;67.25;65;62.5
61;72.5;67.25;65;62.5
61;72.5;67.25;65;62.5
61;72;66.75;65;62.5
60.5;72;66.75;65;62.5
60.5;72;66.75;65;62.5
60;72;66.75;65;62.5
60;72;66.75;64.5;62.5
60;72;66.25;64.5;62.5
60;71.5;66.25;64;62
60;71.5;66.25;64;62
60;71.5;65.75;63.5;62
59.5;71.5;65.75;63;62
59.5;71.5;65.75;63;62
64.25;71.5;65.75;63;62
64.25;71.5;65.75;62.5;61.5
64.25;71;65.75;62.5;61.5
64.25;70.5;65.25;62.5;61.5
64.25;70.5;65.25;62;61.5
64.25;75.25;64.75;61.5;61
64.25;75.25;64.75;61.5;61
64.25;75.25;64.75;61;61
64.25;75.25;64.25;65.75;60.5
63.75;75.25;64.25;65.75;60.5
63.75;75.25;64.25;65.75;60
63.75;75.25;63.75;65.75;60
63.75;75.25;68.5;65.75;60
63.75;75.25;68.5;65.75;60
63.75;75.25;68.5;65.75;60
63.75;75.25;68.5;65.75;59.5
63.75;75.25;68.5;65.75;59
63.75;75.25;68.5;65.75;59
63.75;75.25;68.5;65.75;58.5
63.75;75.25;68.5;65.25;58.5
63.75;75.25;68.5;65.25;58.5
63.75;75.25;68.5;65.25;57.5
63.25;74.75;68.5;65.25;62.25
63.25;74.75;68.5;65.25;62.25
63.25;74.75;68.5;65.25;62.25
63.25;74.75;68.5;64.75;62.25
63.25;74.75;68.5;64.75;62.25
63.25;74.25;68.5;64.75;62.25
63.25;74.25;68.5;64.75;62.25
63.25;74.25;68.5;64.25;62.25
62.75;74.25;68.5;64.25;62.25
62.75;74.25;68;64.25;62.25
62.75;74.25;68;63.75;61.75
62.75;74.25;68;63.75;61.75
62.25;74.25;68;63.75;61.75
62.25;74.25;68;63.25;61.75
62.25;74.25;68;62.75;61.75
62.25;74.25;68;62.25;61.75
62.25;74.25;68;62.25;61.75
62.25;74.25;68;61.75;61.75
61.75;74.25;67.5;61.75;61.75
61.75;74.25;67.5;61.25;61.75
61.75;73.75;67.5;65.5;61.25
61.75;73.75;67.5;65.5;61.25
61.25;73.75;67.5;65.5;60.75
61.25;73.75;67.5;65.5;60.75
61.25;73.75;67.5;65.5;60.25
61.25;73.75;67;65.5;60.25
61.25;73.75;67;65.5;60.25
61.25;73.75;67;65.5;60.25
60.75;73.75;67;65.5;59.75
60.25;73.25;67;65.5;59.75
60.25;73.25;66.5;65.5;59.25
60.25;73.25;66.5;65.5;59.25
60.25;73.25;66.5;65.5;59.25
60.25;73.25;66;65.5;59.25
59.75;73.25;66;65.5;59.25
59.75;73.25;66;65;59.25
64;72.75;66;65;58.75
64;72.75;66;65;58.75
64;72.75;66;65;58.25
64;72.75;66;65;58.25
64;72.75;66;65;57.75
64;72.25;65.5;65;57.75
64;72.25;65.5;64.5;62
64;72.25;65;64.5;62
64;72.25;65;64.5;62
64;72.25;65;64.5;62
64;71.75;65;64.5;62
64;71.75;65;64;62
64;71.75;64.5;64;62
63.5;71.75;64.5;63.5;62
63.5;71.25;64;63.5;62
63.5;71.25;64;63.5;62
63.5;71.25;63.5;62.5;61.5
63.5;71.25;68.25;62;61.5
63.5;70.75;68.25;62;61.5
63.5;70.75;68.25;61.5;61.5
63.5;70.75;68.25;65.25;61.5
63.5;70.25;68.25;65.25;61
63.5;70.25;68.25;65.25;61
63.5;70.25;68.25;65.25;61
63.5;75;68.25;65.25;61
63;75;68.25;65.25;61
63;75;68.25;65.25;61
63;75;68.25;65.25;61
63;75;68.25;65.25;60.5
62.5;75;68.25;65.25;60.5
62.5;75;68.25;64.75;60.5
62;75;68.25;64.75;60.5
62;75;68.25;64.75;60
62;75;68.25;64.75;60
62;75;68.25;64.25;59.5
61.5;75;68.25;64.25;59
61.5;75;68.25;64.25;58.5
61.5;75;68.25;64.25;58.5
61.5;75;68.25;64.25;58.5
61.5;75;68.25;64.25;58.5
61;75;67.75;63.75;58.5
61;75;67.75;63.25;58
61;75;67.75;63.25;61.75
61;75;67.75;63.25;61.75
60.5;75;67.75;63.25;61.75
60.5;75;67.75;62.75;61.75
60;75;67.75;62.75;61.75
60;75;67.75;62.75;61.75
60;75;67.25;62.75;61.75
59.5;75;67.25;62.25;61.75
59.5;75;67.25;61.25;61.25
59.5;75;67.25;61.25;61.25
59;75;67.25;65;61.25
59;75;66.75;65;61.25
63.75;75;66.75;65;61.25
63.75;75;66.25;65;61.25
63.75;75;66.25;65;61.25
63.75;75;65.75;65;61.25
63.75;74.5;65.75;65;61.25
63.75;74.5;65.75;65;60.75
63.75;74.5;65.25;65;60.75
63.75;74.5;65.25;65;60.75
63.75;74.5;65.25;65;60.25
63.75;74.5;65.25;65;59.75
63.75;74.5;64.75;65;59.75
63.75;74.5;64.75;65;59.75
63.75;74;64.75;65;59.25
63.75;74;64.25;65;58.75
63.75;74;63.75;65;58.75
63.75;74;63.75;65;58.75
63.25;74;63.25;65;58.25
63.25;74;68;65;57.75
63.25;74;68;64.5;57.75
63.25;74;68;64.5;57.75
62.75;73.5;68;64.5;57.75
62.75;73.5;68;64.5;61.5
62.75;73.5;68;64.5;61.5
62.75;73;68;64.5;61.5
62.75;73;68;64.5;61.5
62.75;73;68;64.5;61.5
62.75;73;68;64.5;61.5
62.75;73;68;64;61.5
62.75;73;68;64;61.5
62.25;73;68;64;61.5
62.25;72.5;68;63.5;61.5
62.25;72.5;68;63.5;61.5
61.75;72.5;68;63;61.5
61.75;72.5;68;63;61.5
61.75;72;68;62.5;61.5
61.75;72;68;62;61.5
61.75;72;68;61.5;61
61.75;72;68;61.5;61
61.25;72;67.5;61.5;61
61.25;71.5;67.5;61.5;61
61.25;71.5;67.5;61;61
61.25;71.5;67.5;61;61
61.25;71.5;67.5;61;61
61.25;71.5;67.5;61;60.5
61.25;71.5;67;60.5;60.5
61.25;71.5;67;60;60.5
60.75;71.5;67;64.75;60.5
60.75;71.5;67;64.75;60.5
60.75;71.5;67;64.75;60
60.75;71.5;67;64.75;60
60.25;71.5;66.5;64.75;59.5
60.25;71;66.5;64.75;59.5
60.25;71;66.5;64.75;59
60.25;71;66;64.75;58.5
60.25;71;66;64.75;58.5
59.75;71;66;64.75;58.5
59.75;71;66;64.75;58
59.75;70.5;65;64.25;57.5
59.75;70.5;64.5;64.25;57.5
59.75;70.5;64.5;64.25;57.5
59.25;70.5;64.5;64.25;57.5
59.25;70;64.5;64.25;57
58.75;70;64;64.25;61.25
58.75;70;64;64.25;61.25
58.75;70;64;64.25;61.25
63.5;69.5;64;63.75;61.25
63.5;68.5;63;63.75;61.25
63.5;74.75;67.75;63.75;61.25
63.5;74.75;67.75;63.25;61.25
63.5;74.75;67.75;63.25;61.25
63.5;74.75;67.75;63.25;61.25
63.5;74.75;67.75;62.75;61.25
63;74.75;67.75;62.25;61.25
63;74.75;67.75;62.25;60.75
63;74.75;67.75;61.75;60.75
63;74.75;67.75;61.25;60.75
63;74.75;67.75;60.75;60.75
63;74.75;67.75;60.75;60.75
63;74.75;67.75;60.25;60.75
63;74.75;67.75;59.75;60.75
63;74.75;67.75;59.75;60.75
63;74.75;67.75;59.25;60.75
62.5;74.75;67.75;64.5;60.75
62.5;74.75;67.75;64.5;60.25
62.5;74.75;67.75;64.5;60.25
62.5;74.75;67.75;64.5;60.25
62.5;74.75;67.75;64.5;60.25
62.5;74.75;67.75;64.5;59.75
62.5;74.75;67.75;64.5;59.75
62.5;74.75;67.75;64.5;59.25
62.5;74.75;67.25;64.5;59.25
62.5;74.25;67.25;64.5;58.75
62;74.25;67.25;64.5;58.75
62;74.25;67.25;64.5;58.75
61.5;74.25;67.25;64;58.25
61.5;74.25;67.25;64;58.25
61.5;74.25;67.25;64;57.75
61.5;74.25;67.25;64;57.75
61.5;74.25;67.25;64;57.75
61;74.25;66.75;64;57.75
60.5;74.25;66.75;63.5;57.75
60.5;74.25;66.25;63.5;57.25
60;74.25;66.25;63.5;57.25
60;74.25;65.75;63.5;56.25
60;73.75;65.75;63;61
60;73.75;65.25;62.5;61
60;73.75;65.25;62.5;61
60;73.75;65.25;62.5;61
60;73.75;65.25;62.5;61
59.5;73.75;64.75;62.5;61
59.5;73.75;64.75;62;61
59.5;73.75;64.25;62;61
59.5;73.75;64.25;62;61
59.5;73.75;63.75;61.5;61
59.5;73.75;63.75;61.5;60.5
63.25;73.75;63.25;61;60.5
63.25;73.75;62.75;61;60.5
63.25;73.75;67.5;61;60
63.25;73.25;67.5;60.5;60
63.25;73.25;67.5;60;60
63.25;73.25;67.5;64.25;60
63.25;72.75;67.5;64.25;60
63.25;72.75;67.5;64.25;60
62.75;72.75;67.5;64.25;59.5
62.75;72.75;67.5;64.25;59.5
62.75;72.75;67.5;64.25;59
62.75;72.75;67.5;64.25;59
62.25;72.75;67.5;64.25;59
62.25;72.25;67.5;64.25;58.5
62.25;72.25;67.5;64.25;58.5
62.25;72.25;67.5;64.25;58.5
62.25;72.25;67.5;63.75;58
62.25;72.25;67.5;63.75;57
62.25;72.25;67.5;63.75;57
62.25;71.75;67.5;63.75;56.5
61.75;71.75;67.5;63.75;60.75
61.25;71.75;67.5;63.75;60.75
61.25;71.75;67.5;63.75;60.75
61.25;71.25;67.5;63.75;60.75
60.75;71.25;67.5;63.25;60.75
60.75;71.25;67.5;63.25;60.75
60.75;71.25;67.5;63.25;60.75
60.25;71.25;67.5;63.25;60.75
60.25;71.25;67.5;62.75;60.75
60.25;71.25;67.5;62.75;60.75
59.75;71.25;67.5;62.75;60.75
59.75;71.25;67;62.25;60.25
59.75;70.75;67;62.25;60.25
59.75;70.75;67;61.75;60.25
59.75;70.75;67;61.25;60.25
59.25;70.75;67;61.25;60.25
59.25;70.75;67;60.75;60.25
59.25;70.75;67;60.75;60.25
58.75;70.25;67;60.75;59.75
58.75;70.25;67;60.75;59.75
58.75;70.25;67;60.75;59.25
58.75;70.25;66.5;60.25;59.25
58.25;70.25;66.5;59.75;59.25
57.75;70.25;66.5;59.75;59.25
63;69.75;66.5;59.75;59.25
63;69.75;66.5;59.75;58.75
63;74.5;66;64;58.75
63;74.5;66;64;58.75
63;74.5;66;64;58.75
63;74.5;66;64;58.25
63;74.5;65.5;64;58.25
63;74.5;65;64;58.25
63;74.5;65;64;57.75
63;74.5;64.5;64;57.25
63;74.5;64;64;56.75
63;74.5;64;64;56.25
62.5;74.5;64;64;60.5
62.5;74.5;63.5;63.5;60.5
62.5;74.5;63.5;63.5;60.5
62.5;74.5;63.5;63.5;60.5
62.5;74.5;63.5;63.5;60.5
62.5;74.5;63.5;63.5;60.5
62.5;74.5;63;63.5;60.5
62.5;74.5;67.25;63.5;60.5
62.5;74.5;67.25;63.5;60.5
62.5;74.5;67.25;63;60.5
62.5;74.5;67.25;63;60.5
62.5;74.5;67.25;63;60
62.5;74;67.25;63;60
62;74;67.25;63;60
62;74;67.25;62.5;60
62;74;67.25;62.5;60
62;74;67.25;62.5;60
62;74;67.25;62.5;60
61;74;67.25;62.5;60
61;74;67.25;62.5;60
61;74;67.25;62;60
61;74;67.25;62;60
61;73.5;67.25;61.5;60
60.5;73.5;67.25;61.5;60
60.5;73.5;67.25;61;60
60;73.5;67.25;61;60
60;73.5;66.75;61;59.5
60;73.5;66.75;61;59.5
60;73.5;66.75;61;59.5
59.5;73.5;66.75;60.5;59.5
59;73;66.75;59.5;59.5
59;73;66.25;59;59.5
59;72.5;66.25;63.75;59.5
59;72.5;66.25;63.75;59
59;72.5;66.25;63.75;58.5
58.5;72.5;66.25;63.75;58.5
57.5;72.5;66.25;63.75;57.5
62.75;72.5;66.25;63.75;57.5
62.75;72.5;65.75;63.75;57.5
62.75;72.5;65.75;63.75;57.5
62.75;72;65.75;63.75;57
62.75;72;65.75;63.75;57
62.75;72;65.25;63.75;56.5
62.75;72;64.75;63.75;56.5
62.75;72;64.75;63.75;56
62.25;72;64.75;63.75;60.25
62.25;72;64.75;63.75;60.25
62.25;71.5;64.25;63.75;60.25
62.25;71.5;64.25;63.75;60.25
62.25;71.5;63.75;63.25;60.25
62.25;71.5;63.25;63.25;60.25
62.25;71.5;63.25;63.25;60.25
62.25;71.5;63.25;63.25;60.25
62.25;71.5;63.25;63.25;60.25
62.25;71;63.25;63.25;60.25
62.25;71;62.75;63.25;60.25
61.75;71;67;63.25;60.25
61.75;71;67;62.75;60.25
61.75;71;67;62.75;59.75
61.75;71;67;62.75;59.75
61.75;71;67;62.75;59.75
61.25;70.5;67;62.25;59.75
61.25;70.5;67;61.75;59.75
61.25;70.5;67;61.75;59.75
61.25;70.5;67;61.75;59.25
61.25;70.5;67;61.75;59.25
60.75;70.5;67;61.25;59.25
60.75;70.5;67;61.25;58.75
60.75;70.5;67;61.25;58.25
60.25;70;67;60.75;58.25
60.25;70;67;60.75;57.75
60.25;70;67;59.75;57.75
60.25;69.5;67;59.25;57.25
59.75;69;67;63.5;57.25
59.75;74.25;67;63.5;56.75
59.25;74.25;67;63.5;56.75
59.25;74.25;67;63.5;56.75
59.25;74.25;67;63.5;56.75
59.25;74.25;67;63.5;56.25
59.25;74.25;67;63.5;56.25
59.25;74.25;67;63.5;56.25
58.75;74.25;67;63.5;56.25
58.75;74.25;67;63.5;54.75
58.75;74.25;67;63;60
58.75;74.25;66.5;62.5;60
58.25;74.25;66.5;62.5;60
58.25;74.25;66.5;62.5;60
57.75;74.25;66.5;62.5;60
57.75;74.25;66.5;62;60
62.5;74.25;66.5;61.5;60
62.5;74.25;66.5;61.5;60
62.5;74.25;66.5;61.5;60
62.5;73.75;66.5;61.5;60
62.5;73.75;66.5;61;60
62.5;73.75;66;61;60
62.5;73.75;66;61;60
62.5;73.75;66;61;60
62.5;73.75;66;60.5;60
62.5;73.75;66;60.5;60
62.5;73.75;65.5;60;60
62.5;73.75;65.5;59.5;60
62.5;73.75;65.5;59.5;60
62;73.75;65.5;58.5;60
62;73.75;65.5;63.25;59.5
62;73.75;65.5;63.25;59.5
62;73.75;65;63.25;59.5
62;73.75;65;63.25;59
62;73.25;65;63.25;59
62;73.25;65;63.25;59
62;73.25;65;63.25;59
61.5;73.25;64.5;63.25;59
61.5;73.25;64;63.25;58.5
61.5;73.25;64;63.25;58.5
61.5;73.25;64;63.25;58.5
61.5;73.25;64;63.25;58.5
61.5;72.75;64;62.75;58.5
61.5;72.75;63.5;62.75;58.5
61;72.75;63.5;62.75;58.5
60.5;72.75;63;62.75;58
60.5;72.75;63;62.75;58
60.5;72.75;63;62.75;58
60.5;72.75;62.5;62.75;58
60.5;72.75;66.75;62.75;58
60.5;72.75;66.75;62.75;57.5
60.5;72.25;66.75;62.25;57
60.5;72.25;66.75;61.75;57
60;72.25;66.75;61.75;56.5
60;72.25;66.75;61.25;56.5
60;72.25;66.75;60.75;56
60;72.25;66.75;60.75;56
59.5;72.25;66.75;60.25;56
59.5;72.25;66.75;59.75;56
59.5;71.75;66.75;59.75;55.5
59.5;71.75;66.75;59.25;55.5
59.5;71.75;66.75;58.75;59.75
59;71.75;66.75;63;59.75
59;71.75;66.75;63;59.75
59;71.75;66.75;63;59.75
59;71.75;66.75;63;59.75
59;71.75;66.25;63;59.75
59;71.75;66.25;63;59.25
59;71.25;66.25;63;59.25
59;71.25;66.25;63;59.25
58.5;71.25;66.25;63;59.25
58.5;71.25;66.25;63;59.25
58.5;71.25;66.25;63;58.75
58.5;71.25;66.25;62.5;58.75
58.5;70.75;66.25;62.5;58.75
58.5;70.75;66.25;62.5;58.75
58.5;70.75;66.25;62.5;58.75
58;70.75;66.25;62.5;58.75
58;70.75;65.75;62.5;58.25
58;70.75;65.75;62.5;58.25
57.5;70.75;65.25;62.5;57.25
57;70.75;64.75;62.5;57.25
62.25;70.75;64.75;62.5;57.25
62.25;70.75;64.75;62.5;57.25
62.25;70.25;63.75;62.5;56.75
62.25;70.25;63.75;62;56.25
62.25;70.25;63.75;62;56.25
62.25;70.25;63.75;62;56.25
62.25;70.25;63.75;62;55.75
62.25;70.25;63.25;62;55.75
61.75;70.25;63.25;62;59.5
61.75;70.25;62.75;62;59.5
61.75;69.75;62.75;61.5;59.5
61.75;69.75;62.25;61.5;59.5
61.75;69.75;61.75;61.5;59.5
61.75;69.75;66.5;61;59.5
61.75;69.25;66.5;60.5;59.5
61.75;68.75;66.5;60.5;59.5
61.75;74;66.5;60.5;59.5
61.75;74;66.5;60;59.5
61.75;74;66.5;59.5;59.5
61.75;74;66.5;59.5;59
61.75;74;66.5;59.5;59
61.75;74;66.5;62.75;59
61.75;74;66.5;62.75;59
61.25;74;66.5;62.75;59
61.25;74;66.5;62.75;59
61.25;74;66.5;62.75;58.5
61.25;74;66.5;62.75;58.5
60.75;74;66.5;62.75;58.5
60.75;74;66.5;62.75;58.5
60.25;74;66.5;62.75;58
60.25;74;66.5;62.25;58
60.25;74;66.5;62.25;58
60.25;74;66.5;62.25;57.5
60.25;74;66.5;61.75;57.5
60.25;73.5;66.5;61.75;57.5
59.75;73.5;66.5;61.75;57.5
59.75;73.5;66.5;61.75;57.5
59.75;73.5;66.5;61.75;57.5
59.25;73.5;66.5;61.25;57
59.25;73.5;66.5;61.25;57
58.75;73.5;66.5;61.25;56.5
58.75;73.5;66.5;61.25;56.5
58.75;73.5;66.5;60.75;56
58.75;73.5;66.5;60.75;56
58.75;73.5;66.5;60.75;56
58.75;73.5;66.5;60.75;59.25
58.75;73;66.5;60.25;59.25
57.75;73;66;59.75;59.25
57.75;73;66;59.75;59.25
57.75;72.5;66;59.25;59.25
57.25;72.5;66;59.25;59.25
57.25;72.5;66;59.25;59.25
62;72.5;66;58.75;59.25
62;72.5;66;58.75;58.75
62;72.5;66;58.25;58.75
62;72.5;66;58.25;58.75
62;72.5;65.5;62.5;58.75
62;72.5;65.5;62.5;58.75
62;72.5;65.5;62.5;58.75
62;72.5;65.5;62.5;58.75
61.5;72.5;65;62.5;58.75
61.5;72;65;62.5;58.75
61.5;72;65;62.5;58.75
61.5;72;64.5;62.5;58.75
61.5;72;64.5;62.5;58.25
61.5;72;64.5;62.5;58.25
61.5;72;64.5;62.5;57.75
61.5;72;64;62.5;57.75
61.5;72;64;62.5;57.25
61.5;71.5;64;62;57.25
61;71.5;64;62;56.75
61;71.5;64;62;56.25
61;71.5;63;62;56.25
61;71;63;62;55.75
60.5;71;63;62;55.75
60.5;71;62.5;62;55.25
60.5;71;62;62;55.25
60.5;71;62;62;55.25
60.5;70.5;66.25;61.5;54.75
60;70.5;66.25;61.5;59
60;70.5;66.25;61.5;59
60;70.5;66.25;61.5;59
60;70.5;66.25;61;59
60;70.5;66.25;60.5;59
60;70.5;66.25;60;59
59.5;70.5;66.25;60;59
59.5;70.5;66.25;60;59
59.5;70;66.25;59.5;59
59;70;66.25;59;59
59;70;66.25;59;59
59;70;66.25;58.5;58.5
59;70;66.25;58.5;58.5
59;70;66.25;58.5;58.5
59;70;66.25;58.5;58.5
59;69.5;66.25;57.5;58.5
59;69.5;65.75;62.25;57.5
59;69.5;65.75;62.25;57.5
59;69;65.25;62.25;57
58.5;69;65.25;62.25;57
58.5;68.5;65.25;62.25;56.5
58.5;73.75;64.75;62.25;56
58.5;73.75;64.75;62.25;55.5
58.5;73.75;64.75;62.25;58.75
58;73.75;64.75;62.25;58.75
57.5;73.75;64.25;62.25;58.75
57.5;73.75;64.25;62.25;58.75
57.5;73.75;64.25;61.75;58.75
57;73.75;63.75;61.75;58.75
61.75;73.75;63.75;61.75;58.75
61.75;73.75;63.75;61.75;58.75
61.75;73.75;63.75;61.75;58.75
61.75;73.75;63.75;61.75;58.75
61.75;73.75;63.75;61.75;58.75
61.75;73.75;63.75;61.75;58.75
61.75;73.75;63.25;61.75;58.75
61.75;73.75;63.25;61.75;58.75
61.75;73.75;63.25;61.75;58.75
61.75;73.75;63.25;61.25;58.75
61.75;73.75;62.75;61.25;58.25
61.75;73.75;62.75;61.25;58.25
61.75;73.75;62.75;60.75;58.25
61.75;73.75;62.25;60.75;58.25
61.25;73.75;62.25;60.25;58.25
61.25;73.75;62.25;59.75;58.25
61.25;73.75;62.25;59.75;58.25
61.25;73.75;62.25;59.75;58.25
61.25;73.75;62.25;58.75;57.75
61.25;73.75;61.25;58.75;57.75
61.25;73.75;60.75;62;57.75
61.25;73.75;66;62;57.25
61.25;73.75;66;62;57.25
61.25;73.75;66;62;57.25
61.25;73.75;66;62;56.75
61.25;73.25;66;62;56.25
60.75;73.25;66;62;56.25
60.75;73.25;66;62;56.25
60.75;73.25;66;62;55.75
60.75;73.25;66;62;55.75
60.75;73.25;66;61.5;54.75
60.75;73.25;66;61.5;54.75
60.75;73.25;66;61.5;54.75
60.75;73.25;66;61;54.25
60.25;73.25;66;61;58.5
59.75;73.25;66;61;58.5
59.75;73.25;66;61;58.5
59.75;73.25;66;60.5;58.5
59.75;73.25;66;60.5;58.5
59.25;73.25;66;60.5;58.5
59.25;73.25;66;59.5;58.5
58.75;73.25;66;59.5;58.5
58.75;73.25;66;59;58.5
58.25;73.25;66;58.5;58.5
58.25;72.75;66;58.5;58.5
57.75;72.75;66;58.5;58.5
57.75;72.75;65.5;58;58.5
57.75;72.75;65.5;58;58.5
57.75;72.75;65.5;57.5;58.5
57.25;72.75;65.5;61.75;58.5
57.25;72.75;65.5;61.75;58
57.25;72.75;65.5;61.75;58
57.25;72.75;65.5;61.75;58
57.25;72.75;65;61.75;58
57.25;72.75;65;61.75;58
56.75;72.75;65;61.75;57.5
56.25;72.25;65;61.75;57.5
56.25;72.25;65;61.75;57.5
61.5;72.25;65;61.75;57.5
61.5;72.25;65;61.25;57
61.5;72.25;65;61.25;57
61.5;72.25;65;61.25;57
61.5;71.75;65;61.25;56.5
61.5;71.75;65;61.25;56.5
61.5;71.75;64.5;61.25;56
61;71.75;64;61.25;56
61;71.75;64;60.75;56
61;71.75;64;60.75;55.5
61;71.75;63.5;60.25;55
61;71.75;63.5;60.25;58.25
61;71.75;63;59.75;58.25
61;71.75;63;59.75;58.25
61;71.25;63;59.75;58.25
60.5;71.25;63;59.25;58.25
60.5;71.25;62.5;59.25;58.25
60.5;71.25;62.5;58.25;58.25
60.5;70.75;62.5;58.25;58.25
60.5;70.75;62;58.25;58.25
60;70.75;62;58.25;57.75
60;70.75;62;58.25;57.75
60;70.75;62;58.25;57.75
60;70.75;62;57.75;57.75
60;70.75;61;56.75;57.25
59.5;70.75;65.75;56.75;57.25
59.5;70.25;65.75;61.5;57.25
59.5;70.25;65.75;61.5;57.25
59.5;70.25;65.75;61.5;57.25
59.5;70.25;65.75;61.5;56.75
59.5;70.25;65.75;61.5;56.25
59;70.25;65.75;61.5;56.25
59;69.75;65.75;61.5;56.25
59;69.75;65.75;61.5;56.25
59;69.75;65.75;61.5;56.25
58.5;69.75;65.75;61.5;55.25
58;69.75;65.75;61;55.25
58;69.25;65.75;60.5;55.25
58;69.25;65.75;60.5;54.75
57.5;69.25;65.75;60.5;54.75
57.5;69.25;65.75;60;54.75
57;69.25;65.75;60;54.75
57;69.25;65.75;58;54.25
57;69.25;65.75;61.25;54.25
56.5;68.75;65.75;61.25;54.25
61.25;68.75;65.75;61.25;53.75
61.25;68.75;65.75;61.25;58
61.25;73.5;65.75;61.25;58
61.25;73.5;65.75;61.25;58
61.25;73.5;65.75;61.25;58
61.25;73.5;65.75;61.25;58
61.25;73.5;65.75;61.25;58
61.25;73.5;65.75;61.25;58
61.25;73.5;65.75;61.25;58
61.25;73.5;65.25;60.75;58
61.25;73.5;65.25;60.75;57.5
61.25;73.5;65.25;60.75;57.5
61.25;73.5;65.25;60.75;57.5
61.25;73.5;65.25;60.75;57.5
61.25;73.5;64.75;60.25;57.5
61.25;73.5;64.75;60.25;57.5
61.25;73.5;64.75;60.25;57.5
61.25;73.5;64.75;60.25;57
60.75;73.5;64.75;60.25;57
60.75;73.5;64.75;60.25;57
60.75;73.5;64.75;60.25;57
60.75;73.5;64.75;59.75;56.5
60.75;73.5;64.25;59.25;56.5
60.75;73.5;64.25;59.25;56
60.75;73.5;64.25;58.75;55.5
60.75;73.5;64.25;58.25;55.5
60.75;73.5;64.25;58.25;55.5
60.75;73;63.75;57.75;55
60.75;73;63.75;57.75;54.5
60.75;73;63.75;61;54.5
60.25;73;63.75;61;53.5
60.25;73;63.75;61;53.5
60.25;73;63.25;61;57.75
60.25;73;62.75;61;57.75
60.25;73;62.25;61;57.75
60.25;73;62.25;61;57.75
60.25;73;62.25;61;57.75
59.75;73;61.75;61;57.25
59.75;73;60.75;61;57.25
59.75;73;60.75;61;57.25
59.25;73;65.5;61;57.25
59.25;72.5;65.5;61;57.25
58.75;72.5;65.5;61;57.25
58.75;72.5;65.5;60.5;56.75
58.75;72.5;65.5;60.5;56.75
58.75;72.5;65.5;60.5;56.75
58.75;72.5;65.5;60.5;56.75
58.25;72.5;65.5;60;56.25
58.25;72.5;65.5;59.5;56.25
57.75;72.5;65.5;59;56.25
57.75;72.5;65.5;58.5;56.25
57.75;72.5;65.5;58.5;55.75
57.75;72.5;65.5;58;55.75
57.75;72.5;65.5;57;55.25
57.25;72.5;65.5;56.5;54.75
57.25;72;65.5;55.5;54.25
57.25;72;65.5;60.75;53.25
57.25;72;65;60.75;53.25
56.75;72;65;60.75;57.5
56.75;71.5;65;60.75;57.5
61;71.5;65;60.75;57.5
61;71.5;65;60.75;57.5
61;71.5;65;60.25;57.5
61;71;65;60.25;57.5
61;71;65;60.25;57.5
61;71;65;60.25;57.5
61;71;65;60.25;57.5
61;71;65;59.75;57.5
61;71;65;59.75;57.5
61;71;64.5;59.75;57.5
61;70.5;64.5;57.25;57.5
60.5;70.5;64.5;57.25;57.5
60.5;70.5;64.5;56.75;57.5
60.5;70.5;64.5;60.5;57
60.5;70;64.5;60.5;57
60.5;70;64.5;60.5;57
60.5;70;64.5;60.5;57
60.5;70;64.5;60.5;56.5
60.5;70;63.5;60.5;55.5
60.5;70;63.5;60.5;55
60.5;70;63.5;60.5;55
60.5;70;63.5;60.5;55
60;69.5;63;60;55
60;69.5;63;59.5;54.5
60;69.5;63;59.5;54.5
60;69.5;62.5;59.5;54
60;69.5;62;59.5;53.5
60;69.5;62;59.5;53.5
59.5;69;61.5;59.5;57.25
59.5;69;61.5;59;57.25
59;69;61;58;57.25
59;68.5;65.25;57.5;57.25
58.5;73.25;65.25;57;57.25
58.5;73.25;65.25;57;57.25
58.5;73.25;65.25;57;57.25
58.5;73.25;65.25;56.5;57.25
58.5;73.25;65.25;56.5;57.25
58.5;73.25;65.25;56.5;57.25
58.5;73.25;65.25;56.5;56.75
58;73.25;65.25;56.5;56.75
58;73.25;65.25;60.25;56.75
58;73.25;65.25;60.25;56.75
58;73.25;65.25;60.25;56.75
58;73.25;65.25;60.25;56.75
58;73.25;65.25;60.25;56.75
57.5;73.25;65.25;60.25;56.25
57.5;73.25;65.25;60.25;56.25
57.5;72.75;65.25;60.25;56.25
57.5;72.75;64.75;60.25;56.25
57.5;72.75;64.75;60.25;56.25
57;72.75;64.75;60.25;55.75
57;72.75;64.75;60.25;55.75
57;72.75;64.75;60.25;55.25
57;72.75;64.75;59.75;55.25
56;72.75;64.75;59.75;55.25
56;72.75;64.75;59.75;55.25
60.75;72.75;64.75;59.75;55.25
60.75;72.25;64.75;59.75;54.25
60.75;72.25;64.75;59.75;54.25
60.75;72.25;64.75;59.75;54.25
60.75;72.25;64.75;59.75;54.25
60.75;72.25;64.75;59.25;53.75
60.75;72.25;64.75;59.25;52.75
60.75;71.75;64.75;59.25;57
60.75;71.75;64.75;58.75;57
60.75;71.75;64.25;58.75;57
60.75;71.75;64.25;57.75;57
60.25;71.75;64.25;57.25;57
60.25;71.75;63.75;57.25;57
60.25;71.75;63.25;57.25;57
60.25;71.75;63.25;56.75;57
60.25;71.25;63.25;56.25;57
60.25;71.25;63.25;56.25;57
60.25;70.75;62.75;56.25;57
60.25;70.75;62.75;56.25;57
60.25;70.75;62.75;60;57
60.25;70.75;62.75;60;57
59.75;70.75;62.25;60;57
59.75;70.25;62.25;60;57
59.75;70.25;62.25;60;56.5
59.75;70.25;62.25;60;56.5
59.75;70.25;61.75;60;56.5
59.75;70.25;61.25;60;56.5
59.25;70.25;61.25;60;56.5
59.25;70.25;60.75;60;56.5
59.25;70.25;60.75;60;56
59.25;69.75;60.75;60;56
59.25;69.75;60.75;60;56
59.25;69.75;60.75;60;56
59.25;69.75;65;59.5;56
58.75;69.75;65;59.5;55.5
58.75;69.75;65;59.5;55.5
58.25;69.25;65;59.5;55.5
58.25;69.25;65;59.5;55.5
58.25;69.25;65;59;55.5
58.25;69.25;65;59;55
58.25;69.25;65;59;55
58.25;69.25;65;59;55
58.25;69.25;65;59;55
57.75;69.25;65;59;55
57.75;68.75;65;58;54
57.75;68.75;65;57.5;53.5
57.75;68.75;65;57.5;53
57.75;68.75;65;57.5;53
57.75;68.75;65;56.5;53
57.25;68.75;65;56.5;56.75
57.25;73;65;59.75;56.75
57.25;73;65;59.75;56.75
57.25;73;64.5;59.75;56.75
57.25;73;64.5;59.75;56.75
57.25;73;64.5;59.75;56.75
57.25;73;64.5;59.75;56.25
57.25;73;64.5;59.75;56.25
57.25;73;64;59.75;56.25
57.25;73;64;59.75;56.25
56.75;73;64;59.75;56.25
56.75;73;64;59.75;55.75
56.75;73;64;59.75;55.75
56.75;73;63;59.75;55.75
56.75;73;63;59.25;55.25
55.75;73;61.5;59.25;55.25
60.5;73;61.5;59.25;54.75
60.5;73;61.5;59.25;54.75
60.5;73;61.5;59.25;54.75
60.5;73;61;58.75;54.75
60.5;73;61;58.75;54.75
60.5;73;60.5;58.75;53.25
60.5;72.5;60.5;58.75;53.25
60;72.5;60.5;58.75;52.75
60;72.5;64.75;58.25;52.75
60;72.5;64.75;58.25;52.25
60;72.5;64.75;57.75;52.25
60;72.5;64.75;57.75;56.5
60;72.5;64.75;57.25;56.5
60;72.5;64.75;56.75;56.5
60;72.5;64.75;55.75;56.5
60;72.5;64.75;55.25;56.5
60;72.5;64.75;59.5;56.5
59.5;72.5;64.75;59.5;56.5
59.5;72.5;64.75;59.5;56.5
59.5;72.5;64.75;59.5;56.5
59.5;72.5;64.75;59.5;56
59;72.5;64.75;59.5;56
59;72.5;64.75;59.5;56
59;72.5;64.75;59.5;56
58.5;72.5;64.75;59.5;56
58.5;72.5;64.75;59.5;56
58.5;72.5;64.75;59.5;56
58;72.5;64.75;59;55.5
58;72;64.75;59;55.5
58;72;64.75;59;55.5
58;72;64.75;59;55
58;72;64.25;59;55
58;72;64.25;58.5;54.5
57.5;72;64.25;58.5;54.5
57;72;64.25;58;54.5
57;72;64.25;58;54
56.5;72;64.25;58;53
56.5;72;64.25;57.5;53
56.5;72;64.25;56;53
56;72;64.25;55.5;52.5
56;72;63.75;55.5;52
60.25;72;63.75;55.5;56.25
60.25;71.5;63.75;55.5;56.25
60.25;71.5;63.75;55.5;56.25
60.25;71.5;63.75;59.25;56.25
60.25;71.5;63.75;59.25;56.25
60.25;71.5;63.75;59.25;56.25
60.25;71.5;63.75;59.25;56.25
60.25;71;63.25;59.25;56.25
60.25;71;63.25;59.25;56.25
60.25;71;63.25;59.25;56.25
60.25;71;63.25;59.25;55.75
59.75;71;63.25;59.25;55.75
59.75;71;63.25;59.25;55.75
59.75;71;62.75;59.25;55.75
59.75;71;62.75;59.25;55.75
59.75;71;62.25;59.25;55.25
59.75;71;62.25;59.25;55.25
59.75;71;62.25;59.25;55.25
59.75;71;61.75;59.25;54.75
59.75;70.5;61.75;59.25;54.75
59.75;70.5;61.25;58.75;54.75
59.75;70;61.25;58.75;54.75
59.75;70;61.25;58.75;53.75
59.75;70;60.75;58.75;53.75
59.75;70;60.75;58.75;53.25
59.75;70;60.25;58.75;53.25
59.25;70;59.75;58.25;52.25
59.25;70;64.5;58.25;56
59.25;70;64.5;58.25;56
59.25;70;64.5;58.25;56
59.25;69.5;64.5;57.75;56
59.25;69.5;64.5;57.75;56
59.25;69.5;64.5;57.75;56
59.25;69.5;64.5;57.75;56
59.25;69.5;64.5;57.25;56
59.25;69.5;64.5;57.25;55.5
58.75;69;64.5;57.25;55.5
58.75;69;64.5;57.25;55.5
58.25;69;64.5;55.75;55.5
58.25;69;64.5;55.25;55.5
58.25;69;64.5;55.25;55.5
58.25;69;64.5;59;55.5
57.75;69;64;59;55
57.75;69;64;59;55
56.75;68;64;59;55
56.75;72.75;64;59;55
56.75;72.75;64;59;55
56.75;72.75;64;59;55
56.25;72.75;64;59;54.5
56.25;72.75;64;59;54.5
56.25;72.75;64;58.5;54
56.25;72.75;63.5;58.5;54
56.25;72.75;63.5;58.5;54
56.25;72.75;63.5;58.5;53
56.25;72.75;63.5;58;53
56.25;72.75;63.5;58;53
56.25;72.75;63;58;53
55.75;72.75;63;58;53
55.75;72.75;62.5;58;52.5
55.75;72.75;62.5;57.5;52.5
60;72.75;62.5;57.5;52.5
60;72.75;62.5;57.5;51.5
60;72.75;62.5;57.5;55.75
60;72.75;61.5;57.5;55.75
60;72.75;61.5;57;55.75
60;72.75;61.5;57;55.75
60;72.75;61;56.5;55.75
60;72.75;61;55.5;55.75
60;72.75;61;55;55.75
60;72.75;60.5;55;55.75
60;72.25;60.5;54.5;55.25
60;72.25;60;54;55.25
60;72.25;59.5;58.75;55.25
60;72.25;64.25;58.75;55.25
60;72.25;64.25;58.75;55.25
60;72.25;64.25;58.75;54.75
59.5;72.25;64.25;58.75;54.75
59.5;72.25;64.25;58.75;54.75
59.5;72.25;64.25;58.75;53.75
59.5;72.25;64.25;58.75;53.25
59.5;72.25;64.25;58.75;53.25
59.5;72.25;64.25;58.75;52.75
59.5;72.25;64.25;58.75;52.75
59.5;72.25;64.25;58.75;55.5
59.5;71.75;64.25;58.75;55.5
59.5;71.75;64.25;58.25;55.5
59.5;71.75;64.25;58.25;55.5
59.5;71.75;64.25;58.25;55.5
59.5;71.25;64.25;58.25;55.5
59;71.25;64.25;58.25;55
59;71.25;64.25;58.25;55
59;71.25;64.25;58.25;55
59;71.25;63.75;57.75;55
58;71.25;63.75;57.75;55
58;71.25;63.75;57.75;54.5
58;71.25;63.75;57.25;54
58;71.25;63.75;57.25;54
58;70.75;63.75;56.75;54
57.5;70.75;63.75;56.75;53
57.5;70.75;63.75;56.25;52.5
57.5;70.75;63.25;55.75;52.5
57;70.75;63.25;55.75;52
57;70.25;63.25;55.25;55.25
57;70.25;63.25;54.75;55.25
57;70.25;63.25;54.75;55.25
56.5;70.25;63.25;58.5;55.25
56.5;69.75;63.25;58.5;55.25
56.5;69.75;63.25;58.5;55.25
56.5;69.75;62.75;58.5;55.25
56.5;69.75;62.75;58.5;55.25
56.5;69.75;62.75;58.5;55.25
56;69.75;62.25;58.5;55.25
56;69.75;62.25;58.5;54.75
56;69.75;61.75;58.5;54.75
56;69.25;61.25;58.5;54.75
55.5;69.25;61.25;58;54.75
55.5;69.25;60.75;58;54.75
55;69.25;60.25;58;54.75
55;69.25;60.25;58;54.75
55;69.25;60.25;58;54.75
59.75;69.25;60.25;57.5;54.75
59.75;69.25;60.25;57.5;54.75
59.75;69.25;59.75;57;54.75
59.75;68.75;59.75;56.5;54.75
59.75;68.75;59.75;55;54.25
59.75;68.75;59.75;55;54.25
59.75;68.75;64;55;53.75
59.75;68.75;64;55;53.75
59.75;68.75;64;54.5;53.25
59.25;68.75;64;54.5;53.25
59.25;68.75;64;54;53.25
59.25;68.25;64;58.25;52.75
59.25;68.25;64;58.25;52.25
59.25;68.25;64;58.25;51.75
59.25;67.75;64;58.25;51.25
59.25;67.75;64;58.25;50.75
59.25;72.5;64;58.25;55
59.25;72.5;64;58.25;55
59.25;72.5;64;58.25;55
59.25;72.5;64;57.75;55
59.25;72.5;64;57.75;55
59.25;72.5;64;57.25;55
58.75;72.5;64;56.75;55
58.75;72.5;64;56.75;55
58.75;72.5;64;58;55
58.75;72.5;64;58;55
58.75;72.5;64;58;55
58.75;72.5;64;58;55
58.75;72.5;64;58;55
58.75;72.5;64;58;55
58.25;72.5;63.5;58;55
58.25;72.5;63.5;58;55
58.25;72.5;63.5;58;54.5
57.75;72.5;63.5;58;54.5
57.75;72.5;63.5;58;54.5
57.75;72.5;63.5;58;54.5
57.75;72.5;63;58;54.5
57.75;72.5;63;57.5;54.5
57.75;72.5;63;57.5;54
57.25;72.5;62.5;57.5;53.5
57.25;72.5;62.5;57.5;53.5
56.75;72.5;62.5;57;53.5
56.75;72;62.5;57;53
56.75;72;62;57;53
56.25;72;62;56.5;53
56.25;72;61.5;56.5;53
56.25;72;61.5;56.5;52.5
56.25;72;61.5;56;52
56.25;71.5;61.5;56;52
56.25;71.5;61.5;55.5;51.5
55.75;71.5;61;54.5;50.5
55.75;71.5;61;53;50.5
55.25;71.5;60.5;57.75;54.75
55.25;71.5;60.5;57.75;54.75
55.25;71.5;60.5;57.75;54.75
55.25;71.5;60.5;57.75;54.75
55.25;71.5;60.5;57.75;54.75
54.75;71.5;60;57.75;54.75
59.5;71.5;60;57.75;54.75
59.5;71.5;60;57.75;54.75
59.5;71.5;60;57.75;54.25
59.5;71.5;60;57.75;54.25
59.5;71.5;60;57.75;54.25
59.5;71;59.5;57.75;54.25
59.5;71;63.75;57.75;54.25
59.5;71;63.75;57.25;54.25
59.5;71;63.75;57.25;54.25
59.5;71;63.75;57.25;53.75
59.5;71;63.75;57.25;53.75
59.5;71;63.75;57.25;53.25
59;71;63.75;57.25;53.25
59;71;63.75;56.75;52.75
59;70.5;63.75;56.75;52.75
59;70.5;63.75;56.75;51.75
59;70.5;63.75;56.75;51.25
59;70.5;63.75;56.25;50.75
59;70.5;63.75;55.25;50.75
59;70.5;63.75;55.25;54.5
59;70.5;63.75;55.25;54.5
58.5;70.5;63.75;54.75;54.5
58.5;70;63.25;54.25;54.5
58.5;70;63.25;54.25;54.5
58.5;70;63.25;53.75;54.5
58.5;70;63.25;57.5;54.5
58.5;70;63.25;57.5;54
58.5;69.5;63.25;57.5;54
58;69.5;63.25;57.5;54
58;69.5;62.75;57.5;54
58;69.5;62.75;57.5;53
58;69.5;62.75;57.5;53
57.5;69;62.75;57.5;52.5
57.5;69;62.75;57.5;52.5
57.5;69;62.75;57.5;52.5
57;69;62.25;57.5;52.5
56.5;68.5;62.25;57.5;52
56;68.5;62.25;57.5;51
56;68.5;62.25;57.5;51
55.5;68.5;62.25;57.5;50.5
55.5;68.5;61.75;57;50.5
55.5;68.5;61.75;57;50.5
54.5;68.5;61.25;56.5;49.5
54.5;68;61.25;56.5;54.25
59.25;68;61.25;56.5;54.25
59.25;68;61.25;56.5;54.25
59.25;67.5;60.75;56.5;54.25
59.25;72.25;60.75;56;54.25
59.25;72.25;60.75;56;54.25
59.25;72.25;60.25;55.5;54.25
59.25;72.25;60.25;55.5;53.75
59.25;72.25;60.25;55.5;53.75
59.25;72.25;59.75;55;53.75
59.25;72.25;59.75;53.5;53.75
58.75;72.25;59.75;53.5;53.75
58.75;72.25;59.25;57.25;53.75
58.75;72.25;59.25;57.25;53.75
58.75;72.25;59.25;57.25;53.25
58.75;72.25;63.5;57.25;52.75
58.75;72.25;63.5;57.25;52.25
58.75;72.25;63.5;57.25;51.75
58.75;72.25;63.5;57.25;51.25
58.75;72.25;63.5;57.25;54
58.75;72.25;63.5;57.25;54
58.75;72.25;63.5;56.75;54
58.25;72.25;63.5;56.75;54
58.25;71.75;63.5;56.75;54
58.25;71.75;63.5;56.75;54
58.25;71.75;63.5;56.75;54
58.25;71.75;63.5;56.75;54
58.25;71.75;63.5;56.75;54
58.25;71.75;63.5;56.25;54
58.25;71.75;63.5;56.25;53.5
57.75;71.75;63.5;56.25;53.5
57.25;71.75;63.5;55.75;53.5
57.25;71.75;63.5;55.75;53.5
57.25;71.75;63;55.75;53.5
57.25;71.75;63;55.75;53.5
56.75;71.75;63;55.25;53.5
56.25;71.75;63;53.75;53.5
55.75;71.25;63;57;53
55.75;71.25;62.5;57;53
55.75;71.25;62.5;57;53
55.75;71.25;62.5;57;53
55.75;71.25;62.5;57;53
55.25;71.25;62.5;57;53
55.25;71.25;62.5;57;53
55.25;71.25;62.5;57;53
54.75;71.25;62;57;52.5
54.25;71.25;62;57;52.5
59;71.25;62;56.5;52.5
59;71.25;62;56.5;52.5
59;71.25;61.5;56.5;52.5
59;71.25;61.5;56.5;52.5
59;71.25;61;56.5;52.5
58.5;71.25;61;56.5;52
58.5;70.75;61;56.5;51.5
58.5;70.75;60.5;56.5;51
58.5;70.25;60.5;56.5;50
58.5;70.25;60.5;56;49.5
58.5;70.25;60;56;53.75
58;69.75;60;55.5;53.75
58;69.75;60;55.5;53.75
58;69.75;59.5;55.5;53.75
58;69.75;59.5;55.5;53.75
58;69.25;59.5;55;53.75
58;69.25;59.5;55;53.75
58;69.25;59;54;53.75
58;69.25;59;53.5;53.75
58;69.25;63.25;53.5;53.75
58;69.25;63.25;52.5;53.75
58;69.25;63.25;52.5;53.75
57.5;68.75;63.25;56.75;53.75
57;68.75;63.25;56.75;53.75
57;68.75;63.25;56.75;53.75
56.5;68.75;63.25;56.75;53.75
56.5;68.75;63.25;56.75;53.75
56;68.75;63.25;56.75;53.25
56;68.25;63.25;56.25;53.25
56;68.25;63.25;56.25;52.75
56;68.25;63.25;56.25;52.75
56;68.25;63.25;56.25;52.25
56;68.25;63.25;56.25;52.25
56;68.25;63.25;56.25;52.25
55.5;68.25;63.25;56.25;51.75
55;67.75;63.25;55.75;51.75
55;67.75;63.25;55.75;51.25
55;67.75;63.25;55.75;51.25
55;67.75;62.75;54.75;51.25
55;67.25;62.75;54.75;50.75
55;66.75;62.75;54.25;50.25
54.5;72;62.75;54.25;53.5
53.5;72;62.75;54.25;53.5
58.75;72;62.25;53.75;53.5
58.75;72;62.25;52.75;53.5
58.75;72;62.25;50.75;53.5
58.75;72;62.25;56.5;53.5
58.75;72;62.25;56.5;53.5
58.75;72;62.25;56.5;53.5
58.75;72;61.75;56.5;53.5
58.75;72;61.25;56.5;53
58.75;72;60.75;56.5;53
58.75;72;60.25;56.5;53
58.75;72;60.25;56.5;53
58.25;72;59.75;56.5;53
58.25;72;59.75;56;53
58.25;72;59.75;56;53
58.25;72;59.25;56;52.5
58.25;71.5;59.25;56;52.5
58.25;71.5;63;55.5;51.5
58.25;71.5;63;55.5;51.5
58.25;71.5;63;55.5;51.5
57.75;71.5;63;55;53.25
57.75;71.5;63;55;53.25
57.75;71.5;63;54;53.25
57.75;71.5;63;52.5;53.25
57.25;71.5;63;56.25;52.75
57.25;71;63;56.25;52.75
57.25;71;63;56.25;52.75
56.75;71;63;56.25;52.75
56.75;71;63;56.25;52.75
56.75;71;63;56.25;52.25
56.25;71;63;56.25;52.25
56.25;71;63;56.25;52.25
56.25;71;63;56.25;52.25
56.25;71;62.5;56.25;52.25
55.75;70.5;62.5;55.75;52.25
55.25;70.5;62.5;55.75;52.25
55.25;70.5;62.5;55.75;52.25
55.25;70.5;62.5;55.75;51.25
54.75;70.5;62.5;55.75;50.25
54.25;70.5;62.5;55.75;50.25
54.25;70.5;62;55.75;49.75
58.5;70.5;62;55.75;49.75
58.5;70;62;55.75;48.75
58.5;70;62;55.75;53
58.5;70;61.5;55.25;53
58.5;70;61.5;54.75;53
58.5;70;61;54.75;53
58.5;70;61;54.25;53
58.5;69.5;61;54.25;52.5
58.5;69.5;60.5;53.75;52.5
58.5;69.5;60.5;53.75;52.5
58.5;69.5;60;53.75;52.5
58.5;69.5;60;52.75;52.5
58.5;69.5;59.5;52.25;52.5
58.5;69.5;59;52.25;52.5
58;69.5;59;56;52.5
58;69.5;59;56;52.5
58;68.5;58.5;56;52.5
58;68.5;58.5;56;52
58;68.5;62.75;56;52
58;68.5;62.75;55.5;52
58;68.5;62.75;55.5;52
58;68;62.75;55.5;52
58;68;62.75;55.5;50.5
58;68;62.75;55;50.5
57.5;68;62.75;55;50.5
57.5;68;62.75;55;50.5
57.5;68;62.75;55;50.5
57.5;68;62.75;54.5;50
57.5;68;62.75;54.5;49.5
57;67.5;62.75;54;48.5
57;67.5;62.75;53.5;48.5
57;67.5;62.75;53;52.75
57;67;62.75;51.5;52.75
57;67;62.75;55.75;52.75
56;71.75;62.75;55.75;52.75
56;71.75;62.75;55.75;52.75
55.5;71.75;62.75;55.75;52.75
55;71.75;62.75;55.75;52.75
55;71.75;62.75;55.75;52.75
55;71.75;62.25;55.75;52.75
55;71.75;62.25;55.75;52.75
55;71.75;62.25;55.75;52.25
55;71.75;62.25;55.25;52.25
54.5;71.75;62.25;55.25;52.25
54.5;71.75;62.25;55.25;52.25
54.5;71.75;62.25;55.25;52.25
54.5;71.75;62.25;55.25;51.75
54.5;71.75;62.25;55.25;51.75
54.5;71.75;62.25;54.75;51.75
54;71.75;62.25;54.75;51.25
58.25;71.75;61.75;54.75;50.75
58.25;71.75;61.75;54.75;50.25
58.25;71.75;61.75;54.75;50.25
58.25;71.75;61.75;54.25;49.25
58.25;71.75;61.75;54.25;48.25
58.25;71.75;61.25;54.25;52.5
58.25;71.75;61.25;53.75;52.5
58.25;71.75;61.25;51.75;52.5
57.75;71.75;61.25;50.75;52.5
57.75;71.75;61.25;55.5;52.5
57.75;71.75;61.25;55.5;52.5
57.75;71.75;60.75;55.5;52.5
57.75;71.75;60.75;55.5;52.5
57.75;71.75;60.75;55.5;52.5
57.75;71.75;60.25;55.5;52.5
57.75;71.75;60.25;55.5;52
57.25;71.25;59.75;55.5;52
57.25;71.25;59.25;55.5;52
57.25;71.25;58.75;55;52
56.75;71.25;58.75;55;52
56.75;71.25;58.75;54.5;52
56.75;71.25;58.75;54.5;51.5
56.75;71.25;58.75;54;51.5
56.75;71.25;57.75;54;51.5
56.75;71.25;62.5;55.25;51.5
56.25;71.25;62.5;55.25;51.5
56.25;71.25;62.5;55.25;51.5
55.75;71.25;62.5;55.25;51
55.75;71.25;62.5;55.25;49
55.75;71.25;62.5;55.25;52.25
55.75;70.75;62.5;55.25;52.25
55.25;70.75;62.5;55.25;52.25
54.75;70.75;62.5;55.25;52.25
54.75;70.75;62.5;54.75;52.25
54.25;70.75;62.5;54.75;52.25
54.25;70.75;62.5;54.75;52.25
53.25;70.75;62.5;54.75;51.75
52.75;70.75;62.5;54.75;51.75
58;70.25;62.5;54.75;51.75
58;70.25;62.5;54.75;51.75
58;70.25;62;54.25;51.75
58;69.75;62;54.25;51.75
58;69.75;62;54.25;51.75
58;69.75;62;54.25;51.25
57.5;69.75;62;53.75;51.25
57.5;69.75;62;53.75;51.25
57.5;69.75;62;53.25;50.75
57.5;69.25;62;55;50.25
57.5;69.25;61.5;55;49.75
57.5;69.25;61.5;55;49.25
57.5;69.25;61.5;55;52
57.5;69.25;61.5;55;52
57.5;69.25;61;55;52
57.5;68.75;61;55;52
57.5;68.75;61;54.5;52
57.5;68.75;61;54.5;52
57.5;68.75;60.5;54.5;52
57.5;68.75;60.5;54.5;51.5
57.5;68.75;60.5;54.5;51.5
57.5;68.75;60;54;50
57.5;68.75;59.5;53.5;49
57.5;68.75;59.5;53.5;49
57.5;68.75;59.5;53;48.5
57;68.75;59.5;52;48
57;68.75;59;54.75;48
57;68.75;58.5;54.75;47
57;68.75;58.5;54.75;51.75
57;68.25;58.5;54.75;51.75
57;68.25;58.5;54.25;51.75
56.5;68.25;58;54.25;51.75
56.5;68.25;62.25;54.25;51.75
56;68.25;62.25;54.25;51.75
56;67.75;62.25;54.25;51.75
56;67.75;62.25;53.75;51.75
56;67.75;62.25;53.75;51.25
56;67.75;62.25;53.75;51.25
56;67.75;62.25;53.75;51.25
55.5;67.75;62.25;52.75;51.25
55.5;67.75;62.25;52.75;51.25
55;67.25;62.25;52.25;50.75
55;67.25;62.25;51.75;50.75
55;67.25;62.25;51.75;50.75
54.5;67.25;62.25;54.5;50.75
54.5;66.75;62.25;54.5;50.25
54.5;66.75;61.75;54.5;50.25
54;71.5;61.75;54.5;48.75
53.5;71.5;61.75;54.5;48.75
53.5;71.5;61.75;54.5;48.25
53.5;71.5;61.75;54.5;51.5
53;71.5;61.75;54;51.5
57.75;71.5;61.75;54;51.5
57.75;71.5;61.25;54;51.5
57.75;71.5;61.25;54;51.5
57.75;71.5;61.25;53.5;51.5
57.75;71.5;61.25;53.5;51
57.75;71.5;61.25;51.5;51
57.75;71.5;61.25;51.5;51
57.75;71.5;60.75;49.5;51
57.75;71.5;60.25;54.25;51
57.25;71.5;59.75;54.25;51
57.25;71.5;59.75;54.25;51
57.25;71.5;59.25;54.25;51
57.25;71.5;59.25;54.25;50.5
57.25;71.5;59.25;53.75;50
57.25;71.5;58.75;53.75;49
57.25;71.5;58.75;53.75;48.5
57.25;71.5;58.75;53.75;48.5
57.25;71;58.25;53.75;48
56.75;71;58.25;53.75;48
56.75;71;58.25;52.75;48
56.75;71;57.75;51.75;51.25
56.75;71;62;51.75;51.25
56.75;71;62;51.75;51.25
56.75;71;62;51.25;51.25
56.75;71;62;50.75;51.25
56.75;71;62;50.75;51.25
56.75;71;62;50.25;51.25
56.25;71;62;49.75;51.25
56.25;71;62;49.75;51.25
56.25;71;62;54;51.25
55.75;70.5;62;54;50.75
55.75;70.5;62;54;50.75
55.25;70.5;62;54;50.75
55.25;70.5;62;54;50.25
55.25;70.5;62;53.5;50.25
55.25;70.5;62;53.5;50.25
55.25;70.5;62;53;49.75
54.75;70.5;62;53;49.25
54.75;70.5;62;53;49.25
54.75;70.5;62;53;48.75
54.75;70.5;62;52.5;47.75
54.75;70.5;61.5;53.75;47.75
54.25;70;61.5;53.75;51
54.25;70;61.5;53.75;51
54.25;70;61.5;53.75;51
53.75;70;61;53.75;51
53.75;70;61;53.75;51
53.25;69.5;61;53.75;51
52.75;69.5;61;53.25;51
57.5;69.5;61;53.25;51
57.5;69;61;53.25;50.5
57.5;69;61;53.25;50.5
57.5;69;61;53.25;50.5
57.5;68.5;61;53.25;50.5
57.5;68.5;61;52.75;50.5
57.5;68.5;60.5;52.75;50
57.5;68.5;60.5;52.75;50
57.5;68.5;60.5;51.75;50
57.5;68.5;60;50.75;50
57;68.5;60;50.25;50
57;68;60;49.75;49.5
57;68;60;49.75;49
57;68;59;49.25;48.5
57;68;59;53.5;48
57;68;59;53.5;47.5
57;68;59;53.5;50.75
57;68;59;53.5;50.75
57;67.5;58.5;53.5;50.75
57;67.5;58.5;53.5;50.75
57;67.5;58.5;53.5;50.75
57;67.5;58;53.5;50.75
57;67.5;58;53.5;50.75
57;67.5;58;53.5;50.75
57;67.5;57.5;53;50.75
56.5;67.5;57;53;50.75
56.5;67.5;61.75;53;50.25
56.5;67.5;61.75;53;50.25
56.5;67;61.75;53;50.25
56.5;67;61.75;52.5;50.25
56.5;67;61.75;51.5;50.25
56.5;71.25;61.75;51;49.75
56.5;71.25;61.75;51;49.75
56.5;71.25;61.75;50.5;48.75
56;71.25;61.75;50;48.75
56;71.25;61.75;49.5;47.75
56;71.25;61.75;49;50.5
56;71.25;61.75;53.25;50.5
56;71.25;61.75;53.25;50.5
56;71.25;61.75;53.25;50.5
56;71.25;61.75;53.25;50.5
55.5;71.25;61.75;53.25;50.5
55.5;71.25;61.75;53.25;50.5
55.5;71.25;61.25;53.25;50.5
55.5;71.25;61.25;53.25;50
55;71.25;61.25;53.25;50
55;71.25;61.25;53.25;50
55;71.25;61.25;53.25;50
55;71.25;61.25;52.75;50
54.5;71.25;61.25;52.75;50
54.5;71.25;61.25;52.75;50
54.5;71.25;61.25;52.25;50
54;71.25;61.25;51.75;49.5
54;71.25;60.75;51.75;49
54;71.25;60.75;51.25;48.5
54;70.75;60.75;51.25;48.5
54;70.75;60.75;51.25;48
53.5;70.75;60.75;51.25;48
53;70.75;60.75;50.25;47
53;70.75;60.75;53;50.25
57.25;70.75;60.25;53;50.25
57.25;70.75;60.25;53;50.25
57.25;70.75;60.25;52.5;50.25
57.25;70.75;59.25;52.5;49.75
57.25;70.75;58.75;52.5;49.75
57.25;70.75;58.75;52.5;49.75
57.25;70.75;58.25;52;49.25
57.25;70.75;58.25;52;48.75
57.25;70.75;57.75;51;47.75
57.25;70.75;57.75;50.5;47.25
57.25;70.25;57.75;50.5;46.75
56.75;70.25;57.25;50.5;50
56.75;70.25;56.75;52.75;50
56.75;70.25;61.5;52.75;50
56.75;70.25;61.5;52.75;50
56.75;70.25;61.5;52.75;50
56.75;70.25;61.5;52.75;49.5
56.75;70.25;61.5;52.75;49.5
56.25;70.25;61.5;52.75;49.5
56.25;70.25;61.5;52.75;49.5
56.25;70.25;61.5;52.75;49.5
56.25;69.75;61.5;52.25;49.5
56.25;69.75;61.5;52.25;49.5
56.25;69.75;61.5;51.75;49
55.75;69.75;61.5;51.25;48
55.75;69.75;61.5;51.25;48
55.75;69.75;61.5;50.25;47.5
55.25;69.75;61.5;50.25;47.5
55.25;69.75;61;49.75;46.5
55.25;69.75;61;52.5;45.5
55.25;69.75;61;52.5;49.75
55.25;69.75;61;52.5;49.75
54.75;69.75;60.5;52.5;49.75
54.75;69.25;60.5;52.5;49.75
54.75;69.25;60.5;52.5;49.75
54.25;69.25;59.5;52.5;49.75
54.25;69.25;59.5;52.5;49.75
54.25;69.25;59.5;52;49.75
54.25;69.25;59;52;49.75
53.75;69.25;58.5;52;49.75
53.75;69.25;58.5;51.5;49.25
53.25;68.75;58;51.5;49.25
53.25;68.75;58;51.5;49.25
53.25;68.75;58;51.5;49.25
52.75;68.75;57.5;50;48.75
52.75;68.75;61.25;52.25;47.25
52.75;68.25;61.25;52.25;47.25
52.25;68.25;61.25;51.75;47.25
57;68.25;61.25;51.75;46.75
57;68.25;61.25;51.75;46.75
57;68.25;61.25;51.75;46.75
57;68.25;61.25;51.75;46.75
57;68.25;61.25;51.75;46.25
57;68.25;61.25;51.75;45.75
57;67.75;61.25;51.75;49.5
57;67.75;61.25;51.75;49.5
57;67.75;61.25;51.25;49.5
57;67.75;61.25;51.25;49.5
57;67.75;61.25;51.25;49.5
57;67.75;61.25;50.25;49.5
56.5;67.75;60.75;50.25;49.5
56.5;67.75;60.75;48.25;49.5
56.5;67.25;60.75;48.25;49
56.5;67.25;60.75;52;49
56.5;66.75;60.75;52;49
56.5;66.75;60.25;52;49
56.5;66.75;60.25;52;48.5
56.5;66.75;60.25;52;48.5
56.5;66.75;59.75;52;48.5
56.5;66.75;59.75;52;48
56.5;71;59.75;52;46.5
56.5;71;59.75;52;46
56;71;59.75;52;46
56;71;59.25;52;45
56;71;59.25;52;49.25
56;71;59.25;52;49.25
56;71;59.25;51.5;49.25
56;71;58.75;51.5;49.25
56;71;58.75;51.5;49.25
56;71;58.75;50;49.25
56;71;58.75;49;48.75
55.5;71;58.75;51.75;48.75
55.5;71;58.25;51.75;48.75
55.5;71;58.25;51.75;48.75
55.5;71;57.75;51.75;48.75
55;71;57.25;51.75;48.25
55;71;57.25;51.25;48.25
55;71;57.25;50.75;48.25
54.5;71;61;50.75;48.25
54;71;61;50.75;47.25
54;71;61;50.25;45.25
53.5;71;61;50.25;49
53.5;70.5;61;50.25;49
53.5;70.5;61;50.25;49
53;70.5;61;49.75;49
53;70.5;61;49.75;48.5
53;70.5;61;49.25;48.5
52.5;70.5;61;48.75;48.5
52;70.5;61;48.25;48.5
52;70.5;61;51.5;48.5
50.5;70.5;61;51.5;48
56.75;70.5;60.5;51.5;48
56.75;70.5;60.5;51.5;48
56.75;70;60.5;51.5;47.5
56.75;70;60.5;51.5;47
56.75;70;60.5;51;47
56.75;70;60.5;50;47
56.75;70;60.5;50;46.5
56.25;70;60.5;49.5;46.5
56.25;70;60.5;49;45.5
56.25;70;60;49;45
56.25;70;60;49;48.75
56.25;70;60;48.5;48.75
56.25;70;60;47.5;48.75
56.25;70;60;46.5;48.75
56.25;70;59;51.25;48.75
56.25;70;59;51.25;48.75
56.25;70;59;51.25;48.75
56.25;70;58;51.25;48.75
56.25;70;58;51.25;48.25
56.25;70;58;51.25;48.25
55.75;70;57.5;51.25;48.25
55.75;69.5;57.5;51.25;48.25
55.75;69.5;57;51.25;48.25
55.75;69.5;56.5;51.25;48.25
55.25;69.5;60.75;51.25;48.25
55.25;69;60.75;51.25;47.75
55.25;69;60.75;50.75;47.75
55.25;69;60.75;50.75;47.25
55.25;68.5;60.75;50.75;45.25
55.25;68.5;60.75;48.25;44.25
55.25;68.5;60.75;47.75;44.25
54.75;68.5;60.75;47.75;48.5
54.75;68.5;60.75;51;48.5
54.75;68;60.75;51;48.5
54.75;68;60.75;51;48.5
54.75;68;60.75;51;48.5
54.75;67.5;60.25;51;48.5
54.75;67.5;60.25;50.5;48
54.25;67.5;60.25;50.5;48
54.25;67.5;60.25;50;48
53.75;67.5;60.25;50;48
53.75;67.5;60.25;50;47.5
53.75;67.5;59.75;49;47.5
53.75;67.5;59.75;49;47
53.75;67.5;59.75;48.5;47
53.75;67.5;59.25;48;46.5
53.25;67.5;58.75;47.5;45.5
53.25;67;58.25;46;48.25
53.25;67;57.75;50.75;48.25
53.25;67;57.25;50.75;48.25
53.25;67;56.75;50.75;48.25
52.75;67;56.25;50.75;47.75
52.75;67;56.25;50.75;47.75
52.75;66.5;56.25;50.75;47.75
51.25;70.75;55.75;50.25;47.25
56.5;70.75;60.5;50.25;47.25
56.5;70.75;60.5;50.25;47.25
56.5;70.75;60.5;50.25;47.25
56.5;70.75;60.5;50.25;46.75
56.5;70.75;60.5;49.75;46.75
56.5;70.75;60.5;49.25;46.75
56;70.75;60.5;49.25;45.75
56;70.75;60.5;48.75;44.75
56;70.75;60.5;48.75;48
56;70.75;60.5;48.25;48
56;70.75;60.5;47.75;48
56;70.75;60.5;50.5;47.5
56;70.75;60.5;50.5;47.5
56;70.75;60.5;50.5;47.5
56;70.75;60.5;50.5;47.5
56;70.25;60.5;50.5;47
56;70.25;60.5;50;46.5
56;70.25;60.5;50;46
56;70.25;60;49.5;46
55.5;70.25;60;49.5;45.5
55.5;70.25;60;49.5;45
55.5;70.25;60;49.5;45
55.5;70.25;60;49;47.75
55;70.25;60;48.5;47.75
55;70.25;60;48;47.75
55;70.25;60;50.25;47.75
55;70.25;59.5;50.25;47.75
55;70.25;59.5;50.25;47.75
54.5;70.25;59.5;50.25;47.75
54.5;70.25;59.5;50.25;47.75
54;70.25;59.5;50.25;47.25
53.5;70.25;59.5;49.75;47.25
53.5;70.25;59;49.25;47.25
53.5;70.25;59;49.25;47.25
53.5;69.75;59;48.25;47.25
53.5;69.75;58.5;47.25;47.25
53.5;69.75;58;46.75;45.75
53;69.75;56.5;45.25;44.75
53;69.75;60.25;50;47.5
53;69.75;60.25;50;47.5
53;69.75;60.25;50;47.5
53;69.75;60.25;50;47.5
56.25;69.25;60.25;50;47.5
56.25;69.25;60.25;50;47
56.25;68.75;60.25;49.5;47
56.25;68.75;60.25;49;47
56.25;68.75;60.25;49;47
56.25;68.75;60.25;48.5;46.5
56.25;68.75;60.25;47;46
55.75;68.75;60.25;49.75;46
55.75;68.25;60.25;49.75;45.5
55.75;68.25;60.25;49.75;47.25
55.75;68.25;60.25;49.75;47.25
55.75;67.75;60.25;49.75;47.25
55.75;67.75;60.25;49.75;47.25
55.25;67.75;60.25;49.75;47.25
55.25;67.75;60.25;49.75;47.25
55.25;67.75;59.75;49.75;47.25
55.25;67.75;59.75;49.75;47.25
55.25;67.75;59.75;49.25;47.25
55.25;67.75;59.75;49.25;46.75
55.25;67.75;59.75;49.25;46.75
55.25;67.25;59.75;49.25;46.75
55.25;67.25;59.75;49.25;46.25
55.25;67.25;59.75;48.75;46.25
54.75;67.25;59.75;48.25;46.25
53.75;67.25;59.75;49.5;46.25
53.75;67.25;59.75;49.5;45.25
53.75;67.25;59.75;49.5;44.75
53.75;67.25;59.25;49.5;44.75
53.75;67.25;59.25;49.5;44.75
53.75;67.25;59.25;49.5;43.75
53.25;66.75;59.25;49;47
53.25;66.75;59.25;49;47
52.75;66.75;58.75;49;47
52.75;66.75;58.75;47;47
52.75;66.25;58.75;46.5;46.5
52.75;66.25;58.25;49.25;46.5
52.75;66.25;57.75;49.25;46.5
52.25;66.25;57.75;49.25;46.5
52.25;70.5;57.25;49.25;46
52.25;70.5;57.25;49.25;46
51.25;70.5;56.25;49.25;45.5
51.25;70.5;60;49.25;45
56;70.5;60;48.75;45
56;70.5;60;48.75;44.5
56;70.5;60;48.75;43.5
56;70.5;60;48.75;46.75
56;70.5;60;48.75;46.75
56;70.5;60;48.25;46.75
56;70.5;60;47.75;46.75
55.5;70.5;60;46.25;46.75
55.5;70.5;60;49;46.75
55.5;70.5;60;49;46.25
55.5;70.5;60;49;46.25
55.5;70;60;49;46.25
55.5;70;60;48.5;46.25
55.5;70;60;48.5;46.25
55.5;70;60;48;46.25
55.5;70;60;48;45.75
55.5;70;59.5;48;45.75
55.5;70;59.5;48;45.75
55.5;70;59.5;47;44.75
55;70;59.5;48.75;44.25
55;70;59.5;48.75;44.25
55;70;59.5;48.75;42.75
55;70;59.5;48.75;42.75
55;70;59.5;48.75;46.5
55;70;59;48.75;46.5
54.5;70;59;48.75;46.5
54.5;70;59;48.75;46.5
54;70;58.5;48.25;46.5
54;70;58.5;48.25;46.5
53.5;70;58.5;48.25;46.5
53.5;70;58.5;47.75;46.5
53.5;70;58;47.75;46.5
53.5;69.5;57.5;46.75;46
53;69.5;57.5;46.25;46
53;69.5;57.5;44.75;46
53;69.5;57.5;48.5;46
53;69.5;57;48.5;46
53;69.5;56.5;48.5;45.5
52.5;69.5;56;48.5;45.5
52.5;69.5;55.5;48;45
52.5;69.5;59.75;48;44.5
52.5;69;59.75;47;43.5
52.5;69;59.75;46.5;43.5
52.5;68.5;59.75;45.5;46.25
52;68.5;59.75;45;46.25
52;68.5;59.75;48.25;46.25
52;68.5;59.75;48.25;46.25
55.75;68.5;59.75;48.25;46.25
55.75;68.5;59.75;48.25;46.25
55.75;68;59.75;48.25;46.25
55.75;68;59.75;48.25;46.25
55.75;68;59.75;47.75;46.25
55.75;68;59.75;47.75;46.25
55.75;68;59.75;47.75;46.25
55.75;68;59.25;46.75;46.25
55.25;67.5;59.25;46.75;45.75
55.25;67.5;59.25;46.25;45.25
55.25;67.5;59.25;45.75;44.75
55.25;67.5;59.25;45.25;44.25
55.25;67.5;58.75;48;46
55.25;67.5;58.75;48;46
55.25;67.5;58.75;48;46
55.25;67;58.75;47.5;46
54.75;67;58.25;47.5;46
54.75;67;58.25;47.5;45.5
54.75;67;58.25;47.5;45.5
54.75;67;57.75;47.5;45.5
54.75;66.5;57.25;47.5;45.5
54.75;66.5;57.25;47.5;45.5
54.25;66.5;56.75;47;45.5
54.25;66.5;56.25;47;45.5
54.25;66.5;56.25;46.5;45
54.25;66.5;55.75;45;44.5
54.25;66.5;55.75;43.5;44
53.75;66;55.75;47.75;44
53.75;66;59.5;47.75;45.75
53.75;65;59.5;47.75;45.75
53.75;70.25;59.5;47.75;45.75
53.75;70.25;59.5;47.75;45.75
53.75;70.25;59.5;47.75;45.75
53.25;70.25;59.5;47.75;45.75
53.25;70.25;59.5;47.25;45.25
53.25;70.25;59.5;47.25;45.25
53.25;70.25;59.5;47.25;45.25
52.75;70.25;59.5;46.75;45.25
52.75;70.25;59.5;46.25;45.25
52.75;70.25;59.5;46.25;45.25
52.25;70.25;59.5;46.25;44.75
52.25;70.25;59;46.25;43.25
52.25;70.25;59;45.75;41.75
51.75;70.25;59;47.5;41.75
51.75;70.25;59;47.5;45.5
51.25;70.25;59;47.5;45.5
51.25;70.25;59;47.5;45.5
50.25;70.25;58.5;47.5;45.5
55.5;70.25;58.5;47;45.5
55.5;70.25;58.5;47;45.5
55.5;70.25;58.5;47;45.5
55.5;70.25;58.5;47;45.5
55.5;70.25;58.5;47;45
55.5;70.25;58.5;47;45
55.5;70.25;58;47;45
55.5;70.25;58;45.5;44.5
55.5;69.75;57.5;45;44
55.5;69.75;57.5;44;43
55.5;69.75;57;47.25;41.5
55.5;69.75;57;46.75;45.25
55;69.75;57;46.75;45.25
55;69.75;57;46.25;44.75
55;69.75;56.5;45.75;44.75
55;69.75;59.25;45.25;44.75
55;69.75;59.25;45.25;44.25
55;69.75;59.25;45.25;43.75
55;69.75;59.25;44.75;45
55;69.25;59.25;47;45
55;69.25;59.25;47;45
55;69.25;59.25;47;45
55;69.25;59.25;47;45
55;69.25;59.25;47;45
55;69.25;59.25;46.5;45
55;69.25;59.25;46;45
55;69.25;59.25;45.5;45
55;69.25;59.25;43.5;45
54.5;69.25;59.25;46.75;45
54.5;69.25;59.25;46.75;45
54.5;68.75;59.25;46.25;45
54.5;68.75;59.25;46.25;45
54.5;68.75;58.75;45.75;45
54.5;68.75;58.75;45.25;45
54.5;68.75;58.75;44.25;44.5
54;68.75;58.75;42.25;43
54;68.25;58.75;46.5;43
53.5;68.25;58.75;46.5;42
53.5;68.25;58.75;46.5;41.5
53.5;68.25;58.75;46.5;44.75
53.5;68.25;58.25;46.5;44.75
53.5;68.25;58.25;46.5;44.75
53.5;68.25;58.25;46.5;44.75
53;68.25;57.75;46;44.75
52.5;68.25;57.75;45.5;44.75
52.5;67.75;57.25;45.5;44.75
52.5;67.75;57.25;45;44.75
52;67.75;57.25;43;44.25
52;67.75;57.25;43;44.25
51.5;67.25;56.25;41.5;44.25
51.5;67.25;55.75;46.25;43.75
51.5;67.25;55.75;46.25;42.75
51.5;67.25;55.25;46.25;41.75
55.25;66.75;54.75;46.25;41.25
55.25;66.75;59;46.25;41.25
55.25;66.75;59;46.25;44.5
55.25;66.75;59;46.25;44.5
55.25;66.75;59;45.75;44.5
55.25;66.75;59;45.75;44.5
55.25;66.25;59;43.75;44.5
54.75;66.25;59;42.75;44.5
54.75;65.75;59;46;44.5
54.75;65.75;59;46;44
54.75;65.75;59;46;44
54.75;65.25;58.5;46;44
54.75;64.75;58.5;46;44
54.75;70;58.5;45.5;44
54.75;70;58.5;45.5;44
54.75;70;58;45;43.5
54.75;70;58;44.5;43
54.75;70;57.5;44;42.5
54.75;70;57;41.5;42
54.75;70;56.5;45.75;42
54.75;70;56;45.75;41
54.75;70;55.5;45.75;44.25
54.25;70;55.5;45.75;44.25
54.25;70;55;45.25;44.25
54.25;70;55;45.25;44.25
54.25;70;58.75;45.25;44.25
54.25;70;58.75;44.75;44.25
54.25;70;58.75;44.75;44.25
54.25;70;58.75;43.75;43.75
54.25;70;58.75;43.25;43.75
53.75;70;58.75;42.25;42.75
53.75;70;58.75;45.5;42.75
53.75;70;58.75;45.5;42.25
53.75;70;58.75;45.5;41.75
53.75;70;58.75;45.5;41.25
53.75;70;58.75;45.5;39.75
53.75;70;58.75;45;44
53.75;69.5;58.75;45;44
53.25;69.5;58.75;45;44
53.25;69.5;58.75;45;44
53.25;69.5;58.75;43.5;44
53.25;69.5;58.75;43.5;44
52.75;69.5;58.75;45.25;44
52.75;69.5;58.75;45.25;43.5
52.75;69.5;58.75;45.25;43.5
52.75;69.5;58.75;45.25;43.5
52.75;69.5;58.75;44.75;40
52.75;69.5;58.75;44.75;40
52.25;69.5;58.25;44.25;43.75
52.25;69.5;58.25;44.25;43.75
52.25;69.5;58.25;44.25;43.75
52.25;69.5;58.25;43.75;43.75
51.75;69.5;58.25;45;43.75
51.75;69.5;58.25;45;43.25
51.75;69;58.25;45;43.25
51.25;69;58.25;45;43.25
51.25;69;57.75;45;42.75
51.25;69;57.75;45;42.75
55;69;57.75;44.5;42.75
55;69;57.75;44.5;42.25
55;69;56.75;43.5;41.75
55;69;56.25;43;41.25
55;68.5;56.25;42;39.75
55;68.5;58.5;44.25;43.5
55;68.5;58.5;44.25;43
55;68;58.5;43.75;43
55;68;58.5;43.75;42.5
55;68;58.5;40.25;42.5
55;68;58.5;44.5;40
55;68;58.5;44.5;39.5
55;68;58.5;44.5;39.5
55;68;58.5;44.5;43.25
54.5;68;58.5;44.5;43.25
54.5;68;58.5;44.5;43.25
54.5;68;58.5;43.5;42.75
54.5;68;58.5;43.5;42.75
54.5;67.5;58.5;42.5;42.75
54.5;67.5;58.5;44.25;42.25
54.5;67.5;58.5;44.25;42.25
54.5;67.5;58.5;44.25;41.75
54.5;67.5;58.5;43.75;41.75
54.5;67.5;58.5;43.75;43
54.5;67;58.5;43.25;43
54.5;67;58;41.25;43
54;67;58;40.75;43
54;67;58;44;43
54;67;58;44;43
54;66.5;58;44;43
54;66.5;58;44;43
54;66.5;58;44;42.5
53.5;66.5;58;44;42.5
53;66.5;57.5;44;42.5
53;66.5;57.5;43.5;42.5
53;66.5;57.5;43.5;42.5
52.5;66;57;43.5;42
52.5;66;56.5;40.5;42
52.5;66;56;40.5;42
52;69.75;56;43.75;42
52;69.75;56;43.75;41.5
52;69.75;55;43.75;39.5
52;69.75;55;43.75;42.75
52;69.75;54.5;43.75;42.75
51.5;69.75;58.25;43.75;42.25
51.5;69.75;58.25;43.75;41.75
51.5;69.75;58.25;43.75;41.25
51.5;69.75;58.25;43.25;41.25
51;69.75;58.25;42.75;40.75
51;69.75;58.25;42.25;40.75
51;69.75;58.25;41.75;42.5
51;69.75;58.25;43.5;42.5
51;69.75;58.25;43.5;42.5
54.75;69.25;58.25;43.5;42.5
54.75;69.25;58.25;41.5;42.5
54.75;69.25;58.25;41.5;42.5
54.75;69.25;58.25;40;42.5
54.75;69.25;58.25;39.5;42.5
54.75;69.25;58.25;43.25;42.5
54.75;69.25;57.75;43.25;42.5
54.75;69.25;57.75;43.25;42.5
54.75;69.25;57.75;43.25;42.5
54.75;69.25;57.75;42.75;42
54.75;69.25;57.75;42.25;42
54.25;69.25;57.25;39.75;42
54.25;69.25;57.25;43;42
54.25;69.25;57.25;43;42
54.25;69.25;57.25;43;42
54.25;68.75;57.25;43;41
54.25;68.75;57.25;42.5;39.5
54.25;68.75;56.75;42.5;42.25
54.25;68.75;56.75;42;42.25
53.75;68.75;56.25;41.5;42.25
53.75;68.75;56.25;42.75;42.25
53.75;68.75;56.25;42.75;42.25
53.75;68.75;55.75;42.75;42.25
53.25;68.75;55.25;42.75;42.25
53.25;68.75;55.25;42.75;41.75
53.25;68.75;55.25;42.25;41.75
52.75;68.75;54.75;42.25;41.75
52.75;68.75;54.75;42.25;41.75
52.75;68.25;54.75;42.25;41.25
52.75;68.25;54.25;42.25;41.25
52.75;68.25;54.25;41.75;41.25
52.25;68.25;54.25;41.25;40.75
52.25;68.25;53.75;41.25;40.25
52.25;68.25;53.75;42.5;38.75
51.75;67.75;58;42.5;42
51.75;67.75;58;42.5;42
51.75;67.75;58;42.5;42
51.75;67.75;58;42.5;42
51.25;67.75;58;42.5;41.5
51.25;67.75;58;42;41.5
51.25;67.75;58;42;41.5
51.25;67.75;58;42;41.5
51.25;67.75;58;42;41
50.75;67.25;58;41.5;41
50.25;67.25;58;42.25;40.5
50.25;67.25;58;42.25;39.5
50.25;67.25;58;42.25;38.5
54.5;67.25;58;42.25;38
54.5;67.25;58;42.25;41.75
54.5;66.75;58;42.25;41.75
54.5;66.75;58;41.75;41.75
54.5;66.75;58;41.75;41.25
54.5;66.75;57.5;41.25;40.75
54.5;66.75;57.5;40.25;38.75
54.5;66.75;57.5;42;41.5
54;66.25;57.5;41.5;41
54;66.25;57.5;41.5;41
54;66.25;57.5;41.5;41
54;66.25;57.5;41;39.5
54;65.75;57;39;39
54;65.75;57;41.75;39
54;65.25;57;41.25;41.25
54;65.25;57;41.25;40.75
54;65.25;56.5;40.25;40.25
54;64.25;56.5;41.5;39.25
54;69.5;56;41;41
54;69.5;55.5;41;41
53.5;69.5;55.5;40.5;41
53.5;69.5;55.5;40.5;41
53.5;69.5;55.5;39.5;41
53.5;69.5;55;39;41
53.5;69.5;54.5;38;41
53.5;69.5;54;41.25;41
53.5;69.5;54;41.25;41
53.5;69.5;57.75;41.25;40.5
53;69.5;57.75;41.25;40.5
52.5;69.5;57.75;40.75;40.5
52.5;69.5;57.75;40.25;40.5
52;69.5;57.75;38.75;40.5
52;69.5;57.75;36.75;37.5
52;69.5;57.75;36.25;40.75
52;69.5;57.75;41;40.75
51.5;69;57.75;40.5;40.25
51.5;69;57.75;40;40.25
51;69;57.75;39.5;40.25
51;69;57.75;37;40.25
51;69;57.75;40.75;40.25
50.5;69;57.25;40.75;36.75
50.5;69;57.25;40.25;40.5
50;69;57.25;39.75;40.5
50;69;56.75;37.75;40
54.25;69;56.75;36.25;40
54.25;69;56.75;40.5;40.25
54.25;69;56.75;40.5;39.75
54.25;69;56.25;40.5;39.75
54.25;69;56.25;40.5;39.75
53.75;69;56.25;40;39.75
53.75;69;56.25;40;39.75
53.75;68.5;55.75;40;39.75
53.75;68.5;55.25;40;39.25
53.75;68.5;55.25;40;38.75
53.75;68.5;53.75;39.5;38.75
53.75;68.5;53.75;40.25;38.75
53.75;68.5;57.5;40.25;37.75
53.75;68.5;57.5;39.75;40
53.75;68.5;57.5;39.75;39.5
53.75;68.5;57.5;39.75;39.5
53.75;68.5;57.5;37.25;39.5
53.25;68.5;57.5;40;39.5
53.25;68;57.5;40;39.5
53.25;68;57.5;40;39.5
52.75;68;57.5;40;39
52.75;68;57.5;39.5;36.5
52.75;68;57.5;39.5;39.75
52.75;68;57.5;39.5;39.75
52.25;68;57.5;39.5;39.25
51.75;67.5;57.5;39;39.25
51.75;67.5;57.5;39;37.75
51.75;67.5;57.5;36.5;36.25
51.25;67.5;57.5;39.75;39.5
50.75;67.5;57.5;39.75;39
50.75;67.5;57.5;39.75;39
50.75;67;57;39.25;38.5
50.25;67;57;39.25;38
50.25;67;56.5;39.25;39.25
49.75;67;56.5;38.75;39.25
49.25;67;56;37.75;38.75
54;66.5;55.5;35.75;38.75
54;66.5;55.5;39.5;38.25
54;66.5;55.5;39.5;37.25
54;66.5;55.5;39;36.75
54;66.5;55.5;38;39
54;66.5;55;34.5;38.5
54;66;54.5;39.25;38
54;66;54.5;39.25;38.75
54;66;54;38.75;38.75
54;66;54;38.25;38.75
53.5;66;57.25;39;38.75
53.5;65.5;57.25;39;38.75
53.5;65;57.25;39;38.75
53.5;65;57.25;38;38.25
53.5;65;57.25;38;38.25
53.5;65;57.25;38.75;38.25
53.5;65;57.25;38.25;37.75
53.5;65;57.25;37.25;37.25
53.5;64.5;57.25;38.5;34.75
53.5;69.25;57.25;38.5;38.5
53.5;69.25;57.25;38;38.5
53.5;69.25;56.75;38;38.5
53.5;69.25;56.75;38;38
53.5;69.25;56.75;37.5;38
53.5;69.25;56.75;35.5;38
53;69.25;56.75;38.25;38
53;69.25;56.75;38.25;37
53;69.25;56.25;38.25;38.25
53;69.25;56.25;38.25;37.75
53;69.25;56.25;37.75;35.75
53;69.25;56.25;37.75;34.75
53;69.25;56.25;37.75;38
52.5;69.25;55.75;36.75;37.5
52.5;69.25;55.75;35.25;37.5
52.5;69.25;55.75;38;37.5
52.5;69.25;54.75;38;37.5
52;68.75;54.75;38;35.5
52;68.75;54.25;38;37.75
52;68.75;53.75;37.5;37.75
52;68.75;53.75;37.5;37.25
52;68.75;53.75;37.5;37.25
51.5;68.75;53.25;37.5;37.25
51.5;68.75;57;37.75;36.75
51.5;68.75;57;37.25;36.75
51;68.75;57;37.25;36.75
51;68.75;57;37.25;35.75
51;68.25;57;37.25;34.75
50.5;68.25;57;36.75;34.25
50.5;68.25;57;34.75;37.5
50;68.25;57;37.5;37.5
49.5;68.25;57;37.5;37
49.5;68.25;57;37.5;37
53.75;68.25;56.5;37.5;36.5
53.75;68.25;56.5;37;36
53.75;68.25;56.5;37;35
53.75;68.25;56.5;36.5;36.75
53.75;68.25;56.5;36.5;37
53.75;68.25;56.5;37.25;37
53.75;68.25;56.5;37.25;37
53.75;68.25;56.5;37.25;37
53.75;68.25;56;36.25;37
53.75;67.75;55.5;34.75;37
53.25;67.75;55.5;37;36.5
53.25;67.75;55.5;37;36
53.25;67.75;55;37;35
53.25;67.75;55;37;33.5
53.25;67.75;54.5;36;36.75
53.25;67.25;54;35.5;36.75
53.25;67.25;53.5;36.75;36.75
53.25;67.25;53.5;36.75;36.75
53.25;67.25;53.5;36.75;36.75
53.25;67.25;53;36.75;36.75
53.25;67.25;52;36.75;36.25
53.25;67.25;56.75;36.75;36.25
53.25;67.25;56.75;36.25;35.25
53.25;67.25;56.75;34.25;35.25
52.75;67.25;56.75;32.75;36.5
52.75;67.25;56.75;36.5;36.5
52.75;66.75;56.75;36.5;36
52.75;66.75;56.75;36.5;35.5
52.25;66.75;56.75;36.5;35
52.25;66.25;56.75;36.5;34.5
52.25;66.25;56.75;34;33
51.75;66.25;56.75;36.25;36.25
51.25;66.25;56.75;36.25;36.25
51.25;65.75;56.75;36.25;36.25
50.75;65.75;56.75;35.75;36.25
50.75;65.75;56.75;35.75;36.25
50.75;65.75;56.25;36;35.75
50.75;65.75;56.25;36;35.25
50.75;65.25;56.25;36;34.75
50.75;65.25;56.25;36;34.75
50.25;65.25;56.25;36;33.25
50.25;65.25;56.25;34.5;31.75
50.25;65.25;56.25;34.5;36
49.75;65.25;56.25;34.75;35.5
49.25;65.25;56.25;34.75;35.5
53.5;65.25;56.25;33.75;35.5
53.5;65.25;55.75;35.5;35.5
53.5;64.75;55.75;35.5;35.5
53.5;64.75;55.25;35.5;35
53.5;64.75;55.25;35.5;35.75
53.5;64.75;55.25;35;35.75
53.5;69;55.25;35;35.25
53;69;54.75;35;34.75
53;69;54.75;35.25;34.75
53;69;53.75;35.25;33.75
53;69;53.75;35.25;32.75
53;69;53.75;34.75;35.5
53;69;53.75;32.25;35.5
53;69;53.75;35;35.5
52.5;69;53.25;35;34.5
52.5;69;52.75;35;34
52.5;69;52.25;35;34
52.5;69;56.5;35;33
52.5;69;56.5;35;35.25
52.5;69;56.5;34.5;35.25
52.5;69;56.5;34.5;35.25
52;69;56.5;34.5;34.75
51.5;69;56.5;34;34.75
51.5;69;56.5;34.75;34.75
51.5;69;56.5;34.75;33.25
51.5;69;56.5;34.25;35
51.5;69;56.5;34.25;35
51.5;69;56.5;32.25;35
51;69;56.5;34.5;34.5
51;69;56.5;34.5;34.5
50.5;68.5;56.5;34.5;34
50.5;68.5;56;33;31.5
50;68.5;56;34.25;34.75
50;68.5;56;34.25;34.75
50;68.5;56;34.25;34.25
49.5;68.5;56;33.75;34.25
49.5;68.5;56;33.75;32.75
53.25;68.5;56;33.75;31.25
53.25;68.5;56;33.75;34.5
53.25;68.5;56;29.75;34.5
53.25;68.5;55.5;34;34.5
53.25;68.5;55.5;34;34.5
53.25;68;55;34;34
53.25;68;54.5;33.5;34
53.25;68;53;33.5;34
53.25;68;53;33.5;34
53.25;68;53;33.75;33
53.25;68;53;33.25;32.5
53.25;68;52.5;33.25;32.5
53.25;67.5;52;30.75;34.25
52.75;67.5;56.25;33;33.75
52.75;67.5;56.25;33;33.75
52.75;67.5;56.25;33.25;32.75
52.75;67.5;56.25;33;32.25
52.75;67.5;56.25;33;34
52.75;67.5;56.25;32.5;34
52.75;67;56.25;32;34
52.75;67;56.25;31.5;33.5
52.75;66.5;56.25;32.75;33.5
52.75;66.5;56.25;32.75;33.5
52.25;66.5;56.25;32.75;32
52.25;66.5;56.25;32.75;31
52.25;66.5;56.25;31.75;31
52.25;66.5;56.25;32.5;33.75
52.25;66.5;56.25;30.5;33.75
52.25;66;56.25;32.25;33.75
51.75;66;56.25;31.75;33.75
51.75;66;56.25;31.75;33.25
51.25;65.5;56.25;31.75;33.25
51.25;65.5;56.25;29.75;33.5
50.75;65.5;56.25;32;33.5
50.75;65.5;56.25;32;33
50.75;65.5;56.25;31.75;33
50.25;65.5;55.75;31.75;33
50.25;65.5;55.75;31.25;32.75
50.25;65.5;55.25;31.25;31.25
49.75;65.5;55.25;31.25;33
49.75;65.5;55.25;31;33
49.25;65;54.25;30.75;32.5
49.25;65;54.25;28.75;32.5
49.25;65;53.75;28.75;32.5
49.25;65;53.75;31;32.5
48.75;65;52.75;31;32.5
48.75;65;51.75;31;32
53;65;56;30.5;32.75
53;65;56;30.75;32.75
53;64.5;56;30.75;32.75
53;64.5;56;30.75;31.75
53;64.5;56;30.75;31.25
53;64;56;30.75;32.5
53;68.75;56;30.5;32.5
53;68.75;56;30.5;32.5
53;68.75;56;30;32
52.5;68.75;56;30.25;32
52.5;68.75;56;30.25;32.25
52.5;68.75;56;29.75;32.25
52.5;68.75;56;29.75;32.25
52.5;68.75;55.5;29.75;31.75
52.5;68.75;55.5;30;31.25
52.5;68.75;55;30;32
52.5;68.75;55;30;31.5
52.5;68.75;55;30;31.75
52.5;68.75;55;29;31.75
52.5;68.75;55;28;31.25
52.5;68.75;54.5;29.75;31.25
52;68.75;54.5;29.25;31.25
52;68.75;54;29.25;31.25
52;68.75;54;29.5;30.75
51.5;68.75;54;29;31.5
51.5;68.75;53;29;31.5
51.5;68.75;52.5;29;31.5
51.5;68.75;52.5;29.25;31.5
51;68.75;51.5;29.25;31
51;68.75;55.75;29;31
51;68.75;55.75;28.5;31.25
50.5;68.75;55.75;28;31.25
50.5;68.75;55.75;28.25;31.25
50.5;68.75;55.75;25.75;30.75
50.5;68.25;55.75;28.5;30.75
50.5;68.25;55.75;28.5;30.25
50.5;68.25;55.75;28.5;31
50;68.25;55.75;28.5;31
50;68.25;55.75;27.5;31
50;68.25;55.75;28.25;30.5
50;68.25;55.25;27.75;30.5
50;68.25;55.25;28;30
49.5;68.25;55.25;26;29.5
49.5;68.25;54.75;25.5;30.75
49.5;68.25;54.75;25;30.75
49;68.25;54.75;24;30.25
49;68.25;54.75;27.75;29.75
49;68.25;54.25;27.75;28.75
49;68.25;54.25;27.75;26.75
49;67.75;53.75;27.75;30.5
49;67.75;53.75;27.25;30.5
49;67.75;53.75;25.75;30.5
49;67.75;52.75;27.5;30.5
52.75;67.75;52.25;27;29
52.75;67.75;51.75;27;27
52.75;67.75;55.5;27.25;30.25
52.75;67.75;55.5;27;30.25
52.75;67.25;55.5;27;29.75
52.75;67.25;55.5;25.75;29.75
52.25;67.25;55.5;26.5;30
52.25;67.25;55.5;26.5;30
52.25;67.25;55.5;26.25;30
52.25;67.25;55.5;26.25;29.75
52.25;66.75;55.5;26.25;29.75
52.25;66.75;55.5;25.5;29.25
52.25;66.75;55.5;22;29.25
52.25;66.75;55.5;25.75;27.25
52.25;66.75;55;25.25;29.5
52.25;66.25;55;25.25;29
52.25;66.25;55;24.75;28.5
52.25;66.25;55;24.75;29.25
52.25;65.75;55;24.75;29.25
52.25;65.75;55;23.5;28.75
52.25;65.75;55;25.25;28.75
52.25;65.25;55;24.75;25.75
51.75;65.25;55;24.5;29
51.75;65.25;54.5;24.5;28.5
51.75;64.75;54.5;23.5;26
51.75;64.75;54.5;22.5;28.75
51.75;64.75;54.5;23.5;27.75
51.75;64.75;54.5;23;28.5
51.75;64.75;54.5;23;28
51.25;64.75;53.5;22;28
50.75;64.25;53.5;22.5;24
50.25;63.25;53.5;22;28.25
50.25;68.5;53.5;22.25;28
50.25;68.5;53;21.75;25.5
49.75;68.5;53;21.25;25.5
49.25;68.5;52;18;25.5
48.25;68.5;52;21.25;27.75
47.75;68.5;51.5;21.25;27.75
52.5;68.5;51.5;21.25;27.25
52.5;68.5;51.5;20.25;27.25
52.5;68.5;51.5;20.5;27.5
52.5;68.5;51;20;27.5
52.5;68.5;55.25;20;27.5
52.5;68.5;55.25;20;26.5
52.5;68.5;55.25;19.75;27.25
52;68.5;55.25;18.75;27.25
52;68.5;55.25;19.5;26.75
52;68.5;55.25;19.25;27
52;68.5;55.25;19.25;27
52;68.5;55.25;19.25;26.5
51.5;68.5;55.25;18.75;26.5
51;68.5;55.25;18.75;26
51;68.5;54.75;18.25;26.25
50.5;68.5;54.75;18.5;26.5
50.5;68;54.75;18;26
50.5;68;54.75;18.25;25.5
50.5;68;54.75;18.25;26.25
50;68;54.25;17.75;26
50;68;54.25;17.75;25.75
49.5;68;54.25;17.5;25.75
49.5;68;54.25;16.5;25.75
49.5;68;53.75;16.5;25.25
49;68;53.75;16.5;25.25
49;68;53.25;16.25;25.5
48.5;68;53.25;15;25
48.5;68;52.75;14;25
48;68;52.75;13.75;25.25
52.25;67.5;52.75;13.75;24.75
52.25;67.5;52.75;13.25;22.75
52.25;67.5;52.75;12.5;25
51.75;67.5;52.25;10.75;25
51.75;67.5;51.75;0;24.75
51.75;67.5;51.25;0;24.25
51.75;67.5;51.25;;24.25
51.75;67.5;51.25;;23.75
51.75;67.5;51.25;;23.75
51.75;67.5;55;;23.5
51.75;67.5;55;;23.75
51.75;67;55;;23.75
51.75;67;55;;23.5
51.75;67;55;;23.5
51.75;67;55;;23.5
51.75;67;55;;23.25
51.75;67;55;;23.25
51.75;66.5;55;;23.25
51.75;66.5;55;;23
51.25;66.5;55;;23
51.25;66.5;55;;22.5
51.25;66.5;55;;22
51.25;66.5;55;;21.25
51.25;66;54.5;;20.25
50.75;66;54.5;;22.5
50.75;66;54.5;;22.5
50.25;66;54.5;;22.25
50.25;65.5;54.5;;22.25
50.25;65.5;54.5;;22.25
50.25;65.5;54.5;;22
49.75;65;54;;20
49.75;65;53.5;;21.75
49.75;65;53.5;;21.75
49.75;64.5;53.5;;21.25
49.25;64.5;53.5;;21.5
48.75;64.5;53;;21.25
48.75;64.5;53;;21.25
48.25;64;53;;20.75
48.25;64;52.5;;20.5
47.75;64;52;;20
52;68.25;51;;18
52;68.25;54.75;;19.75
52;68.25;54.75;;19.75
52;68.25;54.75;;16.75
52;68.25;54.75;;19.5
52;68.25;54.75;;19.5
51.5;68.25;54.75;;19
51.5;68.25;54.75;;19
51.5;68.25;54.75;;18.75
51.5;68.25;54.75;;18.5
51.5;68.25;54.75;;18
51.5;68.25;54.75;;17.75
51.5;68.25;54.75;;18
51.5;68.25;54.25;;17.75
51.5;68.25;54.25;;17.75
51.5;68.25;54.25;;17.25
51;68.25;54.25;;16.75
51;68.25;54.25;;16.75
51;68.25;54.25;;17
51;68.25;53.75;;16.25
51;67.75;53.75;;16.5
51;67.75;53.75;;16
51;67.75;53.75;;16.25
51;67.75;53.75;;16.25
50.5;67.75;53.25;;16
50.5;67.75;52.75;;16
50;67.75;52.25;;13.75
50;67.75;52.25;;15.5
49.5;67.75;51.75;;15.25
49.5;67.75;51.25;;15
49.5;67.75;51.25;;14.75
49;67.75;54.5;;14.5
49;67.75;54.5;;13.5
48.5;67.75;54.5;;13.25
48.5;67.75;54.5;;12.75
48.5;67.25;54.5;;12.25
48;67.25;54.5;;10.5
48;67.25;54.5;;10.25
48;67.25;54.5;;9.75
48;67.25;54.5;;9.25
48;67.25;54.5;;8.5
47.5;67.25;54.5;;8.5
47.5;67.25;54.5;;8.5
47;67.25;54.5;;8.25
51.75;67.25;54.5;;2.75
51.75;67.25;54;;0
51.75;67.25;54;;1.75
51.75;67.25;54;;0
51.75;67.25;54;;0
51.25;67.25;54;;1.25
51.25;67.25;54;;
51.25;67.25;54;;
51.25;66.75;53.5;;
51.25;66.75;53.5;;
51.25;66.75;53.5;;
51.25;66.75;53;;
51.25;66.75;52.5;;
51.25;66.75;52.5;;
51.25;66.25;52.5;;
51.25;66.25;52.5;;
51.25;66.25;52;;
51.25;66.25;52;;
50.75;66.25;52;;
50.75;66.25;52;;
50.75;66.25;51.5;;
50.75;66.25;51.5;;
50.75;65.75;51.5;;
50.75;65.25;50.5;;
50.25;65.25;50.5;;
50.25;65.25;54.25;;
50.25;65.25;54.25;;
50.25;65.25;54.25;;
49.25;65.25;54.25;;
48.25;65.25;54.25;;
48.25;64.75;54.25;;
47.75;64.75;54.25;;
47.25;64.75;54.25;;
51.5;64.75;54.25;;
51.5;64.75;54.25;;
51.5;64.75;54.25;;
51.5;64.75;54.25;;
51.5;64.75;54.25;;
51;64.75;54.25;;
51;64.25;54.25;;
51;64.25;53.75;;
51;64.25;53.75;;
51;64.25;53.75;;
51;64.25;53.75;;
51;64.25;53.75;;
51;64.25;53.75;;
50.5;63.75;53.75;;
50.5;63.75;53.75;;
50.5;63.75;53.25;;
50.5;63.75;53.25;;
50;68;53.25;;
50;68;53.25;;
49.5;68;52.75;;
49.5;68;50.75;;
49.5;68;49.25;;
49.5;68;54;;
48.5;68;54;;
48;68;54;;
48;68;54;;
48;68;54;;
48;68;54;;
47.5;68;54;;
47;68;54;;
51.25;68;54;;
51.25;68;54;;
51.25;68;53.5;;
51.25;68;53.5;;
51.25;68;53.5;;
51.25;68;53.5;;
51.25;67.5;53.5;;
50.75;67.5;53.5;;
50.75;67.5;53.5;;
50.75;67.5;53;;
50.75;67.5;53;;
50.75;67.5;53;;
50.75;67.5;53;;
50.75;67.5;53;;
50.25;67.5;53;;
50.25;67.5;52.5;;
50.25;67.5;52.5;;
50.25;67.5;52.5;;
50.25;67.5;51;;
50.25;67.5;51;;
50.25;67.5;50.5;;
49.75;67.5;50;;
49.75;67.5;49.5;;
48.75;67.5;53.75;;
48.75;67.5;53.75;;
48.75;67.5;53.75;;
48.25;67;53.75;;
48.25;67;53.75;;
48.25;67;53.75;;
48.25;67;53.75;;
47.75;67;53.75;;
47.75;67;53.75;;
47.75;67;53.75;;
51;67;53.75;;
51;67;53.75;;
51;67;53.25;;
51;66.5;53.25;;
51;66.5;53.25;;
50.5;66.5;53.25;;
50.5;66.5;53.25;;
50.5;66;52.75;;
50.5;66;52.75;;
50.5;66;52.75;;
50.5;66;52.75;;
50.5;65.5;52.75;;
50.5;65.5;52.25;;
50.5;65;52.25;;
50.5;65;51.75;;
50.5;65;51.25;;
50.5;65;50.75;;
50.5;64.5;50.25;;
50.5;64.5;49.25;;
50.5;64.5;53.5;;
50;64.5;53.5;;
50;64;53.5;;
50;64;53.5;;
50;63.5;53.5;;
49.5;63.5;53.5;;
49.5;63.5;53.5;;
49.5;63;53.5;;
49.5;63;53.5;;
49.5;67.75;53.5;;
49.5;67.75;53.5;;
49;67.75;53.5;;
49;67.75;53;;
49;67.75;53;;
48;67.75;52;;
47.5;67.75;52;;
47.5;67.75;52;;
47.5;67.75;52;;
47.5;67.75;51.5;;
47.5;67.75;50.5;;
47.5;67.75;49.5;;
47;67.75;49.5;;
47;67.75;53.25;;
47;67.75;53.25;;
50.75;67.75;53.25;;
50.75;67.75;53.25;;
50.25;67.75;53.25;;
50.25;67.75;53.25;;
50.25;67.75;53.25;;
50.25;67.75;53.25;;
50.25;67.25;53.25;;
50.25;67.25;52.75;;
50.25;67.25;52.75;;
50.25;67.25;52.75;;
50.25;67.25;52.25;;
49.75;67.25;52.25;;
49.75;67.25;52.25;;
49.75;67.25;52.25;;
49.75;67.25;51.75;;
49.75;67.25;51.25;;
49.75;67.25;51.25;;
49.75;67.25;50.75;;
49.25;66.75;50.75;;
49.25;66.75;49.75;;
48.75;66.75;48.25;;
48.75;66.75;53;;
48.75;66.75;53;;
48.25;66.75;53;;
48.25;66.25;53;;
48.25;66.25;53;;
48.25;66.25;53;;
47.75;66.25;53;;
47.75;65.75;53;;
47.25;65.75;53;;
47.25;65.75;53;;
46.75;65.75;53;;
50.5;65.75;53;;
50.5;65.75;53;;
50.5;65.25;53;;
50.5;65.25;53;;
50.5;65.25;52.5;;
50.5;65.25;52.5;;
50.5;65.25;52.5;;
50.5;64.75;52.5;;
50;64.75;52.5;;
50;64.75;52.5;;
50;64.25;52.5;;
50;64.25;52.5;;
50;64.25;52.5;;
50;64.25;52.5;;
50;64.25;52.5;;
50;64.25;52;;
50;64.25;51.5;;
50;64.25;51.5;;
50;64.25;51;;
50;64.25;51;;
50;64.25;50.5;;
50;64.25;50;;
50;64.25;49.5;;
49.5;63.75;49.5;;
48.5;63.75;49;;
48;63.75;49;;
48;63.75;52.75;;
48;63.75;52.75;;
48;63.75;52.75;;
47.5;63.25;52.75;;
47;63.25;52.75;;
46.5;63.25;52.75;;
46.5;63.25;52.75;;
46.5;63.25;52.25;;
50.25;62.75;52.25;;
50.25;67.5;52.25;;
49.75;67.5;51.75;;
49.75;67.5;51.75;;
49.75;67.5;51.75;;
49.75;67.5;51.75;;
49.75;67.5;51.25;;
49.75;67.5;50.75;;
49.75;67.5;50.75;;
49.75;67.5;50.25;;
49.75;67.5;49.75;;
49.75;67.5;49.75;;
49.75;67.5;48.25;;
49.25;67.5;52.5;;
49.25;67.5;52.5;;
49.25;67.5;52.5;;
49.25;67.5;52.5;;
49.25;67.5;52.5;;
49.25;67.5;52.5;;
48.75;67.5;52.5;;
48.75;67.5;52.5;;
48.75;67;52.5;;
48.75;67;52.5;;
48.25;67;52.5;;
48.25;67;52;;
47.25;67;52;;
47.25;67;52;;
46.75;67;52;;
46.75;67;52;;
46.75;67;52;;
46.75;67;52;;
50;67;52;;
50;67;52;;
50;67;52;;
50;66.5;52;;
50;66.5;52;;
50;66.5;52;;
50;66.5;52;;
50;66.5;51.5;;
50;66.5;51.5;;
50;66.5;51.5;;
50;66.5;51.5;;
49.5;66.5;51;;
49.5;66.5;51;;
49.5;66;50.5;;
49.5;66;50;;
49.5;66;50;;
49.5;66;52.25;;
49.5;66;52.25;;
49.5;66;52.25;;
49.5;65.5;52.25;;
49.5;65.5;52.25;;
49.5;65.5;52.25;;
49.5;65.5;52.25;;
49;65.5;52.25;;
49;65.5;52.25;;
48.5;65.5;52.25;;
48;65.5;52.25;;
47.5;65;52.25;;
47.5;65;52.25;;
47;65;52.25;;
47;64.5;52.25;;
47;64.5;52.25;;
47;64.5;52.25;;
46.5;64.5;51.75;;
46.5;64.5;51.75;;
45.5;64.5;51.75;;
49.75;64.5;51.75;;
49.75;64.5;51.75;;
49.75;64;51.75;;
49.75;64;51.75;;
49.25;64;51.75;;
49.25;64;51.75;;
49.25;64;51.25;;
49.25;64;51.25;;
49.25;63.5;51.25;;
49.25;63.5;51.25;;
49.25;63.5;50.75;;
49.25;63.5;50.75;;
49.25;63.5;50.25;;
49.25;63.5;50.25;;
49.25;63.5;49.75;;
49.25;63.5;49.25;;
49.25;63;48.75;;
49.25;62.5;48.25;;
49.25;62.5;52;;
49.25;67.25;52;;
49.25;67.25;52;;
48.75;67.25;52;;
48.75;67.25;52;;
48.75;67.25;52;;
48.75;67.25;52;;
48.75;67.25;51.5;;
48.25;67.25;51.5;;
48.25;67.25;51.5;;
47.75;67.25;51;;
47.25;67.25;51;;
47.25;67.25;50.5;;
47.25;67.25;50.5;;
46.75;67.25;50;;
46.25;67.25;49.5;;
46.25;67.25;49.5;;
46.25;67.25;49.5;;
46.25;67.25;49.5;;
45.75;67.25;49;;
45.25;67.25;48.5;;
45.25;67.25;47.5;;
45.25;67.25;51.75;;
49.5;66.75;51.75;;
49.5;66.75;51.75;;
49.5;66.75;51.75;;
49.5;66.75;51.75;;
49.5;66.75;51.75;;
49;66.75;51.75;;
49;66.75;51.75;;
49;66.75;51.75;;
49;66.75;51.75;;
49;66.75;51.75;;
49;66.75;51.75;;
48.5;66.75;51.75;;
48.5;66.75;51.75;;
48.5;66.75;51.25;;
48.5;66.75;51.25;;
48.5;66.75;51.25;;
48;66.25;51.25;;
47.5;66.25;51.25;;
47.5;66.25;50.75;;
46.5;66.25;50.75;;
46.5;66.25;50.75;;
46;66.25;50.25;;
46;66.25;49.75;;
46;66.25;49.75;;
46;66.25;49.75;;
44.5;66.25;48.75;;
49.25;66.25;48.75;;
49.25;66.25;48.75;;
49.25;66.25;48.25;;
49.25;66.25;47.75;;
49.25;66.25;51.5;;
49.25;66.25;51.5;;
49.25;66.25;51.5;;
49.25;66.25;51.5;;
48.75;66.25;51.5;;
48.75;66.25;51.5;;
48.75;66.25;51.5;;
48.75;65.75;51.5;;
48.75;65.75;51.5;;
48.75;65.75;51.5;;
48.75;65.75;51.5;;
48.75;65.75;51.5;;
48.75;65.25;51.5;;
48.75;65.25;51.5;;
48.25;65.25;51.5;;
48.25;65.25;51.5;;
48.25;65.25;51.5;;
48.25;65.25;51;;
45.25;65.25;51;;
44.75;65.25;51;;
49;64.75;51;;
49;64.75;51;;
49;64.75;51;;
49;64.75;50.5;;
49;64.75;50.5;;
49;64.25;50.5;;
49;64.25;50.5;;
49;64.25;50;;
49;64.25;50;;
49;64.25;50;;
49;64.25;50;;
49;64.25;49.5;;
48.5;64.25;49.5;;
48.5;64.25;49.5;;
48.5;64.25;49.5;;
48.5;64.25;49.5;;
48.5;64.25;49;;
48.5;63.75;49;;
48.5;63.75;47;;
48.5;63.25;51.25;;
48.5;63.25;51.25;;
48.5;63.25;51.25;;
48.5;63.25;51.25;;
48.5;63.25;51.25;;
48.5;62.75;51.25;;
48.5;62.75;51.25;;
48.5;62.75;51.25;;
48;62.75;51.25;;
48;62.25;51.25;;
48;62.25;51.25;;
47.5;67;51.25;;
47;67;50.75;;
47;67;50.75;;
46.5;67;50.75;;
46.5;67;50.75;;
46.5;67;50.75;;
46.5;67;50.75;;
46;67;50.75;;
46;67;50.25;;
45.5;67;49.75;;
45.5;67;49.75;;
45;67;49.75;;
48.75;67;49.25;;
48.75;67;49.25;;
48.75;67;48.75;;
48.75;66.5;48.75;;
48.75;66.5;48.25;;
48.75;66.5;51;;
48.75;66.5;51;;
48.75;66.5;51;;
48.25;66.5;51;;
48.25;66.5;51;;
48.25;66.5;51;;
48.25;66.5;51;;
48.25;66.5;51;;
48.25;66.5;51;;
48.25;66.5;50.5;;
48.25;66.5;50.5;;
48.25;66.5;50;;
48.25;66;50;;
47.75;66;50;;
47.75;66;50;;
47.75;66;49.5;;
47.75;66;49;;
47.75;66;48;;
47.75;66;47;;
47.75;66;47;;
47.25;66;47;;
47.25;66;50.75;;
46.75;66;50.75;;
46.75;66;50.75;;
45.75;66;50.75;;
45.25;66;50.75;;
44.75;65.5;50.25;;
48.5;65.5;50.25;;
48.5;65.5;50.25;;
48.5;65.5;50.25;;
48.5;65;50.25;;
48.5;65;50.25;;
48.5;65;50.25;;
48;65;50.25;;
48;65;50.25;;
48;65;50.25;;
48;65;49.75;;
48;65;49.75;;
48;64.5;49.25;;
48;64.5;48.75;;
48;64;48.75;;
48;64;48.25;;
47.5;64;48.25;;
47;64;47.75;;
47;63.5;47.75;;
46.5;63.5;47.25;;
46.5;63.5;47.25;;
46.5;63.5;50.5;;
46.5;63.5;50.5;;
46.5;63;50.5;;
46;62;50.5;;
46;66.75;50.5;;
46;66.75;50.5;;
46;66.75;50.5;;
45.5;66.75;50.5;;
45.5;66.75;50.5;;
44.5;66.75;50;;
44.5;66.75;50;;
44.5;66.75;50;;
48.25;66.75;50;;
48.25;66.75;49.5;;
48.25;66.75;49;;
48.25;66.75;48.5;;
48.25;66.75;47.5;;
48.25;66.75;50.25;;
48.25;66.25;50.25;;
48.25;66.25;50.25;;
47.75;66.25;50.25;;
47.75;66.25;50.25;;
47.75;66.25;50.25;;
47.75;66.25;49.75;;
47.75;66.25;49.75;;
47.75;66.25;49.75;;
47.75;66.25;49.75;;
47.75;66.25;49.75;;
47.75;66.25;49.75;;
47.75;66.25;49.25;;
47.75;66.25;49.25;;
47.25;66.25;48.75;;
47.25;65.75;48.75;;
47.25;65.75;46.25;;
47.25;65.75;50;;
46.75;65.75;50;;
46.25;65.75;50;;
46.25;65.75;50;;
45.25;65.75;50;;
45.25;65.75;50;;
45.25;65.75;50;;
44.75;65.75;50;;
44.75;65.75;50;;
44.75;65.75;50;;
44.25;65.25;50;;
43.75;65.25;50;;
48;65.25;50;;
48;65.25;50;;
47.5;65.25;50;;
47.5;65.25;50;;
47.5;65.25;49.5;;
47.5;65.25;49.5;;
47;65.25;49.5;;
47;64.75;49.5;;
47;64.75;49.5;;
47;64.75;49;;
47;64.75;49;;
45.5;64.75;48;;
45.5;64.25;47.5;;
45.5;64.25;47;;
45;64.25;47;;
45;63.75;45.5;;
45;63.75;49.75;;
44;63.75;49.75;;
44;63.75;49.75;;
44;63.25;49.75;;
47.75;63.25;49.75;;
47.75;63.25;49.75;;
47.75;63.25;49.75;;
47.75;63.25;49.75;;
47.75;63.25;49.75;;
47.75;63.25;49.75;;
47.25;62.75;49.75;;
47.25;62.75;49.25;;
47.25;62.75;49.25;;
47.25;62.75;48.75;;
47.25;62.75;48.75;;
46.75;62.75;48.75;;
46.75;62.75;48.25;;
46.75;62.75;47.75;;
46.25;62.75;47.75;;
45.75;62.25;46.75;;
45.75;61.75;45.75;;
45.75;66.5;49.5;;
44.75;66.5;49.5;;
44.75;66.5;49.5;;
43.25;66.5;49.5;;
47.5;66.5;49.5;;
47.5;66.5;49.5;;
47.5;66.5;49.5;;
47;66.5;49.5;;
47;66.5;49;;
47;66.5;49;;
47;66.5;49;;
47;66.5;49;;
47;66.5;49;;
47;66;48.5;;
46.5;66;48.5;;
46.5;66;48.5;;
46;66;48.5;;
45.5;66;48;;
45.5;66;45.5;;
45.5;66;49.25;;
45.5;66;49.25;;
45;66;49.25;;
45;66;49.25;;
45;66;49.25;;
44;66;49.25;;
44;66;49.25;;
43;66;49.25;;
47.25;66;49.25;;
47.25;65.5;49.25;;
47.25;65.5;48.75;;
47.25;65.5;48.75;;
47.25;65.5;48.75;;
46.75;65.5;48.75;;
46.75;65.5;48.75;;
46.75;65.5;48.75;;
46.75;65.5;48.75;;
46.25;65;48.75;;
46.25;65;48.25;;
46.25;65;47.25;;
46.25;65;46.75;;
46.25;65;46.25;;
46.25;65;45.75;;
45.25;65;45.25;;
45.25;65;49;;
45.25;64.5;49;;
45.25;64.5;49;;
44.25;64.5;49;;
44.25;64.5;49;;
44.25;64.5;49;;
43.25;64.5;49;;
42.75;64.5;48.5;;
47;64;48.5;;
47;64;48.5;;
47;64;48.5;;
47;64;48.5;;
47;63.5;48;;
47;63.5;48;;
47;63.5;47.5;;
46.5;63.5;45.5;;
46.5;63.5;45;;
46.5;63.5;48.75;;
46.5;63.5;48.75;;
46;63.5;48.75;;
46;63;48.75;;
46;63;48.75;;
46;63;48.75;;
46;63;48.25;;
46;63;48.25;;
45;63;48.25;;
45;63;47.75;;
45;63;47.75;;
45;63;47.25;;
44.5;63;46.75;;
44;63;45.75;;
44;63;44.75;;
43.5;62.5;48.5;;
43;62.5;48.5;;
42;62.5;48.5;;
46.75;62;48.5;;
46.75;66.25;48.5;;
46.75;66.25;48.5;;
46.75;66.25;48.5;;
46.75;66.25;48.5;;
46.75;66.25;48.5;;
46.75;66.25;48.5;;
46.25;66.25;48.5;;
46.25;66.25;48.5;;
46.25;66.25;48.5;;
46.25;66.25;48;;
46.25;66.25;48;;
46.25;66.25;47.5;;
46.25;66.25;46.5;;
46.25;66.25;46;;
46.25;66.25;43.5;;
46.25;66.25;48.25;;
46.25;66.25;48.25;;
46.25;65.75;48.25;;
46.25;65.75;48.25;;
46.25;65.75;48.25;;
45.75;65.75;48.25;;
45.75;65.75;48.25;;
45.25;65.75;48.25;;
45.25;65.75;47.75;;
44.75;65.75;47.75;;
44.75;65.75;47.75;;
44.25;65.75;47.75;;
44.25;65.75;47.75;;
43.75;65.75;47.25;;
43.25;65.75;47.25;;
42.75;65.25;47.25;;
42.25;65.25;46.75;;
42.25;65.25;45.25;;
42.25;65.25;48;;
46.5;65.25;48;;
46.5;65.25;48;;
46.5;65.25;48;;
46.5;65.25;48;;
46.5;65.25;48;;
46.5;64.75;48;;
46;64.75;48;;
46;64.75;48;;
46;64.75;48;;
46;64.75;48;;
46;64.25;47.5;;
46;64.25;47.5;;
46;64.25;47.5;;
46;64.25;47.5;;
46;64.25;47.5;;
45.5;64.25;47.5;;
45.5;64.25;47.5;;
45.5;64.25;47;;
44.5;63.75;47;;
44.5;63.75;47;;
44.5;63.75;46;;
44.5;63.75;45.5;;
44.5;63.75;45;;
44;63.75;45;;
44;63.25;45;;
44;63.25;45;;
44;63.25;44.5;;
41.5;63.25;47.75;;
46.25;63.25;47.75;;
46.25;63.25;47.75;;
46.25;63.25;47.75;;
46.25;62.75;47.75;;
46.25;62.75;47.75;;
46.25;62.75;47.75;;
46.25;62.75;47.25;;
45.75;62.75;47.25;;
45.75;62.75;47.25;;
45.75;62.75;47.25;;
45.75;62.75;47.25;;
45.75;62.75;47.25;;
45.75;62.75;46.25;;
45.75;62.75;45.75;;
45.75;62.25;47.5;;
45.75;62.25;47.5;;
45.25;62.25;47.5;;
44.75;62.25;47.5;;
44.25;62.25;47.5;;
44.25;62.25;47.5;;
44.25;62.25;47.5;;
44.25;62.25;47.5;;
43.75;61.75;47.5;;
43.75;61.75;47.5;;
46;61.75;47.5;;
46;61.75;47;;
46;61.75;47;;
46;66;47;;
46;66;46.5;;
45.5;66;46.5;;
45.5;66;46;;
45.5;66;45.5;;
45.5;66;45.5;;
45.5;66;44.5;;
45.5;66;44;;
45.5;66;47.25;;
45;66;47.25;;
45;66;47.25;;
45;66;47.25;;
45;66;47.25;;
44.5;66;47.25;;
44.5;65.5;47.25;;
44.5;65.5;47.25;;
44;65.5;47.25;;
44;65.5;47.25;;
44;65.5;46.75;;
44;65.5;46.75;;
43.5;65.5;46.75;;
43.5;65;46.75;;
43;65;46.25;;
42.5;65;46.25;;
42.5;65;45.75;;
45.75;65;43.25;;
45.75;65;47;;
45.75;65;47;;
45.75;65;47;;
45.75;65;47;;
45.75;64.5;47;;
45.25;64.5;47;;
45.25;64.5;47;;
45.25;64.5;47;;
45.25;64.5;47;;
45.25;64.5;47;;
45.25;64.5;45.5;;
45.25;64;45.5;;
45.25;64;45;;
44.75;64;45;;
44.75;64;43.5;;
44.75;64;46.75;;
44.75;64;46.75;;
44.75;63.5;46.75;;
44.25;63.5;46.75;;
43.25;63.5;46.75;;
43.25;63.5;46.75;;
43.25;63;46.75;;
42.75;63;46.75;;
42.75;63;46.75;;
42.25;63;46.25;;
41.75;63;46.25;;
41.75;63;46.25;;
41.75;62.5;46.25;;
41.75;62.5;46.25;;
41.75;62.5;46.25;;
40.75;62.5;46.25;;
45.5;62;46.25;;
45.5;62;45.75;;
45.5;62;45.75;;
45.5;61.5;45.25;;
45.5;61.5;45.25;;
45.5;61.5;45.25;;
45.5;61.5;44.75;;
45.5;61.5;44.25;;
45;65.75;46.5;;
45;65.75;46.5;;
45;65.75;46.5;;
45;65.75;46.5;;
45;65.75;46.5;;
45;65.75;46.5;;
45;65.75;46.5;;
45;65.75;46.5;;
45;65.75;46;;
45;65.75;46;;
45;65.75;46;;
44.5;65.75;45.5;;
44.5;65.75;45;;
44.5;65.75;45;;
44;65.75;45;;
43.5;65.75;46.25;;
43;65.75;46.25;;
43;65.75;46.25;;
42.5;65.75;45.75;;
42.5;65.75;45.75;;
42;65.25;45.75;;
42;65.25;45.25;;
42;65.25;45.25;;
41;65.25;45.25;;
45.25;65.25;46;;
45.25;65.25;46;;
45.25;65.25;46;;
45.25;65.25;45.5;;
45.25;65.25;45.5;;
45.25;65.25;45.5;;
45.25;64.75;45;;
45.25;64.75;44.5;;
45.25;64.75;44;;
44.75;64.75;43.5;;
44.75;64.25;43;;
44.75;64.25;45.75;;
44.75;64.25;45.75;;
44.25;63.75;45.75;;
44.25;63.75;45.75;;
44.25;63.75;45.75;;
44.25;63.75;45.75;;
43.75;63.75;45.75;;
43.75;63.25;45.75;;
43.25;62.75;45.25;;
42.25;62.75;45.25;;
42.25;62.75;44.75;;
41.75;62.25;44.75;;
41.75;62.25;44.75;;
41.75;62.25;44.75;;
41.25;62.25;44.75;;
40.75;62.25;43.25;;
40.25;61.75;45.5;;
45;61.75;45.5;;
45;61.75;45.5;;
45;61.75;45;;
45;61.75;45;;
45;61.75;45;;
45;61.75;45;;
45;61.75;45;;
45;61.75;45;;
45;61.25;44.5;;
45;61.25;44.5;;
44.5;61.25;44.5;;
44.5;61.25;44;;
44.5;61.25;44;;
44.5;60.75;44;;
44.5;65.5;43.5;;
44.5;65.5;45.25;;
44.5;65.5;45.25;;
44;65.5;45.25;;
44;65.5;45.25;;
44;65.5;45.25;;
43.5;65.5;45.25;;
43.5;65.5;45.25;;
42.5;65.5;45.25;;
42.5;65.5;45.25;;
42;65.5;45.25;;
42;65;44.75;;
41.5;65;44.75;;
44.75;65;44.75;;
44.75;65;44.75;;
44.75;65;44.75;;
44.25;65;44.75;;
44.25;65;44.75;;
44.25;65;44.75;;
44.25;65;44.25;;
44.25;65;43.25;;
44.25;65;42.75;;
44.25;65;45;;
44.25;65;45;;
44.25;65;45;;
44.25;65;45;;
44.25;65;45;;
44.25;64.5;45;;
43.75;64.5;45;;
43.75;64.5;45;;
42.75;64.5;45;;
42.75;64.5;45;;
42.25;64;45;;
41.75;63.5;44.5;;
41.75;63.5;44.5;;
41.75;63.5;44;;
41.75;63.5;44;;
41.75;63;43.5;;
41.25;63;43.5;;
41.25;63;41;;
41.25;63;40.5;;
40.75;63;44.75;;
40.25;63;44.75;;
44.5;63;44.75;;
44.5;63;44.75;;
44.5;62.5;44.75;;
44.5;62.5;44.75;;
44.5;62.5;44.75;;
44.5;62.5;44.75;;
44;62.5;44.75;;
44;62.5;44.75;;
44;62.5;44.75;;
44;62.5;44.75;;
44;61.5;44.75;;
44;61.5;44.75;;
44;61;44.75;;
43.5;61;44.25;;
43.5;60.5;44.25;;
43.5;60.5;44.25;;
43.5;60.5;44.25;;
43;60.5;44.25;;
42.5;65.25;44.25;;
42.5;65.25;43.25;;
42;65.25;43.25;;
41.5;65.25;41.25;;
40.5;65.25;41.25;;
40;65.25;44.5;;
44.25;65.25;44.5;;
44.25;64.75;44.5;;
44.25;64.75;44.5;;
43.75;64.75;44.5;;
43.75;64.75;44.5;;
43.75;64.75;44.5;;
43.75;64.75;44;;
43.75;64.75;44;;
43.75;64.75;44;;
42.75;64.75;43.5;;
42.75;64.75;43;;
42.75;64.75;42.5;;
42.25;64.75;42.5;;
42.25;64.75;41.5;;
42.25;64.75;44.25;;
42.25;64.25;44.25;;
42.25;64.25;44.25;;
41.75;64.25;44.25;;
41.25;64.25;43.75;;
40.75;64.25;43.75;;
40.25;64.25;43.75;;
44;64.25;43.75;;
44;64.25;43.75;;
44;64.25;43.25;;
44;64.25;43.25;;
44;63.75;42.75;;
44;63.75;42.25;;
44;63.75;40.75;;
43.5;63.75;40.75;;
43.5;63.75;40.25;;
43.5;63.75;40.25;;
43.5;63.75;44;;
43;63.75;44;;
43;63.75;44;;
42;63.75;44;;
41.5;63.75;44;;
41.5;63.25;44;;
41;63.25;44;;
41;63.25;43.5;;
41;63.25;43.5;;
40.5;63.25;42.5;;
40.5;63.25;42.5;;
40.5;63.25;43.75;;
43.75;62.75;43.75;;
43.75;62.75;43.75;;
43.75;62.75;43.75;;
43.75;62.75;43.75;;
43.25;62.75;43.75;;
43.25;62.25;43.25;;
43.25;62.25;43.25;;
43.25;62.25;43.25;;
43.25;62.25;43.25;;
42.75;62.25;42.75;;
42.75;62.25;42.25;;
42.75;61.75;41.75;;
42.75;61.75;41.75;;
42.75;61.75;43.5;;
42.75;61.75;43.5;;
42.25;61.75;43.5;;
42.25;61.25;43.5;;
42.25;65;43.5;;
41.75;65;43.5;;
41.25;65;43;;
41.25;65;43;;
40.25;65;43;;
39.75;65;43;;
39.75;65;43;;
43.5;65;42.5;;
43.5;65;41.5;;
43.5;65;40;;
43.5;65;43.25;;
43;65;43.25;;
43;65;43.25;;
43;65;43.25;;
43;65;43.25;;
42.5;65;42.75;;
42;65;42.75;;
41.5;65;42.75;;
41.5;65;42.25;;
41;65;42.25;;
39.5;64.5;41.25;;
39;64.5;41.25;;
39;64.5;41.25;;
43.25;64.5;40.75;;
43.25;64.5;43;;
43.25;64.5;43;;
43.25;64.5;43;;
43.25;64.5;43;;
42.75;64.5;43;;
42.75;64.5;42.5;;
42.25;64.5;42.5;;
42.25;64.5;42.5;;
42.25;64.5;42.5;;
42.25;64.5;42.5;;
41.75;64.5;42.5;;
41.75;64.5;41.5;;
41.75;64.5;41;;
40.75;64.5;41;;
39.75;64.5;40.5;;
39.75;64.5;40;;
38.75;64.5;40;;
43;64;42.75;;
43;64;42.75;;
42.5;63.5;42.25;;
42.5;63.5;42.25;;
42.5;63;42.25;;
42.5;63;41.75;;
42.5;63;41.25;;
42.5;63;40.75;;
42.5;63;42.5;;
42.5;63;42.5;;
42.5;63;42.5;;
42;63;42.5;;
42;62.5;42.5;;
42;62.5;42.5;;
41.5;62.5;42.5;;
41.5;62.5;42.5;;
41;62;42.5;;
41;62;42.5;;
40.5;62;42.5;;
40.5;62;42.5;;
39;61.5;42.5;;
39;61.5;42;;
42.75;61.5;42;;
42.75;61.5;42;;
42.75;61;38.5;;
42.75;61;38.5;;
42.25;61;42.25;;
42.25;60.5;42.25;;
42.25;64.75;42.25;;
42.25;64.75;42.25;;
42.25;64.75;42.25;;
42.25;64.75;42.25;;
42.25;64.75;42.25;;
41.75;64.75;42.25;;
41.25;64.75;42.25;;
40.75;64.75;42.25;;
40.75;64.75;41.75;;
40.25;64.75;41.75;;
40.25;64.75;41.75;;
39.25;64.75;41.25;;
39.25;64.75;41.25;;
38.75;64.75;40.75;;
38.75;64.75;40.25;;
42.5;64.75;39.25;;
42.5;64.75;42;;
42;64.75;42;;
42;64.75;42;;
42;64.75;42;;
41.5;64.75;42;;
41.5;64.75;42;;
41.5;64.25;42;;
41.5;64.25;41.5;;
40.5;64.25;41.5;;
40.5;64.25;41.5;;
40.5;64.25;41;;
40;64.25;41;;
39.5;64.25;40;;
39;64.25;41.75;;
42.25;64.25;41.75;;
42.25;64.25;41.75;;
42.25;64.25;41.75;;
42.25;64.25;41.75;;
42.25;64.25;41.75;;
42.25;64.25;41.75;;
41.75;64.25;41.25;;
41.75;64.25;41.25;;
41.75;64.25;41.25;;
41.25;64.25;40.75;;
40.75;64.25;40.75;;
40.75;64.25;41.5;;
40.25;63.75;41.5;;
40.25;63.75;41.5;;
39.75;63.75;41.5;;
39.25;63.75;41.5;;
39.25;63.75;41;;
38.75;63.75;41;;
38.25;63.75;41;;
42;63.75;41;;
42;63.75;41;;
42;63.75;41;;
42;63.75;40.5;;
41.5;63.75;41.25;;
41.5;63.25;41.25;;
41.5;63.25;41.25;;
41.5;63.25;41.25;;
41.5;62.75;41.25;;
41.5;62.75;41.25;;
41.5;62.75;41.25;;
41;62.75;41.25;;
40;62.75;41.25;;
39.5;62.75;40.75;;
39.5;62.75;40.75;;
39.5;62.75;40.25;;
38.5;62.75;39.75;;
41.75;62.75;39.75;;
41.75;62.25;39.75;;
41.75;62.25;39.25;;
41.25;62.25;41;;
41.25;62.25;41;;
41.25;62.25;41;;
41.25;61.75;41;;
41.25;61.75;40.5;;
41.25;61.75;37.5;;
41.25;61.75;37.5;;
41.25;61.75;40.75;;
41.25;61.25;40.75;;
40.75;61.25;40.75;;
40.75;61.25;40.75;;
40.75;61.25;40.75;;
40.25;61.25;40.75;;
40.25;61.25;40.25;;
39.75;61.25;40.25;;
39.75;60.75;40.25;;
38.75;60.75;40.25;;
41.5;64.5;40.25;;
41.5;64.5;39.25;;
41.5;64.5;40.5;;
41.5;64.5;40.5;;
41.5;64.5;40.5;;
41.5;64.5;40.5;;
41.5;64.5;40.5;;
41.5;64.5;40;;
41.5;64.5;40;;
41;64.5;40;;
41;64.5;40;;
41;64.5;39;;
41;64.5;38.5;;
41;64.5;38.5;;
41;64.5;40.25;;
41;64.5;40.25;;
40.5;64.5;40.25;;
40.5;64;40.25;;
40.5;64;40.25;;
40;64;40.25;;
40;64;40.25;;
40;64;40.25;;
39.5;64;39.75;;
39.5;64;39.75;;
39;64;39.75;;
38.5;64;38.75;;
37.5;64;38.25;;
41.25;64;37.25;;
41.25;64;35.25;;
41.25;64;40;;
41.25;64;40;;
41.25;64;40;;
40.75;64;40;;
40.75;64;40;;
40.75;64;40;;
40.75;64;40;;
40.75;64;40;;
40.75;64;39.5;;
40.75;63.5;39.5;;
40.25;63.5;39;;
40.25;63.5;39;;
39.75;63.5;39.75;;
39.25;63.5;39.75;;
38.75;63;39.75;;
38.75;63;39.25;;
38.75;63;39.25;;
38.25;63;39.25;;
37.75;63;38.75;;
37.75;63;37.25;;
41;63;36.25;;
41;63;39.5;;
41;63;39.5;;
41;62.5;39;;
40.5;62.5;39;;
40.5;62.5;39;;
40.5;62.5;39;;
40;62.5;39;;
40;62.5;39;;
40;62.5;39;;
40;62.5;39;;
40;62.5;38.5;;
39.5;62;39.25;;
39.5;62;39.25;;
37;62;38.75;;
40.75;61.5;38.75;;
40.75;61.5;38.75;;
40.75;61.5;38.75;;
40.75;61;38.75;;
40.25;61;38.75;;
40.25;60.5;38.25;;
40.25;60.5;36.75;;
39.75;60;39;;
39.75;60;39;;
39.75;60;39;;
38.75;60;39;;
38.25;59.5;39;;
38.25;64.25;39;;
38.25;64.25;39;;
37.75;64.25;39;;
40.5;64.25;38.5;;
40.5;64.25;38.5;;
40.5;64.25;38.5;;
40.5;64.25;38.5;;
40.5;64.25;38.5;;
40;64.25;38.5;;
40;64.25;36.5;;
40;64.25;38.75;;
40;64.25;38.75;;
40;64.25;38.75;;
40;64.25;38.75;;
40;64.25;38.75;;
40;63.75;38.75;;
38;63.75;38.75;;
37.5;63.75;38.75;;
37.5;63.75;38.25;;
37;63.75;38.25;;
40.25;63.75;38.25;;
40.25;63.75;38.25;;
40.25;63.75;38.25;;
40.25;63.75;38.25;;
39.75;63.75;38.25;;
39.75;63.75;37.75;;
39.75;63.75;38.5;;
39.75;63.75;38.5;;
39.75;63.75;38.5;;
39.75;63.75;38.5;;
39.75;63.75;38.5;;
39.75;63.25;38.5;;
39.75;63.25;37.5;;
39.75;63.25;38.25;;
39.25;63.25;38.25;;
39.25;63.25;38.25;;
39.25;63.25;37.75;;
38.75;63.25;36.25;;
37.25;63.25;38;;
36.75;63.25;38;;
36.75;63.25;37.5;;
35.75;62.75;37.5;;
40;62.75;37.5;;
40;62.25;37.5;;
40;62.25;37.5;;
40;62.25;37.5;;
40;61.25;37;;
39.5;60.75;36;;
39.5;60.75;36;;
39.5;60.75;37.75;;
39;60.25;37.75;;
38.5;60.25;37.75;;
38.5;59.25;37.75;;
37.5;64;36.25;;
37.5;64;35.25;;
36;64;37.5;;
35.5;64;37.5;;
35;64;37.5;;
39.75;64;37.5;;
39.75;64;37.5;;
39.75;64;37.5;;
39.25;64;37.5;;
39.25;64;37;;
39.25;64;37;;
39.25;64;36.5;;
38.75;64;36;;
38.75;64;35.5;;
35.75;64;34.5;;
35.75;63.5;34;;
39.5;63.5;37.25;;
39.5;63.5;37.25;;
39.5;63.5;37.25;;
39.5;63.5;37.25;;
39.5;63.5;37.25;;
39;63.5;37.25;;
39.25;63.5;37.25;;
39.25;63.5;36.75;;
39.25;63.5;36.25;;
38.75;63.5;36.25;;
38.75;63.5;35.25;;
38.75;63.5;34.25;;
38.75;63.5;37;;
38.75;63.5;37;;
38.75;63.5;37;;
38.75;63.5;37;;
38.75;63.5;37;;
38.25;63;37;;
37.25;63;36.5;;
39;63;36.5;;
39;63;35;;
39;62.5;36.25;;
38.5;62.5;36.25;;
38.5;62.5;36.25;;
38.5;62.5;36.25;;
38.5;62.5;36.25;;
38.5;62;36.25;;
38.5;62;35.75;;
38.5;62;34.25;;
38.5;62;36.5;;
38;62;36.5;;
38;62;36;;
37.5;62;36;;
36;62;36;;
36;61.5;36;;
34.5;61.5;35.5;;
34;61.5;34.5;;
38.75;61.5;32.5;;
38.75;61.5;32.5;;
38.25;61;36.25;;
38.25;61;36.25;;
38.25;61;36.25;;
38.25;61;36.25;;
38.25;61;36.25;;
38.25;60.5;35.75;;
38.25;60.5;35.75;;
38.25;60.5;35.75;;
38.25;60;36;;
38.25;60;36;;
35.75;60;36;;
38.5;60;35.5;;
38.5;60;35;;
38.5;60;34;;
38.5;59.5;35.75;;
38.5;63.75;35.75;;
38.5;63.75;35.75;;
38;63.75;35.25;;
38;63.75;35.25;;
38;63.75;33.75;;
38;63.75;32.75;;
38;63.75;35.5;;
38;63.75;35;;
38;63.75;35;;
37.5;63.75;34.5;;
37.5;63.75;35.25;;
37;63.75;35.25;;
37;63.75;35.25;;
36;63.75;34.75;;
34;63.75;34.75;;
38.25;63.75;34.75;;
38.25;63.75;34.25;;
38.25;63.75;35;;
38.25;63.75;35;;
38.25;63.75;35;;
37.75;63.75;35;;
37.75;63.75;35;;
37.75;63.75;35;;
37.75;63.25;35;;
37.75;63.25;34.5;;
37.75;63.25;34.5;;
37.75;63.25;34.5;;
37.75;63.25;34.5;;
37.25;63.25;34.5;;
37.25;63.25;34;;
37.25;63.25;33.5;;
37.25;63.25;32;;
37.25;63.25;34.75;;
36.25;63.25;34.75;;
36.25;63.25;34.75;;
35.75;63.25;34.75;;
34.75;62.75;34.75;;
34.25;62.75;34.75;;
38;62.75;34.25;;
38;62.75;34.25;;
38;62.75;34.25;;
37.5;62.75;34.25;;
37.5;62.75;34.25;;
37.5;62.75;33.75;;
37.5;62.25;33.25;;
37;62.25;32.75;;
37;62.25;31.75;;
35;62.25;34.5;;
34.5;62.25;34.5;;
37.75;62.25;34;;
37.75;62.25;34;;
37.25;62.25;34.25;;
36.75;62.25;34.25;;
36.25;61.75;34.25;;
35.75;61.75;34.25;;
34.25;61.75;33.75;;
37.5;61.75;33.75;;
37.5;61.75;33.75;;
37.5;61.75;33.75;;
37.5;61.25;33.5;;
37.5;61.25;33.5;;
37.5;61.25;33.5;;
37;61.25;33;;
37;61.25;33.75;;
37;61.25;33.75;;
37;61.25;33.75;;
36;60.75;33.75;;
35.5;60.75;33.75;;
35.5;60.75;33.75;;
35;60.25;33.75;;
34.5;60.25;33.75;;
34;60.25;33.75;;
33;60.25;33.75;;
37.25;60.25;33.25;;
37.25;59.75;32.75;;
37.25;59.75;32.25;;
37.25;59.75;33.5;;
36.75;59.75;33.5;;
36.75;59.25;33.5;;
36.75;59.25;33;;
36.75;58.75;32.5;;
36.75;63.5;32.5;;
36.25;63.5;31;;
36.25;63.5;33.25;;
35.25;63.5;33.25;;
35.25;63.5;33.25;;
34.75;63.5;33.25;;
34.75;63.5;33.25;;
32.75;63.5;33.25;;
36.5;63.5;33.25;;
36.5;63.5;32.75;;
36.5;63.5;32.25;;
36.5;63.5;32.25;;
36.5;63.5;30.75;;
36.5;63;32.5;;
34.5;63;30.5;;
32.5;63;30;;
36.75;63;32.75;;
36.75;63;32.25;;
36.75;63;32.25;;
36.25;63;31.75;;
36.25;63;32.5;;
36.25;63;32.5;;
36.25;63;32.5;;
36.25;63;32.5;;
36.25;63;32.5;;
36.25;63;32;;
36.25;62.5;32;;
36.25;62.5;32;;
36.25;62.5;30;;
36.25;62.5;32.25;;
34.75;62.5;32.25;;
34.75;62.5;32.25;;
36.5;62.5;31.75;;
36.5;62.5;31.75;;
36.5;62.5;30.25;;
36;62.5;32;;
36;62;32;;
36;62;32;;
36;62;32;;
36;61.5;31.5;;
36;61.5;31;;
36;61.5;31;;
36;61.5;29.5;;
35.5;61.5;31.75;;
34;61.5;31.75;;
36.25;61.5;31.75;;
36.25;61.5;31.75;;
36.25;61.5;31.25;;
36.25;61;31.25;;
36.25;61;31.5;;
35.75;61;31.5;;
35.75;61;31;;
35.75;60.5;31;;
35.75;60.5;31;;
34.75;60.5;31;;
34.25;60.5;31.25;;
33.75;60;31.25;;
32.25;60;31.25;;
36;59.5;31.25;;
36;59.5;30.75;;
36;59.5;30.75;;
36;59.5;30.75;;
36;59;30.25;;
36;63.25;29.25;;
35.5;63.25;27.25;;
35.5;63.25;31;;
35.5;63.25;31;;
35.5;63.25;30.5;;
35.5;63.25;30.5;;
35;63.25;29.5;;
34;63.25;30.75;;
32;63.25;30.75;;
35.75;63.25;30.25;;
35.75;63.25;29.75;;
35.75;63.25;29.75;;
35.75;63.25;30.5;;
35.25;63.25;30.5;;
35.25;63.25;30.5;;
35.25;62.75;30.5;;
35.25;62.75;30.5;;
35.25;62.75;30;;
35.25;62.75;30;;
35.25;62.75;30.25;;
35.25;62.75;30.25;;
35.25;62.75;30.25;;
30.75;62.75;30.25;;
35.5;62.75;30.25;;
35.5;62.75;29.75;;
35;62.75;29.75;;
35;62.75;29.25;;
35;62.25;30;;
34.5;62.25;30;;
35.25;62.25;30;;
35.25;62.25;30;;
35.25;62.25;30;;
34.75;62.25;29.5;;
34.75;61.75;29.5;;
34.75;61.75;29;;
34.25;61.75;28;;
33.75;61.75;29.75;;
32.75;61.75;29.25;;
31.75;61.25;29.5;;
31.25;61.25;29.5;;
35;61.25;29.5;;
35;61.25;29;;
35;61.25;29;;
35;61.25;29;;
35;61.25;29;;
35;60.75;29.25;;
35;60.75;29.25;;
35;60.75;28.75;;
34.5;60.25;29;;
34.5;60.25;29;;
34;60.25;29;;
33.5;60.25;28;;
34.75;59.75;28.75;;
34.75;59.75;28.75;;
34.75;59.75;28.75;;
34.75;59.25;28.75;;
34.25;59.25;28.25;;
34.25;59.25;27.75;;
34.25;59.25;27.75;;
34.5;58.75;28.5;;
34.5;58.75;28.5;;
34;58.75;28.5;;
34;63;28;;
34;63;28;;
34;63;28.25;;
31;63;28;;
30.5;63;27.5;;
30;63;27.75;;
34.25;63;27.25;;
34.25;63;26.25;;
34.25;63;27.5;;
34.25;63;27.5;;
33.75;63;27.5;;
33.75;63;27;;
33.75;63;24.5;;
33.75;63;22.5;;
33.75;63;21;;
33.75;63;27.25;;
33.75;62.5;26.75;;
33.25;62.5;26.25;;
32.75;62.5;27;;
32.25;62.5;27;;
34;62.5;27;;
34;62.5;27;;
34;62.5;26.5;;
33.5;62.5;26.5;;
33.5;62.5;26.25;;
32.5;62.5;25.75;;
32.5;62.5;26;;
33.75;62.5;26.25;;
33.25;62.5;26.25;;
33.25;62.5;26.25;;
33.25;62;26.25;;
32.75;62;26.25;;
32.75;62;26.25;;
32.75;62;26.25;;
31.75;62;26.25;;
31.75;62;25.75;;
31.25;61.5;23.75;;
29.75;61.5;26;;
33.5;61.5;25.5;;
33.5;61.5;25;;
33;61.5;25;;
33;61;24.25;;
32.5;61;25;;
32;61;25;;
31;61;24.75;;
33.25;59.5;24.75;;
33.25;59.5;24.75;;
32.75;59;24.75;;
32.75;59;24.75;;
32.75;59;24.75;;
33;59;24.25;;
33;58.5;24.5;;
32.5;58.5;23;;
32.5;58;24.25;;
32.5;62.75;24;;
30;62.75;24;;
29;62.75;23;;
32.25;62.75;23.75;;
32.25;62.75;23.5;;
32.25;62.75;23;;
31.75;62.75;22.75;;
29.25;62.75;23;;
32.5;62.25;22.75;;
32.5;62.25;22.25;;
32.5;62.25;21.75;;
32.5;62.25;22.5;;
32.5;62.25;22.25;;
32.5;62.25;21.75;;
32.5;62.25;21.75;;
32.5;62.25;21.5;;
32.25;62.25;20;;
32.25;62.25;21.75;;
31.75;62.25;21.25;;
31.75;62.25;21.5;;
31.75;62.25;21;;
30.25;62.25;20.75;;
32;62.25;20.25;;
32;62.25;20.5;;
31.5;61.75;20.75;;
31.5;61.75;20.75;;
31.5;61.75;20.25;;
31.5;61.75;20.5;;
31;61.75;20.25;;
30;61.75;20.25;;
27.5;61.75;20;;
31.25;61.75;19.25;;
31.25;61.25;19.25;;
31.25;61.25;19.25;;
31.25;61.25;19;;
31.25;61.25;18.75;;
30.25;61.25;18.75;;
29.25;61.25;18.75;;
31.5;61.25;18.5;;
31;61.25;18.5;;
31;61.25;18.5;;
31;61.25;18.25;;
30.5;60.75;17.75;;
30;60.75;17.5;;
29;60.25;16.5;;
28;60.25;17.25;;
27.5;60.25;17.25;;
31.25;60.25;17.25;;
31.25;60.25;16.75;;
31.25;60.25;16.25;;
30.75;59.75;16.5;;
30.75;59.25;16.5;;
30.75;59.25;16.5;;
30.25;59.25;14.75;;
29.75;58.75;14.75;;
28.25;58.75;14.5;;
31;58.75;14.25;;
31;58.75;14.25;;
31;58.75;14.25;;
30.5;58.75;13.75;;
30.5;57.75;13.75;;
27.5;62.5;13;;
30.75;62.5;13;;
30.25;62.5;12.5;;
28.75;62.5;10.25;;
28.25;62.5;9.25;;
26.75;62.5;8.75;;
30.5;62.5;8.75;;
30.5;62.5;8.75;;
30;62.5;7.25;;
30;62.5;0.75;;
30;62.5;0;;
30;62.5;1.75;;
29.5;62.5;0;;
27;62.5;;;
30.25;62.5;;;
29.75;62.5;;;
29.75;62.5;;;
29.75;62.5;;;
29.25;62.5;;;
28.25;62.5;;;
30;62;;;
30;62;;;
30;62;;;
30;62;;;
29.5;62;;;
29.5;62;;;
29.5;62;;;
29.75;62;;;
29.75;62;;;
29.25;62;;;
29.25;62;;;
29.25;62;;;
27.75;62;;;
25.75;62;;;
29.5;62;;;
29.5;62;;;
29;61.5;;;
28.5;61.5;;;
28.5;61.5;;;
27;61.5;;;
29.25;61.5;;;
28.75;61.5;;;
28.75;61.5;;;
28.75;61.5;;;
28.75;61.5;;;
28.75;61.5;;;
28.25;61.5;;;
27.75;61;;;
27.75;61;;;
27.25;61;;;
29;61;;;
29;61;;;
29;61;;;
28.5;61;;;
28.5;61;;;
28;60.5;;;
27.5;60.5;;;
28.75;60.5;;;
28.75;60.5;;;
28.75;60.5;;;
28.25;60;;;
27.75;60;;;
27.75;60;;;
27.75;60;;;
27.75;60;;;
26.25;60;;;
28.5;59.5;;;
28.5;59.5;;;
28.5;59.5;;;
28.5;59.5;;;
28;59.5;;;
27.5;59;;;
24.5;59;;;
28.25;58.5;;;
28.25;58.5;;;
27.75;58.5;;;
27.25;58.5;;;
26.75;58.5;;;
28;58.5;;;
28;58;;;
28;62.25;;;
28;62.25;;;
27.5;62.25;;;
27.5;62.25;;;
25;62.25;;;
27.75;62.25;;;
27.75;62.25;;;
27.75;62.25;;;
26.75;62.25;;;
26.75;62.25;;;
27.5;62.25;;;
27.5;62.25;;;
27;62.25;;;
27;62.25;;;
27;62.25;;;
27.25;62.25;;;
26.75;62.25;;;
26.5;62.25;;;
25;62.25;;;
25;62.25;;;
26.25;62.25;;;
25.75;62.25;;;
25.25;62.25;;;
24.75;61.75;;;
22.75;61.75;;;
26.5;61.75;;;
26.5;61.75;;;
26.5;61.75;;;
26.5;61.75;;;
26;61.75;;;
26;61.75;;;
26.25;61.75;;;
26.25;61.75;;;
26.25;61.25;;;
25.75;61.25;;;
26;61.25;;;
26;61.25;;;
26;61.25;;;
26;61.25;;;
25.5;61.25;;;
25.5;60.75;;;
24.5;60.75;;;
24;60.75;;;
25.75;60.75;;;
25.75;60.75;;;
25.75;60.75;;;
25.25;60.75;;;
25.25;60.25;;;
24.75;60.25;;;
25.5;60.25;;;
25.5;60.25;;;
25.25;60.25;;;
25.25;59.75;;;
24.25;59.75;;;
23.25;59.75;;;
22.25;59.75;;;
25;59.75;;;
25;59.75;;;
24.5;59.25;;;
23.5;59.25;;;
24.25;59.25;;;
24.25;59.25;;;
24.25;58.75;;;
24;58.75;;;
24;57.75;;;
23.75;57.75;;;
23.75;62;;;
24;62;;;
23.5;62;;;
23.25;62;;;
23.25;62;;;
23.25;62;;;
23.25;62;;;
23.5;62;;;
23;62;;;
20.5;62;;;
23.25;62;;;
22.75;62;;;
22.75;62;;;
23;62;;;
23;62;;;
22.5;62;;;
22.5;62;;;
22.75;61.5;;;
22.75;61.5;;;
22.5;61.5;;;
22.5;61.5;;;
22.5;61.5;;;
22;61.5;;;
22;61.5;;;
20.5;61.5;;;
16;61.5;;;
22.25;61.5;;;
22;61.5;;;
22;61.5;;;
20;61.5;;;
21.75;61.5;;;
21.25;61.5;;;
18.75;61.5;;;
21.5;61;;;
21.5;61;;;
21;61;;;
20.5;61;;;
21.25;61;;;
21.25;61;;;
21.25;61;;;
21;61;;;
;61;;;
;61;;;
;61;;;
;61;;;
;60.5;;;
;60.5;;;
;60.5;;;
;60.5;;;
;60;;;
;60;;;
;60;;;
;60;;;
;60;;;
;60;;;
;60;;;
;60;;;
;59.5;;;
;59.5;;;
;59.5;;;
;59;;;
;59;;;
;59;;;
;58.5;;;
;58.5;;;
;58;;;
;58;;;
;58;;;
;57.5;;;
;57;;;
;57;;;
;61.75;;;
;61.75;;;
;61.75;;;
;61.75;;;
;61.75;;;
;61.75;;;
;61.75;;;
;61.75;;;
;61.75;;;
;61.75;;;
;61.75;;;
;61.75;;;
;61.75;;;
;61.75;;;
;61.75;;;
;61.75;;;
;61.75;;;
;61.75;;;
;61.75;;;
;61.75;;;
;61.75;;;
;61.75;;;
;61.75;;;
;61.75;;;
;61.75;;;
;61.25;;;
;61.25;;;
;61.25;;;
;61.25;;;
;61.25;;;
;61.25;;;
;61.25;;;
;61.25;;;
;61.25;;;
;61.25;;;
;61.25;;;
;61.25;;;
;61.25;;;
;61.25;;;
;61.25;;;
;60.75;;;
;60.75;;;
;60.75;;;
;60.75;;;
;60.75;;;
;60.75;;;
;60.75;;;
;60.75;;;
;60.25;;;
;60.25;;;
;60.25;;;
;60.25;;;
;60.25;;;
;60.25;;;
;59.75;;;
;59.75;;;
;59.75;;;
;59.25;;;
;59.25;;;
;59.25;;;
;58.75;;;
;58.75;;;
;58.75;;;
;58.75;;;
;58.75;;;
;58.25;;;
;58.25;;;
;58.25;;;
;58.25;;;
;57.75;;;
;57.25;;;
;56.75;;;
;56.75;;;
;61.5;;;
;61.5;;;
;61.5;;;
;61.5;;;
;61.5;;;
;61.5;;;
;61.5;;;
;61.5;;;
;61.5;;;
;61.5;;;
;61.5;;;
;61.5;;;
;61.5;;;
;61.5;;;
;61.5;;;
;61;;;
;61;;;
;61;;;
;61;;;
;61;;;
;61;;;
;61;;;
;61;;;
;61;;;
;61;;;
;61;;;
;61;;;
;61;;;
;61;;;
;61;;;
;60.5;;;
;60.5;;;
;60.5;;;
;60.5;;;
;60;;;
;60;;;
;60;;;
;60;;;
;60;;;
;59.5;;;
;59.5;;;
;59.5;;;
;59.5;;;
;59;;;
;59;;;
;59;;;
;59;;;
;59;;;
;59;;;
;59;;;
;58.5;;;
;58;;;
;57.5;;;
;57.5;;;
;57.5;;;
;57.5;;;
;61.25;;;
;61.25;;;
;61.25;;;
;61.25;;;
;61.25;;;
;61.25;;;
;61.25;;;
;61.25;;;
;61.25;;;
;61.25;;;
;61.25;;;
;61.25;;;
;61.25;;;
;61.25;;;
;61.25;;;
;61.25;;;
;61.25;;;
;61.25;;;
;61.25;;;
;61.25;;;
;61.25;;;
;61.25;;;
;61.25;;;
;61.25;;;
;61.25;;;
;61.25;;;
;61.25;;;
;60.75;;;
;60.75;;;
;60.75;;;
;60.75;;;
;60.75;;;
;60.75;;;
;60.75;;;
;60.75;;;
;60.75;;;
;60.75;;;
;60.25;;;
;60.25;;;
;60.25;;;
;60.25;;;
;60.25;;;
;60.25;;;
;60.25;;;
;60.25;;;
;60.25;;;
;60.25;;;
;59.75;;;
;59.75;;;
;59.25;;;
;59.25;;;
;59.25;;;
;58.75;;;
;58.75;;;
;58.75;;;
;58.25;;;
;58.25;;;
;57.75;;;
;57.75;;;
;57.75;;;
;57.25;;;
;57.25;;;
;56.75;;;
;56.25;;;
;61;;;
;61;;;
;61;;;
;61;;;
;61;;;
;61;;;
;61;;;
;61;;;
;61;;;
;61;;;
;61;;;
;61;;;
;61;;;
;61;;;
;61;;;
;61;;;
;61;;;
;61;;;
;60.5;;;
;60.5;;;
;60.5;;;
;60.5;;;
;60.5;;;
;60.5;;;
;60.5;;;
;60.5;;;
;60.5;;;
;60.5;;;
;60.5;;;
;60;;;
;60;;;
;60;;;
;60;;;
;60;;;
;60;;;
;60;;;
;60;;;
;59.5;;;
;59.5;;;
;59;;;
;58.5;;;
;58.5;;;
;58.5;;;
;58.5;;;
;58;;;
;57.5;;;
;57.5;;;
;57;;;
;57;;;
;56.5;;;
;56.5;;;
;60.75;;;
;60.75;;;
;60.75;;;
;60.75;;;
;60.75;;;
;60.75;;;
;60.75;;;
;60.75;;;
;60.75;;;
;60.75;;;
;60.75;;;
;60.75;;;
;60.75;;;
;60.75;;;
;60.25;;;
;60.25;;;
;60.25;;;
;60.25;;;
;60.25;;;
;60.25;;;
;60.25;;;
;60.25;;;
;60.25;;;
;59.25;;;
;59.25;;;
;58.75;;;
;58.75;;;
;58.75;;;
;58.25;;;
;58.25;;;
;58.25;;;
;58.25;;;
;57.75;;;
;57.75;;;
;57.75;;;
;57.75;;;
;57.75;;;
;57.75;;;
;57.25;;;
;57.25;;;
;57.25;;;
;55.75;;;
;60.5;;;
;60.5;;;
;60.5;;;
;60.5;;;
;60.5;;;
;60.5;;;
;60.5;;;
;60.5;;;
;60.5;;;
;60.5;;;
;60.5;;;
;60.5;;;
;60.5;;;
;60.5;;;
;60.5;;;
;60.5;;;
;60.5;;;
;60.5;;;
;60;;;
;60;;;
;60;;;
;60;;;
;60;;;
;60;;;
;60;;;
;60;;;
;60;;;
;60;;;
;60;;;
;60;;;
;60;;;
;60;;;
;60;;;
;60;;;
;60;;;
;60;;;
;60;;;
;60;;;
;59.5;;;
;59.5;;;
;59.5;;;
;59.5;;;
;59.5;;;
;59.5;;;
;59.5;;;
;59;;;
;59;;;
;59;;;
;59;;;
;58.5;;;
;58.5;;;
;58.5;;;
;58;;;
;58;;;
;58;;;
;57.5;;;
;57.5;;;
;57.5;;;
;57.5;;;
;57;;;
;57;;;
;57;;;
;56.5;;;
;56.5;;;
;56;;;
;56;;;
;60.25;;;
;60.25;;;
;60.25;;;
;60.25;;;
;60.25;;;
;60.25;;;
;60.25;;;
;60.25;;;
;60.25;;;
;60.25;;;
;59.75;;;
;59.75;;;
;59.75;;;
;59.75;;;
;59.75;;;
;59.75;;;
;59.75;;;
;59.75;;;
;59.75;;;
;59.25;;;
;59.25;;;
;59.25;;;
;59.25;;;
;59.25;;;
;58.75;;;
;58.75;;;
;58.75;;;
;58.25;;;
;58.25;;;
;58.25;;;
;58.25;;;
;58.25;;;
;58.25;;;
;58.25;;;
;58.25;;;
;57.75;;;
;57.75;;;
;56.75;;;
;56.75;;;
;56.75;;;
;56.75;;;
;56.25;;;
;56.25;;;
;56.25;;;
;55.75;;;
;60;;;
;60;;;
;60;;;
;60;;;
;60;;;
;60;;;
;60;;;
;60;;;
;60;;;
;60;;;
;60;;;
;60;;;
;60;;;
;60;;;
;60;;;
;60;;;
;60;;;
;60;;;
;60;;;
;60;;;
;60;;;
;60;;;
;60;;;
;60;;;
;59.5;;;
;59.5;;;
;59.5;;;
;59.5;;;
;59.5;;;
;59.5;;;
;59.5;;;
;59.5;;;
;59.5;;;
;59.5;;;
;59.5;;;
;59.5;;;
;59.5;;;
;59;;;
;59;;;
;59;;;
;59;;;
;58.5;;;
;58.5;;;
;58;;;
;58;;;
;58;;;
;58;;;
;58;;;
;58;;;
;58;;;
;57.5;;;
;57.5;;;
;57.5;;;
;57.5;;;
;57.5;;;
;57.5;;;
;57.5;;;
;57;;;
;57;;;
;57;;;
;57;;;
;56.5;;;
;56.5;;;
;56.5;;;
;56.5;;;
;56.5;;;
;56.5;;;
;55.5;;;
;59.75;;;
;59.75;;;
;59.75;;;
;59.75;;;
;59.75;;;
;59.75;;;
;59.75;;;
;59.75;;;
;59.75;;;
;59.75;;;
;59.75;;;
;59.75;;;
;59.75;;;
;59.75;;;
;59.75;;;
;59.75;;;
;59.75;;;
;59.25;;;
;59.25;;;
;59.25;;;
;59.25;;;
;59.25;;;
;59.25;;;
;59.25;;;
;59.25;;;
;59.25;;;
;59.25;;;
;59.25;;;
;59.25;;;
;59.25;;;
;59.25;;;
;59.25;;;
;59.25;;;
;59.25;;;
;59.25;;;
;59.25;;;
;59.25;;;
;59.25;;;
;59.25;;;
;59.25;;;
;59.25;;;
;59.25;;;
;59.25;;;
;58.75;;;
;58.75;;;
;58.75;;;
;58.75;;;
;58.75;;;
;58.75;;;
;58.75;;;
;58.75;;;
;58.75;;;
;58.75;;;
;58.25;;;
;58.25;;;
;58.25;;;
;57.75;;;
;57.75;;;
;57.75;;;
;57.75;;;
;57.25;;;
;57.25;;;
;57.25;;;
;57.25;;;
;57.25;;;
;56.75;;;
;56.75;;;
;56.75;;;
;56.25;;;
;56.25;;;
;56.25;;;
;56.25;;;
;56.25;;;
;56.25;;;
;55.75;;;
;55.75;;;
;54.75;;;
;59.5;;;
;59.5;;;
;59.5;;;
;59.5;;;
;59.5;;;
;59.5;;;
;59.5;;;
;59.5;;;
;59.5;;;
;59.5;;;
;59.5;;;
;59.5;;;
;59.5;;;
;59;;;
;59;;;
;59;;;
;59;;;
;59;;;
;59;;;
;59;;;
;59;;;
;59;;;
;59;;;
;59;;;
;59;;;
;59;;;
;59;;;
;59;;;
;58.5;;;
;58.5;;;
;58.5;;;
;58.5;;;
;58.5;;;
;58.5;;;
;58.5;;;
;58.5;;;
;58.5;;;
;58.5;;;
;58.5;;;
;58.5;;;
;58.5;;;
;58.5;;;
;58;;;
;58;;;
;57.5;;;
;57.5;;;
;57.5;;;
;57.5;;;
;57.5;;;
;57;;;
;57;;;
;55.5;;;
;55.5;;;
;55.5;;;
;55.5;;;
;55.5;;;
;55.5;;;
;55;;;
;55;;;
;54.5;;;
;59.25;;;
;59.25;;;
;59.25;;;
;59.25;;;
;59.25;;;
;59.25;;;
;59.25;;;
;59.25;;;
;59.25;;;
;59.25;;;
;59.25;;;
;58.75;;;
;58.75;;;
;58.75;;;
;58.75;;;
;58.75;;;
;58.75;;;
;58.75;;;
;58.75;;;
;58.75;;;
;58.75;;;
;58.75;;;
;58.75;;;
;58.75;;;
;58.75;;;
;58.75;;;
;58.75;;;
;58.75;;;
;58.75;;;
;58.75;;;
;58.25;;;
;58.25;;;
;58.25;;;
;58.25;;;
;58.25;;;
;58.25;;;
;58.25;;;
;58.25;;;
;58.25;;;
;57.75;;;
;57.75;;;
;57.75;;;
;57.25;;;
;57.25;;;
;57.25;;;
;57.25;;;
;56.75;;;
;56.75;;;
;56.75;;;
;56.75;;;
;56.25;;;
;55.75;;;
;55.75;;;
;55.25;;;
;55.25;;;
;55.25;;;
;54.75;;;
;59;;;
;59;;;
;59;;;
;59;;;
;59;;;
;59;;;
;59;;;
;59;;;
;59;;;
;59;;;
;59;;;
;58.5;;;
;58.5;;;
;58.5;;;
;58.5;;;
;58.5;;;
;58.5;;;
;58.5;;;
;58.5;;;
;58.5;;;
;58.5;;;
;58.5;;;
;58.5;;;
;58;;;
;58;;;
;58;;;
;57.5;;;
;57.5;;;
;57.5;;;
;57.5;;;
;57;;;
;57;;;
;57;;;
;57;;;
;57;;;
;57;;;
;57;;;
;57;;;
;56.5;;;
;56.5;;;
;56.5;;;
;56.5;;;
;56;;;
;56;;;
;56;;;
;55.5;;;
;55;;;
;55;;;
;54.5;;;
;54;;;
;58.75;;;
;58.75;;;
;58.75;;;
;58.75;;;
;58.75;;;
;58.75;;;
;58.75;;;
;58.75;;;
;58.75;;;
;58.75;;;
;58.75;;;
;58.75;;;
;58.75;;;
;58.75;;;
;58.25;;;
;58.25;;;
;58.25;;;
;58.25;;;
;58.25;;;
;58.25;;;
;58.25;;;
;58.25;;;
;58.25;;;
;58.25;;;
;58.25;;;
;58.25;;;
;58.25;;;
;58.25;;;
;58.25;;;
;58.25;;;
;58.25;;;
;57.75;;;
;57.75;;;
;57.75;;;
;57.75;;;
;57.75;;;
;57.75;;;
;57.75;;;
;57.25;;;
;57.25;;;
;56.75;;;
;56.75;;;
;56.75;;;
;56.25;;;
;56.25;;;
;55.75;;;
;55.75;;;
;55.75;;;
;55.75;;;
;55.25;;;
;55.25;;;
;55.25;;;
;54.75;;;
;54.75;;;
;58.5;;;
;58.5;;;
;58.5;;;
;58.5;;;
;58.5;;;
;58.5;;;
;58.5;;;
;58.5;;;
;58.5;;;
;58.5;;;
;58.5;;;
;58.5;;;
;58.5;;;
;58.5;;;
;58.5;;;
;58.5;;;
;58.5;;;
;58.5;;;
;58;;;
;58;;;
;58;;;
;58;;;
;58;;;
;58;;;
;58;;;
;58;;;
;58;;;
;58;;;
;58;;;
;58;;;
;57.5;;;
;57.5;;;
;57.5;;;
;57.5;;;
;57.5;;;
;57.5;;;
;57.5;;;
;57;;;
;57;;;
;57;;;
;56.5;;;
;56.5;;;
;56.5;;;
;56.5;;;
;56.5;;;
;56.5;;;
;56;;;
;56;;;
;56;;;
;56;;;
;55.5;;;
;55.5;;;
;55;;;
;55;;;
;55;;;
;55;;;
;54.5;;;
;54;;;
;54;;;
;53.5;;;
;58.25;;;
;58.25;;;
;58.25;;;
;58.25;;;
;58.25;;;
;58.25;;;
;58.25;;;
;58.25;;;
;57.75;;;
;57.75;;;
;57.75;;;
;57.75;;;
;57.75;;;
;57.75;;;
;57.75;;;
;57.75;;;
;57.75;;;
;57.75;;;
;57.75;;;
;57.25;;;
;57.25;;;
;57.25;;;
;57.25;;;
;57.25;;;
;57.25;;;
;57.25;;;
;57.25;;;
;56.75;;;
;56.75;;;
;56.75;;;
;56.75;;;
;56.25;;;
;56.25;;;
;56.25;;;
;56.25;;;
;56.25;;;
;56.25;;;
;55.75;;;
;55.75;;;
;55.75;;;
;55.75;;;
;55.75;;;
;55.25;;;
;55.25;;;
;55.25;;;
;55.25;;;
;54.75;;;
;54.75;;;
;54.25;;;
;53.75;;;
;53.25;;;
;58;;;
;58;;;
;58;;;
;58;;;
;58;;;
;58;;;
;58;;;
;58;;;
;58;;;
;58;;;
;58;;;
;58;;;
;58;;;
;58;;;
;57.5;;;
;57.5;;;
;57.5;;;
;57.5;;;
;57.5;;;
;57.5;;;
;57.5;;;
;57.5;;;
;57.5;;;
;57.5;;;
;57.5;;;
;57.5;;;
;57.5;;;
;57.5;;;
;57.5;;;
;57.5;;;
;57.5;;;
;57;;;
;57;;;
;57;;;
;57;;;
;57;;;
;57;;;
;57;;;
;57;;;
;57;;;
;56.5;;;
;56.5;;;
;56.5;;;
;56.5;;;
;56.5;;;
;56.5;;;
;56.5;;;
;56.5;;;
;56.5;;;
;56;;;
;56;;;
;56;;;
;56;;;
;55.5;;;
;55.5;;;
;55.5;;;
;55;;;
;55;;;
;55;;;
;55;;;
;55;;;
;55;;;
;54.5;;;
;54.5;;;
;54.5;;;
;54;;;
;53.5;;;
;53.5;;;
;57.75;;;
;57.75;;;
;57.75;;;
;57.75;;;
;57.75;;;
;57.75;;;
;57.75;;;
;57.75;;;
;57.75;;;
;57.75;;;
;57.75;;;
;57.75;;;
;57.75;;;
;57.75;;;
;57.75;;;
;57.25;;;
;57.25;;;
;57.25;;;
;57.25;;;
;57.25;;;
;57.25;;;
;57.25;;;
;57.25;;;
;57.25;;;
;57.25;;;
;57.25;;;
;57.25;;;
;57.25;;;
;57.25;;;
;56.75;;;
;56.75;;;
;56.75;;;
;56.75;;;
;56.75;;;
;56.75;;;
;56.75;;;
;56.75;;;
;56.75;;;
;56.75;;;
;56.75;;;
;56.75;;;
;56.25;;;
;56.25;;;
;56.25;;;
;56.25;;;
;55.75;;;
;55.75;;;
;55.75;;;
;55.75;;;
;55.75;;;
;55.75;;;
;55.75;;;
;55.75;;;
;55.25;;;
;54.75;;;
;54.75;;;
;54.75;;;
;54.75;;;
;54.25;;;
;54.25;;;
;53.25;;;
;57.5;;;
;57.5;;;
;57.5;;;
;57.5;;;
;57.5;;;
;57.5;;;
;57.5;;;
;57.5;;;
;57.5;;;
;57.5;;;
;57.5;;;
;57.5;;;
;57.5;;;
;57.5;;;
;57.5;;;
;57.5;;;
;57;;;
;57;;;
;57;;;
;57;;;
;57;;;
;57;;;
;57;;;
;57;;;
;57;;;
;57;;;
;57;;;
;57;;;
;57;;;
;57;;;
;57;;;
;56.5;;;
;56.5;;;
;56.5;;;
;56.5;;;
;56.5;;;
;56.5;;;
;56.5;;;
;56.5;;;
;56.5;;;
;56.5;;;
;56.5;;;
;56;;;
;56;;;
;56;;;
;56;;;
;56;;;
;56;;;
;55.5;;;
;55.5;;;
;55;;;
;55;;;
;55;;;
;55;;;
;54.5;;;
;54;;;
;54;;;
;53.5;;;
;53.5;;;
;53.5;;;
;57.25;;;
;57.25;;;
;57.25;;;
;57.25;;;
;57.25;;;
;57.25;;;
;57.25;;;
;56.75;;;
;56.75;;;
;56.75;;;
;56.75;;;
;56.75;;;
;56.75;;;
;56.75;;;
;56.75;;;
;56.75;;;
;56.75;;;
;56.25;;;
;56.25;;;
;56.25;;;
;56.25;;;
;56.25;;;
;56.25;;;
;55.75;;;
;55.75;;;
;55.75;;;
;55.75;;;
;55.75;;;
;55.25;;;
;55.25;;;
;54.75;;;
;54.75;;;
;54.25;;;
;53.75;;;
;53.75;;;
;53.75;;;
;57;;;
;57;;;
;57;;;
;57;;;
;57;;;
;57;;;
;57;;;
;57;;;
;57;;;
;57;;;
;57;;;
;56.5;;;
;56.5;;;
;56.5;;;
;56.5;;;
;56.5;;;
;56.5;;;
;56.5;;;
;56.5;;;
;56.5;;;
;56.5;;;
;56.5;;;
;56.5;;;
;56.5;;;
;56.5;;;
;56.5;;;
;56;;;
;56;;;
;56;;;
;56;;;
;56;;;
;56;;;
;56;;;
;56;;;
;56;;;
;56;;;
;55.5;;;
;55.5;;;
;55.5;;;
;55.5;;;
;55.5;;;
;55.5;;;
;55;;;
;55;;;
;55;;;
;55;;;
;55;;;
;55;;;
;55;;;
;54.5;;;
;54;;;
;54;;;
;54;;;
;54;;;
;53.5;;;
;53.5;;;
;53;;;
;56.75;;;
;56.75;;;
;56.75;;;
;56.75;;;
;56.75;;;
;56.75;;;
;56.75;;;
;56.75;;;
;56.75;;;
;56.25;;;
;56.25;;;
;56.25;;;
;56.25;;;
;56.25;;;
;56.25;;;
;56.25;;;
;56.25;;;
;56.25;;;
;56.25;;;
;56.25;;;
;56.25;;;
;56.25;;;
;56.25;;;
;55.75;;;
;55.75;;;
;55.75;;;
;55.75;;;
;55.75;;;
;55.75;;;
;55.75;;;
;55.75;;;
;55.75;;;
;55.25;;;
;55.25;;;
;55.25;;;
;55.25;;;
;55.25;;;
;55.25;;;
;54.25;;;
;54.25;;;
;54.25;;;
;53.25;;;
;52.25;;;
;52.25;;;
;52.25;;;
;56.5;;;
;56.5;;;
;56.5;;;
;56.5;;;
;56.5;;;
;56.5;;;
;56.5;;;
;56.5;;;
;56.5;;;
;56.5;;;
;56.5;;;
;56.5;;;
;56.5;;;
;56.5;;;
;56.5;;;
;56.5;;;
;56.5;;;
;56.5;;;
;56;;;
;56;;;
;56;;;
;56;;;
;56;;;
;56;;;
;56;;;
;56;;;
;56;;;
;56;;;
;55.5;;;
;55.5;;;
;55.5;;;
;55;;;
;55;;;
;55;;;
;55;;;
;55;;;
;54.5;;;
;54.5;;;
;54.5;;;
;54.5;;;
;54;;;
;54;;;
;54;;;
;53.5;;;
;53.5;;;
;53.5;;;
;53;;;
;53;;;
;52.5;;;
;52.5;;;
;52.5;;;
;52.5;;;
;56.25;;;
;56.25;;;
;56.25;;;
;56.25;;;
;56.25;;;
;56.25;;;
;56.25;;;
;56.25;;;
;56.25;;;
;56.25;;;
;56.25;;;
;56.25;;;
;56.25;;;
;56.25;;;
;56.25;;;
;56.25;;;
;56.25;;;
;56.25;;;
;55.75;;;
;55.75;;;
;55.75;;;
;55.75;;;
;55.75;;;
;55.75;;;
;55.75;;;
;55.75;;;
;55.75;;;
;55.75;;;
;55.25;;;
;55.25;;;
;55.25;;;
;55.25;;;
;54.75;;;
;54.75;;;
;54.75;;;
;54.25;;;
;54.25;;;
;54.25;;;
;54.25;;;
;54.25;;;
;53.75;;;
;53.25;;;
;53.25;;;
;53.25;;;
;53.25;;;
;53.25;;;
;53.25;;;
;52.75;;;
;52.25;;;
;56;;;
;56;;;
;56;;;
;56;;;
;56;;;
;56;;;
;56;;;
;56;;;
;56;;;
;56;;;
;56;;;
;56;;;
;55.5;;;
;55.5;;;
;55.5;;;
;55.5;;;
;55.5;;;
;55.5;;;
;55.5;;;
;55.5;;;
;55.5;;;
;55.5;;;
;55.5;;;
;55;;;
;55;;;
;55;;;
;55;;;
;55;;;
;54.5;;;
;54.5;;;
;54.5;;;
;54;;;
;54;;;
;54;;;
;53.5;;;
;52.5;;;
;52.5;;;
;52;;;
;52;;;
;52;;;
;52;;;
;51;;;
;55.75;;;
;55.75;;;
;55.75;;;
;55.75;;;
;55.75;;;
;55.75;;;
;55.75;;;
;55.75;;;
;55.25;;;
;55.25;;;
;55.25;;;
;55.25;;;
;55.25;;;
;55.25;;;
;55.25;;;
;55.25;;;
;55.25;;;
;55.25;;;
;54.75;;;
;54.75;;;
;54.75;;;
;54.75;;;
;54.75;;;
;54.75;;;
;54.75;;;
;54.25;;;
;54.25;;;
;54.25;;;
;54.25;;;
;53.75;;;
;53.75;;;
;53.75;;;
;53.75;;;
;53.75;;;
;53.75;;;
;53.25;;;
;53.25;;;
;53.25;;;
;52.75;;;
;52.25;;;
;52.25;;;
;51.75;;;
;51.75;;;
;51.25;;;
;55.5;;;
;55.5;;;
;55.5;;;
;55.5;;;
;55.5;;;
;55.5;;;
;55.5;;;
;55.5;;;
;55.5;;;
;55.5;;;
;55.5;;;
;55.5;;;
;55;;;
;55;;;
;55;;;
;55;;;
;55;;;
;55;;;
;55;;;
;55;;;
;55;;;
;54.5;;;
;54.5;;;
;54.5;;;
;54.5;;;
;54.5;;;
;54.5;;;
;54.5;;;
;54;;;
;54;;;
;54;;;
;54;;;
;54;;;
;53.5;;;
;53;;;
;52.5;;;
;52;;;
;51.5;;;
;51.5;;;
;55.25;;;
;55.25;;;
;55.25;;;
;55.25;;;
;55.25;;;
;55.25;;;
;55.25;;;
;55.25;;;
;55.25;;;
;54.75;;;
;54.75;;;
;54.75;;;
;54.75;;;
;54.75;;;
;54.75;;;
;54.75;;;
;54.75;;;
;54.75;;;
;54.75;;;
;54.75;;;
;54.75;;;
;54.75;;;
;54.75;;;
;54.75;;;
;54.75;;;
;54.25;;;
;54.25;;;
;54.25;;;
;54.25;;;
;54.25;;;
;54.25;;;
;54.25;;;
;54.25;;;
;54.25;;;
;53.75;;;
;52.75;;;
;52.75;;;
;52.75;;;
;52.75;;;
;52.25;;;
;52.25;;;
;52.25;;;
;51.75;;;
;51.75;;;
;51.75;;;
;51.25;;;
;51.25;;;
;55;;;
;55;;;
;55;;;
;55;;;
;54.5;;;
;54.5;;;
;54.5;;;
;54.5;;;
;54.5;;;
;54.5;;;
;54;;;
;54;;;
;54;;;
;54;;;
;54;;;
;54;;;
;53.5;;;
;53.5;;;
;53.5;;;
;53.5;;;
;53.5;;;
;53;;;
;53;;;
;53;;;
;52.5;;;
;52.5;;;
;52.5;;;
;52.5;;;
;52;;;
;52;;;
;51.5;;;
;51;;;
;54.75;;;
;54.75;;;
;54.75;;;
;54.75;;;
;54.75;;;
;54.75;;;
;54.75;;;
;54.25;;;
;54.25;;;
;54.25;;;
;54.25;;;
;54.25;;;
;54.25;;;
;54.25;;;
;54.25;;;
;54.25;;;
;54.25;;;
;53.75;;;
;53.75;;;
;53.75;;;
;53.75;;;
;53.75;;;
;53.75;;;
;53.75;;;
;53.75;;;
;53.25;;;
;53.25;;;
;53.25;;;
;52.75;;;
;52.75;;;
;52.75;;;
;52.75;;;
;52.25;;;
;52.25;;;
;51.75;;;
;51.75;;;
;50.75;;;
;50.75;;;
;50.25;;;
;54.5;;;
;54.5;;;
;54.5;;;
;54.5;;;
;54.5;;;
;54.5;;;
;54;;;
;54;;;
;54;;;
;54;;;
;54;;;
;54;;;
;54;;;
;54;;;
;54;;;
;54;;;
;54;;;
;53.5;;;
;53.5;;;
;53.5;;;
;53.5;;;
;53.5;;;
;53.5;;;
;53.5;;;
;53.5;;;
;53.5;;;
;53.5;;;
;53;;;
;52.5;;;
;52.5;;;
;52.5;;;
;52.5;;;
;52.5;;;
;50.5;;;
;50.5;;;
;50.5;;;
;50.5;;;
;50;;;
;54.25;;;
;54.25;;;
;54.25;;;
;54.25;;;
;54.25;;;
;54.25;;;
;54.25;;;
;54.25;;;
;54.25;;;
;54.25;;;
;53.75;;;
;53.75;;;
;53.75;;;
;53.75;;;
;53.75;;;
;53.75;;;
;53.75;;;
;53.75;;;
;53.75;;;
;53.75;;;
;53.75;;;
;53.75;;;
;53.75;;;
;53.75;;;
;53.75;;;
;53.75;;;
;53.75;;;
;53.25;;;
;53.25;;;
;53.25;;;
;53.25;;;
;53.25;;;
;53.25;;;
;53.25;;;
;53.25;;;
;53.25;;;
;53.25;;;
;52.75;;;
;52.25;;;
;51.75;;;
;51.25;;;
;50.75;;;
;50.25;;;
;50.25;;;
;50.25;;;
;50.25;;;
;49.75;;;
;54;;;
;54;;;
;54;;;
;54;;;
;54;;;
;54;;;
;54;;;
;54;;;
;53.5;;;
;53.5;;;
;53.5;;;
;53.5;;;
;53.5;;;
;53.5;;;
;53.5;;;
;53.5;;;
;53.5;;;
;53.5;;;
;53.5;;;
;53.5;;;
;53;;;
;53;;;
;53;;;
;53;;;
;52.5;;;
;52.5;;;
;52;;;
;52;;;
;52;;;
;52;;;
;52;;;
;51.5;;;
;51;;;
;50.5;;;
;50.5;;;
;50.5;;;
;50.5;;;
;50.5;;;
;50;;;
;50;;;
;53.75;;;
;53.75;;;
;53.75;;;
;53.75;;;
;53.75;;;
;53.75;;;
;53.75;;;
;53.75;;;
;53.75;;;
;53.75;;;
;53.75;;;
;53.75;;;
;53.25;;;
;53.25;;;
;53.25;;;
;53.25;;;
;53.25;;;
;53.25;;;
;53.25;;;
;53.25;;;
;52.75;;;
;52.75;;;
;52.75;;;
;52.75;;;
;52.75;;;
;52.25;;;
;52.25;;;
;52.25;;;
;52.25;;;
;51.75;;;
;51.25;;;
;51.25;;;
;51.25;;;
;51.25;;;
;51.25;;;
;51.25;;;
;50.75;;;
;50.75;;;
;49.75;;;
;53.5;;;
;53.5;;;
;53.5;;;
;53.5;;;
;53.5;;;
;53.5;;;
;53.5;;;
;53.5;;;
;53.5;;;
;53.5;;;
;53;;;
;53;;;
;53;;;
;53;;;
;53;;;
;53;;;
;53;;;
;53;;;
;53;;;
;53;;;
;53;;;
;53;;;
;53;;;
;53;;;
;53;;;
;53;;;
;53;;;
;53;;;
;53;;;
;53;;;
;52.5;;;
;52.5;;;
;52.5;;;
;52.5;;;
;52.5;;;
;52.5;;;
;52;;;
;52;;;
;51.5;;;
;51.5;;;
;51.5;;;
;51;;;
;50;;;
;53.25;;;
;53.25;;;
;53.25;;;
;53.25;;;
;53.25;;;
;53.25;;;
;53.25;;;
;53.25;;;
;53.25;;;
;53.25;;;
;53.25;;;
;53.25;;;
;52.75;;;
;52.75;;;
;52.75;;;
;52.75;;;
;52.75;;;
;52.75;;;
;52.75;;;
;52.75;;;
;52.75;;;
;52.75;;;
;52.75;;;
;52.75;;;
;52.75;;;
;52.75;;;
;52.75;;;
;52.75;;;
;52.75;;;
;52.75;;;
;52.75;;;
;52.25;;;
;52.25;;;
;52.25;;;
;52.25;;;
;52.25;;;
;51.75;;;
;51.75;;;
;51.75;;;
;51.75;;;
;51.25;;;
;50.75;;;
;50.25;;;
;50.25;;;
;49.75;;;
;49.75;;;
;48.75;;;
;48.75;;;
;53;;;
;53;;;
;53;;;
;53;;;
;53;;;
;52.5;;;
;52.5;;;
;52.5;;;
;52.5;;;
;52.5;;;
;52.5;;;
;52.5;;;
;52.5;;;
;52.5;;;
;52.5;;;
;52.5;;;
;52.5;;;
;52;;;
;52;;;
;52;;;
;52;;;
;52;;;
;52;;;
;52;;;
;51.5;;;
;51.5;;;
;51;;;
;51;;;
;51;;;
;50.5;;;
;50.5;;;
;50.5;;;
;50;;;
;50;;;
;49.5;;;
;49;;;
;52.75;;;
;52.75;;;
;52.75;;;
;52.75;;;
;52.75;;;
;52.75;;;
;52.75;;;
;52.75;;;
;52.25;;;
;52.25;;;
;52.25;;;
;52.25;;;
;52.25;;;
;52.25;;;
;52.25;;;
;52.25;;;
;51.75;;;
;51.75;;;
;51.75;;;
;51.75;;;
;51.75;;;
;51.25;;;
;50.75;;;
;50.75;;;
;50.75;;;
;50.25;;;
;49.75;;;
;49.25;;;
;49.25;;;
;49.25;;;
;49.25;;;
;48.25;;;
;52.5;;;
;52.5;;;
;52.5;;;
;52.5;;;
;52.5;;;
;52;;;
;52;;;
;52;;;
;52;;;
;52;;;
;52;;;
;52;;;
;51.5;;;
;51.5;;;
;51.5;;;
;51.5;;;
;51;;;
;51;;;
;51;;;
;50.5;;;
;50;;;
;49.5;;;
;48.5;;;
;48.5;;;
;47.5;;;
;52.25;;;
;52.25;;;
;52.25;;;
;52.25;;;
;52.25;;;
;52.25;;;
;52.25;;;
;52.25;;;
;52.25;;;
;52.25;;;
;51.75;;;
;51.75;;;
;51.75;;;
;51.75;;;
;51.75;;;
;51.75;;;
;51.25;;;
;51.25;;;
;51.25;;;
;51.25;;;
;51.25;;;
;51.25;;;
;51.25;;;
;51.25;;;
;50.75;;;
;50.25;;;
;50.25;;;
;50.25;;;
;49.75;;;
;49.75;;;
;49.75;;;
;49.75;;;
;52;;;
;52;;;
;52;;;
;52;;;
;52;;;
;52;;;
;52;;;
;52;;;
;52;;;
;51.5;;;
;51.5;;;
;51.5;;;
;51.5;;;
;51.5;;;
;51.5;;;
;51.5;;;
;51.5;;;
;51;;;
;51;;;
;51;;;
;51;;;
;50.5;;;
;50;;;
;50;;;
;50;;;
;50;;;
;49.5;;;
;49;;;
;48.5;;;
;48.5;;;
;48;;;
;51.75;;;
;51.75;;;
;51.75;;;
;51.75;;;
;51.75;;;
;51.75;;;
;51.75;;;
;51.75;;;
;51.25;;;
;51.25;;;
;51.25;;;
;51.25;;;
;51.25;;;
;51.25;;;
;51.25;;;
;50.75;;;
;50.75;;;
;50.75;;;
;50.25;;;
;49.75;;;
;49.75;;;
;48.75;;;
;48.75;;;
;48.75;;;
;47.75;;;
;47.25;;;
;51.5;;;
;51.5;;;
;51.5;;;
;51.5;;;
;51.5;;;
;51.5;;;
;51.5;;;
;51.5;;;
;51;;;
;51;;;
;51;;;
;51;;;
;51;;;
;51;;;
;51;;;
;51;;;
;51;;;
;51;;;
;51;;;
;50.5;;;
;50.5;;;
;50.5;;;
;50.5;;;
;50.5;;;
;50;;;
;50;;;
;49.5;;;
;49;;;
;49;;;
;49;;;
;48.5;;;
;48.5;;;
;48;;;
;47;;;
;51.25;;;
;51.25;;;
;51.25;;;
;50.75;;;
;50.75;;;
;50.75;;;
;50.75;;;
;50.75;;;
;50.75;;;
;50.25;;;
;50.25;;;
;50.25;;;
;50.25;;;
;50.25;;;
;49.25;;;
;48.75;;;
;48.75;;;
;48.75;;;
;47.75;;;
;46.75;;;
;51;;;
;51;;;
;51;;;
;51;;;
;51;;;
;50.5;;;
;50.5;;;
;50.5;;;
;50.5;;;
;50.5;;;
;50.5;;;
;50.5;;;
;50.5;;;
;50.5;;;
;50.5;;;
;50.5;;;
;50;;;
;50;;;
;50;;;
;50;;;
;50;;;
;49.5;;;
;49;;;
;49;;;
;48.5;;;
;48.5;;;
;48.5;;;
;48;;;
;48;;;
;47.5;;;
;47.5;;;
;47;;;
;47;;;
;47;;;
;46.5;;;
;50.75;;;
;50.75;;;
;50.75;;;
;50.75;;;
;50.75;;;
;50.75;;;
;50.25;;;
;50.25;;;
;50.25;;;
;50.25;;;
;50.25;;;
;50.25;;;
;50.25;;;
;50.25;;;
;49.75;;;
;49.75;;;
;49.75;;;
;49.25;;;
;49.25;;;
;49.25;;;
;49.25;;;
;48.75;;;
;48.75;;;
;48.25;;;
;48.25;;;
;48.25;;;
;48.25;;;
;48.25;;;
;48.25;;;
;47.75;;;
;46.75;;;
;45.75;;;
;50.5;;;
;50.5;;;
;50.5;;;
;50.5;;;
;50.5;;;
;50.5;;;
;50.5;;;
;50;;;
;50;;;
;50;;;
;50;;;
;49.5;;;
;49.5;;;
;49.5;;;
;49.5;;;
;49;;;
;49;;;
;48.5;;;
;48.5;;;
;48.5;;;
;48;;;
;48;;;
;48;;;
;47.5;;;
;47.5;;;
;47;;;
;46;;;
;50.25;;;
;50.25;;;
;50.25;;;
;50.25;;;
;50.25;;;
;50.25;;;
;50.25;;;
;49.75;;;
;49.75;;;
;49.75;;;
;49.75;;;
;49.75;;;
;49.75;;;
;49.75;;;
;49.75;;;
;49.25;;;
;49.25;;;
;49.25;;;
;49.25;;;
;48.75;;;
;48.75;;;
;48.75;;;
;48.25;;;
;48.25;;;
;48.25;;;
;48.25;;;
;48.25;;;
;47.75;;;
;47.75;;;
;47.25;;;
;46.75;;;
;46.25;;;
;46.25;;;
;50;;;
;50;;;
;50;;;
;50;;;
;50;;;
;50;;;
;50;;;
;50;;;
;49.5;;;
;49.5;;;
;49.5;;;
;49.5;;;
;49.5;;;
;49.5;;;
;49.5;;;
;49.5;;;
;49.5;;;
;49.5;;;
;49;;;
;49;;;
;49;;;
;49;;;
;49;;;
;49;;;
;49;;;
;49;;;
;48.5;;;
;48.5;;;
;48;;;
;48;;;
;48;;;
;47.5;;;
;47;;;
;46;;;
;46;;;
;49.75;;;
;49.75;;;
;49.75;;;
;49.75;;;
;49.25;;;
;49.25;;;
;49.25;;;
;49.25;;;
;49.25;;;
;49.25;;;
;49.25;;;
;49.25;;;
;49.25;;;
;49.25;;;
;49.25;;;
;49.25;;;
;49.25;;;
;48.75;;;
;48.75;;;
;48.75;;;
;48.25;;;
;48.25;;;
;47.75;;;
;47.75;;;
;47.75;;;
;47.25;;;
;47.25;;;
;46.75;;;
;46.25;;;
;45.25;;;
;49.5;;;
;49.5;;;
;49.5;;;
;49.5;;;
;49.5;;;
;49;;;
;49;;;
;49;;;
;49;;;
;49;;;
;49;;;
;49;;;
;48.5;;;
;48.5;;;
;48.5;;;
;48.5;;;
;48;;;
;48;;;
;47.5;;;
;47.5;;;
;47;;;
;46.5;;;
;46.5;;;
;46;;;
;45;;;
;49.25;;;
;49.25;;;
;49.25;;;
;49.25;;;
;49.25;;;
;49.25;;;
;48.75;;;
;48.75;;;
;48.75;;;
;48.75;;;
;48.25;;;
;47.25;;;
;47.25;;;
;46.75;;;
;46.25;;;
;49;;;
;49;;;
;49;;;
;49;;;
;49;;;
;48.5;;;
;48.5;;;
;48.5;;;
;48.5;;;
;48.5;;;
;48.5;;;
;48.5;;;
;48.5;;;
;48;;;
;48;;;
;48;;;
;47.5;;;
;47.5;;;
;47;;;
;47;;;
;45;;;
;45;;;
;48.75;;;
;48.75;;;
;48.75;;;
;48.75;;;
;48.75;;;
;48.75;;;
;48.75;;;
;48.75;;;
;48.75;;;
;48.75;;;
;48.75;;;
;48.75;;;
;48.25;;;
;48.25;;;
;48.25;;;
;48.25;;;
;48.25;;;
;48.25;;;
;48.25;;;
;48.25;;;
;48.25;;;
;48.25;;;
;47.75;;;
;47.75;;;
;47.25;;;
;47.25;;;
;47.25;;;
;46.75;;;
;46.75;;;
;46.25;;;
;46.25;;;
;45.75;;;
;45.25;;;
;44.75;;;
;48.5;;;
;48.5;;;
;48.5;;;
;48.5;;;
;48.5;;;
;48;;;
;48;;;
;48;;;
;48;;;
;48;;;
;48;;;
;48;;;
;47.5;;;
;47.5;;;
;46.5;;;
;46.5;;;
;46.5;;;
;46;;;
;45.5;;;
;45.5;;;
;45.5;;;
;45;;;
;48.25;;;
;48.25;;;
;48.25;;;
;48.25;;;
;48.25;;;
;47.75;;;
;47.75;;;
;47.75;;;
;47.75;;;
;47.75;;;
;47.75;;;
;47.75;;;
;47.75;;;
;47.75;;;
;47.75;;;
;47.75;;;
;47.75;;;
;47.25;;;
;47.25;;;
;47.25;;;
;47.25;;;
;46.75;;;
;46.25;;;
;45.75;;;
;45.25;;;
;45.25;;;
;44.75;;;
;43.75;;;
;48;;;
;48;;;
;48;;;
;48;;;
;48;;;
;48;;;
;48;;;
;48;;;
;48;;;
;48;;;
;47.5;;;
;47.5;;;
;47.5;;;
;47.5;;;
;47.5;;;
;47.5;;;
;47.5;;;
;47.5;;;
;47.5;;;
;47.5;;;
;47.5;;;
;47.5;;;
;47;;;
;47;;;
;46.5;;;
;46.5;;;
;46;;;
;45;;;
;44.5;;;
;44;;;
;44;;;
;47.75;;;
;47.75;;;
;47.75;;;
;47.75;;;
;47.75;;;
;47.75;;;
;47.75;;;
;47.75;;;
;47.25;;;
;47.25;;;
;47.25;;;
;47.25;;;
;47.25;;;
;47.25;;;
;47.25;;;
;47.25;;;
;47.25;;;
;47.25;;;
;47.25;;;
;47.25;;;
;46.75;;;
;46.75;;;
;46.75;;;
;46.75;;;
;46.75;;;
;46.25;;;
;45.75;;;
;45.75;;;
;45.25;;;
;44.75;;;
;44.75;;;
;44.25;;;
;47.5;;;
;47.5;;;
;47.5;;;
;47.5;;;
;47.5;;;
;47.5;;;
;47.5;;;
;47.5;;;
;47;;;
;47;;;
;47;;;
;47;;;
;47;;;
;47;;;
;47;;;
;47;;;
;47;;;
;47;;;
;47;;;
;47;;;
;46.5;;;
;46.5;;;
;46.5;;;
;46.5;;;
;46.5;;;
;46.5;;;
;46;;;
;46;;;
;45.5;;;
;45.5;;;
;45;;;
;47.25;;;
;47.25;;;
;47.25;;;
;47.25;;;
;47.25;;;
;47.25;;;
;47.25;;;
;46.75;;;
;46.75;;;
;46.75;;;
;46.75;;;
;46.75;;;
;46.25;;;
;46.25;;;
;46.25;;;
;46.25;;;
;45.75;;;
;45.25;;;
;45.25;;;
;44.25;;;
;43.75;;;
;43.25;;;
;42.75;;;
;47;;;
;47;;;
;47;;;
;47;;;
;47;;;
;47;;;
;46.5;;;
;46.5;;;
;46.5;;;
;46.5;;;
;46.5;;;
;46.5;;;
;46.5;;;
;46.5;;;
;46.5;;;
;46.5;;;
;46.5;;;
;46;;;
;46;;;
;46;;;
;46;;;
;46;;;
;46;;;
;45.5;;;
;45.5;;;
;45;;;
;45;;;
;45;;;
;45;;;
;44.5;;;
;44;;;
;44;;;
;46.75;;;
;46.75;;;
;46.75;;;
;46.75;;;
;46.75;;;
;46.75;;;
;46.75;;;
;46.25;;;
;46.25;;;
;46.25;;;
;46.25;;;
;46.25;;;
;46.25;;;
;46.25;;;
;46.25;;;
;46.25;;;
;46.25;;;
;46.25;;;
;45.75;;;
;45.75;;;
;45.25;;;
;45.25;;;
;44.75;;;
;44.25;;;
;44.25;;;
;44.25;;;
;43.25;;;
;42.75;;;
;46.5;;;
;46.5;;;
;46.5;;;
;46.5;;;
;46.5;;;
;46.5;;;
;46;;;
;46;;;
;46;;;
;46;;;
;46;;;
;46;;;
;46;;;
;46;;;
;46;;;
;46;;;
;46;;;
;46;;;
;45.5;;;
;45.5;;;
;45.5;;;
;45.5;;;
;45;;;
;44.5;;;
;44.5;;;
;43.5;;;
;43.5;;;
;43.5;;;
;43.5;;;
;43;;;
;43;;;
;46.25;;;
;46.25;;;
;46.25;;;
;46.25;;;
;46.25;;;
;46.25;;;
;46.25;;;
;46.25;;;
;46.25;;;
;46.25;;;
;46.25;;;
;46.25;;;
;45.75;;;
;45.75;;;
;45.75;;;
;45.75;;;
;45.75;;;
;45.25;;;
;45.25;;;
;45.25;;;
;45.25;;;
;44.75;;;
;43.75;;;
;42.75;;;
;46;;;
;46;;;
;46;;;
;46;;;
;46;;;
;46;;;
;46;;;
;45.5;;;
;45.5;;;
;45.5;;;
;45.5;;;
;45.5;;;
;45.5;;;
;45.5;;;
;45.5;;;
;45.5;;;
;45.5;;;
;45.5;;;
;45.5;;;
;45;;;
;45;;;
;44.5;;;
;44.5;;;
;44.5;;;
;44.5;;;
;44;;;
;45.75;;;
;45.75;;;
;45.75;;;
;45.75;;;
;45.75;;;
;45.75;;;
;45.75;;;
;45.75;;;
;45.25;;;
;45.25;;;
;45.25;;;
;45.25;;;
;45.25;;;
;45.25;;;
;45.25;;;
;45.25;;;
;45.25;;;
;44.75;;;
;44.75;;;
;44.75;;;
;44.25;;;
;44.25;;;
;43.75;;;
;43.75;;;
;43.75;;;
;43.75;;;
;42.25;;;
;45.5;;;
;45.5;;;
;45.5;;;
;45.5;;;
;45;;;
;45;;;
;45;;;
;45;;;
;45;;;
;45;;;
;45;;;
;45;;;
;45;;;
;44.5;;;
;44.5;;;
;44.5;;;
;44.5;;;
;44.5;;;
;44.5;;;
;45.25;;;
;44.75;;;
;44.75;;;
;44.75;;;
;44.75;;;
;44.75;;;
;44.75;;;
;44.75;;;
;44.75;;;
;44.75;;;
;44.25;;;
;44.25;;;
;43.75;;;
;45;;;
;45;;;
;45;;;
;45;;;
;44.5;;;
;44.5;;;
;44.5;;;
;44.5;;;
;44.5;;;
;44.5;;;
;44;;;
;44;;;
;44;;;
;44;;;
;43.5;;;
;43;;;
;42;;;
;41.5;;;
;44.75;;;
;44.75;;;
;44.75;;;
;44.75;;;
;44.75;;;
;44.75;;;
;44.75;;;
;44.25;;;
;44.25;;;
;44.25;;;
;44.25;;;
;44.25;;;
;43.75;;;
;43.75;;;
;43.75;;;
;43.75;;;
;42.25;;;
;41.25;;;
;44.5;;;
;44.5;;;
;44.5;;;
;44;;;
;44;;;
;44;;;
;44;;;
;44;;;
;43.5;;;
;43.5;;;
;43.5;;;
;40.5;;;
;40.5;;;
;44.25;;;
;44.25;;;
;44.25;;;
;44.25;;;
;43.75;;;
;43.75;;;
;43.75;;;
;43.75;;;
;43.75;;;
;43.25;;;
;43.25;;;
;43.25;;;
;43.25;;;
;42.25;;;
;41.75;;;
;41.75;;;
;41.25;;;
;40.25;;;
;40.25;;;
;44;;;
;44;;;
;44;;;
;44;;;
;44;;;
;44;;;
;43.5;;;
;43.5;;;
;43.5;;;
;43.5;;;
;43.5;;;
;43;;;
;43;;;
;42;;;
;41;;;
;41;;;
;40.5;;;
;43.75;;;
;43.75;;;
;43.75;;;
;43.75;;;
;43.25;;;
;43.25;;;
;43.25;;;
;43.25;;;
;43.25;;;
;43.25;;;
;42.25;;;
;41.75;;;
;41.25;;;
;40.75;;;
;40.25;;;
;43.5;;;
;43.5;;;
;43.5;;;
;43.5;;;
;43.5;;;
;43;;;
;43;;;
;42.5;;;
;42.5;;;
;42.5;;;
;42.5;;;
;42;;;
;42;;;
;41;;;
;39.5;;;
;43.25;;;
;43.25;;;
;42.75;;;
;42.75;;;
;42.75;;;
;42.75;;;
;42.75;;;
;42.75;;;
;42.75;;;
;42.75;;;
;42.75;;;
;42.75;;;
;42.75;;;
;42.75;;;
;41.25;;;
;40.25;;;
;39.75;;;
;38.25;;;
;43;;;
;43;;;
;43;;;
;42.5;;;
;42.5;;;
;42.5;;;
;42.5;;;
;42.5;;;
;42.5;;;
;42.5;;;
;42.5;;;
;42.5;;;
;42;;;
;42;;;
;42;;;
;42;;;
;42;;;
;41.5;;;
;41;;;
;41;;;
;39.5;;;
;42.75;;;
;42.75;;;
;42.75;;;
;42.75;;;
;42.25;;;
;42.25;;;
;42.25;;;
;42.25;;;
;42.25;;;
;42.25;;;
;40.75;;;
;40.75;;;
;40.25;;;
;40.25;;;
;38.75;;;
;38.75;;;
;38.25;;;
;42.5;;;
;42.5;;;
;42.5;;;
;42.5;;;
;42.5;;;
;42;;;
;42;;;
;42;;;
;41.5;;;
;40;;;
;39.5;;;
;38.5;;;
;42.25;;;
;42.25;;;
;42.25;;;
;42.25;;;
;42.25;;;
;42.25;;;
;42.25;;;
;41.75;;;
;41.75;;;
;41.75;;;
;41.75;;;
;41.75;;;
;41.75;;;
;41.75;;;
;41.75;;;
;41.75;;;
;41.25;;;
;40.75;;;
;40.75;;;
;39.75;;;
;42;;;
;42;;;
;42;;;
;41.5;;;
;41.5;;;
;41.5;;;
;40.5;;;
;40.5;;;
;40;;;
;40;;;
;39.5;;;
;39.5;;;
;38.5;;;
;38;;;
;41.75;;;
;41.75;;;
;41.75;;;
;41.75;;;
;41.75;;;
;41.75;;;
;41.75;;;
;41.75;;;
;41.25;;;
;41.25;;;
;41.25;;;
;41.25;;;
;41.25;;;
;41.25;;;
;40.75;;;
;40.75;;;
;40.25;;;
;39.75;;;
;38.25;;;
;41.5;;;
;41;;;
;41;;;
;41;;;
;41;;;
;41;;;
;41;;;
;40.5;;;
;40.5;;;
;41.25;;;
;41.25;;;
;41.25;;;
;41.25;;;
;41.25;;;
;41.25;;;
;41.25;;;
;41.25;;;
;41.25;;;
;40.75;;;
;40.75;;;
;40.75;;;
;40.75;;;
;40.75;;;
;37.75;;;
;41;;;
;41;;;
;41;;;
;40.5;;;
;40.5;;;
;40.5;;;
;40.5;;;
;40;;;
;40;;;
;40;;;
;40;;;
;39.5;;;
;39.5;;;
;39;;;
;38.5;;;
;37.5;;;
;37.5;;;
;40.75;;;
;40.75;;;
;40.75;;;
;40.75;;;
;40.75;;;
;40.25;;;
;40.25;;;
;40.25;;;
;40.25;;;
;40.25;;;
;38.75;;;
;37.75;;;
;37.75;;;
;36.75;;;
;40.5;;;
;40.5;;;
;40.5;;;
;40;;;
;40;;;
;40;;;
;40;;;
;40;;;
;40;;;
;40;;;
;40;;;
;40;;;
;36.5;;;
;40.25;;;
;40.25;;;
;40.25;;;
;40.25;;;
;40.25;;;
;40.25;;;
;40.25;;;
;40.25;;;
;40.25;;;
;39.75;;;
;39.75;;;
;39.75;;;
;39.75;;;
;39.75;;;
;39.75;;;
;39.75;;;
;39.25;;;
;39.25;;;
;38.25;;;
;36.75;;;
;40;;;
;40;;;
;40;;;
;40;;;
;40;;;
;40;;;
;39.5;;;
;39.5;;;
;39.5;;;
;39.5;;;
;39.5;;;
;39.5;;;
;39.5;;;
;39;;;
;39;;;
;38.5;;;
;38;;;
;38;;;
;38;;;
;36;;;
;39.75;;;
;39.75;;;
;39.75;;;
;39.75;;;
;39.75;;;
;39.25;;;
;39.25;;;
;39.25;;;
;39.25;;;
;39.25;;;
;38.75;;;
;38.25;;;
;39.5;;;
;39.5;;;
;39.5;;;
;39.5;;;
;39;;;
;39;;;
;39;;;
;39;;;
;39;;;
;39;;;
;38.5;;;
;37.5;;;
;37.5;;;
;36.5;;;
;36;;;
;39.25;;;
;38.75;;;
;37.25;;;
;37.25;;;
;36.25;;;
;39;;;
;38.5;;;
;38.5;;;
;38.5;;;
;38.5;;;
;38;;;
;38;;;
;38;;;
;37.5;;;
;37;;;
;37;;;
;38.75;;;
;38.75;;;
;38.75;;;
;38.25;;;
;38.25;;;
;38.25;;;
;38.25;;;
;38.25;;;
;37.75;;;
;37.75;;;
;36.75;;;
;36.25;;;
;35.75;;;
;34.25;;;
;38.5;;;
;38.5;;;
;38.5;;;
;38.5;;;
;38.5;;;
;38;;;
;38;;;
;38;;;
;38;;;
;38;;;
;38;;;
;38;;;
;37.5;;;
;37.5;;;
;37;;;
;37;;;
;36.5;;;
;36;;;
;38.25;;;
;38.25;;;
;38.25;;;
;37.75;;;
;37.75;;;
;37.75;;;
;37.75;;;
;37.75;;;
;37.75;;;
;37.25;;;
;36.75;;;
;38;;;
;38;;;
;37.5;;;
;37.5;;;
;37.5;;;
;37.5;;;
;37.5;;;
;37.5;;;
;37;;;
;36;;;
;36;;;
;35;;;
;34.5;;;
;37.75;;;
;37.25;;;
;37.25;;;
;36.75;;;
;35.25;;;
;37.5;;;
;37.5;;;
;37.5;;;
;37.5;;;
;37.5;;;
;37;;;
;36.5;;;
;36.5;;;
;36;;;
;37.25;;;
;37.25;;;
;37.25;;;
;37.25;;;
;37.25;;;
;37.25;;;
;37.25;;;
;37.25;;;
;36.75;;;
;36.75;;;
;36.75;;;
;36.75;;;
;36.25;;;
;36.25;;;
;36.25;;;
;35.75;;;
;35.75;;;
;37;;;
;37;;;
;37;;;
;37;;;
;36.5;;;
;36.5;;;
;35.5;;;
;36.75;;;
;36.25;;;
;36.25;;;
;35.75;;;
;35.75;;;
;35.25;;;
;36;;;
;35.5;;;
;35.5;;;
;35;;;
;36.25;;;
;36.25;;;
;35.75;;;
;33.25;;;
;36;;;
;35.5;;;
;35.5;;;
;35.5;;;
;35;;;
;33.5;;;
;33.5;;;
;32.5;;;
;35.75;;;
;35.75;;;
;35.75;;;
;35.25;;;
;35.5;;;
;35;;;
;35;;;
;35;;;
;35;;;
;35.25;;;
;35.25;;;
;35.25;;;
;34.75;;;
;34.75;;;
;34.25;;;
;33.75;;;
;35;;;
;35;;;
;35;;;
;35;;;
;35;;;
;34.5;;;
;34.5;;;
;34.5;;;
;34;;;
;32.5;;;
;34.75;;;
;34.75;;;
;34.75;;;
;34.25;;;
;34.25;;;
;34.25;;;
;34.25;;;
;34.25;;;
;33.75;;;
;32.75;;;
;31.75;;;
;34.5;;;
;34;;;
;34;;;
;34;;;
;34;;;
;34;;;
;33.5;;;
;33;;;
;34.25;;;
;34.25;;;
;33.75;;;
;33.75;;;
;31.75;;;
;34;;;
;34;;;
;34;;;
;33.5;;;
;33.5;;;
;33.5;;;
;33.5;;;
;32.5;;;
;33.75;;;
;33.75;;;
;33.75;;;
;33.5;;;
;33.5;;;
;33.5;;;
;33.5;;;
;33;;;
;33;;;
;33.25;;;
;33.25;;;
;33.25;;;
;32.75;;;
;32.75;;;
;33;;;
;33;;;
;33;;;
;32.5;;;
;32.5;;;
;32.5;;;
;32.5;;;
;32.5;;;
;32;;;
;32;;;
;32.75;;;
;32.25;;;
;32.25;;;
;32.25;;;
;32.25;;;
;32.25;;;
;31.25;;;
;30.25;;;
;32.5;;;
;32.5;;;
;32.25;;;
;32.25;;;
;32.25;;;
;31.75;;;
;31.75;;;
;30.25;;;
;31.5;;;
;31.5;;;
;30.5;;;
;30;;;
;31.25;;;
;31.25;;;
;30.25;;;
;31.5;;;
;31.5;;;
;31;;;
;31;;;
;30.5;;;
;30;;;
;29.5;;;
;29.5;;;
;30.75;;;
;28.75;;;
;31;;;
;31;;;
;31;;;
;30.5;;;
;30.5;;;
;30.5;;;
;30;;;
;30.75;;;
;30.25;;;
;30.25;;;
;26.75;;;
;30;;;
;30;;;
;29.5;;;
;30.25;;;
;30.25;;;
;29.75;;;
;29.75;;;
;29.25;;;
;30;;;
;30;;;
;29;;;
;29.75;;;
;29.75;;;
;29.25;;;
;29;;;
;29;;;
;27;;;
;29.25;;;
;29.25;;;
;29;;;
;29;;;
;28.5;;;
;28.5;;;
;26.5;;;
;28.75;;;
;28.75;;;
;28.25;;;
;26.75;;;
;28.5;;;
;28.5;;;
;26;;;
;28.25;;;
;27.75;;;
;27.75;;;
;27.75;;;
;27.75;;;
;27.25;;;
;26.25;;;
;25.75;;;
;28;;;
;27.5;;;
;27.75;;;
;27.75;;;
;27.75;;;
;26.25;;;
;27.5;;;
;27.5;;;
;27;;;
;27;;;
;27.25;;;
;26.75;;;
;27;;;
;26.5;;;
;26.25;;;
;23.25;;;
;26.5;;;
;26.25;;;
;26.25;;;
;26.25;;;
;25.75;;;
;25.75;;;
;26;;;
;25.5;;;
;25.75;;;
;25.75;;;
;25.5;;;
;24.5;;;
;24.5;;;
;23;;;
;25;;;
;25;;;
;25;;;
;25;;;
;24.5;;;
;24;;;
;24.5;;;
;24.5;;;
;22;;;
;20.5;;;
;24.25;;;
;23.75;;;
;22;;;
;23;;;
;23;;;
;23;;;
;22.5;;;
;22.5;;;
;21;;;
;22.75;;;
;21.75;;;
;22.5;;;
;22.5;;;
;22.25;;;
;21.5;;;
;21.25;;;
;21;;;
;20.5;;;
;21.25;;;
;21.25;;;
;20.75;;;
;20;;;
;20.75;;;
;20.75;;;
;20.75;;;
;20.25;;;
;20.5;;;
;20;;;
;20.25;;;
;19.75;;;
;20;;;
;20;;;
;20;;;
;20;;;
;19.5;;;
;19.75;;;
;18.75;;;
;18.75;;;
;19;;;
;19;;;
;19;;;
;18.75;;;
;18.75;;;
;18.25;;;
;18.25;;;
;18.25;;;
;17.5;;;
;17.5;;;
;17.5;;;
;17.5;;;
;17.5;;;
;17;;;
;16.5;;;
;16.75;;;
;15;;;
;16.25;;;
;15.5;;;
;15;;;
;13.75;;;
;14;;;
;13.25;;;
;11.75;;;
;11.25;;;
;9.75;;;
;7.5;;;
;7.25;;;
;5;;;
;4.75;;;
;0;;;
;-0.25;;;
;-2;;;
