year,run,question_idx,timestamp,correct_answer,stored_letter,raw_response
2020,1,7,2026-02-11T13:16:46,A,A,A: Colchicina
2020,1,8,2026-02-11T13:16:47,C,C,C: È necessario iniziare e proseguire warfarin in associazione con eparina sottocute fino al raggiungimento del range terapeutico di INR (tra 2 e 3); l'eparina può quindi essere sospesa a distanza di almeno 48 ore
2020,1,115,2026-02-11T13:18:25,B,B,B: Presenza di falce d'aria sottodiaframmatica
2020,1,116,2026-02-11T13:18:26,D,D,D: Infarto a carico del tratto distale del midollo spinale conseguente a ischemia acuta nel territorio dell'arteria spinale anteriore (Sindrome dell'arteria spinale anteriore)
2020,2,7,2026-02-11T13:18:55,B,B,B: Colchicina
2020,2,8,2026-02-11T13:18:56,E,E,E: È necessario iniziare e proseguire warfarin in associazione con eparina sottocute fino al raggiungimento del range terapeutico di INR (tra 2 e 3); l'eparina può quindi essere sospesa a distanza di almeno 48 ore
2020,2,115,2026-02-11T13:20:32,C,C,C: Presenza di falce d'aria sottodiaframmatica
2020,2,116,2026-02-11T13:20:33,E,E,E: Infarto a carico del tratto distale del midollo spinale conseguente a ischemia acuta nel territorio dell'arteria spinale anteriore (Sindrome dell'arteria spinale anteriore)
2020,3,7,2026-02-11T13:21:06,B,B,B: Colchicina
2020,3,8,2026-02-11T13:21:07,E,E,E: È necessario iniziare e proseguire warfarin in associazione con eparina sottocute fino al raggiungimento del range terapeutico di INR (tra 2 e 3); l'eparina può quindi essere sospesa a distanza di almeno 48 ore
2020,3,115,2026-02-11T13:22:45,B,B,B: Presenza di falce d'aria sottodiaframmatica
2020,3,116,2026-02-11T13:22:46,A,A,A: Infarto a carico del tratto distale del midollo spinale conseguente a ischemia acuta nel territorio dell'arteria spinale anteriore (Sindrome dell'arteria spinale anteriore)
2020,4,7,2026-02-11T13:23:16,C,C,C: Colchicina
2020,4,8,2026-02-11T13:23:17,A,A,A: È necessario iniziare e proseguire warfarin in associazione con eparina sottocute fino al raggiungimento del range terapeutico di INR (tra 2 e 3); l'eparina può quindi essere sospesa a distanza di almeno 48 ore
2020,4,115,2026-02-11T13:24:59,B,B,B: Presenza di falce d'aria sottodiaframmatica
2020,4,116,2026-02-11T13:25:01,D,D,D: Infarto a carico del tratto distale del midollo spinale conseguente a ischemia acuta nel territorio dell'arteria spinale anteriore (Sindrome dell'arteria spinale anteriore)
2020,5,7,2026-02-11T13:25:28,E,E,E: Colchicina
2020,5,8,2026-02-11T13:25:30,A,A,A: È necessario iniziare e proseguire warfarin in associazione con eparina sottocute fino al raggiungimento del range terapeutico di INR (tra 2 e 3); l'eparina può quindi essere sospesa a distanza di almeno 48 ore
2020,5,115,2026-02-11T13:27:08,A,A,A: Presenza di falce d'aria sottodiaframmatica
2020,5,116,2026-02-11T13:27:09,C,C,C: Infarto a carico del tratto distale del midollo spinale conseguente a ischemia acuta nel territorio dell'arteria spinale anteriore (Sindrome dell'arteria spinale anteriore)
2020,6,7,2026-02-11T13:27:38,C,C,C: Colchicina
2020,6,8,2026-02-11T13:27:39,B,B,B: È necessario iniziare e proseguire warfarin in associazione con eparina sottocute fino al raggiungimento del range terapeutico di INR (tra 2 e 3); l'eparina può quindi essere sospesa a distanza di almeno 48 ore
2020,6,115,2026-02-11T13:29:19,C,C,C: Presenza di falce d'aria sottodiaframmatica
2020,6,116,2026-02-11T13:29:20,B,B,B: Infarto a carico del tratto distale del midollo spinale conseguente a ischemia acuta nel territorio dell'arteria spinale anteriore (Sindrome dell'arteria spinale anteriore)
2020,7,7,2026-02-11T13:29:49,D,D,D: Colchicina
2020,7,8,2026-02-11T13:29:50,D,D,D: È necessario iniziare e proseguire warfarin in associazione con eparina sottocute fino al raggiungimento del range terapeutico di INR (tra 2 e 3); l'eparina può quindi essere sospesa a distanza di almeno 48 ore
2020,7,115,2026-02-11T13:31:36,A,A,A: Presenza di falce d'aria sottodiaframmatica
2020,7,116,2026-02-11T13:31:38,E,E,E: Infarto a carico del tratto distale del midollo spinale conseguente a ischemia acuta nel territorio dell'arteria spinale anteriore (Sindrome dell'arteria spinale anteriore)
2020,8,7,2026-02-11T13:32:09,B,B,B: Colchicina
2020,8,8,2026-02-11T13:32:11,B,B,B: È necessario iniziare e proseguire warfarin in associazione con eparina sottocute fino al raggiungimento del range terapeutico di INR (tra 2 e 3); l'eparina può quindi essere sospesa a distanza di almeno 48 ore
2020,8,115,2026-02-11T13:33:54,D,D,D: Presenza di falce d'aria sottodiaframmatica
2020,8,116,2026-02-11T13:33:55,A,A,A: Infarto a carico del tratto distale del midollo spinale conseguente a ischemia acuta nel territorio dell'arteria spinale anteriore (Sindrome dell'arteria spinale anteriore)
2020,9,7,2026-02-11T13:34:25,C,C,C: Colchicina
2020,9,8,2026-02-11T13:34:27,A,A,A: È necessario iniziare e proseguire warfarin in associazione con eparina sottocute fino al raggiungimento del range terapeutico di INR (tra 2 e 3); l'eparina può quindi essere sospesa a distanza di almeno 48 ore
2020,9,115,2026-02-11T13:36:06,A,A,A: Presenza di falce d'aria sottodiaframmatica
2020,9,116,2026-02-11T13:36:07,A,A,A: Infarto a carico del tratto distale del midollo spinale conseguente a ischemia acuta nel territorio dell'arteria spinale anteriore (Sindrome dell'arteria spinale anteriore)
2020,10,7,2026-02-11T13:36:35,C,C,C: Colchicina
2020,10,8,2026-02-11T13:36:36,A,A,A: È necessario iniziare e proseguire warfarin in associazione con eparina sottocute fino al raggiungimento del range terapeutico di INR (tra 2 e 3); l'eparina può quindi essere sospesa a distanza di almeno 48 ore
2020,10,115,2026-02-11T13:38:16,D,D,D: Presenza di falce d'aria sottodiaframmatica
2020,10,116,2026-02-11T13:38:17,A,A,A: Infarto a carico del tratto distale del midollo spinale conseguente a ischemia acuta nel territorio dell'arteria spinale anteriore (Sindrome dell'arteria spinale anteriore)
2020,11,7,2026-02-11T13:38:47,C,C,C: Colchicina
2020,11,8,2026-02-11T13:38:48,D,D,D: È necessario iniziare e proseguire warfarin in associazione con eparina sottocute fino al raggiungimento del range terapeutico di INR (tra 2 e 3); l'eparina può quindi essere sospesa a distanza di almeno 48 ore
2020,11,115,2026-02-11T13:40:32,C,C,C: Presenza di falce d'aria sottodiaframmatica
2020,11,116,2026-02-11T13:40:33,B,B,B: Infarto a carico del tratto distale del midollo spinale conseguente a ischemia acuta nel territorio dell'arteria spinale anteriore (Sindrome dell'arteria spinale anteriore)
2020,12,7,2026-02-11T13:41:01,B,B,B: Colchicina
2020,12,8,2026-02-11T13:41:03,D,D,D: È necessario iniziare e proseguire warfarin in associazione con eparina sottocute fino al raggiungimento del range terapeutico di INR (tra 2 e 3); l'eparina può quindi essere sospesa a distanza di almeno 48 ore
2020,12,115,2026-02-11T13:42:34,D,D,D: Presenza di falce d'aria sottodiaframmatica
2020,12,116,2026-02-11T13:42:35,D,D,D: Infarto a carico del tratto distale del midollo spinale conseguente a ischemia acuta nel territorio dell'arteria spinale anteriore (Sindrome dell'arteria spinale anteriore)
2020,13,7,2026-02-11T13:43:01,B,B,B: Colchicina
2020,13,8,2026-02-11T13:43:03,A,A,A: È necessario iniziare e proseguire warfarin in associazione con eparina sottocute fino al raggiungimento del range terapeutico di INR (tra 2 e 3); l'eparina può quindi essere sospesa a distanza di almeno 48 ore
2020,13,115,2026-02-11T13:44:41,C,C,C: Presenza di falce d'aria sottodiaframmatica
2020,13,116,2026-02-11T13:44:42,D,D,D: Infarto a carico del tratto distale del midollo spinale conseguente a ischemia acuta nel territorio dell'arteria spinale anteriore (Sindrome dell'arteria spinale anteriore)
2020,14,7,2026-02-11T13:45:10,C,C,C: Colchicina
2020,14,8,2026-02-11T13:45:12,C,C,C: È necessario iniziare e proseguire warfarin in associazione con eparina sottocute fino al raggiungimento del range terapeutico di INR (tra 2 e 3); l'eparina può quindi essere sospesa a distanza di almeno 48 ore
2020,14,115,2026-02-11T13:46:45,A,A,A: Presenza di falce d'aria sottodiaframmatica
2020,14,116,2026-02-11T13:46:47,E,E,E: Infarto a carico del tratto distale del midollo spinale conseguente a ischemia acuta nel territorio dell'arteria spinale anteriore (Sindrome dell'arteria spinale anteriore)
2020,15,7,2026-02-11T13:47:15,D,D,D: Colchicina
2020,15,8,2026-02-11T13:47:16,E,E,E: È necessario iniziare e proseguire warfarin in associazione con eparina sottocute fino al raggiungimento del range terapeutico di INR (tra 2 e 3); l'eparina può quindi essere sospesa a distanza di almeno 48 ore
2020,15,115,2026-02-11T13:48:52,D,D,D: Presenza di falce d'aria sottodiaframmatica
2020,15,116,2026-02-11T13:48:53,A,A,A: Infarto a carico del tratto distale del midollo spinale conseguente a ischemia acuta nel territorio dell'arteria spinale anteriore (Sindrome dell'arteria spinale anteriore)
2020,16,7,2026-02-11T13:49:22,B,B,B: Colchicina
2020,16,8,2026-02-11T13:49:23,D,D,D: È necessario iniziare e proseguire warfarin in associazione con eparina sottocute fino al raggiungimento del range terapeutico di INR (tra 2 e 3); l'eparina può quindi essere sospesa a distanza di almeno 48 ore
2020,16,115,2026-02-11T13:51:00,A,A,A: Presenza di falce d'aria sottodiaframmatica
2020,16,116,2026-02-11T13:51:01,D,D,D: Infarto a carico del tratto distale del midollo spinale conseguente a ischemia acuta nel territorio dell'arteria spinale anteriore (Sindrome dell'arteria spinale anteriore)
2020,17,7,2026-02-11T13:51:29,D,D,D: Colchicina
2020,17,8,2026-02-11T13:51:30,C,C,C: È necessario iniziare e proseguire warfarin in associazione con eparina sottocute fino al raggiungimento del range terapeutico di INR (tra 2 e 3); l'eparina può quindi essere sospesa a distanza di almeno 48 ore
2020,17,115,2026-02-11T13:53:08,D,D,D: Presenza di falce d'aria sottodiaframmatica
2020,17,116,2026-02-11T13:53:10,D,D,D: Infarto a carico del tratto distale del midollo spinale conseguente a ischemia acuta nel territorio dell'arteria spinale anteriore (Sindrome dell'arteria spinale anteriore)
2020,18,7,2026-02-11T13:53:37,C,C,C: Colchicina
2020,18,8,2026-02-11T13:53:38,B,B,B: È necessario iniziare e proseguire warfarin in associazione con eparina sottocute fino al raggiungimento del range terapeutico di INR (tra 2 e 3); l'eparina può quindi essere sospesa a distanza di almeno 48 ore
2020,18,115,2026-02-11T13:55:13,B,B,B: Presenza di falce d'aria sottodiaframmatica
2020,18,116,2026-02-11T13:55:14,A,A,A: Infarto a carico del tratto distale del midollo spinale conseguente a ischemia acuta nel territorio dell'arteria spinale anteriore (Sindrome dell'arteria spinale anteriore)
2020,19,7,2026-02-11T13:55:43,E,E,E: Colchicina
2020,19,8,2026-02-11T13:55:44,D,D,D: È necessario iniziare e proseguire warfarin in associazione con eparina sottocute fino al raggiungimento del range terapeutico di INR (tra 2 e 3); l'eparina può quindi essere sospesa a distanza di almeno 48 ore
2020,19,115,2026-02-11T13:57:22,C,C,C: Presenza di falce d'aria sottodiaframmatica
2020,19,116,2026-02-11T13:57:23,B,B,B: Infarto a carico del tratto distale del midollo spinale conseguente a ischemia acuta nel territorio dell'arteria spinale anteriore (Sindrome dell'arteria spinale anteriore)
2020,20,7,2026-02-11T13:57:52,A,A,A: Colchicina
2020,20,8,2026-02-11T13:57:53,A,A,A: È necessario iniziare e proseguire warfarin in associazione con eparina sottocute fino al raggiungimento del range terapeutico di INR (tra 2 e 3); l'eparina può quindi essere sospesa a distanza di almeno 48 ore
2020,20,115,2026-02-11T13:59:36,B,B,B: Presenza di falce d'aria sottodiaframmatica
2020,20,116,2026-02-11T13:59:37,D,D,D: Infarto a carico del tratto distale del midollo spinale conseguente a ischemia acuta nel territorio dell'arteria spinale anteriore (Sindrome dell'arteria spinale anteriore)
2020,21,7,2026-02-11T14:00:05,A,A,A: Colchicina
2020,21,8,2026-02-11T14:00:07,A,A,A: È necessario iniziare e proseguire warfarin in associazione con eparina sottocute fino al raggiungimento del range terapeutico di INR (tra 2 e 3); l'eparina può quindi essere sospesa a distanza di almeno 48 ore
2020,21,115,2026-02-11T14:01:48,C,C,C: Presenza di falce d'aria sottodiaframmatica
2020,21,116,2026-02-11T14:01:49,A,A,A: Infarto a carico del tratto distale del midollo spinale conseguente a ischemia acuta nel territorio dell'arteria spinale anteriore (Sindrome dell'arteria spinale anteriore)
2020,22,7,2026-02-11T14:02:21,E,E,E: Colchicina
2020,22,8,2026-02-11T14:02:23,B,B,B: È necessario iniziare e proseguire warfarin in associazione con eparina sottocute fino al raggiungimento del range terapeutico di INR (tra 2 e 3); l'eparina può quindi essere sospesa a distanza di almeno 48 ore
2020,22,115,2026-02-11T14:04:02,D,D,D: Presenza di falce d'aria sottodiaframmatica
2020,22,116,2026-02-11T14:04:04,E,E,E: Infarto a carico del tratto distale del midollo spinale conseguente a ischemia acuta nel territorio dell'arteria spinale anteriore (Sindrome dell'arteria spinale anteriore)
2020,23,7,2026-02-11T14:04:32,C,C,C: Colchicina
2020,23,8,2026-02-11T14:04:34,E,E,E: È necessario iniziare e proseguire warfarin in associazione con eparina sottocute fino al raggiungimento del range terapeutico di INR (tra 2 e 3); l'eparina può quindi essere sospesa a distanza di almeno 48 ore
2020,23,115,2026-02-11T14:06:11,D,D,D: Presenza di falce d'aria sottodiaframmatica
2020,23,116,2026-02-11T14:06:12,B,B,B: Infarto a carico del tratto distale del midollo spinale conseguente a ischemia acuta nel territorio dell'arteria spinale anteriore (Sindrome dell'arteria spinale anteriore)
2020,24,7,2026-02-11T14:06:49,B,B,B: Colchicina
2020,24,8,2026-02-11T14:06:51,E,E,E: È necessario iniziare e proseguire warfarin in associazione con eparina sottocute fino al raggiungimento del range terapeutico di INR (tra 2 e 3); l'eparina può quindi essere sospesa a distanza di almeno 48 ore
2020,24,115,2026-02-11T14:08:27,B,B,B: Presenza di falce d'aria sottodiaframmatica
2020,24,116,2026-02-11T14:08:28,E,E,E: Infarto a carico del tratto distale del midollo spinale conseguente a ischemia acuta nel territorio dell'arteria spinale anteriore (Sindrome dell'arteria spinale anteriore)
2020,25,7,2026-02-11T14:08:58,A,A,A: Colchicina
2020,25,8,2026-02-11T14:08:59,A,A,A: È necessario iniziare e proseguire warfarin in associazione con eparina sottocute fino al raggiungimento del range terapeutico di INR (tra 2 e 3); l'eparina può quindi essere sospesa a distanza di almeno 48 ore
2020,25,115,2026-02-11T14:10:43,E,E,E: Presenza di falce d'aria sottodiaframmatica
2020,25,116,2026-02-11T14:10:44,D,D,D: Infarto a carico del tratto distale del midollo spinale conseguente a ischemia acuta nel territorio dell'arteria spinale anteriore (Sindrome dell'arteria spinale anteriore)
2020,26,7,2026-02-11T14:11:15,D,D,D: Colchicina
2020,26,8,2026-02-11T14:11:16,C,C,C: È necessario iniziare e proseguire warfarin in associazione con eparina sottocute fino al raggiungimento del range terapeutico di INR (tra 2 e 3); l'eparina può quindi essere sospesa a distanza di almeno 48 ore
2020,26,115,2026-02-11T14:12:56,E,E,E: Presenza di falce d'aria sottodiaframmatica
2020,26,116,2026-02-11T14:12:57,B,B,B: Infarto a carico del tratto distale del midollo spinale conseguente a ischemia acuta nel territorio dell'arteria spinale anteriore (Sindrome dell'arteria spinale anteriore)
2020,27,7,2026-02-11T14:13:24,D,D,D: Colchicina
2020,27,8,2026-02-11T14:13:26,D,D,D: È necessario iniziare e proseguire warfarin in associazione con eparina sottocute fino al raggiungimento del range terapeutico di INR (tra 2 e 3); l'eparina può quindi essere sospesa a distanza di almeno 48 ore
2020,27,115,2026-02-11T14:15:09,B,B,B: Presenza di falce d'aria sottodiaframmatica
2020,27,116,2026-02-11T14:15:10,C,C,C: Infarto a carico del tratto distale del midollo spinale conseguente a ischemia acuta nel territorio dell'arteria spinale anteriore (Sindrome dell'arteria spinale anteriore)
2020,28,7,2026-02-11T14:15:40,C,C,C: Colchicina
2020,28,8,2026-02-11T14:15:42,C,C,C: È necessario iniziare e proseguire warfarin in associazione con eparina sottocute fino al raggiungimento del range terapeutico di INR (tra 2 e 3); l'eparina può quindi essere sospesa a distanza di almeno 48 ore
2020,28,115,2026-02-11T14:17:24,A,A,A: Presenza di falce d'aria sottodiaframmatica
2020,28,116,2026-02-11T14:17:25,A,A,A: Infarto a carico del tratto distale del midollo spinale conseguente a ischemia acuta nel territorio dell'arteria spinale anteriore (Sindrome dell'arteria spinale anteriore)
2020,29,7,2026-02-11T14:17:54,B,B,B: Colchicina
2020,29,8,2026-02-11T14:17:55,A,A,A: È necessario iniziare e proseguire warfarin in associazione con eparina sottocute fino al raggiungimento del range terapeutico di INR (tra 2 e 3); l'eparina può quindi essere sospesa a distanza di almeno 48 ore
2020,29,115,2026-02-11T14:19:43,D,D,D: Presenza di falce d'aria sottodiaframmatica
2020,29,116,2026-02-11T14:19:44,E,E,E: Infarto a carico del tratto distale del midollo spinale conseguente a ischemia acuta nel territorio dell'arteria spinale anteriore (Sindrome dell'arteria spinale anteriore)
2020,30,7,2026-02-11T14:20:14,D,D,D: Colchicina
2020,30,8,2026-02-11T14:20:16,C,C,C: È necessario iniziare e proseguire warfarin in associazione con eparina sottocute fino al raggiungimento del range terapeutico di INR (tra 2 e 3); l'eparina può quindi essere sospesa a distanza di almeno 48 ore
2020,30,115,2026-02-11T14:22:00,E,E,E: Presenza di falce d'aria sottodiaframmatica
2020,30,116,2026-02-11T14:22:02,C,C,C: Infarto a carico del tratto distale del midollo spinale conseguente a ischemia acuta nel territorio dell'arteria spinale anteriore (Sindrome dell'arteria spinale anteriore)
2020,31,7,2026-02-11T14:22:31,B,B,B: Colchicina
2020,31,8,2026-02-11T14:22:32,E,E,E: È necessario iniziare e proseguire warfarin in associazione con eparina sottocute fino al raggiungimento del range terapeutico di INR (tra 2 e 3); l'eparina può quindi essere sospesa a distanza di almeno 48 ore
2020,31,115,2026-02-11T14:24:12,D,D,D: Presenza di falce d'aria sottodiaframmatica
2020,31,116,2026-02-11T14:24:14,D,D,D: Infarto a carico del tratto distale del midollo spinale conseguente a ischemia acuta nel territorio dell'arteria spinale anteriore (Sindrome dell'arteria spinale anteriore)
2020,32,7,2026-02-11T14:24:41,E,E,E: Colchicina
2020,32,8,2026-02-11T14:24:42,B,B,B: È necessario iniziare e proseguire warfarin in associazione con eparina sottocute fino al raggiungimento del range terapeutico di INR (tra 2 e 3); l'eparina può quindi essere sospesa a distanza di almeno 48 ore
2020,32,115,2026-02-11T14:26:21,D,D,D: Presenza di falce d'aria sottodiaframmatica
2020,32,116,2026-02-11T14:26:23,C,C,C: Infarto a carico del tratto distale del midollo spinale conseguente a ischemia acuta nel territorio dell'arteria spinale anteriore (Sindrome dell'arteria spinale anteriore)
2020,33,7,2026-02-11T14:26:52,E,E,E: Colchicina
2020,33,8,2026-02-11T14:26:54,A,A,A: È necessario iniziare e proseguire warfarin in associazione con eparina sottocute fino al raggiungimento del range terapeutico di INR (tra 2 e 3); l'eparina può quindi essere sospesa a distanza di almeno 48 ore
2020,33,115,2026-02-11T14:28:34,B,B,B: Presenza di falce d'aria sottodiaframmatica
2020,33,116,2026-02-11T14:28:36,A,A,A: Infarto a carico del tratto distale del midollo spinale conseguente a ischemia acuta nel territorio dell'arteria spinale anteriore (Sindrome dell'arteria spinale anteriore)
2020,34,7,2026-02-11T14:29:11,C,C,C: Colchicina
2020,34,8,2026-02-11T14:29:12,D,D,D: È necessario iniziare e proseguire warfarin in associazione con eparina sottocute fino al raggiungimento del range terapeutico di INR (tra 2 e 3); l'eparina può quindi essere sospesa a distanza di almeno 48 ore
2020,34,115,2026-02-11T14:31:13,A,A,A: Presenza di falce d'aria sottodiaframmatica
2020,34,116,2026-02-11T14:31:14,C,C,C: Infarto a carico del tratto distale del midollo spinale conseguente a ischemia acuta nel territorio dell'arteria spinale anteriore (Sindrome dell'arteria spinale anteriore)
2020,35,7,2026-02-11T14:31:42,E,E,E: Colchicina
2020,35,8,2026-02-11T14:31:43,E,E,E: È necessario iniziare e proseguire warfarin in associazione con eparina sottocute fino al raggiungimento del range terapeutico di INR (tra 2 e 3); l'eparina può quindi essere sospesa a distanza di almeno 48 ore
2020,35,115,2026-02-11T14:33:31,B,B,B: Presenza di falce d'aria sottodiaframmatica
2020,35,116,2026-02-11T14:33:32,A,A,A: Infarto a carico del tratto distale del midollo spinale conseguente a ischemia acuta nel territorio dell'arteria spinale anteriore (Sindrome dell'arteria spinale anteriore)
2020,36,7,2026-02-11T14:34:01,A,A,A: Colchicina
2020,36,8,2026-02-11T14:34:02,A,A,A: È necessario iniziare e proseguire warfarin in associazione con eparina sottocute fino al raggiungimento del range terapeutico di INR (tra 2 e 3); l'eparina può quindi essere sospesa a distanza di almeno 48 ore
2020,36,115,2026-02-11T14:35:40,D,D,D: Presenza di falce d'aria sottodiaframmatica
2020,36,116,2026-02-11T14:35:42,E,E,E: Infarto a carico del tratto distale del midollo spinale conseguente a ischemia acuta nel territorio dell'arteria spinale anteriore (Sindrome dell'arteria spinale anteriore)
2020,37,7,2026-02-11T14:36:10,B,B,B: Colchicina
2020,37,8,2026-02-11T14:36:12,C,C,C: È necessario iniziare e proseguire warfarin in associazione con eparina sottocute fino al raggiungimento del range terapeutico di INR (tra 2 e 3); l'eparina può quindi essere sospesa a distanza di almeno 48 ore
2020,37,115,2026-02-11T14:37:59,E,E,E: Presenza di falce d'aria sottodiaframmatica
2020,37,116,2026-02-11T14:38:00,C,C,C: Infarto a carico del tratto distale del midollo spinale conseguente a ischemia acuta nel territorio dell'arteria spinale anteriore (Sindrome dell'arteria spinale anteriore)
2020,38,7,2026-02-11T14:38:29,E,E,E: Colchicina
2020,38,8,2026-02-11T14:38:30,C,C,C: È necessario iniziare e proseguire warfarin in associazione con eparina sottocute fino al raggiungimento del range terapeutico di INR (tra 2 e 3); l'eparina può quindi essere sospesa a distanza di almeno 48 ore
2020,38,115,2026-02-11T14:40:13,B,B,B: Presenza di falce d'aria sottodiaframmatica
2020,38,116,2026-02-11T14:40:15,C,C,C: Infarto a carico del tratto distale del midollo spinale conseguente a ischemia acuta nel territorio dell'arteria spinale anteriore (Sindrome dell'arteria spinale anteriore)
2020,39,7,2026-02-11T14:40:47,D,D,D: Colchicina
2020,39,8,2026-02-11T14:40:48,A,A,A: È necessario iniziare e proseguire warfarin in associazione con eparina sottocute fino al raggiungimento del range terapeutico di INR (tra 2 e 3); l'eparina può quindi essere sospesa a distanza di almeno 48 ore
2020,39,115,2026-02-11T14:42:26,C,C,C: Presenza di falce d'aria sottodiaframmatica
2020,39,116,2026-02-11T14:42:28,C,C,C: Infarto a carico del tratto distale del midollo spinale conseguente a ischemia acuta nel territorio dell'arteria spinale anteriore (Sindrome dell'arteria spinale anteriore)
2020,40,7,2026-02-11T14:43:03,B,B,B: Colchicina
2020,40,8,2026-02-11T14:43:04,E,E,E: È necessario iniziare e proseguire warfarin in associazione con eparina sottocute fino al raggiungimento del range terapeutico di INR (tra 2 e 3); l'eparina può quindi essere sospesa a distanza di almeno 48 ore
2020,40,115,2026-02-11T14:44:47,D,D,D: Presenza di falce d'aria sottodiaframmatica
2020,40,116,2026-02-11T14:44:48,D,D,D: Infarto a carico del tratto distale del midollo spinale conseguente a ischemia acuta nel territorio dell'arteria spinale anteriore (Sindrome dell'arteria spinale anteriore)
2020,41,7,2026-02-11T14:45:21,A,A,A: Colchicina
2020,41,8,2026-02-11T14:45:22,B,B,B: È necessario iniziare e proseguire warfarin in associazione con eparina sottocute fino al raggiungimento del range terapeutico di INR (tra 2 e 3); l'eparina può quindi essere sospesa a distanza di almeno 48 ore
2020,41,115,2026-02-11T14:47:17,D,D,D: Presenza di falce d'aria sottodiaframmatica
2020,41,116,2026-02-11T14:47:18,E,E,E: Infarto a carico del tratto distale del midollo spinale conseguente a ischemia acuta nel territorio dell'arteria spinale anteriore (Sindrome dell'arteria spinale anteriore)
2020,42,7,2026-02-11T14:47:53,D,D,D: Colchicina
2020,42,8,2026-02-11T14:47:54,B,B,B: È necessario iniziare e proseguire warfarin in associazione con eparina sottocute fino al raggiungimento del range terapeutico di INR (tra 2 e 3); l'eparina può quindi essere sospesa a distanza di almeno 48 ore
2020,42,115,2026-02-11T14:49:51,D,D,D: Presenza di falce d'aria sottodiaframmatica
2020,42,116,2026-02-11T14:49:52,C,C,C: Infarto a carico del tratto distale del midollo spinale conseguente a ischemia acuta nel territorio dell'arteria spinale anteriore (Sindrome dell'arteria spinale anteriore)
2020,43,7,2026-02-11T14:50:22,B,B,B: Colchicina
2020,43,8,2026-02-11T14:50:23,D,D,D: È necessario iniziare e proseguire warfarin in associazione con eparina sottocute fino al raggiungimento del range terapeutico di INR (tra 2 e 3); l'eparina può quindi essere sospesa a distanza di almeno 48 ore
2020,43,115,2026-02-11T14:52:27,D,D,D: Presenza di falce d'aria sottodiaframmatica
2020,43,116,2026-02-11T14:52:28,B,B,B: Infarto a carico del tratto distale del midollo spinale conseguente a ischemia acuta nel territorio dell'arteria spinale anteriore (Sindrome dell'arteria spinale anteriore)
2020,44,7,2026-02-11T14:53:05,D,D,D: Colchicina
2020,44,8,2026-02-11T14:53:06,D,D,D: È necessario iniziare e proseguire warfarin in associazione con eparina sottocute fino al raggiungimento del range terapeutico di INR (tra 2 e 3); l'eparina può quindi essere sospesa a distanza di almeno 48 ore
2020,44,115,2026-02-11T14:55:16,E,E,E: Presenza di falce d'aria sottodiaframmatica
2020,44,116,2026-02-11T14:55:17,D,D,D: Infarto a carico del tratto distale del midollo spinale conseguente a ischemia acuta nel territorio dell'arteria spinale anteriore (Sindrome dell'arteria spinale anteriore)
2020,45,7,2026-02-11T14:55:50,A,A,A: Colchicina
2020,45,8,2026-02-11T14:55:52,D,D,D: È necessario iniziare e proseguire warfarin in associazione con eparina sottocute fino al raggiungimento del range terapeutico di INR (tra 2 e 3); l'eparina può quindi essere sospesa a distanza di almeno 48 ore
2020,45,115,2026-02-11T14:58:13,A,A,A: Presenza di falce d'aria sottodiaframmatica
2020,45,116,2026-02-11T14:58:15,C,C,C: Infarto a carico del tratto distale del midollo spinale conseguente a ischemia acuta nel territorio dell'arteria spinale anteriore (Sindrome dell'arteria spinale anteriore)
2020,46,7,2026-02-11T14:58:53,C,C,C: Colchicina
2020,46,8,2026-02-11T14:58:55,D,D,D: È necessario iniziare e proseguire warfarin in associazione con eparina sottocute fino al raggiungimento del range terapeutico di INR (tra 2 e 3); l'eparina può quindi essere sospesa a distanza di almeno 48 ore
2020,46,115,2026-02-11T15:01:28,A,A,A: Presenza di falce d'aria sottodiaframmatica
2020,46,116,2026-02-11T15:01:29,A,A,A: Infarto a carico del tratto distale del midollo spinale conseguente a ischemia acuta nel territorio dell'arteria spinale anteriore (Sindrome dell'arteria spinale anteriore)
2020,47,7,2026-02-11T15:02:10,A,A,A: Colchicina
2020,47,8,2026-02-11T15:02:11,C,C,C: È necessario iniziare e proseguire warfarin in associazione con eparina sottocute fino al raggiungimento del range terapeutico di INR (tra 2 e 3); l'eparina può quindi essere sospesa a distanza di almeno 48 ore
2020,47,115,2026-02-11T15:04:48,E,E,E: Presenza di falce d'aria sottodiaframmatica
2020,47,116,2026-02-11T15:04:49,A,A,A: Infarto a carico del tratto distale del midollo spinale conseguente a ischemia acuta nel territorio dell'arteria spinale anteriore (Sindrome dell'arteria spinale anteriore)
2020,48,7,2026-02-11T15:05:24,A,A,A: Colchicina
2020,48,8,2026-02-11T15:05:25,C,C,C: È necessario iniziare e proseguire warfarin in associazione con eparina sottocute fino al raggiungimento del range terapeutico di INR (tra 2 e 3); l'eparina può quindi essere sospesa a distanza di almeno 48 ore
2020,48,115,2026-02-11T15:07:40,D,D,D: Presenza di falce d'aria sottodiaframmatica
2020,48,116,2026-02-11T15:07:41,E,E,E: Infarto a carico del tratto distale del midollo spinale conseguente a ischemia acuta nel territorio dell'arteria spinale anteriore (Sindrome dell'arteria spinale anteriore)
2020,49,7,2026-02-11T15:08:24,A,A,A: Colchicina
2020,49,8,2026-02-11T15:08:25,E,E,E: È necessario iniziare e proseguire warfarin in associazione con eparina sottocute fino al raggiungimento del range terapeutico di INR (tra 2 e 3); l'eparina può quindi essere sospesa a distanza di almeno 48 ore
2020,49,115,2026-02-11T15:10:58,C,C,C: Presenza di falce d'aria sottodiaframmatica
2020,49,116,2026-02-11T15:11:01,B,B,B: Infarto a carico del tratto distale del midollo spinale conseguente a ischemia acuta nel territorio dell'arteria spinale anteriore (Sindrome dell'arteria spinale anteriore)
2020,50,7,2026-02-11T15:11:47,E,E,E: Colchicina
2020,50,8,2026-02-11T15:11:48,B,B,B: È necessario iniziare e proseguire warfarin in associazione con eparina sottocute fino al raggiungimento del range terapeutico di INR (tra 2 e 3); l'eparina può quindi essere sospesa a distanza di almeno 48 ore
2020,50,115,2026-02-11T15:14:30,D,D,D: Presenza di falce d'aria sottodiaframmatica
2020,50,116,2026-02-11T15:14:31,E,E,E: Infarto a carico del tratto distale del midollo spinale conseguente a ischemia acuta nel territorio dell'arteria spinale anteriore (Sindrome dell'arteria spinale anteriore)
2021,1,138,2026-02-11T15:18:25,B,E,E: Infortunio in itinere
2021,1,139,2026-02-11T15:18:26,C,C,C: La ragazza può essere sottoposta ad interruzione volontaria della gravidanza se esprime l'assenso chi esercita sulla stessa la tutela o la responsabilità genitoriale. In caso di pareri contrari o difformi è necessario che il medico interpelli formalmente il giudice tutelare
2021,2,138,2026-02-11T15:21:37,B,D,D: Infortunio in itinere
2021,2,139,2026-02-11T15:21:38,B,B,B: La ragazza può essere sottoposta ad interruzione volontaria della gravidanza se esprime l'assenso chi esercita sulla stessa la tutela o la responsabilità genitoriale. In caso di pareri contrari o difformi è necessario che il medico interpelli formalmente il giudice tutelare
2021,3,138,2026-02-11T15:24:50,A,C,C: Infortunio in itinere
2021,3,139,2026-02-11T15:24:52,B,B,B: La ragazza può essere sottoposta ad interruzione volontaria della gravidanza se esprime l'assenso chi esercita sulla stessa la tutela o la responsabilità genitoriale. In caso di pareri contrari o difformi è necessario che il medico interpelli formalmente il giudice tutelare
2021,4,138,2026-02-11T15:28:00,A,E,E: Infortunio in itinere
2021,4,139,2026-02-11T15:28:04,E,E,E: La ragazza può essere sottoposta ad interruzione volontaria della gravidanza se esprime l'assenso chi esercita sulla stessa la tutela o la responsabilità genitoriale. In caso di pareri contrari o difformi è necessario che il medico interpelli formalmente il giudice tutelare
2021,5,138,2026-02-11T15:31:18,B,E,E: Infortunio in itinere
2021,5,139,2026-02-11T15:31:19,A,A,A: La ragazza può essere sottoposta ad interruzione volontaria della gravidanza se esprime l'assenso chi esercita sulla stessa la tutela o la responsabilità genitoriale. In caso di pareri contrari o difformi è necessario che il medico interpelli formalmente il giudice tutelare
2021,6,138,2026-02-11T15:34:40,C,A,A: Infortunio in itinere
2021,6,139,2026-02-11T15:34:43,E,E,E: La ragazza può essere sottoposta ad interruzione volontaria della gravidanza se esprime l'assenso chi esercita sulla stessa la tutela o la responsabilità genitoriale. In caso di pareri contrari o difformi è necessario che il medico interpelli formalmente il giudice tutelare
2021,7,138,2026-02-11T15:37:57,E,A,A: Infortunio in itinere
2021,7,139,2026-02-11T15:37:58,C,C,C: La ragazza può essere sottoposta ad interruzione volontaria della gravidanza se esprime l'assenso chi esercita sulla stessa la tutela o la responsabilità genitoriale. In caso di pareri contrari o difformi è necessario che il medico interpelli formalmente il giudice tutelare
2021,8,138,2026-02-11T15:41:18,E,A,A: Infortunio in itinere
2021,8,139,2026-02-11T15:41:21,D,D,D: La ragazza può essere sottoposta ad interruzione volontaria della gravidanza se esprime l'assenso chi esercita sulla stessa la tutela o la responsabilità genitoriale. In caso di pareri contrari o difformi è necessario che il medico interpelli formalmente il giudice tutelare
2021,9,138,2026-02-11T15:44:41,D,A,A: Infortunio in itinere
2021,9,139,2026-02-11T15:44:44,C,C,C: La ragazza può essere sottoposta ad interruzione volontaria della gravidanza se esprime l'assenso chi esercita sulla stessa la tutela o la responsabilità genitoriale. In caso di pareri contrari o difformi è necessario che il medico interpelli formalmente il giudice tutelare
2021,10,138,2026-02-11T15:48:12,D,E,E: Infortunio in itinere
2021,10,139,2026-02-11T15:48:15,D,D,D: La ragazza può essere sottoposta ad interruzione volontaria della gravidanza se esprime l'assenso chi esercita sulla stessa la tutela o la responsabilità genitoriale. In caso di pareri contrari o difformi è necessario che il medico interpelli formalmente il giudice tutelare
2021,11,138,2026-02-11T15:51:39,D,B,B: Infortunio in itinere
2021,11,139,2026-02-11T15:51:41,A,A,A: La ragazza può essere sottoposta ad interruzione volontaria della gravidanza se esprime l'assenso chi esercita sulla stessa la tutela o la responsabilità genitoriale. In caso di pareri contrari o difformi è necessario che il medico interpelli formalmente il giudice tutelare
2021,12,138,2026-02-11T15:54:56,E,B,B: Infortunio in itinere
2021,12,139,2026-02-11T15:54:57,B,B,B: La ragazza può essere sottoposta ad interruzione volontaria della gravidanza se esprime l'assenso chi esercita sulla stessa la tutela o la responsabilità genitoriale. In caso di pareri contrari o difformi è necessario che il medico interpelli formalmente il giudice tutelare
2021,13,138,2026-02-11T15:58:34,E,C,C: Infortunio in itinere
2021,13,139,2026-02-11T15:58:35,E,E,E: La ragazza può essere sottoposta ad interruzione volontaria della gravidanza se esprime l'assenso chi esercita sulla stessa la tutela o la responsabilità genitoriale. In caso di pareri contrari o difformi è necessario che il medico interpelli formalmente il giudice tutelare
2021,14,138,2026-02-11T16:01:47,C,E,E: Infortunio in itinere
2021,14,139,2026-02-11T16:01:48,C,C,C: La ragazza può essere sottoposta ad interruzione volontaria della gravidanza se esprime l'assenso chi esercita sulla stessa la tutela o la responsabilità genitoriale. In caso di pareri contrari o difformi è necessario che il medico interpelli formalmente il giudice tutelare
2021,15,138,2026-02-11T16:04:41,D,A,A: Infortunio in itinere
2021,15,139,2026-02-11T16:04:43,A,A,A: La ragazza può essere sottoposta ad interruzione volontaria della gravidanza se esprime l'assenso chi esercita sulla stessa la tutela o la responsabilità genitoriale. In caso di pareri contrari o difformi è necessario che il medico interpelli formalmente il giudice tutelare
2021,16,138,2026-02-11T16:07:31,D,B,B: Infortunio in itinere
2021,16,139,2026-02-11T16:07:32,A,A,A: La ragazza può essere sottoposta ad interruzione volontaria della gravidanza se esprime l'assenso chi esercita sulla stessa la tutela o la responsabilità genitoriale. In caso di pareri contrari o difformi è necessario che il medico interpelli formalmente il giudice tutelare
2021,17,138,2026-02-11T16:10:12,C,B,B: Infortunio in itinere
2021,17,139,2026-02-11T16:10:13,E,E,E: La ragazza può essere sottoposta ad interruzione volontaria della gravidanza se esprime l'assenso chi esercita sulla stessa la tutela o la responsabilità genitoriale. In caso di pareri contrari o difformi è necessario che il medico interpelli formalmente il giudice tutelare
2021,18,138,2026-02-11T16:13:01,A,E,E: Infortunio in itinere
2021,18,139,2026-02-11T16:13:04,B,B,B: La ragazza può essere sottoposta ad interruzione volontaria della gravidanza se esprime l'assenso chi esercita sulla stessa la tutela o la responsabilità genitoriale. In caso di pareri contrari o difformi è necessario che il medico interpelli formalmente il giudice tutelare
2021,19,138,2026-02-11T16:15:56,E,D,D: Infortunio in itinere
2021,19,139,2026-02-11T16:15:58,B,B,B: La ragazza può essere sottoposta ad interruzione volontaria della gravidanza se esprime l'assenso chi esercita sulla stessa la tutela o la responsabilità genitoriale. In caso di pareri contrari o difformi è necessario che il medico interpelli formalmente il giudice tutelare
2021,20,138,2026-02-11T16:18:52,A,D,D: Infortunio in itinere
2021,20,139,2026-02-11T16:18:53,C,C,C: La ragazza può essere sottoposta ad interruzione volontaria della gravidanza se esprime l'assenso chi esercita sulla stessa la tutela o la responsabilità genitoriale. In caso di pareri contrari o difformi è necessario che il medico interpelli formalmente il giudice tutelare
2021,21,138,2026-02-11T16:21:28,B,A,A: Infortunio in itinere
2021,21,139,2026-02-11T16:21:30,D,D,D: La ragazza può essere sottoposta ad interruzione volontaria della gravidanza se esprime l'assenso chi esercita sulla stessa la tutela o la responsabilità genitoriale. In caso di pareri contrari o difformi è necessario che il medico interpelli formalmente il giudice tutelare
2021,22,138,2026-02-11T16:24:08,B,E,E: Infortunio in itinere
2021,22,139,2026-02-11T16:24:09,D,D,D: La ragazza può essere sottoposta ad interruzione volontaria della gravidanza se esprime l'assenso chi esercita sulla stessa la tutela o la responsabilità genitoriale. In caso di pareri contrari o difformi è necessario che il medico interpelli formalmente il giudice tutelare
2021,23,138,2026-02-11T16:26:50,C,E,E: Infortunio in itinere
2021,23,139,2026-02-11T16:26:51,E,E,E: La ragazza può essere sottoposta ad interruzione volontaria della gravidanza se esprime l'assenso chi esercita sulla stessa la tutela o la responsabilità genitoriale. In caso di pareri contrari o difformi è necessario che il medico interpelli formalmente il giudice tutelare
2021,24,138,2026-02-11T16:29:32,D,E,E: Infortunio in itinere
2021,24,139,2026-02-11T16:29:34,D,D,D: La ragazza può essere sottoposta ad interruzione volontaria della gravidanza se esprime l'assenso chi esercita sulla stessa la tutela o la responsabilità genitoriale. In caso di pareri contrari o difformi è necessario che il medico interpelli formalmente il giudice tutelare
2021,25,138,2026-02-11T16:32:12,D,B,B: Infortunio in itinere
2021,25,139,2026-02-11T16:32:14,C,C,C: La ragazza può essere sottoposta ad interruzione volontaria della gravidanza se esprime l'assenso chi esercita sulla stessa la tutela o la responsabilità genitoriale. In caso di pareri contrari o difformi è necessario che il medico interpelli formalmente il giudice tutelare
2021,26,138,2026-02-11T16:35:04,B,C,C: Infortunio in itinere
2021,26,139,2026-02-11T16:35:05,A,A,A: La ragazza può essere sottoposta ad interruzione volontaria della gravidanza se esprime l'assenso chi esercita sulla stessa la tutela o la responsabilità genitoriale. In caso di pareri contrari o difformi è necessario che il medico interpelli formalmente il giudice tutelare
2021,27,138,2026-02-11T16:37:53,D,C,C: Infortunio in itinere
2021,27,139,2026-02-11T16:37:55,A,A,A: La ragazza può essere sottoposta ad interruzione volontaria della gravidanza se esprime l'assenso chi esercita sulla stessa la tutela o la responsabilità genitoriale. In caso di pareri contrari o difformi è necessario che il medico interpelli formalmente il giudice tutelare
2021,28,138,2026-02-11T16:40:42,B,C,C: Infortunio in itinere
2021,28,139,2026-02-11T16:40:44,E,E,E: La ragazza può essere sottoposta ad interruzione volontaria della gravidanza se esprime l'assenso chi esercita sulla stessa la tutela o la responsabilità genitoriale. In caso di pareri contrari o difformi è necessario che il medico interpelli formalmente il giudice tutelare
2021,29,138,2026-02-11T16:43:30,C,A,A: Infortunio in itinere
2021,29,139,2026-02-11T16:43:31,D,D,D: La ragazza può essere sottoposta ad interruzione volontaria della gravidanza se esprime l'assenso chi esercita sulla stessa la tutela o la responsabilità genitoriale. In caso di pareri contrari o difformi è necessario che il medico interpelli formalmente il giudice tutelare
2021,30,138,2026-02-11T16:46:15,B,C,C: Infortunio in itinere
2021,30,139,2026-02-11T16:46:17,C,C,C: La ragazza può essere sottoposta ad interruzione volontaria della gravidanza se esprime l'assenso chi esercita sulla stessa la tutela o la responsabilità genitoriale. In caso di pareri contrari o difformi è necessario che il medico interpelli formalmente il giudice tutelare
2021,31,138,2026-02-11T16:48:46,A,D,D: Infortunio in itinere
2021,31,139,2026-02-11T16:48:48,C,C,C: La ragazza può essere sottoposta ad interruzione volontaria della gravidanza se esprime l'assenso chi esercita sulla stessa la tutela o la responsabilità genitoriale. In caso di pareri contrari o difformi è necessario che il medico interpelli formalmente il giudice tutelare
2021,32,138,2026-02-11T16:51:21,D,C,C: Infortunio in itinere
2021,32,139,2026-02-11T16:51:27,D,D,D: La ragazza può essere sottoposta ad interruzione volontaria della gravidanza se esprime l'assenso chi esercita sulla stessa la tutela o la responsabilità genitoriale. In caso di pareri contrari o difformi è necessario che il medico interpelli formalmente il giudice tutelare
2021,33,138,2026-02-11T16:53:58,C,A,A: Infortunio in itinere
2021,33,139,2026-02-11T16:54:00,A,A,A: La ragazza può essere sottoposta ad interruzione volontaria della gravidanza se esprime l'assenso chi esercita sulla stessa la tutela o la responsabilità genitoriale. In caso di pareri contrari o difformi è necessario che il medico interpelli formalmente il giudice tutelare
2021,34,138,2026-02-11T16:56:32,B,A,A: Infortunio in itinere
2021,34,139,2026-02-11T16:56:33,E,E,E: La ragazza può essere sottoposta ad interruzione volontaria della gravidanza se esprime l'assenso chi esercita sulla stessa la tutela o la responsabilità genitoriale. In caso di pareri contrari o difformi è necessario che il medico interpelli formalmente il giudice tutelare
2021,35,138,2026-02-11T16:59:05,D,E,E: Infortunio in itinere
2021,35,139,2026-02-11T16:59:07,D,D,D: La ragazza può essere sottoposta ad interruzione volontaria della gravidanza se esprime l'assenso chi esercita sulla stessa la tutela o la responsabilità genitoriale. In caso di pareri contrari o difformi è necessario che il medico interpelli formalmente il giudice tutelare
2021,36,138,2026-02-11T17:01:45,E,B,B: Infortunio in itinere
2021,36,139,2026-02-11T17:01:46,B,B,B: La ragazza può essere sottoposta ad interruzione volontaria della gravidanza se esprime l'assenso chi esercita sulla stessa la tutela o la responsabilità genitoriale. In caso di pareri contrari o difformi è necessario che il medico interpelli formalmente il giudice tutelare
2021,37,138,2026-02-11T17:04:22,E,B,B: Infortunio in itinere
2021,37,139,2026-02-11T17:04:24,A,A,A: La ragazza può essere sottoposta ad interruzione volontaria della gravidanza se esprime l'assenso chi esercita sulla stessa la tutela o la responsabilità genitoriale. In caso di pareri contrari o difformi è necessario che il medico interpelli formalmente il giudice tutelare
2021,38,138,2026-02-11T17:07:00,D,E,E: Infortunio in itinere
2021,38,139,2026-02-11T17:07:01,C,C,C: La ragazza può essere sottoposta ad interruzione volontaria della gravidanza se esprime l'assenso chi esercita sulla stessa la tutela o la responsabilità genitoriale. In caso di pareri contrari o difformi è necessario che il medico interpelli formalmente il giudice tutelare
2021,39,138,2026-02-11T17:09:44,B,D,D: Infortunio in itinere
2021,39,139,2026-02-11T17:09:45,C,C,C: La ragazza può essere sottoposta ad interruzione volontaria della gravidanza se esprime l'assenso chi esercita sulla stessa la tutela o la responsabilità genitoriale. In caso di pareri contrari o difformi è necessario che il medico interpelli formalmente il giudice tutelare
2021,40,138,2026-02-11T17:55:09,C,D,D: Infortunio in itinere
2021,40,139,2026-02-11T17:55:10,C,C,C: La ragazza può essere sottoposta ad interruzione volontaria della gravidanza se esprime l'assenso chi esercita sulla stessa la tutela o la responsabilità genitoriale. In caso di pareri contrari o difformi è necessario che il medico interpelli formalmente il giudice tutelare
2021,41,138,2026-02-11T17:57:28,D,E,E: Infortunio in itinere
2021,41,139,2026-02-11T17:57:29,E,E,E: La ragazza può essere sottoposta ad interruzione volontaria della gravidanza se esprime l'assenso chi esercita sulla stessa la tutela o la responsabilità genitoriale. In caso di pareri contrari o difformi è necessario che il medico interpelli formalmente il giudice tutelare
2021,42,138,2026-02-11T17:59:44,C,E,E: Infortunio in itinere
2021,42,139,2026-02-11T17:59:45,E,E,E: La ragazza può essere sottoposta ad interruzione volontaria della gravidanza se esprime l'assenso chi esercita sulla stessa la tutela o la responsabilità genitoriale. In caso di pareri contrari o difformi è necessario che il medico interpelli formalmente il giudice tutelare
2021,43,138,2026-02-11T18:02:12,D,B,B: Infortunio in itinere
2021,43,139,2026-02-11T18:02:13,C,C,C: La ragazza può essere sottoposta ad interruzione volontaria della gravidanza se esprime l'assenso chi esercita sulla stessa la tutela o la responsabilità genitoriale. In caso di pareri contrari o difformi è necessario che il medico interpelli formalmente il giudice tutelare
2021,44,138,2026-02-11T18:04:39,A,E,E: Infortunio in itinere
2021,44,139,2026-02-11T18:04:41,C,C,C: La ragazza può essere sottoposta ad interruzione volontaria della gravidanza se esprime l'assenso chi esercita sulla stessa la tutela o la responsabilità genitoriale. In caso di pareri contrari o difformi è necessario che il medico interpelli formalmente il giudice tutelare
2021,45,138,2026-02-11T18:06:56,C,D,D: Infortunio in itinere
2021,45,139,2026-02-11T18:06:57,C,C,C: La ragazza può essere sottoposta ad interruzione volontaria della gravidanza se esprime l'assenso chi esercita sulla stessa la tutela o la responsabilità genitoriale. In caso di pareri contrari o difformi è necessario che il medico interpelli formalmente il giudice tutelare
2021,46,138,2026-02-11T18:09:12,E,C,C: Infortunio in itinere
2021,46,139,2026-02-11T18:09:13,A,A,A: La ragazza può essere sottoposta ad interruzione volontaria della gravidanza se esprime l'assenso chi esercita sulla stessa la tutela o la responsabilità genitoriale. In caso di pareri contrari o difformi è necessario che il medico interpelli formalmente il giudice tutelare
2021,47,138,2026-02-11T18:11:24,C,D,D: Infortunio in itinere
2021,47,139,2026-02-11T18:11:25,A,A,A: La ragazza può essere sottoposta ad interruzione volontaria della gravidanza se esprime l'assenso chi esercita sulla stessa la tutela o la responsabilità genitoriale. In caso di pareri contrari o difformi è necessario che il medico interpelli formalmente il giudice tutelare
2021,48,138,2026-02-11T18:13:41,E,A,A: Infortunio in itinere
2021,48,139,2026-02-11T18:13:42,B,B,B: La ragazza può essere sottoposta ad interruzione volontaria della gravidanza se esprime l'assenso chi esercita sulla stessa la tutela o la responsabilità genitoriale. In caso di pareri contrari o difformi è necessario che il medico interpelli formalmente il giudice tutelare
2021,49,138,2026-02-11T18:15:57,E,C,C: Infortunio in itinere
2021,49,139,2026-02-11T18:15:58,A,A,A: La ragazza può essere sottoposta ad interruzione volontaria della gravidanza se esprime l'assenso chi esercita sulla stessa la tutela o la responsabilità genitoriale. In caso di pareri contrari o difformi è necessario che il medico interpelli formalmente il giudice tutelare
2021,50,138,2026-02-11T18:18:10,B,D,D: Infortunio in itinere
2021,50,139,2026-02-11T18:18:12,C,C,C: La ragazza può essere sottoposta ad interruzione volontaria della gravidanza se esprime l'assenso chi esercita sulla stessa la tutela o la responsabilità genitoriale. In caso di pareri contrari o difformi è necessario che il medico interpelli formalmente il giudice tutelare
2022,1,99,2026-02-11T18:19:52,A,A,A: E’ una procedura che ha come principale indicazione la prevenzione dell’ictus cardioembolico
2022,1,100,2026-02-11T18:19:55,C,C,C: il test di Wright è un test speciﬁco per diagnosticare la sd dello stretto toracico e la costa cervicale sovrannumeraria è un fattore di rischio patognomonico per tale sindrome. Diﬃcoltà : Facile
2022,2,99,2026-02-11T18:22:14,C,C,C: E’ una procedura che ha come principale indicazione la prevenzione dell’ictus cardioembolico
2022,2,100,2026-02-11T18:22:15,E,E,E: il test di Wright è un test speciﬁco per diagnosticare la sd dello stretto toracico e la costa cervicale sovrannumeraria è un fattore di rischio patognomonico per tale sindrome. Diﬃcoltà : Facile
2022,3,99,2026-02-11T18:24:30,C,C,C: E’ una procedura che ha come principale indicazione la prevenzione dell’ictus cardioembolico
2022,3,100,2026-02-11T18:24:31,B,B,B: il test di Wright è un test speciﬁco per diagnosticare la sd dello stretto toracico e la costa cervicale sovrannumeraria è un fattore di rischio patognomonico per tale sindrome. Diﬃcoltà : Facile
2022,4,99,2026-02-11T18:26:48,C,C,C: E’ una procedura che ha come principale indicazione la prevenzione dell’ictus cardioembolico
2022,4,100,2026-02-11T18:26:49,A,A,A: il test di Wright è un test speciﬁco per diagnosticare la sd dello stretto toracico e la costa cervicale sovrannumeraria è un fattore di rischio patognomonico per tale sindrome. Diﬃcoltà : Facile
2022,5,99,2026-02-11T18:29:15,A,A,A: E’ una procedura che ha come principale indicazione la prevenzione dell’ictus cardioembolico
2022,5,100,2026-02-11T18:29:16,B,B,B: il test di Wright è un test speciﬁco per diagnosticare la sd dello stretto toracico e la costa cervicale sovrannumeraria è un fattore di rischio patognomonico per tale sindrome. Diﬃcoltà : Facile
2022,6,99,2026-02-11T18:31:44,A,A,A: E’ una procedura che ha come principale indicazione la prevenzione dell’ictus cardioembolico
2022,6,100,2026-02-11T18:31:45,E,E,E: il test di Wright è un test speciﬁco per diagnosticare la sd dello stretto toracico e la costa cervicale sovrannumeraria è un fattore di rischio patognomonico per tale sindrome. Diﬃcoltà : Facile
2022,7,99,2026-02-11T18:37:11,D,D,D: E’ una procedura che ha come principale indicazione la prevenzione dell’ictus cardioembolico
2022,7,100,2026-02-11T18:37:13,D,D,D: il test di Wright è un test speciﬁco per diagnosticare la sd dello stretto toracico e la costa cervicale sovrannumeraria è un fattore di rischio patognomonico per tale sindrome. Diﬃcoltà : Facile
2022,8,99,2026-02-11T18:39:37,C,C,C: E’ una procedura che ha come principale indicazione la prevenzione dell’ictus cardioembolico
2022,8,100,2026-02-11T18:39:38,E,E,E: il test di Wright è un test speciﬁco per diagnosticare la sd dello stretto toracico e la costa cervicale sovrannumeraria è un fattore di rischio patognomonico per tale sindrome. Diﬃcoltà : Facile
2022,9,99,2026-02-11T18:41:52,E,E,E: E’ una procedura che ha come principale indicazione la prevenzione dell’ictus cardioembolico
2022,9,100,2026-02-11T18:41:53,D,D,D: il test di Wright è un test speciﬁco per diagnosticare la sd dello stretto toracico e la costa cervicale sovrannumeraria è un fattore di rischio patognomonico per tale sindrome. Diﬃcoltà : Facile
2022,10,99,2026-02-11T18:44:17,D,D,D: E’ una procedura che ha come principale indicazione la prevenzione dell’ictus cardioembolico
2022,10,100,2026-02-11T18:44:19,B,B,B: il test di Wright è un test speciﬁco per diagnosticare la sd dello stretto toracico e la costa cervicale sovrannumeraria è un fattore di rischio patognomonico per tale sindrome. Diﬃcoltà : Facile
2022,11,99,2026-02-11T18:46:40,A,A,A: E’ una procedura che ha come principale indicazione la prevenzione dell’ictus cardioembolico
2022,11,100,2026-02-11T18:46:41,D,D,D: il test di Wright è un test speciﬁco per diagnosticare la sd dello stretto toracico e la costa cervicale sovrannumeraria è un fattore di rischio patognomonico per tale sindrome. Diﬃcoltà : Facile
2022,12,99,2026-02-11T18:49:08,E,E,E: E’ una procedura che ha come principale indicazione la prevenzione dell’ictus cardioembolico
2022,12,100,2026-02-11T18:49:10,D,D,D: il test di Wright è un test speciﬁco per diagnosticare la sd dello stretto toracico e la costa cervicale sovrannumeraria è un fattore di rischio patognomonico per tale sindrome. Diﬃcoltà : Facile
2022,13,99,2026-02-11T18:51:34,B,B,B: E’ una procedura che ha come principale indicazione la prevenzione dell’ictus cardioembolico
2022,13,100,2026-02-11T18:51:36,A,A,A: il test di Wright è un test speciﬁco per diagnosticare la sd dello stretto toracico e la costa cervicale sovrannumeraria è un fattore di rischio patognomonico per tale sindrome. Diﬃcoltà : Facile
2022,14,99,2026-02-11T18:54:01,D,D,D: E’ una procedura che ha come principale indicazione la prevenzione dell’ictus cardioembolico
2022,14,100,2026-02-11T18:54:02,D,D,D: il test di Wright è un test speciﬁco per diagnosticare la sd dello stretto toracico e la costa cervicale sovrannumeraria è un fattore di rischio patognomonico per tale sindrome. Diﬃcoltà : Facile
2022,15,99,2026-02-11T18:56:20,D,D,D: E’ una procedura che ha come principale indicazione la prevenzione dell’ictus cardioembolico
2022,15,100,2026-02-11T18:56:22,D,D,D: il test di Wright è un test speciﬁco per diagnosticare la sd dello stretto toracico e la costa cervicale sovrannumeraria è un fattore di rischio patognomonico per tale sindrome. Diﬃcoltà : Facile
2022,16,99,2026-02-11T18:58:36,D,D,D: E’ una procedura che ha come principale indicazione la prevenzione dell’ictus cardioembolico
2022,16,100,2026-02-11T18:58:37,D,D,D: il test di Wright è un test speciﬁco per diagnosticare la sd dello stretto toracico e la costa cervicale sovrannumeraria è un fattore di rischio patognomonico per tale sindrome. Diﬃcoltà : Facile
2022,17,99,2026-02-11T19:00:49,D,D,D: E’ una procedura che ha come principale indicazione la prevenzione dell’ictus cardioembolico
2022,17,100,2026-02-11T19:00:50,D,D,D: il test di Wright è un test speciﬁco per diagnosticare la sd dello stretto toracico e la costa cervicale sovrannumeraria è un fattore di rischio patognomonico per tale sindrome. Diﬃcoltà : Facile
2022,18,99,2026-02-11T19:03:27,A,A,A: E’ una procedura che ha come principale indicazione la prevenzione dell’ictus cardioembolico
2022,18,100,2026-02-11T19:03:28,B,B,B: il test di Wright è un test speciﬁco per diagnosticare la sd dello stretto toracico e la costa cervicale sovrannumeraria è un fattore di rischio patognomonico per tale sindrome. Diﬃcoltà : Facile
2022,19,99,2026-02-11T19:05:49,E,E,E: E’ una procedura che ha come principale indicazione la prevenzione dell’ictus cardioembolico
2022,19,100,2026-02-11T19:05:50,A,A,A: il test di Wright è un test speciﬁco per diagnosticare la sd dello stretto toracico e la costa cervicale sovrannumeraria è un fattore di rischio patognomonico per tale sindrome. Diﬃcoltà : Facile
2022,20,99,2026-02-11T19:08:08,D,D,D: E’ una procedura che ha come principale indicazione la prevenzione dell’ictus cardioembolico
2022,20,100,2026-02-11T19:08:09,C,C,C: il test di Wright è un test speciﬁco per diagnosticare la sd dello stretto toracico e la costa cervicale sovrannumeraria è un fattore di rischio patognomonico per tale sindrome. Diﬃcoltà : Facile
2022,21,99,2026-02-11T19:10:19,C,C,C: E’ una procedura che ha come principale indicazione la prevenzione dell’ictus cardioembolico
2022,21,100,2026-02-11T19:10:20,C,C,C: il test di Wright è un test speciﬁco per diagnosticare la sd dello stretto toracico e la costa cervicale sovrannumeraria è un fattore di rischio patognomonico per tale sindrome. Diﬃcoltà : Facile
2022,22,99,2026-02-11T19:12:33,B,B,B: E’ una procedura che ha come principale indicazione la prevenzione dell’ictus cardioembolico
2022,22,100,2026-02-11T19:12:34,D,D,D: il test di Wright è un test speciﬁco per diagnosticare la sd dello stretto toracico e la costa cervicale sovrannumeraria è un fattore di rischio patognomonico per tale sindrome. Diﬃcoltà : Facile
2022,23,99,2026-02-11T19:14:50,D,D,D: E’ una procedura che ha come principale indicazione la prevenzione dell’ictus cardioembolico
2022,23,100,2026-02-11T19:14:52,C,C,C: il test di Wright è un test speciﬁco per diagnosticare la sd dello stretto toracico e la costa cervicale sovrannumeraria è un fattore di rischio patognomonico per tale sindrome. Diﬃcoltà : Facile
2022,24,99,2026-02-11T19:17:02,E,E,E: E’ una procedura che ha come principale indicazione la prevenzione dell’ictus cardioembolico
2022,24,100,2026-02-11T19:17:03,A,A,A: il test di Wright è un test speciﬁco per diagnosticare la sd dello stretto toracico e la costa cervicale sovrannumeraria è un fattore di rischio patognomonico per tale sindrome. Diﬃcoltà : Facile
2022,25,99,2026-02-11T19:19:12,B,B,B: E’ una procedura che ha come principale indicazione la prevenzione dell’ictus cardioembolico
2022,25,100,2026-02-11T19:19:13,E,E,E: il test di Wright è un test speciﬁco per diagnosticare la sd dello stretto toracico e la costa cervicale sovrannumeraria è un fattore di rischio patognomonico per tale sindrome. Diﬃcoltà : Facile
2022,26,99,2026-02-11T19:21:20,A,A,A: E’ una procedura che ha come principale indicazione la prevenzione dell’ictus cardioembolico
2022,26,100,2026-02-11T19:21:21,B,B,B: il test di Wright è un test speciﬁco per diagnosticare la sd dello stretto toracico e la costa cervicale sovrannumeraria è un fattore di rischio patognomonico per tale sindrome. Diﬃcoltà : Facile
2022,27,99,2026-02-11T19:23:29,B,B,B: E’ una procedura che ha come principale indicazione la prevenzione dell’ictus cardioembolico
2022,27,100,2026-02-11T19:23:31,C,C,C: il test di Wright è un test speciﬁco per diagnosticare la sd dello stretto toracico e la costa cervicale sovrannumeraria è un fattore di rischio patognomonico per tale sindrome. Diﬃcoltà : Facile
2022,28,99,2026-02-11T19:25:38,A,A,A: E’ una procedura che ha come principale indicazione la prevenzione dell’ictus cardioembolico
2022,28,100,2026-02-11T19:25:39,A,A,A: il test di Wright è un test speciﬁco per diagnosticare la sd dello stretto toracico e la costa cervicale sovrannumeraria è un fattore di rischio patognomonico per tale sindrome. Diﬃcoltà : Facile
2022,29,99,2026-02-11T19:27:59,A,A,A: E’ una procedura che ha come principale indicazione la prevenzione dell’ictus cardioembolico
2022,29,100,2026-02-11T19:28:00,D,D,D: il test di Wright è un test speciﬁco per diagnosticare la sd dello stretto toracico e la costa cervicale sovrannumeraria è un fattore di rischio patognomonico per tale sindrome. Diﬃcoltà : Facile
2022,30,99,2026-02-11T19:30:16,E,E,E: E’ una procedura che ha come principale indicazione la prevenzione dell’ictus cardioembolico
2022,30,100,2026-02-11T19:30:17,A,A,A: il test di Wright è un test speciﬁco per diagnosticare la sd dello stretto toracico e la costa cervicale sovrannumeraria è un fattore di rischio patognomonico per tale sindrome. Diﬃcoltà : Facile
2022,31,99,2026-02-11T19:32:35,D,D,D: E’ una procedura che ha come principale indicazione la prevenzione dell’ictus cardioembolico
2022,31,100,2026-02-11T19:32:36,B,B,B: il test di Wright è un test speciﬁco per diagnosticare la sd dello stretto toracico e la costa cervicale sovrannumeraria è un fattore di rischio patognomonico per tale sindrome. Diﬃcoltà : Facile
2022,32,99,2026-02-11T19:34:42,E,E,E: E’ una procedura che ha come principale indicazione la prevenzione dell’ictus cardioembolico
2022,32,100,2026-02-11T19:34:43,E,E,E: il test di Wright è un test speciﬁco per diagnosticare la sd dello stretto toracico e la costa cervicale sovrannumeraria è un fattore di rischio patognomonico per tale sindrome. Diﬃcoltà : Facile
2022,33,99,2026-02-11T19:36:52,A,A,A: E’ una procedura che ha come principale indicazione la prevenzione dell’ictus cardioembolico
2022,33,100,2026-02-11T19:36:53,C,C,C: il test di Wright è un test speciﬁco per diagnosticare la sd dello stretto toracico e la costa cervicale sovrannumeraria è un fattore di rischio patognomonico per tale sindrome. Diﬃcoltà : Facile
2022,34,99,2026-02-11T19:39:22,D,D,D: E’ una procedura che ha come principale indicazione la prevenzione dell’ictus cardioembolico
2022,34,100,2026-02-11T19:39:23,B,B,B: il test di Wright è un test speciﬁco per diagnosticare la sd dello stretto toracico e la costa cervicale sovrannumeraria è un fattore di rischio patognomonico per tale sindrome. Diﬃcoltà : Facile
2022,35,99,2026-02-11T19:41:33,E,E,E: E’ una procedura che ha come principale indicazione la prevenzione dell’ictus cardioembolico
2022,35,100,2026-02-11T19:41:34,A,A,A: il test di Wright è un test speciﬁco per diagnosticare la sd dello stretto toracico e la costa cervicale sovrannumeraria è un fattore di rischio patognomonico per tale sindrome. Diﬃcoltà : Facile
2022,36,99,2026-02-11T19:43:49,D,D,D: E’ una procedura che ha come principale indicazione la prevenzione dell’ictus cardioembolico
2022,36,100,2026-02-11T19:43:51,C,C,C: il test di Wright è un test speciﬁco per diagnosticare la sd dello stretto toracico e la costa cervicale sovrannumeraria è un fattore di rischio patognomonico per tale sindrome. Diﬃcoltà : Facile
2022,37,99,2026-02-11T19:46:11,C,C,C: E’ una procedura che ha come principale indicazione la prevenzione dell’ictus cardioembolico
2022,37,100,2026-02-11T19:46:13,E,E,E: il test di Wright è un test speciﬁco per diagnosticare la sd dello stretto toracico e la costa cervicale sovrannumeraria è un fattore di rischio patognomonico per tale sindrome. Diﬃcoltà : Facile
2022,38,99,2026-02-11T19:48:37,C,C,C: E’ una procedura che ha come principale indicazione la prevenzione dell’ictus cardioembolico
2022,38,100,2026-02-11T19:48:38,B,B,B: il test di Wright è un test speciﬁco per diagnosticare la sd dello stretto toracico e la costa cervicale sovrannumeraria è un fattore di rischio patognomonico per tale sindrome. Diﬃcoltà : Facile
2022,39,99,2026-02-11T19:50:53,B,B,B: E’ una procedura che ha come principale indicazione la prevenzione dell’ictus cardioembolico
2022,39,100,2026-02-11T19:50:54,E,E,E: il test di Wright è un test speciﬁco per diagnosticare la sd dello stretto toracico e la costa cervicale sovrannumeraria è un fattore di rischio patognomonico per tale sindrome. Diﬃcoltà : Facile
2022,40,99,2026-02-11T19:53:04,E,E,E: E’ una procedura che ha come principale indicazione la prevenzione dell’ictus cardioembolico
2022,40,100,2026-02-11T19:53:05,A,A,A: il test di Wright è un test speciﬁco per diagnosticare la sd dello stretto toracico e la costa cervicale sovrannumeraria è un fattore di rischio patognomonico per tale sindrome. Diﬃcoltà : Facile
2022,41,99,2026-02-11T19:55:29,B,B,B: E’ una procedura che ha come principale indicazione la prevenzione dell’ictus cardioembolico
2022,41,100,2026-02-11T19:55:30,A,A,A: il test di Wright è un test speciﬁco per diagnosticare la sd dello stretto toracico e la costa cervicale sovrannumeraria è un fattore di rischio patognomonico per tale sindrome. Diﬃcoltà : Facile
2022,42,99,2026-02-11T19:57:57,C,C,C: E’ una procedura che ha come principale indicazione la prevenzione dell’ictus cardioembolico
2022,42,100,2026-02-11T19:57:58,E,E,E: il test di Wright è un test speciﬁco per diagnosticare la sd dello stretto toracico e la costa cervicale sovrannumeraria è un fattore di rischio patognomonico per tale sindrome. Diﬃcoltà : Facile
2022,43,99,2026-02-11T20:00:05,D,D,D: E’ una procedura che ha come principale indicazione la prevenzione dell’ictus cardioembolico
2022,43,100,2026-02-11T20:00:06,B,B,B: il test di Wright è un test speciﬁco per diagnosticare la sd dello stretto toracico e la costa cervicale sovrannumeraria è un fattore di rischio patognomonico per tale sindrome. Diﬃcoltà : Facile
2022,44,99,2026-02-11T20:02:13,D,D,D: E’ una procedura che ha come principale indicazione la prevenzione dell’ictus cardioembolico
2022,44,100,2026-02-11T20:02:14,D,D,D: il test di Wright è un test speciﬁco per diagnosticare la sd dello stretto toracico e la costa cervicale sovrannumeraria è un fattore di rischio patognomonico per tale sindrome. Diﬃcoltà : Facile
2022,45,99,2026-02-11T20:04:21,C,C,C: E’ una procedura che ha come principale indicazione la prevenzione dell’ictus cardioembolico
2022,45,100,2026-02-11T20:04:22,A,A,A: il test di Wright è un test speciﬁco per diagnosticare la sd dello stretto toracico e la costa cervicale sovrannumeraria è un fattore di rischio patognomonico per tale sindrome. Diﬃcoltà : Facile
2022,46,99,2026-02-11T20:06:32,A,A,A: E’ una procedura che ha come principale indicazione la prevenzione dell’ictus cardioembolico
2022,46,100,2026-02-11T20:06:34,D,D,D: il test di Wright è un test speciﬁco per diagnosticare la sd dello stretto toracico e la costa cervicale sovrannumeraria è un fattore di rischio patognomonico per tale sindrome. Diﬃcoltà : Facile
2022,47,99,2026-02-11T20:08:39,E,E,E: E’ una procedura che ha come principale indicazione la prevenzione dell’ictus cardioembolico
2022,47,100,2026-02-11T20:08:41,B,B,B: il test di Wright è un test speciﬁco per diagnosticare la sd dello stretto toracico e la costa cervicale sovrannumeraria è un fattore di rischio patognomonico per tale sindrome. Diﬃcoltà : Facile
2022,48,99,2026-02-11T20:10:53,D,D,D: E’ una procedura che ha come principale indicazione la prevenzione dell’ictus cardioembolico
2022,48,100,2026-02-11T20:10:54,D,D,D: il test di Wright è un test speciﬁco per diagnosticare la sd dello stretto toracico e la costa cervicale sovrannumeraria è un fattore di rischio patognomonico per tale sindrome. Diﬃcoltà : Facile
2022,49,99,2026-02-11T20:13:05,D,D,D: E’ una procedura che ha come principale indicazione la prevenzione dell’ictus cardioembolico
2022,49,100,2026-02-11T20:13:06,D,D,D: il test di Wright è un test speciﬁco per diagnosticare la sd dello stretto toracico e la costa cervicale sovrannumeraria è un fattore di rischio patognomonico per tale sindrome. Diﬃcoltà : Facile
2022,50,99,2026-02-11T20:15:26,A,A,A: E’ una procedura che ha come principale indicazione la prevenzione dell’ictus cardioembolico
2022,50,100,2026-02-11T20:15:27,A,A,A: il test di Wright è un test speciﬁco per diagnosticare la sd dello stretto toracico e la costa cervicale sovrannumeraria è un fattore di rischio patognomonico per tale sindrome. Diﬃcoltà : Facile
2023,1,88,2026-02-11T20:17:26,C,C,C: Iperglicemia
2023,1,89,2026-02-11T20:17:27,A,A,"A: Emocromo, indici di funzionalità renale, elettroliti completi, assetto lipidico, elettroforesi siero-proteica, esame urine, proteinuria delle 24 h"
2023,1,115,2026-02-11T20:17:53,E,E,E: Evitare il consumo di carne cruda o poco cotta
2023,1,116,2026-02-11T20:17:54,A,A,"A: Si esegue la valutazione della sideremia, transferrinemia e ferritinemia e, se presente carenza di ferro, si prescrive terapia marziale; successivamente si procede con la valutazione dell’elettroforesi delle emoglobine"
2023,1,119,2026-02-11T20:17:57,B,B,B: E’ una neurotossina che causa paralisi spastica potenzialmente letale
2023,1,120,2026-02-11T20:17:58,C,C,"C: I Livelli Essenziali di Assistenza (LEA) sono costituiti dall’insieme delle attività, dei servizi e delle prestazioni che il Servizio Sanitario Nazionale eroga a tutti i cittadini gratuitamente o con il pagamento di un ticket, indipendentemente dal reddito e dal luogo di residenza"
2023,2,88,2026-02-11T20:19:34,C,C,C: Iperglicemia
2023,2,89,2026-02-11T20:19:35,E,E,"E: Emocromo, indici di funzionalità renale, elettroliti completi, assetto lipidico, elettroforesi siero-proteica, esame urine, proteinuria delle 24 h"
2023,2,115,2026-02-11T20:19:58,B,B,B: Evitare il consumo di carne cruda o poco cotta
2023,2,116,2026-02-11T20:19:59,A,A,"A: Si esegue la valutazione della sideremia, transferrinemia e ferritinemia e, se presente carenza di ferro, si prescrive terapia marziale; successivamente si procede con la valutazione dell’elettroforesi delle emoglobine"
2023,2,119,2026-02-11T20:20:02,E,E,E: E’ una neurotossina che causa paralisi spastica potenzialmente letale
2023,2,120,2026-02-11T20:20:03,B,B,"B: I Livelli Essenziali di Assistenza (LEA) sono costituiti dall’insieme delle attività, dei servizi e delle prestazioni che il Servizio Sanitario Nazionale eroga a tutti i cittadini gratuitamente o con il pagamento di un ticket, indipendentemente dal reddito e dal luogo di residenza"
2023,3,88,2026-02-11T20:21:40,D,D,D: Iperglicemia
2023,3,89,2026-02-11T20:21:41,D,D,"D: Emocromo, indici di funzionalità renale, elettroliti completi, assetto lipidico, elettroforesi siero-proteica, esame urine, proteinuria delle 24 h"
2023,3,115,2026-02-11T20:22:09,C,C,C: Evitare il consumo di carne cruda o poco cotta
2023,3,116,2026-02-11T20:22:11,A,A,"A: Si esegue la valutazione della sideremia, transferrinemia e ferritinemia e, se presente carenza di ferro, si prescrive terapia marziale; successivamente si procede con la valutazione dell’elettroforesi delle emoglobine"
2023,3,119,2026-02-11T20:22:14,A,A,A: E’ una neurotossina che causa paralisi spastica potenzialmente letale
2023,3,120,2026-02-11T20:22:16,C,C,"C: I Livelli Essenziali di Assistenza (LEA) sono costituiti dall’insieme delle attività, dei servizi e delle prestazioni che il Servizio Sanitario Nazionale eroga a tutti i cittadini gratuitamente o con il pagamento di un ticket, indipendentemente dal reddito e dal luogo di residenza"
2023,4,88,2026-02-11T20:23:56,D,D,D: Iperglicemia
2023,4,89,2026-02-11T20:23:57,B,B,"B: Emocromo, indici di funzionalità renale, elettroliti completi, assetto lipidico, elettroforesi siero-proteica, esame urine, proteinuria delle 24 h"
2023,4,115,2026-02-11T20:24:22,A,A,A: Evitare il consumo di carne cruda o poco cotta
2023,4,116,2026-02-11T20:24:23,E,E,"E: Si esegue la valutazione della sideremia, transferrinemia e ferritinemia e, se presente carenza di ferro, si prescrive terapia marziale; successivamente si procede con la valutazione dell’elettroforesi delle emoglobine"
2023,4,119,2026-02-11T20:24:27,A,A,A: E’ una neurotossina che causa paralisi spastica potenzialmente letale
2023,4,120,2026-02-11T20:24:28,E,E,"E: I Livelli Essenziali di Assistenza (LEA) sono costituiti dall’insieme delle attività, dei servizi e delle prestazioni che il Servizio Sanitario Nazionale eroga a tutti i cittadini gratuitamente o con il pagamento di un ticket, indipendentemente dal reddito e dal luogo di residenza"
2023,5,88,2026-02-11T20:26:12,D,D,D: Iperglicemia
2023,5,89,2026-02-11T20:26:14,E,E,"E: Emocromo, indici di funzionalità renale, elettroliti completi, assetto lipidico, elettroforesi siero-proteica, esame urine, proteinuria delle 24 h"
2023,5,115,2026-02-11T20:26:37,A,A,A: Evitare il consumo di carne cruda o poco cotta
2023,5,116,2026-02-11T20:26:38,A,A,"A: Si esegue la valutazione della sideremia, transferrinemia e ferritinemia e, se presente carenza di ferro, si prescrive terapia marziale; successivamente si procede con la valutazione dell’elettroforesi delle emoglobine"
2023,5,119,2026-02-11T20:26:41,C,C,C: E’ una neurotossina che causa paralisi spastica potenzialmente letale
2023,5,120,2026-02-11T20:26:42,B,B,"B: I Livelli Essenziali di Assistenza (LEA) sono costituiti dall’insieme delle attività, dei servizi e delle prestazioni che il Servizio Sanitario Nazionale eroga a tutti i cittadini gratuitamente o con il pagamento di un ticket, indipendentemente dal reddito e dal luogo di residenza"
2023,6,88,2026-02-11T20:28:21,E,E,E: Iperglicemia
2023,6,89,2026-02-11T20:28:22,D,D,"D: Emocromo, indici di funzionalità renale, elettroliti completi, assetto lipidico, elettroforesi siero-proteica, esame urine, proteinuria delle 24 h"
2023,6,115,2026-02-11T20:28:46,E,E,E: Evitare il consumo di carne cruda o poco cotta
2023,6,116,2026-02-11T20:28:47,D,D,"D: Si esegue la valutazione della sideremia, transferrinemia e ferritinemia e, se presente carenza di ferro, si prescrive terapia marziale; successivamente si procede con la valutazione dell’elettroforesi delle emoglobine"
2023,6,119,2026-02-11T20:28:50,E,E,E: E’ una neurotossina che causa paralisi spastica potenzialmente letale
2023,6,120,2026-02-11T20:28:51,A,A,"A: I Livelli Essenziali di Assistenza (LEA) sono costituiti dall’insieme delle attività, dei servizi e delle prestazioni che il Servizio Sanitario Nazionale eroga a tutti i cittadini gratuitamente o con il pagamento di un ticket, indipendentemente dal reddito e dal luogo di residenza"
2023,7,88,2026-02-11T20:30:28,A,A,A: Iperglicemia
2023,7,89,2026-02-11T20:30:29,C,C,"C: Emocromo, indici di funzionalità renale, elettroliti completi, assetto lipidico, elettroforesi siero-proteica, esame urine, proteinuria delle 24 h"
2023,7,115,2026-02-11T20:30:52,A,A,A: Evitare il consumo di carne cruda o poco cotta
2023,7,116,2026-02-11T20:30:53,B,B,"B: Si esegue la valutazione della sideremia, transferrinemia e ferritinemia e, se presente carenza di ferro, si prescrive terapia marziale; successivamente si procede con la valutazione dell’elettroforesi delle emoglobine"
2023,7,119,2026-02-11T20:30:56,D,D,D: E’ una neurotossina che causa paralisi spastica potenzialmente letale
2023,7,120,2026-02-11T20:30:57,A,A,"A: I Livelli Essenziali di Assistenza (LEA) sono costituiti dall’insieme delle attività, dei servizi e delle prestazioni che il Servizio Sanitario Nazionale eroga a tutti i cittadini gratuitamente o con il pagamento di un ticket, indipendentemente dal reddito e dal luogo di residenza"
2023,8,88,2026-02-11T20:32:38,C,C,C: Iperglicemia
2023,8,89,2026-02-11T20:32:39,B,B,"B: Emocromo, indici di funzionalità renale, elettroliti completi, assetto lipidico, elettroforesi siero-proteica, esame urine, proteinuria delle 24 h"
2023,8,115,2026-02-11T20:33:03,E,E,E: Evitare il consumo di carne cruda o poco cotta
2023,8,116,2026-02-11T20:33:04,D,D,"D: Si esegue la valutazione della sideremia, transferrinemia e ferritinemia e, se presente carenza di ferro, si prescrive terapia marziale; successivamente si procede con la valutazione dell’elettroforesi delle emoglobine"
2023,8,119,2026-02-11T20:33:08,E,E,E: E’ una neurotossina che causa paralisi spastica potenzialmente letale
2023,8,120,2026-02-11T20:33:09,E,E,"E: I Livelli Essenziali di Assistenza (LEA) sono costituiti dall’insieme delle attività, dei servizi e delle prestazioni che il Servizio Sanitario Nazionale eroga a tutti i cittadini gratuitamente o con il pagamento di un ticket, indipendentemente dal reddito e dal luogo di residenza"
2023,9,88,2026-02-11T20:34:49,A,A,A: Iperglicemia
2023,9,89,2026-02-11T20:34:50,E,E,"E: Emocromo, indici di funzionalità renale, elettroliti completi, assetto lipidico, elettroforesi siero-proteica, esame urine, proteinuria delle 24 h"
2023,9,115,2026-02-11T20:35:14,A,A,A: Evitare il consumo di carne cruda o poco cotta
2023,9,116,2026-02-11T20:35:15,C,C,"C: Si esegue la valutazione della sideremia, transferrinemia e ferritinemia e, se presente carenza di ferro, si prescrive terapia marziale; successivamente si procede con la valutazione dell’elettroforesi delle emoglobine"
2023,9,119,2026-02-11T20:35:18,E,E,E: E’ una neurotossina che causa paralisi spastica potenzialmente letale
2023,9,120,2026-02-11T20:35:19,A,A,"A: I Livelli Essenziali di Assistenza (LEA) sono costituiti dall’insieme delle attività, dei servizi e delle prestazioni che il Servizio Sanitario Nazionale eroga a tutti i cittadini gratuitamente o con il pagamento di un ticket, indipendentemente dal reddito e dal luogo di residenza"
2023,10,88,2026-02-11T20:37:05,C,C,C: Iperglicemia
2023,10,89,2026-02-11T20:37:06,A,A,"A: Emocromo, indici di funzionalità renale, elettroliti completi, assetto lipidico, elettroforesi siero-proteica, esame urine, proteinuria delle 24 h"
2023,10,115,2026-02-11T20:37:30,E,E,E: Evitare il consumo di carne cruda o poco cotta
2023,10,116,2026-02-11T20:37:31,A,A,"A: Si esegue la valutazione della sideremia, transferrinemia e ferritinemia e, se presente carenza di ferro, si prescrive terapia marziale; successivamente si procede con la valutazione dell’elettroforesi delle emoglobine"
2023,10,119,2026-02-11T20:37:34,C,C,C: E’ una neurotossina che causa paralisi spastica potenzialmente letale
2023,10,120,2026-02-11T20:37:35,D,D,"D: I Livelli Essenziali di Assistenza (LEA) sono costituiti dall’insieme delle attività, dei servizi e delle prestazioni che il Servizio Sanitario Nazionale eroga a tutti i cittadini gratuitamente o con il pagamento di un ticket, indipendentemente dal reddito e dal luogo di residenza"
2023,11,88,2026-02-11T20:39:13,B,B,B: Iperglicemia
2023,11,89,2026-02-11T20:39:14,A,A,"A: Emocromo, indici di funzionalità renale, elettroliti completi, assetto lipidico, elettroforesi siero-proteica, esame urine, proteinuria delle 24 h"
2023,11,115,2026-02-11T20:39:39,B,B,B: Evitare il consumo di carne cruda o poco cotta
2023,11,116,2026-02-11T20:39:40,B,B,"B: Si esegue la valutazione della sideremia, transferrinemia e ferritinemia e, se presente carenza di ferro, si prescrive terapia marziale; successivamente si procede con la valutazione dell’elettroforesi delle emoglobine"
2023,11,119,2026-02-11T20:39:43,B,B,B: E’ una neurotossina che causa paralisi spastica potenzialmente letale
2023,11,120,2026-02-11T20:39:46,D,D,"D: I Livelli Essenziali di Assistenza (LEA) sono costituiti dall’insieme delle attività, dei servizi e delle prestazioni che il Servizio Sanitario Nazionale eroga a tutti i cittadini gratuitamente o con il pagamento di un ticket, indipendentemente dal reddito e dal luogo di residenza"
2023,12,88,2026-02-11T20:41:27,C,C,C: Iperglicemia
2023,12,89,2026-02-11T20:41:29,C,C,"C: Emocromo, indici di funzionalità renale, elettroliti completi, assetto lipidico, elettroforesi siero-proteica, esame urine, proteinuria delle 24 h"
2023,12,115,2026-02-11T20:41:58,A,A,A: Evitare il consumo di carne cruda o poco cotta
2023,12,116,2026-02-11T20:41:59,B,B,"B: Si esegue la valutazione della sideremia, transferrinemia e ferritinemia e, se presente carenza di ferro, si prescrive terapia marziale; successivamente si procede con la valutazione dell’elettroforesi delle emoglobine"
2023,12,119,2026-02-11T20:42:04,B,B,B: E’ una neurotossina che causa paralisi spastica potenzialmente letale
2023,12,120,2026-02-11T20:42:05,B,B,"B: I Livelli Essenziali di Assistenza (LEA) sono costituiti dall’insieme delle attività, dei servizi e delle prestazioni che il Servizio Sanitario Nazionale eroga a tutti i cittadini gratuitamente o con il pagamento di un ticket, indipendentemente dal reddito e dal luogo di residenza"
2023,13,88,2026-02-11T20:43:47,C,C,C: Iperglicemia
2023,13,89,2026-02-11T20:43:48,E,E,"E: Emocromo, indici di funzionalità renale, elettroliti completi, assetto lipidico, elettroforesi siero-proteica, esame urine, proteinuria delle 24 h"
2023,13,115,2026-02-11T20:44:11,E,E,E: Evitare il consumo di carne cruda o poco cotta
2023,13,116,2026-02-11T20:44:12,A,A,"A: Si esegue la valutazione della sideremia, transferrinemia e ferritinemia e, se presente carenza di ferro, si prescrive terapia marziale; successivamente si procede con la valutazione dell’elettroforesi delle emoglobine"
2023,13,119,2026-02-11T20:44:15,B,B,B: E’ una neurotossina che causa paralisi spastica potenzialmente letale
2023,13,120,2026-02-11T20:44:16,E,E,"E: I Livelli Essenziali di Assistenza (LEA) sono costituiti dall’insieme delle attività, dei servizi e delle prestazioni che il Servizio Sanitario Nazionale eroga a tutti i cittadini gratuitamente o con il pagamento di un ticket, indipendentemente dal reddito e dal luogo di residenza"
2023,14,88,2026-02-11T20:45:55,B,B,B: Iperglicemia
2023,14,89,2026-02-11T20:45:56,C,C,"C: Emocromo, indici di funzionalità renale, elettroliti completi, assetto lipidico, elettroforesi siero-proteica, esame urine, proteinuria delle 24 h"
2023,14,115,2026-02-11T20:46:22,A,A,A: Evitare il consumo di carne cruda o poco cotta
2023,14,116,2026-02-11T20:46:23,C,C,"C: Si esegue la valutazione della sideremia, transferrinemia e ferritinemia e, se presente carenza di ferro, si prescrive terapia marziale; successivamente si procede con la valutazione dell’elettroforesi delle emoglobine"
2023,14,119,2026-02-11T20:46:26,D,D,D: E’ una neurotossina che causa paralisi spastica potenzialmente letale
2023,14,120,2026-02-11T20:46:27,D,D,"D: I Livelli Essenziali di Assistenza (LEA) sono costituiti dall’insieme delle attività, dei servizi e delle prestazioni che il Servizio Sanitario Nazionale eroga a tutti i cittadini gratuitamente o con il pagamento di un ticket, indipendentemente dal reddito e dal luogo di residenza"
2023,15,88,2026-02-11T20:48:04,B,B,B: Iperglicemia
2023,15,89,2026-02-11T20:48:06,B,B,"B: Emocromo, indici di funzionalità renale, elettroliti completi, assetto lipidico, elettroforesi siero-proteica, esame urine, proteinuria delle 24 h"
2023,15,115,2026-02-11T20:48:30,B,B,B: Evitare il consumo di carne cruda o poco cotta
2023,15,116,2026-02-11T20:48:31,A,A,"A: Si esegue la valutazione della sideremia, transferrinemia e ferritinemia e, se presente carenza di ferro, si prescrive terapia marziale; successivamente si procede con la valutazione dell’elettroforesi delle emoglobine"
2023,15,119,2026-02-11T20:48:34,B,B,B: E’ una neurotossina che causa paralisi spastica potenzialmente letale
2023,15,120,2026-02-11T20:48:35,D,D,"D: I Livelli Essenziali di Assistenza (LEA) sono costituiti dall’insieme delle attività, dei servizi e delle prestazioni che il Servizio Sanitario Nazionale eroga a tutti i cittadini gratuitamente o con il pagamento di un ticket, indipendentemente dal reddito e dal luogo di residenza"
2023,16,88,2026-02-11T20:50:15,B,B,B: Iperglicemia
2023,16,89,2026-02-11T20:50:17,C,C,"C: Emocromo, indici di funzionalità renale, elettroliti completi, assetto lipidico, elettroforesi siero-proteica, esame urine, proteinuria delle 24 h"
2023,16,115,2026-02-11T20:50:40,E,E,E: Evitare il consumo di carne cruda o poco cotta
2023,16,116,2026-02-11T20:50:41,A,A,"A: Si esegue la valutazione della sideremia, transferrinemia e ferritinemia e, se presente carenza di ferro, si prescrive terapia marziale; successivamente si procede con la valutazione dell’elettroforesi delle emoglobine"
2023,16,119,2026-02-11T20:50:44,E,E,E: E’ una neurotossina che causa paralisi spastica potenzialmente letale
2023,16,120,2026-02-11T20:50:45,C,C,"C: I Livelli Essenziali di Assistenza (LEA) sono costituiti dall’insieme delle attività, dei servizi e delle prestazioni che il Servizio Sanitario Nazionale eroga a tutti i cittadini gratuitamente o con il pagamento di un ticket, indipendentemente dal reddito e dal luogo di residenza"
2023,17,88,2026-02-11T20:52:21,C,C,C: Iperglicemia
2023,17,89,2026-02-11T20:52:22,C,C,"C: Emocromo, indici di funzionalità renale, elettroliti completi, assetto lipidico, elettroforesi siero-proteica, esame urine, proteinuria delle 24 h"
2023,17,115,2026-02-11T20:52:45,D,D,D: Evitare il consumo di carne cruda o poco cotta
2023,17,116,2026-02-11T20:52:47,B,B,"B: Si esegue la valutazione della sideremia, transferrinemia e ferritinemia e, se presente carenza di ferro, si prescrive terapia marziale; successivamente si procede con la valutazione dell’elettroforesi delle emoglobine"
2023,17,119,2026-02-11T20:52:49,D,D,D: E’ una neurotossina che causa paralisi spastica potenzialmente letale
2023,17,120,2026-02-11T20:52:51,D,D,"D: I Livelli Essenziali di Assistenza (LEA) sono costituiti dall’insieme delle attività, dei servizi e delle prestazioni che il Servizio Sanitario Nazionale eroga a tutti i cittadini gratuitamente o con il pagamento di un ticket, indipendentemente dal reddito e dal luogo di residenza"
2023,18,88,2026-02-11T20:54:29,B,B,B: Iperglicemia
2023,18,89,2026-02-11T20:54:30,C,C,"C: Emocromo, indici di funzionalità renale, elettroliti completi, assetto lipidico, elettroforesi siero-proteica, esame urine, proteinuria delle 24 h"
2023,18,115,2026-02-11T20:54:55,E,E,E: Evitare il consumo di carne cruda o poco cotta
2023,18,116,2026-02-11T20:54:56,A,A,"A: Si esegue la valutazione della sideremia, transferrinemia e ferritinemia e, se presente carenza di ferro, si prescrive terapia marziale; successivamente si procede con la valutazione dell’elettroforesi delle emoglobine"
2023,18,119,2026-02-11T20:54:58,D,D,D: E’ una neurotossina che causa paralisi spastica potenzialmente letale
2023,18,120,2026-02-11T20:55:00,E,E,"E: I Livelli Essenziali di Assistenza (LEA) sono costituiti dall’insieme delle attività, dei servizi e delle prestazioni che il Servizio Sanitario Nazionale eroga a tutti i cittadini gratuitamente o con il pagamento di un ticket, indipendentemente dal reddito e dal luogo di residenza"
2023,19,88,2026-02-11T20:56:40,C,C,C: Iperglicemia
2023,19,89,2026-02-11T20:56:41,C,C,"C: Emocromo, indici di funzionalità renale, elettroliti completi, assetto lipidico, elettroforesi siero-proteica, esame urine, proteinuria delle 24 h"
2023,19,115,2026-02-11T20:57:04,D,D,D: Evitare il consumo di carne cruda o poco cotta
2023,19,116,2026-02-11T20:57:05,E,E,"E: Si esegue la valutazione della sideremia, transferrinemia e ferritinemia e, se presente carenza di ferro, si prescrive terapia marziale; successivamente si procede con la valutazione dell’elettroforesi delle emoglobine"
2023,19,119,2026-02-11T20:57:08,A,A,A: E’ una neurotossina che causa paralisi spastica potenzialmente letale
2023,19,120,2026-02-11T20:57:09,A,A,"A: I Livelli Essenziali di Assistenza (LEA) sono costituiti dall’insieme delle attività, dei servizi e delle prestazioni che il Servizio Sanitario Nazionale eroga a tutti i cittadini gratuitamente o con il pagamento di un ticket, indipendentemente dal reddito e dal luogo di residenza"
2023,20,88,2026-02-11T20:58:50,D,D,D: Iperglicemia
2023,20,89,2026-02-11T20:58:51,B,B,"B: Emocromo, indici di funzionalità renale, elettroliti completi, assetto lipidico, elettroforesi siero-proteica, esame urine, proteinuria delle 24 h"
2023,20,115,2026-02-11T20:59:16,C,C,C: Evitare il consumo di carne cruda o poco cotta
2023,20,116,2026-02-11T20:59:17,A,A,"A: Si esegue la valutazione della sideremia, transferrinemia e ferritinemia e, se presente carenza di ferro, si prescrive terapia marziale; successivamente si procede con la valutazione dell’elettroforesi delle emoglobine"
2023,20,119,2026-02-11T20:59:20,E,E,E: E’ una neurotossina che causa paralisi spastica potenzialmente letale
2023,20,120,2026-02-11T20:59:22,E,E,"E: I Livelli Essenziali di Assistenza (LEA) sono costituiti dall’insieme delle attività, dei servizi e delle prestazioni che il Servizio Sanitario Nazionale eroga a tutti i cittadini gratuitamente o con il pagamento di un ticket, indipendentemente dal reddito e dal luogo di residenza"
2023,21,88,2026-02-11T21:01:11,B,B,B: Iperglicemia
2023,21,89,2026-02-11T21:01:12,A,A,"A: Emocromo, indici di funzionalità renale, elettroliti completi, assetto lipidico, elettroforesi siero-proteica, esame urine, proteinuria delle 24 h"
2023,21,115,2026-02-11T21:01:35,D,D,D: Evitare il consumo di carne cruda o poco cotta
2023,21,116,2026-02-11T21:01:36,D,D,"D: Si esegue la valutazione della sideremia, transferrinemia e ferritinemia e, se presente carenza di ferro, si prescrive terapia marziale; successivamente si procede con la valutazione dell’elettroforesi delle emoglobine"
2023,21,119,2026-02-11T21:01:39,A,A,A: E’ una neurotossina che causa paralisi spastica potenzialmente letale
2023,21,120,2026-02-11T21:01:40,C,C,"C: I Livelli Essenziali di Assistenza (LEA) sono costituiti dall’insieme delle attività, dei servizi e delle prestazioni che il Servizio Sanitario Nazionale eroga a tutti i cittadini gratuitamente o con il pagamento di un ticket, indipendentemente dal reddito e dal luogo di residenza"
2023,22,88,2026-02-11T21:03:22,D,D,D: Iperglicemia
2023,22,89,2026-02-11T21:03:23,A,A,"A: Emocromo, indici di funzionalità renale, elettroliti completi, assetto lipidico, elettroforesi siero-proteica, esame urine, proteinuria delle 24 h"
2023,22,115,2026-02-11T21:03:46,B,B,B: Evitare il consumo di carne cruda o poco cotta
2023,22,116,2026-02-11T21:03:48,B,B,"B: Si esegue la valutazione della sideremia, transferrinemia e ferritinemia e, se presente carenza di ferro, si prescrive terapia marziale; successivamente si procede con la valutazione dell’elettroforesi delle emoglobine"
2023,22,119,2026-02-11T21:03:51,E,E,E: E’ una neurotossina che causa paralisi spastica potenzialmente letale
2023,22,120,2026-02-11T21:03:52,B,B,"B: I Livelli Essenziali di Assistenza (LEA) sono costituiti dall’insieme delle attività, dei servizi e delle prestazioni che il Servizio Sanitario Nazionale eroga a tutti i cittadini gratuitamente o con il pagamento di un ticket, indipendentemente dal reddito e dal luogo di residenza"
2023,23,88,2026-02-11T21:05:41,C,C,C: Iperglicemia
2023,23,89,2026-02-11T21:05:42,B,B,"B: Emocromo, indici di funzionalità renale, elettroliti completi, assetto lipidico, elettroforesi siero-proteica, esame urine, proteinuria delle 24 h"
2023,23,115,2026-02-11T21:06:06,B,B,B: Evitare il consumo di carne cruda o poco cotta
2023,23,116,2026-02-11T21:06:08,D,D,"D: Si esegue la valutazione della sideremia, transferrinemia e ferritinemia e, se presente carenza di ferro, si prescrive terapia marziale; successivamente si procede con la valutazione dell’elettroforesi delle emoglobine"
2023,23,119,2026-02-11T21:06:11,A,A,A: E’ una neurotossina che causa paralisi spastica potenzialmente letale
2023,23,120,2026-02-11T21:06:12,B,B,"B: I Livelli Essenziali di Assistenza (LEA) sono costituiti dall’insieme delle attività, dei servizi e delle prestazioni che il Servizio Sanitario Nazionale eroga a tutti i cittadini gratuitamente o con il pagamento di un ticket, indipendentemente dal reddito e dal luogo di residenza"
2023,24,88,2026-02-11T21:08:08,D,D,D: Iperglicemia
2023,24,89,2026-02-11T21:08:09,B,B,"B: Emocromo, indici di funzionalità renale, elettroliti completi, assetto lipidico, elettroforesi siero-proteica, esame urine, proteinuria delle 24 h"
2023,24,115,2026-02-11T21:08:37,B,B,B: Evitare il consumo di carne cruda o poco cotta
2023,24,116,2026-02-11T21:08:38,E,E,"E: Si esegue la valutazione della sideremia, transferrinemia e ferritinemia e, se presente carenza di ferro, si prescrive terapia marziale; successivamente si procede con la valutazione dell’elettroforesi delle emoglobine"
2023,24,119,2026-02-11T21:08:41,A,A,A: E’ una neurotossina che causa paralisi spastica potenzialmente letale
2023,24,120,2026-02-11T21:08:42,C,C,"C: I Livelli Essenziali di Assistenza (LEA) sono costituiti dall’insieme delle attività, dei servizi e delle prestazioni che il Servizio Sanitario Nazionale eroga a tutti i cittadini gratuitamente o con il pagamento di un ticket, indipendentemente dal reddito e dal luogo di residenza"
2023,25,88,2026-02-11T21:10:22,E,E,E: Iperglicemia
2023,25,89,2026-02-11T21:10:24,E,E,"E: Emocromo, indici di funzionalità renale, elettroliti completi, assetto lipidico, elettroforesi siero-proteica, esame urine, proteinuria delle 24 h"
2023,25,115,2026-02-11T21:10:46,B,B,B: Evitare il consumo di carne cruda o poco cotta
2023,25,116,2026-02-11T21:10:48,A,A,"A: Si esegue la valutazione della sideremia, transferrinemia e ferritinemia e, se presente carenza di ferro, si prescrive terapia marziale; successivamente si procede con la valutazione dell’elettroforesi delle emoglobine"
2023,25,119,2026-02-11T21:10:51,A,A,A: E’ una neurotossina che causa paralisi spastica potenzialmente letale
2023,25,120,2026-02-11T21:10:52,C,C,"C: I Livelli Essenziali di Assistenza (LEA) sono costituiti dall’insieme delle attività, dei servizi e delle prestazioni che il Servizio Sanitario Nazionale eroga a tutti i cittadini gratuitamente o con il pagamento di un ticket, indipendentemente dal reddito e dal luogo di residenza"
2023,26,88,2026-02-11T21:12:27,B,B,B: Iperglicemia
2023,26,89,2026-02-11T21:12:28,B,B,"B: Emocromo, indici di funzionalità renale, elettroliti completi, assetto lipidico, elettroforesi siero-proteica, esame urine, proteinuria delle 24 h"
2023,26,115,2026-02-11T21:12:51,E,E,E: Evitare il consumo di carne cruda o poco cotta
2023,26,116,2026-02-11T21:12:52,C,C,"C: Si esegue la valutazione della sideremia, transferrinemia e ferritinemia e, se presente carenza di ferro, si prescrive terapia marziale; successivamente si procede con la valutazione dell’elettroforesi delle emoglobine"
2023,26,119,2026-02-11T21:12:56,E,E,E: E’ una neurotossina che causa paralisi spastica potenzialmente letale
2023,26,120,2026-02-11T21:12:57,C,C,"C: I Livelli Essenziali di Assistenza (LEA) sono costituiti dall’insieme delle attività, dei servizi e delle prestazioni che il Servizio Sanitario Nazionale eroga a tutti i cittadini gratuitamente o con il pagamento di un ticket, indipendentemente dal reddito e dal luogo di residenza"
2023,27,88,2026-02-11T21:14:34,C,C,C: Iperglicemia
2023,27,89,2026-02-11T21:14:35,E,E,"E: Emocromo, indici di funzionalità renale, elettroliti completi, assetto lipidico, elettroforesi siero-proteica, esame urine, proteinuria delle 24 h"
2023,27,115,2026-02-11T21:14:59,E,E,E: Evitare il consumo di carne cruda o poco cotta
2023,27,116,2026-02-11T21:15:00,A,A,"A: Si esegue la valutazione della sideremia, transferrinemia e ferritinemia e, se presente carenza di ferro, si prescrive terapia marziale; successivamente si procede con la valutazione dell’elettroforesi delle emoglobine"
2023,27,119,2026-02-11T21:15:03,A,A,A: E’ una neurotossina che causa paralisi spastica potenzialmente letale
2023,27,120,2026-02-11T21:15:05,E,E,"E: I Livelli Essenziali di Assistenza (LEA) sono costituiti dall’insieme delle attività, dei servizi e delle prestazioni che il Servizio Sanitario Nazionale eroga a tutti i cittadini gratuitamente o con il pagamento di un ticket, indipendentemente dal reddito e dal luogo di residenza"
2023,28,88,2026-02-11T21:16:46,D,D,D: Iperglicemia
2023,28,89,2026-02-11T21:16:47,B,B,"B: Emocromo, indici di funzionalità renale, elettroliti completi, assetto lipidico, elettroforesi siero-proteica, esame urine, proteinuria delle 24 h"
2023,28,115,2026-02-11T21:17:10,B,B,B: Evitare il consumo di carne cruda o poco cotta
2023,28,116,2026-02-11T21:17:12,E,E,"E: Si esegue la valutazione della sideremia, transferrinemia e ferritinemia e, se presente carenza di ferro, si prescrive terapia marziale; successivamente si procede con la valutazione dell’elettroforesi delle emoglobine"
2023,28,119,2026-02-11T21:17:14,C,C,C: E’ una neurotossina che causa paralisi spastica potenzialmente letale
2023,28,120,2026-02-11T21:17:16,B,B,"B: I Livelli Essenziali di Assistenza (LEA) sono costituiti dall’insieme delle attività, dei servizi e delle prestazioni che il Servizio Sanitario Nazionale eroga a tutti i cittadini gratuitamente o con il pagamento di un ticket, indipendentemente dal reddito e dal luogo di residenza"
2023,29,88,2026-02-11T21:18:58,C,C,C: Iperglicemia
2023,29,89,2026-02-11T21:18:59,E,E,"E: Emocromo, indici di funzionalità renale, elettroliti completi, assetto lipidico, elettroforesi siero-proteica, esame urine, proteinuria delle 24 h"
2023,29,115,2026-02-11T21:19:24,E,E,E: Evitare il consumo di carne cruda o poco cotta
2023,29,116,2026-02-11T21:19:25,E,E,"E: Si esegue la valutazione della sideremia, transferrinemia e ferritinemia e, se presente carenza di ferro, si prescrive terapia marziale; successivamente si procede con la valutazione dell’elettroforesi delle emoglobine"
2023,29,119,2026-02-11T21:19:28,B,B,B: E’ una neurotossina che causa paralisi spastica potenzialmente letale
2023,29,120,2026-02-11T21:19:29,B,B,"B: I Livelli Essenziali di Assistenza (LEA) sono costituiti dall’insieme delle attività, dei servizi e delle prestazioni che il Servizio Sanitario Nazionale eroga a tutti i cittadini gratuitamente o con il pagamento di un ticket, indipendentemente dal reddito e dal luogo di residenza"
2023,30,88,2026-02-11T21:21:08,A,A,A: Iperglicemia
2023,30,89,2026-02-11T21:21:10,C,C,"C: Emocromo, indici di funzionalità renale, elettroliti completi, assetto lipidico, elettroforesi siero-proteica, esame urine, proteinuria delle 24 h"
2023,30,115,2026-02-11T21:21:34,E,E,E: Evitare il consumo di carne cruda o poco cotta
2023,30,116,2026-02-11T21:21:36,C,C,"C: Si esegue la valutazione della sideremia, transferrinemia e ferritinemia e, se presente carenza di ferro, si prescrive terapia marziale; successivamente si procede con la valutazione dell’elettroforesi delle emoglobine"
2023,30,119,2026-02-11T21:21:39,E,E,E: E’ una neurotossina che causa paralisi spastica potenzialmente letale
2023,30,120,2026-02-11T21:21:40,A,A,"A: I Livelli Essenziali di Assistenza (LEA) sono costituiti dall’insieme delle attività, dei servizi e delle prestazioni che il Servizio Sanitario Nazionale eroga a tutti i cittadini gratuitamente o con il pagamento di un ticket, indipendentemente dal reddito e dal luogo di residenza"
2023,31,88,2026-02-11T21:23:17,E,E,E: Iperglicemia
2023,31,89,2026-02-11T21:23:18,C,C,"C: Emocromo, indici di funzionalità renale, elettroliti completi, assetto lipidico, elettroforesi siero-proteica, esame urine, proteinuria delle 24 h"
2023,31,115,2026-02-11T21:23:40,C,C,C: Evitare il consumo di carne cruda o poco cotta
2023,31,116,2026-02-11T21:23:41,E,E,"E: Si esegue la valutazione della sideremia, transferrinemia e ferritinemia e, se presente carenza di ferro, si prescrive terapia marziale; successivamente si procede con la valutazione dell’elettroforesi delle emoglobine"
2023,31,119,2026-02-11T21:23:44,D,D,D: E’ una neurotossina che causa paralisi spastica potenzialmente letale
2023,31,120,2026-02-11T21:23:45,B,B,"B: I Livelli Essenziali di Assistenza (LEA) sono costituiti dall’insieme delle attività, dei servizi e delle prestazioni che il Servizio Sanitario Nazionale eroga a tutti i cittadini gratuitamente o con il pagamento di un ticket, indipendentemente dal reddito e dal luogo di residenza"
2023,32,88,2026-02-11T21:25:24,B,B,B: Iperglicemia
2023,32,89,2026-02-11T21:25:25,D,D,"D: Emocromo, indici di funzionalità renale, elettroliti completi, assetto lipidico, elettroforesi siero-proteica, esame urine, proteinuria delle 24 h"
2023,32,115,2026-02-11T21:25:48,E,E,E: Evitare il consumo di carne cruda o poco cotta
2023,32,116,2026-02-11T21:25:49,A,A,"A: Si esegue la valutazione della sideremia, transferrinemia e ferritinemia e, se presente carenza di ferro, si prescrive terapia marziale; successivamente si procede con la valutazione dell’elettroforesi delle emoglobine"
2023,32,119,2026-02-11T21:25:52,C,C,C: E’ una neurotossina che causa paralisi spastica potenzialmente letale
2023,32,120,2026-02-11T21:25:53,A,A,"A: I Livelli Essenziali di Assistenza (LEA) sono costituiti dall’insieme delle attività, dei servizi e delle prestazioni che il Servizio Sanitario Nazionale eroga a tutti i cittadini gratuitamente o con il pagamento di un ticket, indipendentemente dal reddito e dal luogo di residenza"
2023,33,88,2026-02-11T21:27:28,C,C,C: Iperglicemia
2023,33,89,2026-02-11T21:27:29,C,C,"C: Emocromo, indici di funzionalità renale, elettroliti completi, assetto lipidico, elettroforesi siero-proteica, esame urine, proteinuria delle 24 h"
2023,33,115,2026-02-11T21:27:51,D,D,D: Evitare il consumo di carne cruda o poco cotta
2023,33,116,2026-02-11T21:27:52,A,A,"A: Si esegue la valutazione della sideremia, transferrinemia e ferritinemia e, se presente carenza di ferro, si prescrive terapia marziale; successivamente si procede con la valutazione dell’elettroforesi delle emoglobine"
2023,33,119,2026-02-11T21:27:55,C,C,C: E’ una neurotossina che causa paralisi spastica potenzialmente letale
2023,33,120,2026-02-11T21:27:57,E,E,"E: I Livelli Essenziali di Assistenza (LEA) sono costituiti dall’insieme delle attività, dei servizi e delle prestazioni che il Servizio Sanitario Nazionale eroga a tutti i cittadini gratuitamente o con il pagamento di un ticket, indipendentemente dal reddito e dal luogo di residenza"
2023,34,88,2026-02-11T21:29:30,D,D,D: Iperglicemia
2023,34,89,2026-02-11T21:29:32,B,B,"B: Emocromo, indici di funzionalità renale, elettroliti completi, assetto lipidico, elettroforesi siero-proteica, esame urine, proteinuria delle 24 h"
2023,34,115,2026-02-11T21:29:55,C,C,C: Evitare il consumo di carne cruda o poco cotta
2023,34,116,2026-02-11T21:29:56,B,B,"B: Si esegue la valutazione della sideremia, transferrinemia e ferritinemia e, se presente carenza di ferro, si prescrive terapia marziale; successivamente si procede con la valutazione dell’elettroforesi delle emoglobine"
2023,34,119,2026-02-11T21:29:59,D,D,D: E’ una neurotossina che causa paralisi spastica potenzialmente letale
2023,34,120,2026-02-11T21:30:00,A,A,"A: I Livelli Essenziali di Assistenza (LEA) sono costituiti dall’insieme delle attività, dei servizi e delle prestazioni che il Servizio Sanitario Nazionale eroga a tutti i cittadini gratuitamente o con il pagamento di un ticket, indipendentemente dal reddito e dal luogo di residenza"
2023,35,88,2026-02-11T21:31:38,A,A,A: Iperglicemia
2023,35,89,2026-02-11T21:31:39,C,C,"C: Emocromo, indici di funzionalità renale, elettroliti completi, assetto lipidico, elettroforesi siero-proteica, esame urine, proteinuria delle 24 h"
2023,35,115,2026-02-11T21:32:01,C,C,C: Evitare il consumo di carne cruda o poco cotta
2023,35,116,2026-02-11T21:32:02,D,D,"D: Si esegue la valutazione della sideremia, transferrinemia e ferritinemia e, se presente carenza di ferro, si prescrive terapia marziale; successivamente si procede con la valutazione dell’elettroforesi delle emoglobine"
2023,35,119,2026-02-11T21:32:05,B,B,B: E’ una neurotossina che causa paralisi spastica potenzialmente letale
2023,35,120,2026-02-11T21:32:06,C,C,"C: I Livelli Essenziali di Assistenza (LEA) sono costituiti dall’insieme delle attività, dei servizi e delle prestazioni che il Servizio Sanitario Nazionale eroga a tutti i cittadini gratuitamente o con il pagamento di un ticket, indipendentemente dal reddito e dal luogo di residenza"
2023,36,88,2026-02-11T21:33:47,A,A,A: Iperglicemia
2023,36,89,2026-02-11T21:33:48,E,E,"E: Emocromo, indici di funzionalità renale, elettroliti completi, assetto lipidico, elettroforesi siero-proteica, esame urine, proteinuria delle 24 h"
2023,36,115,2026-02-11T21:34:11,A,A,A: Evitare il consumo di carne cruda o poco cotta
2023,36,116,2026-02-11T21:34:12,B,B,"B: Si esegue la valutazione della sideremia, transferrinemia e ferritinemia e, se presente carenza di ferro, si prescrive terapia marziale; successivamente si procede con la valutazione dell’elettroforesi delle emoglobine"
2023,36,119,2026-02-11T21:34:15,E,E,E: E’ una neurotossina che causa paralisi spastica potenzialmente letale
2023,36,120,2026-02-11T21:34:16,D,D,"D: I Livelli Essenziali di Assistenza (LEA) sono costituiti dall’insieme delle attività, dei servizi e delle prestazioni che il Servizio Sanitario Nazionale eroga a tutti i cittadini gratuitamente o con il pagamento di un ticket, indipendentemente dal reddito e dal luogo di residenza"
2023,37,88,2026-02-11T21:35:50,E,E,E: Iperglicemia
2023,37,89,2026-02-11T21:35:51,A,A,"A: Emocromo, indici di funzionalità renale, elettroliti completi, assetto lipidico, elettroforesi siero-proteica, esame urine, proteinuria delle 24 h"
2023,37,115,2026-02-11T21:36:15,A,A,A: Evitare il consumo di carne cruda o poco cotta
2023,37,116,2026-02-11T21:36:16,A,A,"A: Si esegue la valutazione della sideremia, transferrinemia e ferritinemia e, se presente carenza di ferro, si prescrive terapia marziale; successivamente si procede con la valutazione dell’elettroforesi delle emoglobine"
2023,37,119,2026-02-11T21:36:19,A,A,A: E’ una neurotossina che causa paralisi spastica potenzialmente letale
2023,37,120,2026-02-11T21:36:20,E,E,"E: I Livelli Essenziali di Assistenza (LEA) sono costituiti dall’insieme delle attività, dei servizi e delle prestazioni che il Servizio Sanitario Nazionale eroga a tutti i cittadini gratuitamente o con il pagamento di un ticket, indipendentemente dal reddito e dal luogo di residenza"
2023,38,88,2026-02-11T21:38:01,C,C,C: Iperglicemia
2023,38,89,2026-02-11T21:38:02,E,E,"E: Emocromo, indici di funzionalità renale, elettroliti completi, assetto lipidico, elettroforesi siero-proteica, esame urine, proteinuria delle 24 h"
2023,38,115,2026-02-11T21:38:26,B,B,B: Evitare il consumo di carne cruda o poco cotta
2023,38,116,2026-02-11T21:38:28,A,A,"A: Si esegue la valutazione della sideremia, transferrinemia e ferritinemia e, se presente carenza di ferro, si prescrive terapia marziale; successivamente si procede con la valutazione dell’elettroforesi delle emoglobine"
2023,38,119,2026-02-11T21:38:31,A,A,A: E’ una neurotossina che causa paralisi spastica potenzialmente letale
2023,38,120,2026-02-11T21:38:32,C,C,"C: I Livelli Essenziali di Assistenza (LEA) sono costituiti dall’insieme delle attività, dei servizi e delle prestazioni che il Servizio Sanitario Nazionale eroga a tutti i cittadini gratuitamente o con il pagamento di un ticket, indipendentemente dal reddito e dal luogo di residenza"
2023,39,88,2026-02-11T21:40:08,E,E,E: Iperglicemia
2023,39,89,2026-02-11T21:40:09,D,D,"D: Emocromo, indici di funzionalità renale, elettroliti completi, assetto lipidico, elettroforesi siero-proteica, esame urine, proteinuria delle 24 h"
2023,39,115,2026-02-11T21:40:35,B,B,B: Evitare il consumo di carne cruda o poco cotta
2023,39,116,2026-02-11T21:40:36,D,D,"D: Si esegue la valutazione della sideremia, transferrinemia e ferritinemia e, se presente carenza di ferro, si prescrive terapia marziale; successivamente si procede con la valutazione dell’elettroforesi delle emoglobine"
2023,39,119,2026-02-11T21:40:39,B,B,B: E’ una neurotossina che causa paralisi spastica potenzialmente letale
2023,39,120,2026-02-11T21:40:41,E,E,"E: I Livelli Essenziali di Assistenza (LEA) sono costituiti dall’insieme delle attività, dei servizi e delle prestazioni che il Servizio Sanitario Nazionale eroga a tutti i cittadini gratuitamente o con il pagamento di un ticket, indipendentemente dal reddito e dal luogo di residenza"
2023,40,88,2026-02-11T21:42:19,A,A,A: Iperglicemia
2023,40,89,2026-02-11T21:42:20,B,B,"B: Emocromo, indici di funzionalità renale, elettroliti completi, assetto lipidico, elettroforesi siero-proteica, esame urine, proteinuria delle 24 h"
2023,40,115,2026-02-11T21:42:45,A,A,A: Evitare il consumo di carne cruda o poco cotta
2023,40,116,2026-02-11T21:42:46,E,E,"E: Si esegue la valutazione della sideremia, transferrinemia e ferritinemia e, se presente carenza di ferro, si prescrive terapia marziale; successivamente si procede con la valutazione dell’elettroforesi delle emoglobine"
2023,40,119,2026-02-11T21:42:49,D,D,D: E’ una neurotossina che causa paralisi spastica potenzialmente letale
2023,40,120,2026-02-11T21:42:50,A,A,"A: I Livelli Essenziali di Assistenza (LEA) sono costituiti dall’insieme delle attività, dei servizi e delle prestazioni che il Servizio Sanitario Nazionale eroga a tutti i cittadini gratuitamente o con il pagamento di un ticket, indipendentemente dal reddito e dal luogo di residenza"
2023,41,88,2026-02-11T21:44:26,C,C,C: Iperglicemia
2023,41,89,2026-02-11T21:44:27,A,A,"A: Emocromo, indici di funzionalità renale, elettroliti completi, assetto lipidico, elettroforesi siero-proteica, esame urine, proteinuria delle 24 h"
2023,41,115,2026-02-11T21:44:51,C,C,C: Evitare il consumo di carne cruda o poco cotta
2023,41,116,2026-02-11T21:44:52,C,C,"C: Si esegue la valutazione della sideremia, transferrinemia e ferritinemia e, se presente carenza di ferro, si prescrive terapia marziale; successivamente si procede con la valutazione dell’elettroforesi delle emoglobine"
2023,41,119,2026-02-11T21:44:55,A,A,A: E’ una neurotossina che causa paralisi spastica potenzialmente letale
2023,41,120,2026-02-11T21:44:56,A,A,"A: I Livelli Essenziali di Assistenza (LEA) sono costituiti dall’insieme delle attività, dei servizi e delle prestazioni che il Servizio Sanitario Nazionale eroga a tutti i cittadini gratuitamente o con il pagamento di un ticket, indipendentemente dal reddito e dal luogo di residenza"
2023,42,88,2026-02-11T21:46:34,D,D,D: Iperglicemia
2023,42,89,2026-02-11T21:46:35,A,A,"A: Emocromo, indici di funzionalità renale, elettroliti completi, assetto lipidico, elettroforesi siero-proteica, esame urine, proteinuria delle 24 h"
2023,42,115,2026-02-11T21:46:59,E,E,E: Evitare il consumo di carne cruda o poco cotta
2023,42,116,2026-02-11T21:47:00,D,D,"D: Si esegue la valutazione della sideremia, transferrinemia e ferritinemia e, se presente carenza di ferro, si prescrive terapia marziale; successivamente si procede con la valutazione dell’elettroforesi delle emoglobine"
2023,42,119,2026-02-11T21:47:02,C,C,C: E’ una neurotossina che causa paralisi spastica potenzialmente letale
2023,42,120,2026-02-11T21:47:04,B,B,"B: I Livelli Essenziali di Assistenza (LEA) sono costituiti dall’insieme delle attività, dei servizi e delle prestazioni che il Servizio Sanitario Nazionale eroga a tutti i cittadini gratuitamente o con il pagamento di un ticket, indipendentemente dal reddito e dal luogo di residenza"
2023,43,88,2026-02-11T21:48:44,B,B,B: Iperglicemia
2023,43,89,2026-02-11T21:48:45,C,C,"C: Emocromo, indici di funzionalità renale, elettroliti completi, assetto lipidico, elettroforesi siero-proteica, esame urine, proteinuria delle 24 h"
2023,43,115,2026-02-11T21:49:09,C,C,C: Evitare il consumo di carne cruda o poco cotta
2023,43,116,2026-02-11T21:49:11,E,E,"E: Si esegue la valutazione della sideremia, transferrinemia e ferritinemia e, se presente carenza di ferro, si prescrive terapia marziale; successivamente si procede con la valutazione dell’elettroforesi delle emoglobine"
2023,43,119,2026-02-11T21:49:14,E,E,E: E’ una neurotossina che causa paralisi spastica potenzialmente letale
2023,43,120,2026-02-11T21:49:15,C,C,"C: I Livelli Essenziali di Assistenza (LEA) sono costituiti dall’insieme delle attività, dei servizi e delle prestazioni che il Servizio Sanitario Nazionale eroga a tutti i cittadini gratuitamente o con il pagamento di un ticket, indipendentemente dal reddito e dal luogo di residenza"
2023,44,88,2026-02-11T21:50:51,A,A,A: Iperglicemia
2023,44,89,2026-02-11T21:50:52,E,E,"E: Emocromo, indici di funzionalità renale, elettroliti completi, assetto lipidico, elettroforesi siero-proteica, esame urine, proteinuria delle 24 h"
2023,44,115,2026-02-11T21:51:23,B,B,B: Evitare il consumo di carne cruda o poco cotta
2023,44,116,2026-02-11T21:51:24,C,C,"C: Si esegue la valutazione della sideremia, transferrinemia e ferritinemia e, se presente carenza di ferro, si prescrive terapia marziale; successivamente si procede con la valutazione dell’elettroforesi delle emoglobine"
2023,44,119,2026-02-11T21:51:27,A,A,A: E’ una neurotossina che causa paralisi spastica potenzialmente letale
2023,44,120,2026-02-11T21:51:28,E,E,"E: I Livelli Essenziali di Assistenza (LEA) sono costituiti dall’insieme delle attività, dei servizi e delle prestazioni che il Servizio Sanitario Nazionale eroga a tutti i cittadini gratuitamente o con il pagamento di un ticket, indipendentemente dal reddito e dal luogo di residenza"
2023,45,88,2026-02-11T21:53:03,E,E,E: Iperglicemia
2023,45,89,2026-02-11T21:53:05,B,B,"B: Emocromo, indici di funzionalità renale, elettroliti completi, assetto lipidico, elettroforesi siero-proteica, esame urine, proteinuria delle 24 h"
2023,45,115,2026-02-11T21:53:27,B,B,B: Evitare il consumo di carne cruda o poco cotta
2023,45,116,2026-02-11T21:53:28,B,B,"B: Si esegue la valutazione della sideremia, transferrinemia e ferritinemia e, se presente carenza di ferro, si prescrive terapia marziale; successivamente si procede con la valutazione dell’elettroforesi delle emoglobine"
2023,45,119,2026-02-11T21:53:31,A,A,A: E’ una neurotossina che causa paralisi spastica potenzialmente letale
2023,45,120,2026-02-11T21:53:32,A,A,"A: I Livelli Essenziali di Assistenza (LEA) sono costituiti dall’insieme delle attività, dei servizi e delle prestazioni che il Servizio Sanitario Nazionale eroga a tutti i cittadini gratuitamente o con il pagamento di un ticket, indipendentemente dal reddito e dal luogo di residenza"
2023,46,88,2026-02-11T21:55:07,D,D,D: Iperglicemia
2023,46,89,2026-02-11T21:55:08,E,E,"E: Emocromo, indici di funzionalità renale, elettroliti completi, assetto lipidico, elettroforesi siero-proteica, esame urine, proteinuria delle 24 h"
2023,46,115,2026-02-11T21:55:32,B,B,B: Evitare il consumo di carne cruda o poco cotta
2023,46,116,2026-02-11T21:55:34,B,B,"B: Si esegue la valutazione della sideremia, transferrinemia e ferritinemia e, se presente carenza di ferro, si prescrive terapia marziale; successivamente si procede con la valutazione dell’elettroforesi delle emoglobine"
2023,46,119,2026-02-11T21:55:36,C,C,C: E’ una neurotossina che causa paralisi spastica potenzialmente letale
2023,46,120,2026-02-11T21:55:38,C,C,"C: I Livelli Essenziali di Assistenza (LEA) sono costituiti dall’insieme delle attività, dei servizi e delle prestazioni che il Servizio Sanitario Nazionale eroga a tutti i cittadini gratuitamente o con il pagamento di un ticket, indipendentemente dal reddito e dal luogo di residenza"
2023,47,88,2026-02-11T21:57:12,A,A,A: Iperglicemia
2023,47,89,2026-02-11T21:57:14,A,A,"A: Emocromo, indici di funzionalità renale, elettroliti completi, assetto lipidico, elettroforesi siero-proteica, esame urine, proteinuria delle 24 h"
2023,47,115,2026-02-11T21:57:38,D,D,D: Evitare il consumo di carne cruda o poco cotta
2023,47,116,2026-02-11T21:57:39,B,B,"B: Si esegue la valutazione della sideremia, transferrinemia e ferritinemia e, se presente carenza di ferro, si prescrive terapia marziale; successivamente si procede con la valutazione dell’elettroforesi delle emoglobine"
2023,47,119,2026-02-11T21:57:42,D,D,D: E’ una neurotossina che causa paralisi spastica potenzialmente letale
2023,47,120,2026-02-11T21:57:43,C,C,"C: I Livelli Essenziali di Assistenza (LEA) sono costituiti dall’insieme delle attività, dei servizi e delle prestazioni che il Servizio Sanitario Nazionale eroga a tutti i cittadini gratuitamente o con il pagamento di un ticket, indipendentemente dal reddito e dal luogo di residenza"
2023,48,88,2026-02-11T21:59:18,C,C,C: Iperglicemia
2023,48,89,2026-02-11T21:59:19,A,A,"A: Emocromo, indici di funzionalità renale, elettroliti completi, assetto lipidico, elettroforesi siero-proteica, esame urine, proteinuria delle 24 h"
2023,48,115,2026-02-11T21:59:44,D,D,D: Evitare il consumo di carne cruda o poco cotta
2023,48,116,2026-02-11T21:59:46,B,B,"B: Si esegue la valutazione della sideremia, transferrinemia e ferritinemia e, se presente carenza di ferro, si prescrive terapia marziale; successivamente si procede con la valutazione dell’elettroforesi delle emoglobine"
2023,48,119,2026-02-11T21:59:49,E,E,E: E’ una neurotossina che causa paralisi spastica potenzialmente letale
2023,48,120,2026-02-11T21:59:50,B,B,"B: I Livelli Essenziali di Assistenza (LEA) sono costituiti dall’insieme delle attività, dei servizi e delle prestazioni che il Servizio Sanitario Nazionale eroga a tutti i cittadini gratuitamente o con il pagamento di un ticket, indipendentemente dal reddito e dal luogo di residenza"
2023,49,88,2026-02-11T22:01:36,C,C,C: Iperglicemia
2023,49,89,2026-02-11T22:01:37,B,B,"B: Emocromo, indici di funzionalità renale, elettroliti completi, assetto lipidico, elettroforesi siero-proteica, esame urine, proteinuria delle 24 h"
2023,49,115,2026-02-11T22:02:01,A,A,A: Evitare il consumo di carne cruda o poco cotta
2023,49,116,2026-02-11T22:02:02,E,E,"E: Si esegue la valutazione della sideremia, transferrinemia e ferritinemia e, se presente carenza di ferro, si prescrive terapia marziale; successivamente si procede con la valutazione dell’elettroforesi delle emoglobine"
2023,49,119,2026-02-11T22:02:05,A,A,A: E’ una neurotossina che causa paralisi spastica potenzialmente letale
2023,49,120,2026-02-11T22:02:06,C,C,"C: I Livelli Essenziali di Assistenza (LEA) sono costituiti dall’insieme delle attività, dei servizi e delle prestazioni che il Servizio Sanitario Nazionale eroga a tutti i cittadini gratuitamente o con il pagamento di un ticket, indipendentemente dal reddito e dal luogo di residenza"
2023,50,88,2026-02-11T22:03:46,A,A,A: Iperglicemia
2023,50,89,2026-02-11T22:03:47,B,B,"B: Emocromo, indici di funzionalità renale, elettroliti completi, assetto lipidico, elettroforesi siero-proteica, esame urine, proteinuria delle 24 h"
2023,50,115,2026-02-11T22:04:09,D,D,D: Evitare il consumo di carne cruda o poco cotta
2023,50,116,2026-02-11T22:04:10,D,D,"D: Si esegue la valutazione della sideremia, transferrinemia e ferritinemia e, se presente carenza di ferro, si prescrive terapia marziale; successivamente si procede con la valutazione dell’elettroforesi delle emoglobine"
2023,50,119,2026-02-11T22:04:13,E,E,E: E’ una neurotossina che causa paralisi spastica potenzialmente letale
2023,50,120,2026-02-11T22:04:14,A,A,"A: I Livelli Essenziali di Assistenza (LEA) sono costituiti dall’insieme delle attività, dei servizi e delle prestazioni che il Servizio Sanitario Nazionale eroga a tutti i cittadini gratuitamente o con il pagamento di un ticket, indipendentemente dal reddito e dal luogo di residenza"
