"model","year","question","item_accuracy"
"CLA",2020,1,1
"CLA",2020,2,1
"CLA",2020,3,1
"CLA",2020,4,1
"CLA",2020,5,1
"CLA",2020,6,0.82
"CLA",2020,7,1
"CLA",2020,8,1
"CLA",2020,9,1
"CLA",2020,10,1
"CLA",2020,11,0.6
"CLA",2020,12,0.58
"CLA",2020,13,1
"CLA",2020,14,1
"CLA",2020,15,1
"CLA",2020,16,1
"CLA",2020,17,1
"CLA",2020,18,1
"CLA",2020,19,1
"CLA",2020,20,1
"CLA",2020,21,1
"CLA",2020,22,1
"CLA",2020,23,1
"CLA",2020,24,0.68
"CLA",2020,25,1
"CLA",2020,26,0.66
"CLA",2020,27,0.86
"CLA",2020,28,1
"CLA",2020,29,0.7
"CLA",2020,30,0.6
"CLA",2020,31,1
"CLA",2020,32,0.8
"CLA",2020,33,1
"CLA",2020,34,0.46
"CLA",2020,35,0.72
"CLA",2020,36,1
"CLA",2020,37,1
"CLA",2020,38,1
"CLA",2020,39,1
"CLA",2020,40,0.88
"CLA",2020,41,0.82
"CLA",2020,42,1
"CLA",2020,43,0.9
"CLA",2020,44,1
"CLA",2020,45,1
"CLA",2020,46,1
"CLA",2020,47,1
"CLA",2020,48,1
"CLA",2020,49,1
"CLA",2020,50,0.7
"CLA",2020,51,1
"CLA",2020,52,1
"CLA",2020,53,0.98
"CLA",2020,54,1
"CLA",2020,55,1
"CLA",2020,56,1
"CLA",2020,57,1
"CLA",2020,58,0.98
"CLA",2020,59,1
"CLA",2020,60,1
"CLA",2020,61,1
"CLA",2020,62,1
"CLA",2020,63,1
"CLA",2020,64,1
"CLA",2020,65,1
"CLA",2020,66,1
"CLA",2020,67,0.92
"CLA",2020,68,0.8
"CLA",2020,69,0.94
"CLA",2020,70,0.52
"CLA",2020,71,1
"CLA",2020,72,1
"CLA",2020,73,1
"CLA",2020,74,1
"CLA",2020,75,1
"CLA",2020,76,1
"CLA",2020,77,1
"CLA",2020,78,1
"CLA",2020,79,1
"CLA",2020,80,1
"CLA",2020,81,1
"CLA",2020,82,1
"CLA",2020,83,0.76
"CLA",2020,84,0.92
"CLA",2020,85,0.52
"CLA",2020,86,1
"CLA",2020,87,0.08
"CLA",2020,88,1
"CLA",2020,89,1
"CLA",2020,90,1
"CLA",2020,91,1
"CLA",2020,92,1
"CLA",2020,93,0.54
"CLA",2020,94,1
"CLA",2020,95,1
"CLA",2020,96,1
"CLA",2020,97,0.74
"CLA",2020,98,1
"CLA",2020,99,1
"CLA",2020,100,1
"CLA",2020,101,1
"CLA",2020,102,1
"CLA",2020,103,1
"CLA",2020,104,0.94
"CLA",2020,105,1
"CLA",2020,106,1
"CLA",2020,107,1
"CLA",2020,108,1
"CLA",2020,109,0.88
"CLA",2020,110,1
"CLA",2020,111,1
"CLA",2020,112,0.2
"CLA",2020,113,0.98
"CLA",2020,114,1
"CLA",2020,115,1
"CLA",2020,116,1
"CLA",2020,117,1
"CLA",2020,118,0.96
"CLA",2020,119,1
"CLA",2020,120,0.24
"CLA",2020,121,1
"CLA",2020,122,0.92
"CLA",2020,123,1
"CLA",2020,124,0.38
"CLA",2020,125,1
"CLA",2020,126,1
"CLA",2020,127,1
"CLA",2020,128,0
"CLA",2020,129,1
"CLA",2020,130,1
"CLA",2020,131,1
"CLA",2020,132,0.84
"CLA",2020,133,0.68
"CLA",2020,134,0.98
"CLA",2020,135,0.92
"CLA",2020,136,1
"CLA",2020,137,1
"CLA",2020,138,0.16
"CLA",2020,139,1
"CLA",2020,140,1
"CLA",2021,1,1
"CLA",2021,2,1
"CLA",2021,3,1
"CLA",2021,4,1
"CLA",2021,5,1
"CLA",2021,6,1
"CLA",2021,7,0.94
"CLA",2021,8,1
"CLA",2021,9,0.92
"CLA",2021,10,1
"CLA",2021,11,1
"CLA",2021,12,1
"CLA",2021,13,1
"CLA",2021,14,1
"CLA",2021,15,1
"CLA",2021,16,1
"CLA",2021,17,1
"CLA",2021,18,1
"CLA",2021,19,0.98
"CLA",2021,20,1
"CLA",2021,21,1
"CLA",2021,22,1
"CLA",2021,23,1
"CLA",2021,24,1
"CLA",2021,25,1
"CLA",2021,26,1
"CLA",2021,27,1
"CLA",2021,28,1
"CLA",2021,29,1
"CLA",2021,30,1
"CLA",2021,31,1
"CLA",2021,32,0.9
"CLA",2021,33,0.54
"CLA",2021,34,0.8
"CLA",2021,35,1
"CLA",2021,36,1
"CLA",2021,37,0.96
"CLA",2021,38,0.82
"CLA",2021,39,1
"CLA",2021,40,1
"CLA",2021,41,1
"CLA",2021,42,1
"CLA",2021,43,0.98
"CLA",2021,44,1
"CLA",2021,45,0.64
"CLA",2021,46,1
"CLA",2021,47,0.74
"CLA",2021,48,1
"CLA",2021,49,1
"CLA",2021,50,0.96
"CLA",2021,51,1
"CLA",2021,52,0.98
"CLA",2021,53,1
"CLA",2021,54,0.86
"CLA",2021,55,1
"CLA",2021,56,0.84
"CLA",2021,57,0.68
"CLA",2021,58,0.96
"CLA",2021,59,0.46
"CLA",2021,60,1
"CLA",2021,61,0.9
"CLA",2021,62,0.94
"CLA",2021,63,1
"CLA",2021,64,0.76
"CLA",2021,65,0.96
"CLA",2021,66,1
"CLA",2021,67,0.98
"CLA",2021,68,0.84
"CLA",2021,69,1
"CLA",2021,70,1
"CLA",2021,71,1
"CLA",2021,72,1
"CLA",2021,73,1
"CLA",2021,74,1
"CLA",2021,75,1
"CLA",2021,76,1
"CLA",2021,77,1
"CLA",2021,78,1
"CLA",2021,79,1
"CLA",2021,80,1
"CLA",2021,81,1
"CLA",2021,82,1
"CLA",2021,83,0.78
"CLA",2021,84,0.86
"CLA",2021,85,1
"CLA",2021,86,1
"CLA",2021,87,1
"CLA",2021,88,1
"CLA",2021,89,1
"CLA",2021,90,1
"CLA",2021,91,0.84
"CLA",2021,92,0.96
"CLA",2021,93,0.7
"CLA",2021,94,0.98
"CLA",2021,95,0.46
"CLA",2021,96,1
"CLA",2021,97,1
"CLA",2021,98,1
"CLA",2021,99,0.82
"CLA",2021,100,1
"CLA",2021,101,1
"CLA",2021,102,0.8
"CLA",2021,103,1
"CLA",2021,104,1
"CLA",2021,105,1
"CLA",2021,106,1
"CLA",2021,107,0.26
"CLA",2021,108,0.88
"CLA",2021,109,1
"CLA",2021,110,1
"CLA",2021,111,1
"CLA",2021,112,1
"CLA",2021,113,1
"CLA",2021,114,1
"CLA",2021,115,0.98
"CLA",2021,116,0.16
"CLA",2021,117,1
"CLA",2021,118,1
"CLA",2021,119,1
"CLA",2021,120,1
"CLA",2021,121,0.94
"CLA",2021,122,0.36
"CLA",2021,123,1
"CLA",2021,124,1
"CLA",2021,125,1
"CLA",2021,126,0.8
"CLA",2021,127,1
"CLA",2021,128,1
"CLA",2021,129,1
"CLA",2021,130,1
"CLA",2021,131,0.74
"CLA",2021,132,1
"CLA",2021,133,1
"CLA",2021,134,0.34
"CLA",2021,135,1
"CLA",2021,136,1
"CLA",2021,137,0.9
"CLA",2021,138,0.04
"CLA",2021,139,0.9
"CLA",2021,140,1
"CLA",2022,1,1
"CLA",2022,2,0.88
"CLA",2022,3,1
"CLA",2022,4,1
"CLA",2022,5,1
"CLA",2022,6,0.98
"CLA",2022,7,0.72
"CLA",2022,8,0.72
"CLA",2022,9,0.96
"CLA",2022,10,0.98
"CLA",2022,11,1
"CLA",2022,12,1
"CLA",2022,13,0.7
"CLA",2022,14,0.82
"CLA",2022,15,1
"CLA",2022,16,1
"CLA",2022,17,1
"CLA",2022,18,1
"CLA",2022,19,1
"CLA",2022,20,0.88
"CLA",2022,21,1
"CLA",2022,22,1
"CLA",2022,23,1
"CLA",2022,24,0.28
"CLA",2022,25,0.76
"CLA",2022,26,0.9
"CLA",2022,27,1
"CLA",2022,28,1
"CLA",2022,29,1
"CLA",2022,30,1
"CLA",2022,31,1
"CLA",2022,32,0.86
"CLA",2022,33,1
"CLA",2022,34,0.72
"CLA",2022,35,1
"CLA",2022,36,0.94
"CLA",2022,37,1
"CLA",2022,38,1
"CLA",2022,39,1
"CLA",2022,40,1
"CLA",2022,41,1
"CLA",2022,42,1
"CLA",2022,43,1
"CLA",2022,44,1
"CLA",2022,45,1
"CLA",2022,46,1
"CLA",2022,47,1
"CLA",2022,48,1
"CLA",2022,49,1
"CLA",2022,50,1
"CLA",2022,51,1
"CLA",2022,52,1
"CLA",2022,53,1
"CLA",2022,54,1
"CLA",2022,55,0.84
"CLA",2022,56,0.96
"CLA",2022,57,0.96
"CLA",2022,58,1
"CLA",2022,59,0.86
"CLA",2022,60,1
"CLA",2022,61,1
"CLA",2022,62,0.88
"CLA",2022,63,1
"CLA",2022,64,1
"CLA",2022,65,1
"CLA",2022,66,1
"CLA",2022,67,1
"CLA",2022,68,1
"CLA",2022,69,1
"CLA",2022,70,1
"CLA",2022,71,1
"CLA",2022,72,0.62
"CLA",2022,73,0.9
"CLA",2022,74,0.98
"CLA",2022,75,1
"CLA",2022,76,1
"CLA",2022,77,1
"CLA",2022,78,1
"CLA",2022,79,1
"CLA",2022,80,1
"CLA",2022,81,1
"CLA",2022,82,1
"CLA",2022,83,1
"CLA",2022,84,0.18
"CLA",2022,85,1
"CLA",2022,86,1
"CLA",2022,87,1
"CLA",2022,88,1
"CLA",2022,89,1
"CLA",2022,90,1
"CLA",2022,91,1
"CLA",2022,92,1
"CLA",2022,93,1
"CLA",2022,94,1
"CLA",2022,95,0.98
"CLA",2022,96,0.72
"CLA",2022,97,1
"CLA",2022,98,1
"CLA",2022,99,1
"CLA",2022,100,1
"CLA",2022,101,1
"CLA",2022,102,1
"CLA",2022,103,1
"CLA",2022,104,1
"CLA",2022,105,0.98
"CLA",2022,106,1
"CLA",2022,107,1
"CLA",2022,108,1
"CLA",2022,109,0
"CLA",2022,110,0.52
"CLA",2022,111,0.14
"CLA",2022,112,1
"CLA",2022,113,1
"CLA",2022,114,1
"CLA",2022,115,1
"CLA",2022,116,0.9
"CLA",2022,117,1
"CLA",2022,118,1
"CLA",2022,119,0.86
"CLA",2022,120,1
"CLA",2022,121,0.94
"CLA",2022,122,1
"CLA",2022,123,1
"CLA",2022,124,1
"CLA",2022,125,1
"CLA",2022,126,0.98
"CLA",2022,127,0.9
"CLA",2022,128,1
"CLA",2022,129,1
"CLA",2022,130,0.92
"CLA",2022,131,1
"CLA",2022,132,0.98
"CLA",2022,133,1
"CLA",2022,134,0.54
"CLA",2022,135,1
"CLA",2022,136,1
"CLA",2022,137,1
"CLA",2022,138,1
"CLA",2022,139,0.96
"CLA",2022,140,1
"CLA",2023,1,1
"CLA",2023,2,0.88
"CLA",2023,3,1
"CLA",2023,4,1
"CLA",2023,5,0.94
"CLA",2023,6,1
"CLA",2023,7,1
"CLA",2023,8,1
"CLA",2023,9,0.88
"CLA",2023,10,1
"CLA",2023,11,0.84
"CLA",2023,12,0.9
"CLA",2023,13,0.84
"CLA",2023,14,1
"CLA",2023,15,1
"CLA",2023,16,1
"CLA",2023,17,1
"CLA",2023,18,1
"CLA",2023,19,1
"CLA",2023,20,1
"CLA",2023,21,0.82
"CLA",2023,22,1
"CLA",2023,23,1
"CLA",2023,24,0.84
"CLA",2023,25,1
"CLA",2023,26,1
"CLA",2023,27,1
"CLA",2023,28,1
"CLA",2023,29,1
"CLA",2023,30,1
"CLA",2023,31,0.82
"CLA",2023,32,0.82
"CLA",2023,33,1
"CLA",2023,34,1
"CLA",2023,35,1
"CLA",2023,36,1
"CLA",2023,37,1
"CLA",2023,38,1
"CLA",2023,39,0.82
"CLA",2023,40,1
"CLA",2023,41,0.32
"CLA",2023,42,1
"CLA",2023,43,1
"CLA",2023,44,1
"CLA",2023,45,0.92
"CLA",2023,46,1
"CLA",2023,47,1
"CLA",2023,48,1
"CLA",2023,49,1
"CLA",2023,50,1
"CLA",2023,51,1
"CLA",2023,52,1
"CLA",2023,53,1
"CLA",2023,54,1
"CLA",2023,55,1
"CLA",2023,56,0.64
"CLA",2023,57,0.98
"CLA",2023,58,1
"CLA",2023,59,1
"CLA",2023,60,1
"CLA",2023,61,1
"CLA",2023,62,1
"CLA",2023,63,0.74
"CLA",2023,64,1
"CLA",2023,65,1
"CLA",2023,66,1
"CLA",2023,67,1
"CLA",2023,68,0.62
"CLA",2023,69,1
"CLA",2023,70,1
"CLA",2023,71,0.92
"CLA",2023,72,0.7
"CLA",2023,73,0.04
"CLA",2023,74,1
"CLA",2023,75,0.96
"CLA",2023,76,1
"CLA",2023,77,1
"CLA",2023,78,1
"CLA",2023,79,0.76
"CLA",2023,80,1
"CLA",2023,81,1
"CLA",2023,82,1
"CLA",2023,83,0.96
"CLA",2023,84,1
"CLA",2023,85,1
"CLA",2023,86,1
"CLA",2023,87,1
"CLA",2023,88,0.82
"CLA",2023,89,1
"CLA",2023,90,1
"CLA",2023,91,1
"CLA",2023,92,1
"CLA",2023,93,1
"CLA",2023,94,0.98
"CLA",2023,95,1
"CLA",2023,96,0.9
"CLA",2023,97,1
"CLA",2023,98,0.7
"CLA",2023,99,1
"CLA",2023,100,1
"CLA",2023,101,1
"CLA",2023,102,0.76
"CLA",2023,103,1
"CLA",2023,104,1
"CLA",2023,105,1
"CLA",2023,106,1
"CLA",2023,107,1
"CLA",2023,108,0.96
"CLA",2023,109,1
"CLA",2023,110,1
"CLA",2023,111,0.4
"CLA",2023,112,1
"CLA",2023,113,1
"CLA",2023,114,1
"CLA",2023,115,1
"CLA",2023,116,1
"CLA",2023,117,1
"CLA",2023,118,1
"CLA",2023,119,1
"CLA",2023,120,1
"CLA",2023,121,1
"CLA",2023,122,1
"CLA",2023,123,1
"CLA",2023,124,1
"CLA",2023,125,1
"CLA",2023,126,1
"CLA",2023,127,1
"CLA",2023,128,1
"CLA",2023,129,1
"CLA",2023,130,1
"CLA",2023,131,1
"CLA",2023,132,1
"CLA",2023,133,1
"CLA",2023,134,1
"CLA",2023,135,1
"CLA",2023,136,1
"CLA",2023,137,1
"CLA",2023,138,1
"CLA",2023,139,1
"CLA",2023,140,0.24
"CLA",2024,1,1
"CLA",2024,2,1
"CLA",2024,3,0.46
"CLA",2024,4,1
"CLA",2024,5,1
"CLA",2024,6,0.92
"CLA",2024,7,1
"CLA",2024,8,1
"CLA",2024,9,0.84
"CLA",2024,10,1
"CLA",2024,11,0.8
"CLA",2024,12,1
"CLA",2024,13,1
"CLA",2024,14,0.52
"CLA",2024,15,1
"CLA",2024,16,1
"CLA",2024,17,0.7
"CLA",2024,18,0.8
"CLA",2024,19,1
"CLA",2024,20,1
"CLA",2024,21,1
"CLA",2024,22,0.82
"CLA",2024,23,0.48
"CLA",2024,24,0.96
"CLA",2024,25,1
"CLA",2024,26,0.52
"CLA",2024,27,1
"CLA",2024,28,1
"CLA",2024,29,1
"CLA",2024,30,1
"CLA",2024,31,1
"CLA",2024,32,1
"CLA",2024,33,1
"CLA",2024,34,1
"CLA",2024,35,1
"CLA",2024,36,0.86
"CLA",2024,37,0.88
"CLA",2024,38,0.98
"CLA",2024,39,1
"CLA",2024,40,0.94
"CLA",2024,41,1
"CLA",2024,42,0.96
"CLA",2024,43,1
"CLA",2024,44,0.86
"CLA",2024,45,1
"CLA",2024,46,1
"CLA",2024,47,1
"CLA",2024,48,0.62
"CLA",2024,49,0.96
"CLA",2024,50,0.98
"CLA",2024,51,1
"CLA",2024,52,1
"CLA",2024,53,1
"CLA",2024,54,1
"CLA",2024,55,1
"CLA",2024,56,1
"CLA",2024,57,0.44
"CLA",2024,58,0.92
"CLA",2024,59,0.18
"CLA",2024,60,0.06
"CLA",2024,61,0.76
"CLA",2024,62,0.7
"CLA",2024,63,1
"CLA",2024,64,0.4
"CLA",2024,65,0.76
"CLA",2024,66,1
"CLA",2024,67,0.96
"CLA",2024,68,1
"CLA",2024,69,0.82
"CLA",2024,70,1
"CLA",2024,71,1
"CLA",2024,72,1
"CLA",2024,73,0.22
"CLA",2024,74,1
"CLA",2024,75,1
"CLA",2024,76,1
"CLA",2024,77,1
"CLA",2024,78,1
"CLA",2024,79,0.76
"CLA",2024,80,1
"CLA",2024,81,1
"CLA",2024,82,1
"CLA",2024,83,1
"CLA",2024,84,1
"CLA",2024,85,1
"CLA",2024,86,1
"CLA",2024,87,1
"CLA",2024,88,1
"CLA",2024,89,1
"CLA",2024,90,1
"CLA",2024,91,1
"CLA",2024,92,1
"CLA",2024,93,1
"CLA",2024,94,1
"CLA",2024,95,1
"CLA",2024,96,1
"CLA",2024,97,1
"CLA",2024,98,0.44
"CLA",2024,99,1
"CLA",2024,100,1
"CLA",2024,101,1
"CLA",2024,102,1
"CLA",2024,103,0.6
"CLA",2024,104,1
"CLA",2024,105,1
"CLA",2024,106,1
"CLA",2024,107,1
"CLA",2024,108,1
"CLA",2024,109,0.16
"CLA",2024,110,0.72
"CLA",2024,111,1
"CLA",2024,112,1
"CLA",2024,113,0.8
"CLA",2024,114,1
"CLA",2024,115,1
"CLA",2024,116,1
"CLA",2024,117,1
"CLA",2024,118,1
"CLA",2024,119,1
"CLA",2024,120,0.52
"CLA",2024,121,0.9
"CLA",2024,122,0.88
"CLA",2024,123,1
"CLA",2024,124,1
"CLA",2024,125,1
"CLA",2024,126,0.74
"CLA",2024,127,0.74
"CLA",2024,128,1
"CLA",2024,129,1
"CLA",2024,130,1
"CLA",2024,131,1
"CLA",2024,132,1
"CLA",2024,133,0
"CLA",2024,134,0.76
"CLA",2024,135,1
"CLA",2024,136,1
"CLA",2024,137,1
"CLA",2024,138,0.32
"CLA",2024,139,1
"CLA",2024,140,1
"DPSK",2020,1,1
"DPSK",2020,2,1
"DPSK",2020,3,1
"DPSK",2020,4,1
"DPSK",2020,5,1
"DPSK",2020,6,1
"DPSK",2020,7,1
"DPSK",2020,8,1
"DPSK",2020,9,0.92
"DPSK",2020,10,1
"DPSK",2020,11,0.24
"DPSK",2020,12,1
"DPSK",2020,13,1
"DPSK",2020,14,1
"DPSK",2020,15,1
"DPSK",2020,16,1
"DPSK",2020,17,1
"DPSK",2020,18,1
"DPSK",2020,19,1
"DPSK",2020,20,1
"DPSK",2020,21,1
"DPSK",2020,22,1
"DPSK",2020,23,1
"DPSK",2020,24,0.7
"DPSK",2020,25,1
"DPSK",2020,26,1
"DPSK",2020,27,0.8
"DPSK",2020,28,1
"DPSK",2020,29,0.76
"DPSK",2020,30,0.08
"DPSK",2020,31,1
"DPSK",2020,32,0.88
"DPSK",2020,33,1
"DPSK",2020,34,0.42
"DPSK",2020,35,0.76
"DPSK",2020,36,1
"DPSK",2020,37,1
"DPSK",2020,38,1
"DPSK",2020,39,0.92
"DPSK",2020,40,0.88
"DPSK",2020,41,1
"DPSK",2020,42,0.9
"DPSK",2020,43,1
"DPSK",2020,44,1
"DPSK",2020,45,1
"DPSK",2020,46,1
"DPSK",2020,47,1
"DPSK",2020,48,1
"DPSK",2020,49,1
"DPSK",2020,50,1
"DPSK",2020,51,1
"DPSK",2020,52,0.98
"DPSK",2020,53,1
"DPSK",2020,54,1
"DPSK",2020,55,1
"DPSK",2020,56,0.74
"DPSK",2020,57,1
"DPSK",2020,58,1
"DPSK",2020,59,1
"DPSK",2020,60,1
"DPSK",2020,61,1
"DPSK",2020,62,0.98
"DPSK",2020,63,1
"DPSK",2020,64,1
"DPSK",2020,65,1
"DPSK",2020,66,1
"DPSK",2020,67,0.96
"DPSK",2020,68,0.6
"DPSK",2020,69,0.66
"DPSK",2020,70,0.46
"DPSK",2020,71,1
"DPSK",2020,72,1
"DPSK",2020,73,1
"DPSK",2020,74,1
"DPSK",2020,75,1
"DPSK",2020,76,1
"DPSK",2020,77,1
"DPSK",2020,78,1
"DPSK",2020,79,1
"DPSK",2020,80,1
"DPSK",2020,81,1
"DPSK",2020,82,0.96
"DPSK",2020,83,1
"DPSK",2020,84,1
"DPSK",2020,85,0.7
"DPSK",2020,86,1
"DPSK",2020,87,0
"DPSK",2020,88,1
"DPSK",2020,89,1
"DPSK",2020,90,1
"DPSK",2020,91,1
"DPSK",2020,92,1
"DPSK",2020,93,0.52
"DPSK",2020,94,1
"DPSK",2020,95,1
"DPSK",2020,96,1
"DPSK",2020,97,1
"DPSK",2020,98,1
"DPSK",2020,99,1
"DPSK",2020,100,1
"DPSK",2020,101,1
"DPSK",2020,102,1
"DPSK",2020,103,1
"DPSK",2020,104,0.86
"DPSK",2020,105,1
"DPSK",2020,106,1
"DPSK",2020,107,1
"DPSK",2020,108,1
"DPSK",2020,109,0.94
"DPSK",2020,110,1
"DPSK",2020,111,0.8
"DPSK",2020,112,0.3
"DPSK",2020,113,1
"DPSK",2020,114,1
"DPSK",2020,115,1
"DPSK",2020,116,1
"DPSK",2020,117,1
"DPSK",2020,118,0.92
"DPSK",2020,119,1
"DPSK",2020,120,0.6
"DPSK",2020,121,1
"DPSK",2020,122,1
"DPSK",2020,123,1
"DPSK",2020,124,0.5
"DPSK",2020,125,1
"DPSK",2020,126,1
"DPSK",2020,127,1
"DPSK",2020,128,0
"DPSK",2020,129,1
"DPSK",2020,130,1
"DPSK",2020,131,1
"DPSK",2020,132,0.54
"DPSK",2020,133,0.66
"DPSK",2020,134,0.48
"DPSK",2020,135,1
"DPSK",2020,136,1
"DPSK",2020,137,0.9
"DPSK",2020,138,0.7
"DPSK",2020,139,1
"DPSK",2020,140,1
"DPSK",2021,1,1
"DPSK",2021,2,1
"DPSK",2021,3,1
"DPSK",2021,4,0.82
"DPSK",2021,5,1
"DPSK",2021,6,1
"DPSK",2021,7,0.8
"DPSK",2021,8,1
"DPSK",2021,9,0.2
"DPSK",2021,10,1
"DPSK",2021,11,1
"DPSK",2021,12,0.7
"DPSK",2021,13,0.96
"DPSK",2021,14,1
"DPSK",2021,15,1
"DPSK",2021,16,1
"DPSK",2021,17,1
"DPSK",2021,18,1
"DPSK",2021,19,0.58
"DPSK",2021,20,1
"DPSK",2021,21,1
"DPSK",2021,22,1
"DPSK",2021,23,1
"DPSK",2021,24,1
"DPSK",2021,25,1
"DPSK",2021,26,1
"DPSK",2021,27,0.96
"DPSK",2021,28,1
"DPSK",2021,29,1
"DPSK",2021,30,1
"DPSK",2021,31,1
"DPSK",2021,32,0.88
"DPSK",2021,33,0.42
"DPSK",2021,34,0.98
"DPSK",2021,35,1
"DPSK",2021,36,1
"DPSK",2021,37,0.88
"DPSK",2021,38,1
"DPSK",2021,39,1
"DPSK",2021,40,1
"DPSK",2021,41,1
"DPSK",2021,42,1
"DPSK",2021,43,0.92
"DPSK",2021,44,1
"DPSK",2021,45,0.84
"DPSK",2021,46,1
"DPSK",2021,47,1
"DPSK",2021,48,1
"DPSK",2021,49,1
"DPSK",2021,50,0.96
"DPSK",2021,51,1
"DPSK",2021,52,1
"DPSK",2021,53,1
"DPSK",2021,54,1
"DPSK",2021,55,1
"DPSK",2021,56,0.86
"DPSK",2021,57,1
"DPSK",2021,58,1
"DPSK",2021,59,0.34
"DPSK",2021,60,1
"DPSK",2021,61,0.84
"DPSK",2021,62,1
"DPSK",2021,63,1
"DPSK",2021,64,1
"DPSK",2021,65,1
"DPSK",2021,66,1
"DPSK",2021,67,1
"DPSK",2021,68,0.74
"DPSK",2021,69,1
"DPSK",2021,70,0.96
"DPSK",2021,71,0.88
"DPSK",2021,72,1
"DPSK",2021,73,1
"DPSK",2021,74,0.92
"DPSK",2021,75,1
"DPSK",2021,76,1
"DPSK",2021,77,1
"DPSK",2021,78,1
"DPSK",2021,79,1
"DPSK",2021,80,1
"DPSK",2021,81,1
"DPSK",2021,82,1
"DPSK",2021,83,0.64
"DPSK",2021,84,0.98
"DPSK",2021,85,1
"DPSK",2021,86,0.58
"DPSK",2021,87,1
"DPSK",2021,88,1
"DPSK",2021,89,1
"DPSK",2021,90,1
"DPSK",2021,91,0.9
"DPSK",2021,92,0.98
"DPSK",2021,93,0.56
"DPSK",2021,94,1
"DPSK",2021,95,0.28
"DPSK",2021,96,1
"DPSK",2021,97,1
"DPSK",2021,98,1
"DPSK",2021,99,1
"DPSK",2021,100,1
"DPSK",2021,101,1
"DPSK",2021,102,0.92
"DPSK",2021,103,1
"DPSK",2021,104,1
"DPSK",2021,105,1
"DPSK",2021,106,1
"DPSK",2021,107,0.7
"DPSK",2021,108,0.96
"DPSK",2021,109,1
"DPSK",2021,110,1
"DPSK",2021,111,1
"DPSK",2021,112,1
"DPSK",2021,113,0.46
"DPSK",2021,114,1
"DPSK",2021,115,0.74
"DPSK",2021,116,0.06
"DPSK",2021,117,1
"DPSK",2021,118,1
"DPSK",2021,119,1
"DPSK",2021,120,1
"DPSK",2021,121,0.84
"DPSK",2021,122,0.96
"DPSK",2021,123,1
"DPSK",2021,124,1
"DPSK",2021,125,1
"DPSK",2021,126,1
"DPSK",2021,127,1
"DPSK",2021,128,1
"DPSK",2021,129,1
"DPSK",2021,130,1
"DPSK",2021,131,0.56
"DPSK",2021,132,1
"DPSK",2021,133,1
"DPSK",2021,134,0.36
"DPSK",2021,135,1
"DPSK",2021,136,1
"DPSK",2021,137,1
"DPSK",2021,138,0
"DPSK",2021,139,1
"DPSK",2021,140,1
"DPSK",2022,1,1
"DPSK",2022,2,0.98
"DPSK",2022,3,1
"DPSK",2022,4,1
"DPSK",2022,5,0.54
"DPSK",2022,6,1
"DPSK",2022,7,1
"DPSK",2022,8,1
"DPSK",2022,9,0.74
"DPSK",2022,10,1
"DPSK",2022,11,1
"DPSK",2022,12,1
"DPSK",2022,13,0.42
"DPSK",2022,14,1
"DPSK",2022,15,1
"DPSK",2022,16,1
"DPSK",2022,17,1
"DPSK",2022,18,1
"DPSK",2022,19,1
"DPSK",2022,20,1
"DPSK",2022,21,1
"DPSK",2022,22,1
"DPSK",2022,23,1
"DPSK",2022,24,0.4
"DPSK",2022,25,1
"DPSK",2022,26,1
"DPSK",2022,27,1
"DPSK",2022,28,1
"DPSK",2022,29,1
"DPSK",2022,30,1
"DPSK",2022,31,1
"DPSK",2022,32,1
"DPSK",2022,33,1
"DPSK",2022,34,0.32
"DPSK",2022,35,1
"DPSK",2022,36,0.66
"DPSK",2022,37,1
"DPSK",2022,38,1
"DPSK",2022,39,1
"DPSK",2022,40,1
"DPSK",2022,41,1
"DPSK",2022,42,1
"DPSK",2022,43,1
"DPSK",2022,44,1
"DPSK",2022,45,1
"DPSK",2022,46,1
"DPSK",2022,47,1
"DPSK",2022,48,0.9
"DPSK",2022,49,1
"DPSK",2022,50,1
"DPSK",2022,51,1
"DPSK",2022,52,1
"DPSK",2022,53,1
"DPSK",2022,54,1
"DPSK",2022,55,1
"DPSK",2022,56,1
"DPSK",2022,57,1
"DPSK",2022,58,1
"DPSK",2022,59,1
"DPSK",2022,60,1
"DPSK",2022,61,1
"DPSK",2022,62,0.98
"DPSK",2022,63,1
"DPSK",2022,64,1
"DPSK",2022,65,1
"DPSK",2022,66,1
"DPSK",2022,67,1
"DPSK",2022,68,1
"DPSK",2022,69,1
"DPSK",2022,70,0.96
"DPSK",2022,71,1
"DPSK",2022,72,0.72
"DPSK",2022,73,1
"DPSK",2022,74,1
"DPSK",2022,75,1
"DPSK",2022,76,1
"DPSK",2022,77,1
"DPSK",2022,78,1
"DPSK",2022,79,1
"DPSK",2022,80,1
"DPSK",2022,81,1
"DPSK",2022,82,1
"DPSK",2022,83,1
"DPSK",2022,84,0
"DPSK",2022,85,0.92
"DPSK",2022,86,1
"DPSK",2022,87,1
"DPSK",2022,88,1
"DPSK",2022,89,1
"DPSK",2022,90,1
"DPSK",2022,91,1
"DPSK",2022,92,1
"DPSK",2022,93,0.92
"DPSK",2022,94,1
"DPSK",2022,95,1
"DPSK",2022,96,0.84
"DPSK",2022,97,1
"DPSK",2022,98,1
"DPSK",2022,99,1
"DPSK",2022,100,1
"DPSK",2022,101,0.96
"DPSK",2022,102,1
"DPSK",2022,103,1
"DPSK",2022,104,1
"DPSK",2022,105,1
"DPSK",2022,106,1
"DPSK",2022,107,1
"DPSK",2022,108,1
"DPSK",2022,109,0.86
"DPSK",2022,110,0.98
"DPSK",2022,111,0.26
"DPSK",2022,112,1
"DPSK",2022,113,1
"DPSK",2022,114,1
"DPSK",2022,115,1
"DPSK",2022,116,1
"DPSK",2022,117,1
"DPSK",2022,118,1
"DPSK",2022,119,0.94
"DPSK",2022,120,1
"DPSK",2022,121,1
"DPSK",2022,122,1
"DPSK",2022,123,0.9
"DPSK",2022,124,1
"DPSK",2022,125,1
"DPSK",2022,126,1
"DPSK",2022,127,0.76
"DPSK",2022,128,0.98
"DPSK",2022,129,1
"DPSK",2022,130,0.86
"DPSK",2022,131,1
"DPSK",2022,132,1
"DPSK",2022,133,1
"DPSK",2022,134,0.92
"DPSK",2022,135,1
"DPSK",2022,136,1
"DPSK",2022,137,1
"DPSK",2022,138,1
"DPSK",2022,139,0.56
"DPSK",2022,140,1
"DPSK",2023,1,0.94
"DPSK",2023,2,1
"DPSK",2023,3,1
"DPSK",2023,4,0.72
"DPSK",2023,5,1
"DPSK",2023,6,1
"DPSK",2023,7,1
"DPSK",2023,8,1
"DPSK",2023,9,1
"DPSK",2023,10,1
"DPSK",2023,11,1
"DPSK",2023,12,1
"DPSK",2023,13,0.98
"DPSK",2023,14,1
"DPSK",2023,15,1
"DPSK",2023,16,1
"DPSK",2023,17,1
"DPSK",2023,18,1
"DPSK",2023,19,1
"DPSK",2023,20,1
"DPSK",2023,21,0.96
"DPSK",2023,22,0.76
"DPSK",2023,23,1
"DPSK",2023,24,0.94
"DPSK",2023,25,1
"DPSK",2023,26,0.98
"DPSK",2023,27,1
"DPSK",2023,28,1
"DPSK",2023,29,0.74
"DPSK",2023,30,1
"DPSK",2023,31,1
"DPSK",2023,32,1
"DPSK",2023,33,1
"DPSK",2023,34,1
"DPSK",2023,35,1
"DPSK",2023,36,1
"DPSK",2023,37,1
"DPSK",2023,38,1
"DPSK",2023,39,1
"DPSK",2023,40,1
"DPSK",2023,41,0.86
"DPSK",2023,42,1
"DPSK",2023,43,1
"DPSK",2023,44,1
"DPSK",2023,45,0.94
"DPSK",2023,46,1
"DPSK",2023,47,1
"DPSK",2023,48,1
"DPSK",2023,49,1
"DPSK",2023,50,1
"DPSK",2023,51,1
"DPSK",2023,52,1
"DPSK",2023,53,1
"DPSK",2023,54,1
"DPSK",2023,55,1
"DPSK",2023,56,0.72
"DPSK",2023,57,1
"DPSK",2023,58,1
"DPSK",2023,59,1
"DPSK",2023,60,1
"DPSK",2023,61,1
"DPSK",2023,62,1
"DPSK",2023,63,1
"DPSK",2023,64,1
"DPSK",2023,65,1
"DPSK",2023,66,1
"DPSK",2023,67,1
"DPSK",2023,68,0.42
"DPSK",2023,69,1
"DPSK",2023,70,1
"DPSK",2023,71,0.82
"DPSK",2023,72,1
"DPSK",2023,73,0
"DPSK",2023,74,0.74
"DPSK",2023,75,1
"DPSK",2023,76,1
"DPSK",2023,77,1
"DPSK",2023,78,1
"DPSK",2023,79,1
"DPSK",2023,80,1
"DPSK",2023,81,1
"DPSK",2023,82,1
"DPSK",2023,83,0.98
"DPSK",2023,84,0.88
"DPSK",2023,85,1
"DPSK",2023,86,1
"DPSK",2023,87,1
"DPSK",2023,88,1
"DPSK",2023,89,1
"DPSK",2023,90,1
"DPSK",2023,91,1
"DPSK",2023,92,1
"DPSK",2023,93,1
"DPSK",2023,94,0.94
"DPSK",2023,95,1
"DPSK",2023,96,0.9
"DPSK",2023,97,1
"DPSK",2023,98,0.84
"DPSK",2023,99,1
"DPSK",2023,100,1
"DPSK",2023,101,0.96
"DPSK",2023,102,1
"DPSK",2023,103,1
"DPSK",2023,104,1
"DPSK",2023,105,1
"DPSK",2023,106,1
"DPSK",2023,107,1
"DPSK",2023,108,1
"DPSK",2023,109,1
"DPSK",2023,110,1
"DPSK",2023,111,0.48
"DPSK",2023,112,1
"DPSK",2023,113,1
"DPSK",2023,114,1
"DPSK",2023,115,0.84
"DPSK",2023,116,1
"DPSK",2023,117,1
"DPSK",2023,118,1
"DPSK",2023,119,1
"DPSK",2023,120,0.1
"DPSK",2023,121,1
"DPSK",2023,122,1
"DPSK",2023,123,0.92
"DPSK",2023,124,1
"DPSK",2023,125,1
"DPSK",2023,126,1
"DPSK",2023,127,1
"DPSK",2023,128,1
"DPSK",2023,129,1
"DPSK",2023,130,0.28
"DPSK",2023,131,0.38
"DPSK",2023,132,1
"DPSK",2023,133,1
"DPSK",2023,134,1
"DPSK",2023,135,1
"DPSK",2023,136,1
"DPSK",2023,137,1
"DPSK",2023,138,1
"DPSK",2023,139,1
"DPSK",2023,140,0.38
"DPSK",2024,1,1
"DPSK",2024,2,1
"DPSK",2024,3,0.88
"DPSK",2024,4,1
"DPSK",2024,5,1
"DPSK",2024,6,1
"DPSK",2024,7,1
"DPSK",2024,8,1
"DPSK",2024,9,0.68
"DPSK",2024,10,1
"DPSK",2024,11,1
"DPSK",2024,12,1
"DPSK",2024,13,1
"DPSK",2024,14,0.7
"DPSK",2024,15,1
"DPSK",2024,16,1
"DPSK",2024,17,0.88
"DPSK",2024,18,0.92
"DPSK",2024,19,1
"DPSK",2024,20,1
"DPSK",2024,21,1
"DPSK",2024,22,1
"DPSK",2024,23,0.8
"DPSK",2024,24,0.9
"DPSK",2024,25,1
"DPSK",2024,26,0.28
"DPSK",2024,27,0.94
"DPSK",2024,28,1
"DPSK",2024,29,0.98
"DPSK",2024,30,1
"DPSK",2024,31,1
"DPSK",2024,32,1
"DPSK",2024,33,1
"DPSK",2024,34,1
"DPSK",2024,35,1
"DPSK",2024,36,0.24
"DPSK",2024,37,0.98
"DPSK",2024,38,0.7
"DPSK",2024,39,1
"DPSK",2024,40,1
"DPSK",2024,41,1
"DPSK",2024,42,0.88
"DPSK",2024,43,1
"DPSK",2024,44,0.82
"DPSK",2024,45,1
"DPSK",2024,46,1
"DPSK",2024,47,1
"DPSK",2024,48,0.84
"DPSK",2024,49,1
"DPSK",2024,50,1
"DPSK",2024,51,0.94
"DPSK",2024,52,1
"DPSK",2024,53,1
"DPSK",2024,54,1
"DPSK",2024,55,0.98
"DPSK",2024,56,0.78
"DPSK",2024,57,0.92
"DPSK",2024,58,1
"DPSK",2024,59,0.04
"DPSK",2024,60,1
"DPSK",2024,61,0.36
"DPSK",2024,62,1
"DPSK",2024,63,0.8
"DPSK",2024,64,0.68
"DPSK",2024,65,1
"DPSK",2024,66,1
"DPSK",2024,67,0.48
"DPSK",2024,68,1
"DPSK",2024,69,0.96
"DPSK",2024,70,1
"DPSK",2024,71,1
"DPSK",2024,72,1
"DPSK",2024,73,0.4
"DPSK",2024,74,0.8
"DPSK",2024,75,1
"DPSK",2024,76,1
"DPSK",2024,77,1
"DPSK",2024,78,0.94
"DPSK",2024,79,0.68
"DPSK",2024,80,1
"DPSK",2024,81,1
"DPSK",2024,82,1
"DPSK",2024,83,1
"DPSK",2024,84,0.14
"DPSK",2024,85,1
"DPSK",2024,86,1
"DPSK",2024,87,1
"DPSK",2024,88,1
"DPSK",2024,89,1
"DPSK",2024,90,1
"DPSK",2024,91,1
"DPSK",2024,92,1
"DPSK",2024,93,1
"DPSK",2024,94,1
"DPSK",2024,95,1
"DPSK",2024,96,1
"DPSK",2024,97,1
"DPSK",2024,98,0.62
"DPSK",2024,99,1
"DPSK",2024,100,1
"DPSK",2024,101,1
"DPSK",2024,102,1
"DPSK",2024,103,0.98
"DPSK",2024,104,1
"DPSK",2024,105,1
"DPSK",2024,106,1
"DPSK",2024,107,1
"DPSK",2024,108,1
"DPSK",2024,109,0.3
"DPSK",2024,110,0.86
"DPSK",2024,111,1
"DPSK",2024,112,0.92
"DPSK",2024,113,1
"DPSK",2024,114,1
"DPSK",2024,115,0.9
"DPSK",2024,116,1
"DPSK",2024,117,1
"DPSK",2024,118,1
"DPSK",2024,119,1
"DPSK",2024,120,0.38
"DPSK",2024,121,1
"DPSK",2024,122,1
"DPSK",2024,123,1
"DPSK",2024,124,1
"DPSK",2024,125,0.98
"DPSK",2024,126,0.34
"DPSK",2024,127,0.7
"DPSK",2024,128,0.98
"DPSK",2024,129,1
"DPSK",2024,130,1
"DPSK",2024,131,1
"DPSK",2024,132,1
"DPSK",2024,133,0
"DPSK",2024,134,0.72
"DPSK",2024,135,1
"DPSK",2024,136,1
"DPSK",2024,137,1
"DPSK",2024,138,0
"DPSK",2024,139,1
"DPSK",2024,140,1
"GPT",2020,1,1
"GPT",2020,2,1
"GPT",2020,3,1
"GPT",2020,4,1
"GPT",2020,5,1
"GPT",2020,6,1
"GPT",2020,7,1
"GPT",2020,8,1
"GPT",2020,9,1
"GPT",2020,10,1
"GPT",2020,11,1
"GPT",2020,12,1
"GPT",2020,13,1
"GPT",2020,14,1
"GPT",2020,15,1
"GPT",2020,16,1
"GPT",2020,17,1
"GPT",2020,18,1
"GPT",2020,19,1
"GPT",2020,20,1
"GPT",2020,21,1
"GPT",2020,22,1
"GPT",2020,23,1
"GPT",2020,24,1
"GPT",2020,25,1
"GPT",2020,26,1
"GPT",2020,27,1
"GPT",2020,28,1
"GPT",2020,29,0.98
"GPT",2020,30,1
"GPT",2020,31,1
"GPT",2020,32,1
"GPT",2020,33,1
"GPT",2020,34,1
"GPT",2020,35,0.56
"GPT",2020,36,1
"GPT",2020,37,1
"GPT",2020,38,1
"GPT",2020,39,1
"GPT",2020,40,0.94
"GPT",2020,41,1
"GPT",2020,42,1
"GPT",2020,43,1
"GPT",2020,44,1
"GPT",2020,45,1
"GPT",2020,46,1
"GPT",2020,47,1
"GPT",2020,48,1
"GPT",2020,49,1
"GPT",2020,50,1
"GPT",2020,51,1
"GPT",2020,52,1
"GPT",2020,53,1
"GPT",2020,54,1
"GPT",2020,55,1
"GPT",2020,56,1
"GPT",2020,57,1
"GPT",2020,58,1
"GPT",2020,59,1
"GPT",2020,60,1
"GPT",2020,61,1
"GPT",2020,62,1
"GPT",2020,63,1
"GPT",2020,64,1
"GPT",2020,65,1
"GPT",2020,66,1
"GPT",2020,67,1
"GPT",2020,68,1
"GPT",2020,69,1
"GPT",2020,70,0.62
"GPT",2020,71,1
"GPT",2020,72,1
"GPT",2020,73,1
"GPT",2020,74,1
"GPT",2020,75,1
"GPT",2020,76,1
"GPT",2020,77,1
"GPT",2020,78,1
"GPT",2020,79,1
"GPT",2020,80,1
"GPT",2020,81,1
"GPT",2020,82,1
"GPT",2020,83,0.96
"GPT",2020,84,1
"GPT",2020,85,1
"GPT",2020,86,1
"GPT",2020,87,0.2
"GPT",2020,88,1
"GPT",2020,89,1
"GPT",2020,90,1
"GPT",2020,91,1
"GPT",2020,92,1
"GPT",2020,93,1
"GPT",2020,94,1
"GPT",2020,95,1
"GPT",2020,96,1
"GPT",2020,97,1
"GPT",2020,98,1
"GPT",2020,99,1
"GPT",2020,100,1
"GPT",2020,101,1
"GPT",2020,102,1
"GPT",2020,103,1
"GPT",2020,104,1
"GPT",2020,105,1
"GPT",2020,106,1
"GPT",2020,107,1
"GPT",2020,108,1
"GPT",2020,109,1
"GPT",2020,110,1
"GPT",2020,111,1
"GPT",2020,112,0.66
"GPT",2020,113,1
"GPT",2020,114,1
"GPT",2020,115,1
"GPT",2020,116,1
"GPT",2020,117,1
"GPT",2020,118,1
"GPT",2020,119,1
"GPT",2020,120,0.92
"GPT",2020,121,1
"GPT",2020,122,1
"GPT",2020,123,1
"GPT",2020,124,1
"GPT",2020,125,1
"GPT",2020,126,1
"GPT",2020,127,1
"GPT",2020,128,0
"GPT",2020,129,1
"GPT",2020,130,1
"GPT",2020,131,1
"GPT",2020,132,1
"GPT",2020,133,0.66
"GPT",2020,134,0.98
"GPT",2020,135,1
"GPT",2020,136,1
"GPT",2020,137,1
"GPT",2020,138,1
"GPT",2020,139,1
"GPT",2020,140,1
"GPT",2021,1,1
"GPT",2021,2,1
"GPT",2021,3,1
"GPT",2021,4,1
"GPT",2021,5,1
"GPT",2021,6,1
"GPT",2021,7,1
"GPT",2021,8,1
"GPT",2021,9,1
"GPT",2021,10,1
"GPT",2021,11,1
"GPT",2021,12,1
"GPT",2021,13,1
"GPT",2021,14,1
"GPT",2021,15,1
"GPT",2021,16,1
"GPT",2021,17,1
"GPT",2021,18,1
"GPT",2021,19,1
"GPT",2021,20,1
"GPT",2021,21,1
"GPT",2021,22,1
"GPT",2021,23,1
"GPT",2021,24,1
"GPT",2021,25,1
"GPT",2021,26,1
"GPT",2021,27,1
"GPT",2021,28,1
"GPT",2021,29,1
"GPT",2021,30,1
"GPT",2021,31,1
"GPT",2021,32,1
"GPT",2021,33,0.76
"GPT",2021,34,1
"GPT",2021,35,1
"GPT",2021,36,1
"GPT",2021,37,0.72
"GPT",2021,38,1
"GPT",2021,39,1
"GPT",2021,40,1
"GPT",2021,41,1
"GPT",2021,42,1
"GPT",2021,43,1
"GPT",2021,44,1
"GPT",2021,45,1
"GPT",2021,46,1
"GPT",2021,47,1
"GPT",2021,48,1
"GPT",2021,49,1
"GPT",2021,50,1
"GPT",2021,51,1
"GPT",2021,52,1
"GPT",2021,53,1
"GPT",2021,54,1
"GPT",2021,55,1
"GPT",2021,56,1
"GPT",2021,57,0.92
"GPT",2021,58,1
"GPT",2021,59,0.86
"GPT",2021,60,1
"GPT",2021,61,1
"GPT",2021,62,1
"GPT",2021,63,1
"GPT",2021,64,1
"GPT",2021,65,0.98
"GPT",2021,66,1
"GPT",2021,67,1
"GPT",2021,68,0.98
"GPT",2021,69,1
"GPT",2021,70,1
"GPT",2021,71,1
"GPT",2021,72,1
"GPT",2021,73,1
"GPT",2021,74,1
"GPT",2021,75,1
"GPT",2021,76,1
"GPT",2021,77,1
"GPT",2021,78,1
"GPT",2021,79,1
"GPT",2021,80,1
"GPT",2021,81,1
"GPT",2021,82,1
"GPT",2021,83,1
"GPT",2021,84,1
"GPT",2021,85,1
"GPT",2021,86,1
"GPT",2021,87,1
"GPT",2021,88,1
"GPT",2021,89,1
"GPT",2021,90,1
"GPT",2021,91,1
"GPT",2021,92,1
"GPT",2021,93,1
"GPT",2021,94,1
"GPT",2021,95,1
"GPT",2021,96,1
"GPT",2021,97,1
"GPT",2021,98,1
"GPT",2021,99,1
"GPT",2021,100,1
"GPT",2021,101,1
"GPT",2021,102,1
"GPT",2021,103,1
"GPT",2021,104,1
"GPT",2021,105,1
"GPT",2021,106,1
"GPT",2021,107,0.88
"GPT",2021,108,1
"GPT",2021,109,1
"GPT",2021,110,1
"GPT",2021,111,1
"GPT",2021,112,1
"GPT",2021,113,1
"GPT",2021,114,1
"GPT",2021,115,0.92
"GPT",2021,116,0.12
"GPT",2021,117,1
"GPT",2021,118,1
"GPT",2021,119,1
"GPT",2021,120,1
"GPT",2021,121,1
"GPT",2021,122,1
"GPT",2021,123,1
"GPT",2021,124,1
"GPT",2021,125,1
"GPT",2021,126,1
"GPT",2021,127,1
"GPT",2021,128,1
"GPT",2021,129,1
"GPT",2021,130,1
"GPT",2021,131,1
"GPT",2021,132,1
"GPT",2021,133,1
"GPT",2021,134,1
"GPT",2021,135,0.98
"GPT",2021,136,1
"GPT",2021,137,1
"GPT",2021,138,0
"GPT",2021,139,1
"GPT",2021,140,1
"GPT",2022,1,1
"GPT",2022,2,1
"GPT",2022,3,1
"GPT",2022,4,1
"GPT",2022,5,1
"GPT",2022,6,1
"GPT",2022,7,1
"GPT",2022,8,1
"GPT",2022,9,1
"GPT",2022,10,1
"GPT",2022,11,1
"GPT",2022,12,1
"GPT",2022,13,0.96
"GPT",2022,14,1
"GPT",2022,15,1
"GPT",2022,16,1
"GPT",2022,17,1
"GPT",2022,18,1
"GPT",2022,19,1
"GPT",2022,20,1
"GPT",2022,21,1
"GPT",2022,22,1
"GPT",2022,23,1
"GPT",2022,24,1
"GPT",2022,25,1
"GPT",2022,26,1
"GPT",2022,27,1
"GPT",2022,28,1
"GPT",2022,29,1
"GPT",2022,30,1
"GPT",2022,31,1
"GPT",2022,32,1
"GPT",2022,33,1
"GPT",2022,34,1
"GPT",2022,35,1
"GPT",2022,36,1
"GPT",2022,37,1
"GPT",2022,38,1
"GPT",2022,39,1
"GPT",2022,40,1
"GPT",2022,41,1
"GPT",2022,42,1
"GPT",2022,43,1
"GPT",2022,44,1
"GPT",2022,45,1
"GPT",2022,46,1
"GPT",2022,47,1
"GPT",2022,48,1
"GPT",2022,49,1
"GPT",2022,50,1
"GPT",2022,51,1
"GPT",2022,52,1
"GPT",2022,53,1
"GPT",2022,54,1
"GPT",2022,55,1
"GPT",2022,56,1
"GPT",2022,57,1
"GPT",2022,58,1
"GPT",2022,59,1
"GPT",2022,60,1
"GPT",2022,61,1
"GPT",2022,62,1
"GPT",2022,63,1
"GPT",2022,64,1
"GPT",2022,65,1
"GPT",2022,66,1
"GPT",2022,67,1
"GPT",2022,68,1
"GPT",2022,69,1
"GPT",2022,70,1
"GPT",2022,71,1
"GPT",2022,72,1
"GPT",2022,73,1
"GPT",2022,74,1
"GPT",2022,75,1
"GPT",2022,76,1
"GPT",2022,77,1
"GPT",2022,78,1
"GPT",2022,79,1
"GPT",2022,80,1
"GPT",2022,81,1
"GPT",2022,82,1
"GPT",2022,83,1
"GPT",2022,84,1
"GPT",2022,85,1
"GPT",2022,86,1
"GPT",2022,87,1
"GPT",2022,88,1
"GPT",2022,89,1
"GPT",2022,90,1
"GPT",2022,91,1
"GPT",2022,92,1
"GPT",2022,93,1
"GPT",2022,94,1
"GPT",2022,95,1
"GPT",2022,96,1
"GPT",2022,97,1
"GPT",2022,98,1
"GPT",2022,99,1
"GPT",2022,100,1
"GPT",2022,101,1
"GPT",2022,102,1
"GPT",2022,103,1
"GPT",2022,104,1
"GPT",2022,105,1
"GPT",2022,106,1
"GPT",2022,107,1
"GPT",2022,108,1
"GPT",2022,109,0.98
"GPT",2022,110,1
"GPT",2022,111,0
"GPT",2022,112,1
"GPT",2022,113,1
"GPT",2022,114,1
"GPT",2022,115,1
"GPT",2022,116,1
"GPT",2022,117,1
"GPT",2022,118,1
"GPT",2022,119,0.74
"GPT",2022,120,1
"GPT",2022,121,0.88
"GPT",2022,122,1
"GPT",2022,123,1
"GPT",2022,124,1
"GPT",2022,125,1
"GPT",2022,126,1
"GPT",2022,127,1
"GPT",2022,128,1
"GPT",2022,129,1
"GPT",2022,130,1
"GPT",2022,131,1
"GPT",2022,132,1
"GPT",2022,133,1
"GPT",2022,134,1
"GPT",2022,135,1
"GPT",2022,136,1
"GPT",2022,137,1
"GPT",2022,138,1
"GPT",2022,139,1
"GPT",2022,140,1
"GPT",2023,1,1
"GPT",2023,2,1
"GPT",2023,3,1
"GPT",2023,4,1
"GPT",2023,5,1
"GPT",2023,6,1
"GPT",2023,7,1
"GPT",2023,8,1
"GPT",2023,9,1
"GPT",2023,10,1
"GPT",2023,11,1
"GPT",2023,12,1
"GPT",2023,13,1
"GPT",2023,14,1
"GPT",2023,15,1
"GPT",2023,16,1
"GPT",2023,17,1
"GPT",2023,18,1
"GPT",2023,19,1
"GPT",2023,20,1
"GPT",2023,21,1
"GPT",2023,22,1
"GPT",2023,23,1
"GPT",2023,24,1
"GPT",2023,25,1
"GPT",2023,26,1
"GPT",2023,27,1
"GPT",2023,28,1
"GPT",2023,29,1
"GPT",2023,30,1
"GPT",2023,31,1
"GPT",2023,32,1
"GPT",2023,33,1
"GPT",2023,34,1
"GPT",2023,35,1
"GPT",2023,36,1
"GPT",2023,37,1
"GPT",2023,38,1
"GPT",2023,39,1
"GPT",2023,40,1
"GPT",2023,41,0.04
"GPT",2023,42,1
"GPT",2023,43,1
"GPT",2023,44,1
"GPT",2023,45,1
"GPT",2023,46,1
"GPT",2023,47,1
"GPT",2023,48,1
"GPT",2023,49,1
"GPT",2023,50,1
"GPT",2023,51,1
"GPT",2023,52,1
"GPT",2023,53,1
"GPT",2023,54,1
"GPT",2023,55,1
"GPT",2023,56,1
"GPT",2023,57,1
"GPT",2023,58,1
"GPT",2023,59,1
"GPT",2023,60,1
"GPT",2023,61,1
"GPT",2023,62,1
"GPT",2023,63,1
"GPT",2023,64,1
"GPT",2023,65,1
"GPT",2023,66,1
"GPT",2023,67,1
"GPT",2023,68,0.44
"GPT",2023,69,1
"GPT",2023,70,1
"GPT",2023,71,0.64
"GPT",2023,72,1
"GPT",2023,73,0.5
"GPT",2023,74,1
"GPT",2023,75,0.98
"GPT",2023,76,1
"GPT",2023,77,1
"GPT",2023,78,1
"GPT",2023,79,1
"GPT",2023,80,1
"GPT",2023,81,1
"GPT",2023,82,1
"GPT",2023,83,1
"GPT",2023,84,1
"GPT",2023,85,1
"GPT",2023,86,1
"GPT",2023,87,1
"GPT",2023,88,1
"GPT",2023,89,1
"GPT",2023,90,1
"GPT",2023,91,1
"GPT",2023,92,1
"GPT",2023,93,1
"GPT",2023,94,1
"GPT",2023,95,1
"GPT",2023,96,1
"GPT",2023,97,1
"GPT",2023,98,1
"GPT",2023,99,1
"GPT",2023,100,1
"GPT",2023,101,1
"GPT",2023,102,1
"GPT",2023,103,1
"GPT",2023,104,1
"GPT",2023,105,1
"GPT",2023,106,1
"GPT",2023,107,1
"GPT",2023,108,0.98
"GPT",2023,109,1
"GPT",2023,110,1
"GPT",2023,111,0.4
"GPT",2023,112,1
"GPT",2023,113,0.98
"GPT",2023,114,1
"GPT",2023,115,1
"GPT",2023,116,1
"GPT",2023,117,1
"GPT",2023,118,1
"GPT",2023,119,1
"GPT",2023,120,1
"GPT",2023,121,1
"GPT",2023,122,1
"GPT",2023,123,1
"GPT",2023,124,1
"GPT",2023,125,1
"GPT",2023,126,1
"GPT",2023,127,1
"GPT",2023,128,1
"GPT",2023,129,1
"GPT",2023,130,1
"GPT",2023,131,0.96
"GPT",2023,132,1
"GPT",2023,133,1
"GPT",2023,134,1
"GPT",2023,135,1
"GPT",2023,136,1
"GPT",2023,137,1
"GPT",2023,138,1
"GPT",2023,139,1
"GPT",2023,140,0.06
"GPT",2024,1,1
"GPT",2024,2,1
"GPT",2024,3,1
"GPT",2024,4,1
"GPT",2024,5,1
"GPT",2024,6,0.94
"GPT",2024,7,1
"GPT",2024,8,1
"GPT",2024,9,1
"GPT",2024,10,1
"GPT",2024,11,1
"GPT",2024,12,1
"GPT",2024,13,1
"GPT",2024,14,0.96
"GPT",2024,15,1
"GPT",2024,16,1
"GPT",2024,17,1
"GPT",2024,18,1
"GPT",2024,19,1
"GPT",2024,20,1
"GPT",2024,21,1
"GPT",2024,22,1
"GPT",2024,23,1
"GPT",2024,24,1
"GPT",2024,25,0.98
"GPT",2024,26,0.9
"GPT",2024,27,1
"GPT",2024,28,1
"GPT",2024,29,1
"GPT",2024,30,1
"GPT",2024,31,1
"GPT",2024,32,1
"GPT",2024,33,1
"GPT",2024,34,1
"GPT",2024,35,1
"GPT",2024,36,1
"GPT",2024,37,1
"GPT",2024,38,1
"GPT",2024,39,1
"GPT",2024,40,1
"GPT",2024,41,1
"GPT",2024,42,1
"GPT",2024,43,1
"GPT",2024,44,1
"GPT",2024,45,1
"GPT",2024,46,1
"GPT",2024,47,1
"GPT",2024,48,1
"GPT",2024,49,1
"GPT",2024,50,1
"GPT",2024,51,1
"GPT",2024,52,1
"GPT",2024,53,1
"GPT",2024,54,1
"GPT",2024,55,1
"GPT",2024,56,1
"GPT",2024,57,0.86
"GPT",2024,58,1
"GPT",2024,59,0.16
"GPT",2024,60,0.7
"GPT",2024,61,1
"GPT",2024,62,1
"GPT",2024,63,1
"GPT",2024,64,1
"GPT",2024,65,1
"GPT",2024,66,1
"GPT",2024,67,1
"GPT",2024,68,1
"GPT",2024,69,0.94
"GPT",2024,70,1
"GPT",2024,71,1
"GPT",2024,72,1
"GPT",2024,73,1
"GPT",2024,74,1
"GPT",2024,75,1
"GPT",2024,76,1
"GPT",2024,77,1
"GPT",2024,78,1
"GPT",2024,79,1
"GPT",2024,80,1
"GPT",2024,81,1
"GPT",2024,82,1
"GPT",2024,83,1
"GPT",2024,84,1
"GPT",2024,85,1
"GPT",2024,86,1
"GPT",2024,87,1
"GPT",2024,88,1
"GPT",2024,89,1
"GPT",2024,90,1
"GPT",2024,91,1
"GPT",2024,92,1
"GPT",2024,93,1
"GPT",2024,94,1
"GPT",2024,95,1
"GPT",2024,96,1
"GPT",2024,97,1
"GPT",2024,98,0.52
"GPT",2024,99,1
"GPT",2024,100,1
"GPT",2024,101,1
"GPT",2024,102,1
"GPT",2024,103,1
"GPT",2024,104,1
"GPT",2024,105,1
"GPT",2024,106,1
"GPT",2024,107,1
"GPT",2024,108,1
"GPT",2024,109,0.66
"GPT",2024,110,1
"GPT",2024,111,1
"GPT",2024,112,1
"GPT",2024,113,1
"GPT",2024,114,1
"GPT",2024,115,1
"GPT",2024,116,1
"GPT",2024,117,1
"GPT",2024,118,1
"GPT",2024,119,1
"GPT",2024,120,0.44
"GPT",2024,121,1
"GPT",2024,122,1
"GPT",2024,123,1
"GPT",2024,124,1
"GPT",2024,125,1
"GPT",2024,126,0.32
"GPT",2024,127,0.9
"GPT",2024,128,1
"GPT",2024,129,1
"GPT",2024,130,1
"GPT",2024,131,1
"GPT",2024,132,1
"GPT",2024,133,0
"GPT",2024,134,0.88
"GPT",2024,135,1
"GPT",2024,136,1
"GPT",2024,137,1
"GPT",2024,138,1
"GPT",2024,139,1
"GPT",2024,140,1
"GROK",2020,1,1
"GROK",2020,2,1
"GROK",2020,3,1
"GROK",2020,4,1
"GROK",2020,5,1
"GROK",2020,6,1
"GROK",2020,7,1
"GROK",2020,8,1
"GROK",2020,9,0.98
"GROK",2020,10,1
"GROK",2020,11,1
"GROK",2020,12,1
"GROK",2020,13,1
"GROK",2020,14,1
"GROK",2020,15,1
"GROK",2020,16,1
"GROK",2020,17,1
"GROK",2020,18,1
"GROK",2020,19,1
"GROK",2020,20,1
"GROK",2020,21,1
"GROK",2020,22,1
"GROK",2020,23,1
"GROK",2020,24,1
"GROK",2020,25,1
"GROK",2020,26,1
"GROK",2020,27,1
"GROK",2020,28,1
"GROK",2020,29,1
"GROK",2020,30,0.98
"GROK",2020,31,1
"GROK",2020,32,1
"GROK",2020,33,1
"GROK",2020,34,0.8
"GROK",2020,35,0.06
"GROK",2020,36,1
"GROK",2020,37,1
"GROK",2020,38,1
"GROK",2020,39,1
"GROK",2020,40,1
"GROK",2020,41,1
"GROK",2020,42,1
"GROK",2020,43,1
"GROK",2020,44,1
"GROK",2020,45,1
"GROK",2020,46,1
"GROK",2020,47,1
"GROK",2020,48,1
"GROK",2020,49,1
"GROK",2020,50,1
"GROK",2020,51,1
"GROK",2020,52,1
"GROK",2020,53,1
"GROK",2020,54,1
"GROK",2020,55,1
"GROK",2020,56,1
"GROK",2020,57,1
"GROK",2020,58,1
"GROK",2020,59,1
"GROK",2020,60,1
"GROK",2020,61,1
"GROK",2020,62,1
"GROK",2020,63,1
"GROK",2020,64,1
"GROK",2020,65,1
"GROK",2020,66,1
"GROK",2020,67,1
"GROK",2020,68,1
"GROK",2020,69,0.98
"GROK",2020,70,0
"GROK",2020,71,1
"GROK",2020,72,1
"GROK",2020,73,1
"GROK",2020,74,1
"GROK",2020,75,1
"GROK",2020,76,1
"GROK",2020,77,1
"GROK",2020,78,1
"GROK",2020,79,1
"GROK",2020,80,1
"GROK",2020,81,1
"GROK",2020,82,1
"GROK",2020,83,1
"GROK",2020,84,1
"GROK",2020,85,1
"GROK",2020,86,1
"GROK",2020,87,0
"GROK",2020,88,1
"GROK",2020,89,1
"GROK",2020,90,1
"GROK",2020,91,1
"GROK",2020,92,1
"GROK",2020,93,0.68
"GROK",2020,94,1
"GROK",2020,95,1
"GROK",2020,96,0.98
"GROK",2020,97,1
"GROK",2020,98,1
"GROK",2020,99,1
"GROK",2020,100,1
"GROK",2020,101,1
"GROK",2020,102,1
"GROK",2020,103,1
"GROK",2020,104,1
"GROK",2020,105,1
"GROK",2020,106,1
"GROK",2020,107,1
"GROK",2020,108,1
"GROK",2020,109,1
"GROK",2020,110,1
"GROK",2020,111,1
"GROK",2020,112,0.3
"GROK",2020,113,1
"GROK",2020,114,1
"GROK",2020,115,1
"GROK",2020,116,1
"GROK",2020,117,1
"GROK",2020,118,1
"GROK",2020,119,1
"GROK",2020,120,1
"GROK",2020,121,1
"GROK",2020,122,1
"GROK",2020,123,1
"GROK",2020,124,1
"GROK",2020,125,1
"GROK",2020,126,1
"GROK",2020,127,1
"GROK",2020,128,0
"GROK",2020,129,1
"GROK",2020,130,1
"GROK",2020,131,1
"GROK",2020,132,1
"GROK",2020,133,0.62
"GROK",2020,134,0.84
"GROK",2020,135,1
"GROK",2020,136,1
"GROK",2020,137,1
"GROK",2020,138,0.5
"GROK",2020,139,1
"GROK",2020,140,1
"GROK",2021,1,1
"GROK",2021,2,1
"GROK",2021,3,1
"GROK",2021,4,1
"GROK",2021,5,1
"GROK",2021,6,1
"GROK",2021,7,1
"GROK",2021,8,1
"GROK",2021,9,1
"GROK",2021,10,1
"GROK",2021,11,1
"GROK",2021,12,1
"GROK",2021,13,1
"GROK",2021,14,1
"GROK",2021,15,1
"GROK",2021,16,1
"GROK",2021,17,1
"GROK",2021,18,1
"GROK",2021,19,1
"GROK",2021,20,1
"GROK",2021,21,1
"GROK",2021,22,1
"GROK",2021,23,1
"GROK",2021,24,1
"GROK",2021,25,1
"GROK",2021,26,1
"GROK",2021,27,1
"GROK",2021,28,1
"GROK",2021,29,1
"GROK",2021,30,1
"GROK",2021,31,1
"GROK",2021,32,1
"GROK",2021,33,0.84
"GROK",2021,34,1
"GROK",2021,35,1
"GROK",2021,36,1
"GROK",2021,37,1
"GROK",2021,38,1
"GROK",2021,39,1
"GROK",2021,40,1
"GROK",2021,41,1
"GROK",2021,42,1
"GROK",2021,43,0.98
"GROK",2021,44,1
"GROK",2021,45,1
"GROK",2021,46,1
"GROK",2021,47,1
"GROK",2021,48,1
"GROK",2021,49,1
"GROK",2021,50,1
"GROK",2021,51,1
"GROK",2021,52,1
"GROK",2021,53,1
"GROK",2021,54,1
"GROK",2021,55,1
"GROK",2021,56,1
"GROK",2021,57,1
"GROK",2021,58,1
"GROK",2021,59,0.92
"GROK",2021,60,1
"GROK",2021,61,1
"GROK",2021,62,1
"GROK",2021,63,1
"GROK",2021,64,1
"GROK",2021,65,1
"GROK",2021,66,1
"GROK",2021,67,1
"GROK",2021,68,1
"GROK",2021,69,1
"GROK",2021,70,1
"GROK",2021,71,1
"GROK",2021,72,1
"GROK",2021,73,1
"GROK",2021,74,1
"GROK",2021,75,1
"GROK",2021,76,1
"GROK",2021,77,1
"GROK",2021,78,1
"GROK",2021,79,1
"GROK",2021,80,1
"GROK",2021,81,1
"GROK",2021,82,1
"GROK",2021,83,1
"GROK",2021,84,1
"GROK",2021,85,1
"GROK",2021,86,1
"GROK",2021,87,1
"GROK",2021,88,1
"GROK",2021,89,1
"GROK",2021,90,1
"GROK",2021,91,1
"GROK",2021,92,1
"GROK",2021,93,0.64
"GROK",2021,94,1
"GROK",2021,95,1
"GROK",2021,96,1
"GROK",2021,97,1
"GROK",2021,98,1
"GROK",2021,99,1
"GROK",2021,100,1
"GROK",2021,101,1
"GROK",2021,102,1
"GROK",2021,103,1
"GROK",2021,104,1
"GROK",2021,105,1
"GROK",2021,106,1
"GROK",2021,107,0.18
"GROK",2021,108,1
"GROK",2021,109,1
"GROK",2021,110,1
"GROK",2021,111,1
"GROK",2021,112,1
"GROK",2021,113,1
"GROK",2021,114,1
"GROK",2021,115,0.86
"GROK",2021,116,0.1
"GROK",2021,117,1
"GROK",2021,118,1
"GROK",2021,119,1
"GROK",2021,120,1
"GROK",2021,121,0.96
"GROK",2021,122,1
"GROK",2021,123,1
"GROK",2021,124,1
"GROK",2021,125,1
"GROK",2021,126,1
"GROK",2021,127,1
"GROK",2021,128,1
"GROK",2021,129,1
"GROK",2021,130,1
"GROK",2021,131,0.94
"GROK",2021,132,1
"GROK",2021,133,1
"GROK",2021,134,1
"GROK",2021,135,1
"GROK",2021,136,1
"GROK",2021,137,1
"GROK",2021,138,0.9
"GROK",2021,139,1
"GROK",2021,140,1
"GROK",2022,1,1
"GROK",2022,2,1
"GROK",2022,3,1
"GROK",2022,4,1
"GROK",2022,5,1
"GROK",2022,6,1
"GROK",2022,7,1
"GROK",2022,8,1
"GROK",2022,9,0.82
"GROK",2022,10,1
"GROK",2022,11,1
"GROK",2022,12,1
"GROK",2022,13,0.98
"GROK",2022,14,1
"GROK",2022,15,1
"GROK",2022,16,1
"GROK",2022,17,1
"GROK",2022,18,1
"GROK",2022,19,1
"GROK",2022,20,1
"GROK",2022,21,1
"GROK",2022,22,1
"GROK",2022,23,1
"GROK",2022,24,1
"GROK",2022,25,1
"GROK",2022,26,1
"GROK",2022,27,1
"GROK",2022,28,1
"GROK",2022,29,1
"GROK",2022,30,1
"GROK",2022,31,1
"GROK",2022,32,1
"GROK",2022,33,1
"GROK",2022,34,1
"GROK",2022,35,1
"GROK",2022,36,1
"GROK",2022,37,1
"GROK",2022,38,1
"GROK",2022,39,1
"GROK",2022,40,1
"GROK",2022,41,1
"GROK",2022,42,1
"GROK",2022,43,1
"GROK",2022,44,1
"GROK",2022,45,1
"GROK",2022,46,1
"GROK",2022,47,1
"GROK",2022,48,1
"GROK",2022,49,1
"GROK",2022,50,1
"GROK",2022,51,1
"GROK",2022,52,1
"GROK",2022,53,1
"GROK",2022,54,1
"GROK",2022,55,1
"GROK",2022,56,1
"GROK",2022,57,1
"GROK",2022,58,1
"GROK",2022,59,1
"GROK",2022,60,1
"GROK",2022,61,1
"GROK",2022,62,1
"GROK",2022,63,1
"GROK",2022,64,1
"GROK",2022,65,1
"GROK",2022,66,1
"GROK",2022,67,1
"GROK",2022,68,1
"GROK",2022,69,1
"GROK",2022,70,1
"GROK",2022,71,1
"GROK",2022,72,1
"GROK",2022,73,1
"GROK",2022,74,1
"GROK",2022,75,1
"GROK",2022,76,1
"GROK",2022,77,1
"GROK",2022,78,1
"GROK",2022,79,1
"GROK",2022,80,1
"GROK",2022,81,1
"GROK",2022,82,1
"GROK",2022,83,1
"GROK",2022,84,1
"GROK",2022,85,1
"GROK",2022,86,1
"GROK",2022,87,1
"GROK",2022,88,1
"GROK",2022,89,1
"GROK",2022,90,1
"GROK",2022,91,1
"GROK",2022,92,1
"GROK",2022,93,1
"GROK",2022,94,1
"GROK",2022,95,1
"GROK",2022,96,1
"GROK",2022,97,1
"GROK",2022,98,1
"GROK",2022,99,1
"GROK",2022,100,1
"GROK",2022,101,1
"GROK",2022,102,1
"GROK",2022,103,1
"GROK",2022,104,1
"GROK",2022,105,1
"GROK",2022,106,1
"GROK",2022,107,1
"GROK",2022,108,1
"GROK",2022,109,1
"GROK",2022,110,1
"GROK",2022,111,0
"GROK",2022,112,1
"GROK",2022,113,1
"GROK",2022,114,1
"GROK",2022,115,1
"GROK",2022,116,1
"GROK",2022,117,1
"GROK",2022,118,1
"GROK",2022,119,1
"GROK",2022,120,1
"GROK",2022,121,1
"GROK",2022,122,1
"GROK",2022,123,1
"GROK",2022,124,1
"GROK",2022,125,1
"GROK",2022,126,1
"GROK",2022,127,1
"GROK",2022,128,1
"GROK",2022,129,1
"GROK",2022,130,1
"GROK",2022,131,1
"GROK",2022,132,1
"GROK",2022,133,1
"GROK",2022,134,1
"GROK",2022,135,1
"GROK",2022,136,1
"GROK",2022,137,1
"GROK",2022,138,1
"GROK",2022,139,0.56
"GROK",2022,140,1
"GROK",2023,1,1
"GROK",2023,2,1
"GROK",2023,3,1
"GROK",2023,4,0.98
"GROK",2023,5,1
"GROK",2023,6,1
"GROK",2023,7,1
"GROK",2023,8,1
"GROK",2023,9,1
"GROK",2023,10,1
"GROK",2023,11,1
"GROK",2023,12,1
"GROK",2023,13,1
"GROK",2023,14,1
"GROK",2023,15,1
"GROK",2023,16,1
"GROK",2023,17,1
"GROK",2023,18,1
"GROK",2023,19,1
"GROK",2023,20,1
"GROK",2023,21,1
"GROK",2023,22,1
"GROK",2023,23,1
"GROK",2023,24,1
"GROK",2023,25,1
"GROK",2023,26,1
"GROK",2023,27,1
"GROK",2023,28,1
"GROK",2023,29,1
"GROK",2023,30,1
"GROK",2023,31,1
"GROK",2023,32,1
"GROK",2023,33,1
"GROK",2023,34,1
"GROK",2023,35,1
"GROK",2023,36,1
"GROK",2023,37,1
"GROK",2023,38,1
"GROK",2023,39,1
"GROK",2023,40,1
"GROK",2023,41,1
"GROK",2023,42,1
"GROK",2023,43,1
"GROK",2023,44,1
"GROK",2023,45,0.86
"GROK",2023,46,1
"GROK",2023,47,1
"GROK",2023,48,1
"GROK",2023,49,1
"GROK",2023,50,1
"GROK",2023,51,1
"GROK",2023,52,1
"GROK",2023,53,1
"GROK",2023,54,1
"GROK",2023,55,1
"GROK",2023,56,1
"GROK",2023,57,1
"GROK",2023,58,1
"GROK",2023,59,1
"GROK",2023,60,1
"GROK",2023,61,1
"GROK",2023,62,1
"GROK",2023,63,1
"GROK",2023,64,1
"GROK",2023,65,1
"GROK",2023,66,1
"GROK",2023,67,1
"GROK",2023,68,0.54
"GROK",2023,69,1
"GROK",2023,70,1
"GROK",2023,71,0.98
"GROK",2023,72,1
"GROK",2023,73,0.12
"GROK",2023,74,1
"GROK",2023,75,1
"GROK",2023,76,1
"GROK",2023,77,1
"GROK",2023,78,1
"GROK",2023,79,0.96
"GROK",2023,80,1
"GROK",2023,81,1
"GROK",2023,82,1
"GROK",2023,83,1
"GROK",2023,84,1
"GROK",2023,85,1
"GROK",2023,86,1
"GROK",2023,87,1
"GROK",2023,88,1
"GROK",2023,89,1
"GROK",2023,90,1
"GROK",2023,91,1
"GROK",2023,92,1
"GROK",2023,93,1
"GROK",2023,94,1
"GROK",2023,95,1
"GROK",2023,96,1
"GROK",2023,97,1
"GROK",2023,98,1
"GROK",2023,99,1
"GROK",2023,100,1
"GROK",2023,101,1
"GROK",2023,102,1
"GROK",2023,103,1
"GROK",2023,104,1
"GROK",2023,105,1
"GROK",2023,106,1
"GROK",2023,107,1
"GROK",2023,108,1
"GROK",2023,109,1
"GROK",2023,110,1
"GROK",2023,111,0.04
"GROK",2023,112,1
"GROK",2023,113,0.32
"GROK",2023,114,1
"GROK",2023,115,1
"GROK",2023,116,1
"GROK",2023,117,1
"GROK",2023,118,1
"GROK",2023,119,1
"GROK",2023,120,0.82
"GROK",2023,121,1
"GROK",2023,122,1
"GROK",2023,123,1
"GROK",2023,124,1
"GROK",2023,125,1
"GROK",2023,126,1
"GROK",2023,127,1
"GROK",2023,128,1
"GROK",2023,129,1
"GROK",2023,130,1
"GROK",2023,131,1
"GROK",2023,132,1
"GROK",2023,133,1
"GROK",2023,134,1
"GROK",2023,135,1
"GROK",2023,136,1
"GROK",2023,137,1
"GROK",2023,138,1
"GROK",2023,139,1
"GROK",2023,140,1
"GROK",2024,1,1
"GROK",2024,2,1
"GROK",2024,3,0.98
"GROK",2024,4,1
"GROK",2024,5,1
"GROK",2024,6,0.72
"GROK",2024,7,1
"GROK",2024,8,1
"GROK",2024,9,1
"GROK",2024,10,1
"GROK",2024,11,1
"GROK",2024,12,1
"GROK",2024,13,0.94
"GROK",2024,14,0.76
"GROK",2024,15,1
"GROK",2024,16,1
"GROK",2024,17,1
"GROK",2024,18,1
"GROK",2024,19,1
"GROK",2024,20,1
"GROK",2024,21,1
"GROK",2024,22,1
"GROK",2024,23,0.2
"GROK",2024,24,1
"GROK",2024,25,1
"GROK",2024,26,0.02
"GROK",2024,27,1
"GROK",2024,28,1
"GROK",2024,29,1
"GROK",2024,30,1
"GROK",2024,31,1
"GROK",2024,32,1
"GROK",2024,33,1
"GROK",2024,34,1
"GROK",2024,35,1
"GROK",2024,36,1
"GROK",2024,37,1
"GROK",2024,38,1
"GROK",2024,39,1
"GROK",2024,40,1
"GROK",2024,41,1
"GROK",2024,42,1
"GROK",2024,43,1
"GROK",2024,44,0.06
"GROK",2024,45,1
"GROK",2024,46,1
"GROK",2024,47,1
"GROK",2024,48,1
"GROK",2024,49,1
"GROK",2024,50,1
"GROK",2024,51,1
"GROK",2024,52,1
"GROK",2024,53,1
"GROK",2024,54,1
"GROK",2024,55,1
"GROK",2024,56,1
"GROK",2024,57,1
"GROK",2024,58,0.94
"GROK",2024,59,0
"GROK",2024,60,0.96
"GROK",2024,61,1
"GROK",2024,62,1
"GROK",2024,63,1
"GROK",2024,64,0.96
"GROK",2024,65,1
"GROK",2024,66,1
"GROK",2024,67,1
"GROK",2024,68,1
"GROK",2024,69,1
"GROK",2024,70,1
"GROK",2024,71,1
"GROK",2024,72,1
"GROK",2024,73,0.94
"GROK",2024,74,1
"GROK",2024,75,1
"GROK",2024,76,1
"GROK",2024,77,1
"GROK",2024,78,1
"GROK",2024,79,1
"GROK",2024,80,1
"GROK",2024,81,1
"GROK",2024,82,1
"GROK",2024,83,1
"GROK",2024,84,0.66
"GROK",2024,85,1
"GROK",2024,86,1
"GROK",2024,87,1
"GROK",2024,88,1
"GROK",2024,89,1
"GROK",2024,90,1
"GROK",2024,91,1
"GROK",2024,92,1
"GROK",2024,93,1
"GROK",2024,94,1
"GROK",2024,95,1
"GROK",2024,96,1
"GROK",2024,97,1
"GROK",2024,98,0.92
"GROK",2024,99,1
"GROK",2024,100,1
"GROK",2024,101,1
"GROK",2024,102,1
"GROK",2024,103,1
"GROK",2024,104,1
"GROK",2024,105,1
"GROK",2024,106,1
"GROK",2024,107,1
"GROK",2024,108,1
"GROK",2024,109,0.4
"GROK",2024,110,1
"GROK",2024,111,1
"GROK",2024,112,1
"GROK",2024,113,1
"GROK",2024,114,1
"GROK",2024,115,1
"GROK",2024,116,1
"GROK",2024,117,1
"GROK",2024,118,1
"GROK",2024,119,1
"GROK",2024,120,0.16
"GROK",2024,121,1
"GROK",2024,122,1
"GROK",2024,123,1
"GROK",2024,124,1
"GROK",2024,125,1
"GROK",2024,126,1
"GROK",2024,127,0.38
"GROK",2024,128,1
"GROK",2024,129,1
"GROK",2024,130,1
"GROK",2024,131,1
"GROK",2024,132,1
"GROK",2024,133,0
"GROK",2024,134,0.68
"GROK",2024,135,1
"GROK",2024,136,1
"GROK",2024,137,1
"GROK",2024,138,1
"GROK",2024,139,1
"GROK",2024,140,1
"MSTRL",2020,1,1
"MSTRL",2020,2,1
"MSTRL",2020,3,1
"MSTRL",2020,4,1
"MSTRL",2020,5,0.84
"MSTRL",2020,6,0.52
"MSTRL",2020,7,1
"MSTRL",2020,8,1
"MSTRL",2020,9,1
"MSTRL",2020,10,1
"MSTRL",2020,11,0.34
"MSTRL",2020,12,1
"MSTRL",2020,13,1
"MSTRL",2020,14,0.96
"MSTRL",2020,15,1
"MSTRL",2020,16,1
"MSTRL",2020,17,1
"MSTRL",2020,18,1
"MSTRL",2020,19,1
"MSTRL",2020,20,1
"MSTRL",2020,21,1
"MSTRL",2020,22,1
"MSTRL",2020,23,1
"MSTRL",2020,24,0.24
"MSTRL",2020,25,1
"MSTRL",2020,26,0.6
"MSTRL",2020,27,0.62
"MSTRL",2020,28,1
"MSTRL",2020,29,0.68
"MSTRL",2020,30,1
"MSTRL",2020,31,0.2
"MSTRL",2020,32,0.4
"MSTRL",2020,33,1
"MSTRL",2020,34,0.58
"MSTRL",2020,35,0.82
"MSTRL",2020,36,0.9
"MSTRL",2020,37,1
"MSTRL",2020,38,1
"MSTRL",2020,39,0.04
"MSTRL",2020,40,0.34
"MSTRL",2020,41,0.8
"MSTRL",2020,42,0.98
"MSTRL",2020,43,1
"MSTRL",2020,44,0.98
"MSTRL",2020,45,1
"MSTRL",2020,46,1
"MSTRL",2020,47,1
"MSTRL",2020,48,1
"MSTRL",2020,49,1
"MSTRL",2020,50,0.36
"MSTRL",2020,51,1
"MSTRL",2020,52,1
"MSTRL",2020,53,1
"MSTRL",2020,54,1
"MSTRL",2020,55,1
"MSTRL",2020,56,0.76
"MSTRL",2020,57,1
"MSTRL",2020,58,1
"MSTRL",2020,59,1
"MSTRL",2020,60,1
"MSTRL",2020,61,1
"MSTRL",2020,62,1
"MSTRL",2020,63,1
"MSTRL",2020,64,1
"MSTRL",2020,65,0.8
"MSTRL",2020,66,1
"MSTRL",2020,67,1
"MSTRL",2020,68,0.84
"MSTRL",2020,69,0
"MSTRL",2020,70,0.52
"MSTRL",2020,71,1
"MSTRL",2020,72,1
"MSTRL",2020,73,0.98
"MSTRL",2020,74,1
"MSTRL",2020,75,0.98
"MSTRL",2020,76,0.96
"MSTRL",2020,77,1
"MSTRL",2020,78,1
"MSTRL",2020,79,1
"MSTRL",2020,80,1
"MSTRL",2020,81,1
"MSTRL",2020,82,0.92
"MSTRL",2020,83,0.66
"MSTRL",2020,84,1
"MSTRL",2020,85,0.4
"MSTRL",2020,86,1
"MSTRL",2020,87,0
"MSTRL",2020,88,1
"MSTRL",2020,89,1
"MSTRL",2020,90,1
"MSTRL",2020,91,1
"MSTRL",2020,92,1
"MSTRL",2020,93,0.74
"MSTRL",2020,94,1
"MSTRL",2020,95,1
"MSTRL",2020,96,1
"MSTRL",2020,97,0.64
"MSTRL",2020,98,1
"MSTRL",2020,99,1
"MSTRL",2020,100,1
"MSTRL",2020,101,1
"MSTRL",2020,102,1
"MSTRL",2020,103,1
"MSTRL",2020,104,0
"MSTRL",2020,105,1
"MSTRL",2020,106,1
"MSTRL",2020,107,1
"MSTRL",2020,108,1
"MSTRL",2020,109,1
"MSTRL",2020,110,1
"MSTRL",2020,111,0.8
"MSTRL",2020,112,0.64
"MSTRL",2020,113,1
"MSTRL",2020,114,1
"MSTRL",2020,115,0.72
"MSTRL",2020,116,1
"MSTRL",2020,117,1
"MSTRL",2020,118,1
"MSTRL",2020,119,1
"MSTRL",2020,120,1
"MSTRL",2020,121,0.98
"MSTRL",2020,122,0.5
"MSTRL",2020,123,1
"MSTRL",2020,124,0.7
"MSTRL",2020,125,0.98
"MSTRL",2020,126,0.8
"MSTRL",2020,127,1
"MSTRL",2020,128,0.02
"MSTRL",2020,129,1
"MSTRL",2020,130,1
"MSTRL",2020,131,1
"MSTRL",2020,132,0.5
"MSTRL",2020,133,0.34
"MSTRL",2020,134,1
"MSTRL",2020,135,1
"MSTRL",2020,136,1
"MSTRL",2020,137,0.8
"MSTRL",2020,138,0.14
"MSTRL",2020,139,1
"MSTRL",2020,140,1
"MSTRL",2021,1,1
"MSTRL",2021,2,1
"MSTRL",2021,3,1
"MSTRL",2021,4,1
"MSTRL",2021,5,1
"MSTRL",2021,6,1
"MSTRL",2021,7,1
"MSTRL",2021,8,1
"MSTRL",2021,9,1
"MSTRL",2021,10,0
"MSTRL",2021,11,1
"MSTRL",2021,12,0.94
"MSTRL",2021,13,1
"MSTRL",2021,14,1
"MSTRL",2021,15,1
"MSTRL",2021,16,1
"MSTRL",2021,17,1
"MSTRL",2021,18,1
"MSTRL",2021,19,0.98
"MSTRL",2021,20,0.98
"MSTRL",2021,21,1
"MSTRL",2021,22,1
"MSTRL",2021,23,1
"MSTRL",2021,24,1
"MSTRL",2021,25,1
"MSTRL",2021,26,1
"MSTRL",2021,27,1
"MSTRL",2021,28,1
"MSTRL",2021,29,1
"MSTRL",2021,30,1
"MSTRL",2021,31,1
"MSTRL",2021,32,0.46
"MSTRL",2021,33,1
"MSTRL",2021,34,0.62
"MSTRL",2021,35,1
"MSTRL",2021,36,1
"MSTRL",2021,37,0.8
"MSTRL",2021,38,1
"MSTRL",2021,39,1
"MSTRL",2021,40,1
"MSTRL",2021,41,1
"MSTRL",2021,42,1
"MSTRL",2021,43,0.92
"MSTRL",2021,44,1
"MSTRL",2021,45,1
"MSTRL",2021,46,1
"MSTRL",2021,47,0.66
"MSTRL",2021,48,1
"MSTRL",2021,49,1
"MSTRL",2021,50,1
"MSTRL",2021,51,1
"MSTRL",2021,52,1
"MSTRL",2021,53,1
"MSTRL",2021,54,1
"MSTRL",2021,55,1
"MSTRL",2021,56,0.98
"MSTRL",2021,57,0.82
"MSTRL",2021,58,0.46
"MSTRL",2021,59,0.2
"MSTRL",2021,60,0.96
"MSTRL",2021,61,1
"MSTRL",2021,62,1
"MSTRL",2021,63,1
"MSTRL",2021,64,0.88
"MSTRL",2021,65,1
"MSTRL",2021,66,1
"MSTRL",2021,67,1
"MSTRL",2021,68,0.5
"MSTRL",2021,69,1
"MSTRL",2021,70,0.72
"MSTRL",2021,71,0.9
"MSTRL",2021,72,0.92
"MSTRL",2021,73,1
"MSTRL",2021,74,1
"MSTRL",2021,75,1
"MSTRL",2021,76,1
"MSTRL",2021,77,1
"MSTRL",2021,78,1
"MSTRL",2021,79,1
"MSTRL",2021,80,1
"MSTRL",2021,81,1
"MSTRL",2021,82,1
"MSTRL",2021,83,0.04
"MSTRL",2021,84,0.98
"MSTRL",2021,85,1
"MSTRL",2021,86,0.74
"MSTRL",2021,87,1
"MSTRL",2021,88,1
"MSTRL",2021,89,1
"MSTRL",2021,90,1
"MSTRL",2021,91,0.92
"MSTRL",2021,92,1
"MSTRL",2021,93,0.66
"MSTRL",2021,94,0.98
"MSTRL",2021,95,0.38
"MSTRL",2021,96,0.96
"MSTRL",2021,97,1
"MSTRL",2021,98,1
"MSTRL",2021,99,1
"MSTRL",2021,100,1
"MSTRL",2021,101,1
"MSTRL",2021,102,0.94
"MSTRL",2021,103,1
"MSTRL",2021,104,1
"MSTRL",2021,105,1
"MSTRL",2021,106,1
"MSTRL",2021,107,0.32
"MSTRL",2021,108,0.94
"MSTRL",2021,109,1
"MSTRL",2021,110,1
"MSTRL",2021,111,1
"MSTRL",2021,112,1
"MSTRL",2021,113,1
"MSTRL",2021,114,1
"MSTRL",2021,115,0.96
"MSTRL",2021,116,0.7
"MSTRL",2021,117,1
"MSTRL",2021,118,1
"MSTRL",2021,119,1
"MSTRL",2021,120,1
"MSTRL",2021,121,1
"MSTRL",2021,122,0.98
"MSTRL",2021,123,1
"MSTRL",2021,124,1
"MSTRL",2021,125,1
"MSTRL",2021,126,1
"MSTRL",2021,127,1
"MSTRL",2021,128,1
"MSTRL",2021,129,1
"MSTRL",2021,130,1
"MSTRL",2021,131,0.14
"MSTRL",2021,132,1
"MSTRL",2021,133,0.96
"MSTRL",2021,134,0.4
"MSTRL",2021,135,1
"MSTRL",2021,136,1
"MSTRL",2021,137,1
"MSTRL",2021,138,0
"MSTRL",2021,139,1
"MSTRL",2021,140,1
"MSTRL",2022,1,1
"MSTRL",2022,2,1
"MSTRL",2022,3,1
"MSTRL",2022,4,1
"MSTRL",2022,5,1
"MSTRL",2022,6,0.8
"MSTRL",2022,7,1
"MSTRL",2022,8,0.2
"MSTRL",2022,9,0.48
"MSTRL",2022,10,1
"MSTRL",2022,11,1
"MSTRL",2022,12,1
"MSTRL",2022,13,0.96
"MSTRL",2022,14,1
"MSTRL",2022,15,1
"MSTRL",2022,16,1
"MSTRL",2022,17,1
"MSTRL",2022,18,1
"MSTRL",2022,19,1
"MSTRL",2022,20,0.98
"MSTRL",2022,21,1
"MSTRL",2022,22,1
"MSTRL",2022,23,1
"MSTRL",2022,24,0.38
"MSTRL",2022,25,1
"MSTRL",2022,26,1
"MSTRL",2022,27,1
"MSTRL",2022,28,1
"MSTRL",2022,29,1
"MSTRL",2022,30,1
"MSTRL",2022,31,1
"MSTRL",2022,32,1
"MSTRL",2022,33,1
"MSTRL",2022,34,0
"MSTRL",2022,35,1
"MSTRL",2022,36,0.2
"MSTRL",2022,37,0.98
"MSTRL",2022,38,1
"MSTRL",2022,39,1
"MSTRL",2022,40,1
"MSTRL",2022,41,1
"MSTRL",2022,42,1
"MSTRL",2022,43,1
"MSTRL",2022,44,1
"MSTRL",2022,45,1
"MSTRL",2022,46,1
"MSTRL",2022,47,1
"MSTRL",2022,48,1
"MSTRL",2022,49,1
"MSTRL",2022,50,1
"MSTRL",2022,51,1
"MSTRL",2022,52,1
"MSTRL",2022,53,1
"MSTRL",2022,54,1
"MSTRL",2022,55,0.42
"MSTRL",2022,56,1
"MSTRL",2022,57,1
"MSTRL",2022,58,1
"MSTRL",2022,59,1
"MSTRL",2022,60,0.9
"MSTRL",2022,61,1
"MSTRL",2022,62,1
"MSTRL",2022,63,1
"MSTRL",2022,64,1
"MSTRL",2022,65,1
"MSTRL",2022,66,1
"MSTRL",2022,67,1
"MSTRL",2022,68,1
"MSTRL",2022,69,0.32
"MSTRL",2022,70,1
"MSTRL",2022,71,1
"MSTRL",2022,72,1
"MSTRL",2022,73,1
"MSTRL",2022,74,1
"MSTRL",2022,75,1
"MSTRL",2022,76,1
"MSTRL",2022,77,1
"MSTRL",2022,78,1
"MSTRL",2022,79,1
"MSTRL",2022,80,1
"MSTRL",2022,81,1
"MSTRL",2022,82,1
"MSTRL",2022,83,1
"MSTRL",2022,84,0
"MSTRL",2022,85,0.96
"MSTRL",2022,86,1
"MSTRL",2022,87,1
"MSTRL",2022,88,1
"MSTRL",2022,89,0.98
"MSTRL",2022,90,1
"MSTRL",2022,91,1
"MSTRL",2022,92,1
"MSTRL",2022,93,0.8
"MSTRL",2022,94,1
"MSTRL",2022,95,1
"MSTRL",2022,96,0.2
"MSTRL",2022,97,0.68
"MSTRL",2022,98,1
"MSTRL",2022,99,1
"MSTRL",2022,100,1
"MSTRL",2022,101,1
"MSTRL",2022,102,1
"MSTRL",2022,103,1
"MSTRL",2022,104,1
"MSTRL",2022,105,1
"MSTRL",2022,106,1
"MSTRL",2022,107,1
"MSTRL",2022,108,1
"MSTRL",2022,109,0.72
"MSTRL",2022,110,0.44
"MSTRL",2022,111,0.26
"MSTRL",2022,112,1
"MSTRL",2022,113,1
"MSTRL",2022,114,0.98
"MSTRL",2022,115,1
"MSTRL",2022,116,1
"MSTRL",2022,117,1
"MSTRL",2022,118,1
"MSTRL",2022,119,0.4
"MSTRL",2022,120,0.74
"MSTRL",2022,121,0.66
"MSTRL",2022,122,1
"MSTRL",2022,123,1
"MSTRL",2022,124,1
"MSTRL",2022,125,1
"MSTRL",2022,126,0.7
"MSTRL",2022,127,0.78
"MSTRL",2022,128,1
"MSTRL",2022,129,1
"MSTRL",2022,130,1
"MSTRL",2022,131,1
"MSTRL",2022,132,1
"MSTRL",2022,133,1
"MSTRL",2022,134,1
"MSTRL",2022,135,1
"MSTRL",2022,136,1
"MSTRL",2022,137,1
"MSTRL",2022,138,1
"MSTRL",2022,139,0.36
"MSTRL",2022,140,1
"MSTRL",2023,1,0.98
"MSTRL",2023,2,1
"MSTRL",2023,3,1
"MSTRL",2023,4,0.7
"MSTRL",2023,5,1
"MSTRL",2023,6,1
"MSTRL",2023,7,1
"MSTRL",2023,8,1
"MSTRL",2023,9,0.98
"MSTRL",2023,10,0.86
"MSTRL",2023,11,1
"MSTRL",2023,12,1
"MSTRL",2023,13,1
"MSTRL",2023,14,1
"MSTRL",2023,15,1
"MSTRL",2023,16,1
"MSTRL",2023,17,1
"MSTRL",2023,18,1
"MSTRL",2023,19,1
"MSTRL",2023,20,1
"MSTRL",2023,21,1
"MSTRL",2023,22,0.9
"MSTRL",2023,23,1
"MSTRL",2023,24,1
"MSTRL",2023,25,1
"MSTRL",2023,26,1
"MSTRL",2023,27,1
"MSTRL",2023,28,1
"MSTRL",2023,29,0.18
"MSTRL",2023,30,1
"MSTRL",2023,31,1
"MSTRL",2023,32,0.62
"MSTRL",2023,33,1
"MSTRL",2023,34,1
"MSTRL",2023,35,1
"MSTRL",2023,36,1
"MSTRL",2023,37,1
"MSTRL",2023,38,1
"MSTRL",2023,39,1
"MSTRL",2023,40,1
"MSTRL",2023,41,0.52
"MSTRL",2023,42,0.18
"MSTRL",2023,43,1
"MSTRL",2023,44,1
"MSTRL",2023,45,0.96
"MSTRL",2023,46,0.98
"MSTRL",2023,47,1
"MSTRL",2023,48,1
"MSTRL",2023,49,1
"MSTRL",2023,50,1
"MSTRL",2023,51,1
"MSTRL",2023,52,1
"MSTRL",2023,53,1
"MSTRL",2023,54,1
"MSTRL",2023,55,1
"MSTRL",2023,56,0.12
"MSTRL",2023,57,1
"MSTRL",2023,58,1
"MSTRL",2023,59,1
"MSTRL",2023,60,1
"MSTRL",2023,61,1
"MSTRL",2023,62,0.94
"MSTRL",2023,63,1
"MSTRL",2023,64,1
"MSTRL",2023,65,1
"MSTRL",2023,66,1
"MSTRL",2023,67,1
"MSTRL",2023,68,0.94
"MSTRL",2023,69,1
"MSTRL",2023,70,1
"MSTRL",2023,71,0.88
"MSTRL",2023,72,1
"MSTRL",2023,73,0
"MSTRL",2023,74,0.02
"MSTRL",2023,75,1
"MSTRL",2023,76,1
"MSTRL",2023,77,1
"MSTRL",2023,78,1
"MSTRL",2023,79,0.7
"MSTRL",2023,80,1
"MSTRL",2023,81,1
"MSTRL",2023,82,1
"MSTRL",2023,83,1
"MSTRL",2023,84,1
"MSTRL",2023,85,1
"MSTRL",2023,86,1
"MSTRL",2023,87,1
"MSTRL",2023,88,0.88
"MSTRL",2023,89,1
"MSTRL",2023,90,1
"MSTRL",2023,91,1
"MSTRL",2023,92,1
"MSTRL",2023,93,1
"MSTRL",2023,94,0.86
"MSTRL",2023,95,1
"MSTRL",2023,96,0.54
"MSTRL",2023,97,1
"MSTRL",2023,98,0.56
"MSTRL",2023,99,1
"MSTRL",2023,100,1
"MSTRL",2023,101,0.94
"MSTRL",2023,102,1
"MSTRL",2023,103,1
"MSTRL",2023,104,1
"MSTRL",2023,105,1
"MSTRL",2023,106,1
"MSTRL",2023,107,1
"MSTRL",2023,108,1
"MSTRL",2023,109,1
"MSTRL",2023,110,1
"MSTRL",2023,111,0.54
"MSTRL",2023,112,1
"MSTRL",2023,113,1
"MSTRL",2023,114,1
"MSTRL",2023,115,1
"MSTRL",2023,116,1
"MSTRL",2023,117,1
"MSTRL",2023,118,1
"MSTRL",2023,119,1
"MSTRL",2023,120,0.96
"MSTRL",2023,121,1
"MSTRL",2023,122,1
"MSTRL",2023,123,1
"MSTRL",2023,124,1
"MSTRL",2023,125,1
"MSTRL",2023,126,1
"MSTRL",2023,127,1
"MSTRL",2023,128,0.9
"MSTRL",2023,129,1
"MSTRL",2023,130,0.52
"MSTRL",2023,131,1
"MSTRL",2023,132,1
"MSTRL",2023,133,1
"MSTRL",2023,134,1
"MSTRL",2023,135,1
"MSTRL",2023,136,1
"MSTRL",2023,137,1
"MSTRL",2023,138,1
"MSTRL",2023,139,1
"MSTRL",2023,140,0.04
"MSTRL",2024,1,1
"MSTRL",2024,2,1
"MSTRL",2024,3,0.54
"MSTRL",2024,4,1
"MSTRL",2024,5,1
"MSTRL",2024,6,1
"MSTRL",2024,7,1
"MSTRL",2024,8,1
"MSTRL",2024,9,0.64
"MSTRL",2024,10,1
"MSTRL",2024,11,1
"MSTRL",2024,12,1
"MSTRL",2024,13,1
"MSTRL",2024,14,0.54
"MSTRL",2024,15,1
"MSTRL",2024,16,1
"MSTRL",2024,17,0.6
"MSTRL",2024,18,0.7
"MSTRL",2024,19,1
"MSTRL",2024,20,1
"MSTRL",2024,21,1
"MSTRL",2024,22,1
"MSTRL",2024,23,0.98
"MSTRL",2024,24,0.62
"MSTRL",2024,25,0.58
"MSTRL",2024,26,0.62
"MSTRL",2024,27,0.98
"MSTRL",2024,28,1
"MSTRL",2024,29,1
"MSTRL",2024,30,1
"MSTRL",2024,31,1
"MSTRL",2024,32,1
"MSTRL",2024,33,1
"MSTRL",2024,34,1
"MSTRL",2024,35,1
"MSTRL",2024,36,1
"MSTRL",2024,37,0.94
"MSTRL",2024,38,1
"MSTRL",2024,39,1
"MSTRL",2024,40,0.94
"MSTRL",2024,41,1
"MSTRL",2024,42,1
"MSTRL",2024,43,1
"MSTRL",2024,44,0.92
"MSTRL",2024,45,1
"MSTRL",2024,46,0.92
"MSTRL",2024,47,1
"MSTRL",2024,48,0.56
"MSTRL",2024,49,0.34
"MSTRL",2024,50,1
"MSTRL",2024,51,0.48
"MSTRL",2024,52,1
"MSTRL",2024,53,1
"MSTRL",2024,54,1
"MSTRL",2024,55,0.18
"MSTRL",2024,56,0.1
"MSTRL",2024,57,0.08
"MSTRL",2024,58,0.46
"MSTRL",2024,59,0.48
"MSTRL",2024,60,0.8
"MSTRL",2024,61,0.4
"MSTRL",2024,62,0.26
"MSTRL",2024,63,0.24
"MSTRL",2024,64,1
"MSTRL",2024,65,0.08
"MSTRL",2024,66,1
"MSTRL",2024,67,0.98
"MSTRL",2024,68,1
"MSTRL",2024,69,0.8
"MSTRL",2024,70,1
"MSTRL",2024,71,1
"MSTRL",2024,72,1
"MSTRL",2024,73,0.02
"MSTRL",2024,74,0.92
"MSTRL",2024,75,1
"MSTRL",2024,76,1
"MSTRL",2024,77,1
"MSTRL",2024,78,0.98
"MSTRL",2024,79,1
"MSTRL",2024,80,1
"MSTRL",2024,81,1
"MSTRL",2024,82,1
"MSTRL",2024,83,1
"MSTRL",2024,84,0.06
"MSTRL",2024,85,1
"MSTRL",2024,86,1
"MSTRL",2024,87,1
"MSTRL",2024,88,1
"MSTRL",2024,89,1
"MSTRL",2024,90,1
"MSTRL",2024,91,1
"MSTRL",2024,92,1
"MSTRL",2024,93,1
"MSTRL",2024,94,1
"MSTRL",2024,95,1
"MSTRL",2024,96,1
"MSTRL",2024,97,1
"MSTRL",2024,98,1
"MSTRL",2024,99,1
"MSTRL",2024,100,1
"MSTRL",2024,101,1
"MSTRL",2024,102,1
"MSTRL",2024,103,0.44
"MSTRL",2024,104,0.62
"MSTRL",2024,105,1
"MSTRL",2024,106,0.68
"MSTRL",2024,107,1
"MSTRL",2024,108,0.8
"MSTRL",2024,109,0.1
"MSTRL",2024,110,0.52
"MSTRL",2024,111,1
"MSTRL",2024,112,1
"MSTRL",2024,113,0.9
"MSTRL",2024,114,1
"MSTRL",2024,115,1
"MSTRL",2024,116,0.8
"MSTRL",2024,117,1
"MSTRL",2024,118,0.96
"MSTRL",2024,119,1
"MSTRL",2024,120,0.42
"MSTRL",2024,121,0.98
"MSTRL",2024,122,1
"MSTRL",2024,123,1
"MSTRL",2024,124,1
"MSTRL",2024,125,1
"MSTRL",2024,126,0.44
"MSTRL",2024,127,0.66
"MSTRL",2024,128,0.9
"MSTRL",2024,129,1
"MSTRL",2024,130,1
"MSTRL",2024,131,1
"MSTRL",2024,132,1
"MSTRL",2024,133,0
"MSTRL",2024,134,0.32
"MSTRL",2024,135,0.78
"MSTRL",2024,136,1
"MSTRL",2024,137,1
"MSTRL",2024,138,0.02
"MSTRL",2024,139,1
"MSTRL",2024,140,1
"QWEN",2020,1,1
"QWEN",2020,2,1
"QWEN",2020,3,1
"QWEN",2020,4,1
"QWEN",2020,5,1
"QWEN",2020,6,1
"QWEN",2020,7,1
"QWEN",2020,8,1
"QWEN",2020,9,1
"QWEN",2020,10,1
"QWEN",2020,11,0.94
"QWEN",2020,12,1
"QWEN",2020,13,1
"QWEN",2020,14,1
"QWEN",2020,15,1
"QWEN",2020,16,1
"QWEN",2020,17,1
"QWEN",2020,18,1
"QWEN",2020,19,1
"QWEN",2020,20,1
"QWEN",2020,21,1
"QWEN",2020,22,1
"QWEN",2020,23,1
"QWEN",2020,24,1
"QWEN",2020,25,1
"QWEN",2020,26,1
"QWEN",2020,27,1
"QWEN",2020,28,1
"QWEN",2020,29,0.88
"QWEN",2020,30,1
"QWEN",2020,31,1
"QWEN",2020,32,0.92
"QWEN",2020,33,1
"QWEN",2020,34,0.34
"QWEN",2020,35,0.84
"QWEN",2020,36,1
"QWEN",2020,37,1
"QWEN",2020,38,1
"QWEN",2020,39,1
"QWEN",2020,40,1
"QWEN",2020,41,1
"QWEN",2020,42,1
"QWEN",2020,43,1
"QWEN",2020,44,1
"QWEN",2020,45,1
"QWEN",2020,46,1
"QWEN",2020,47,1
"QWEN",2020,48,1
"QWEN",2020,49,1
"QWEN",2020,50,1
"QWEN",2020,51,1
"QWEN",2020,52,1
"QWEN",2020,53,1
"QWEN",2020,54,1
"QWEN",2020,55,1
"QWEN",2020,56,0.8
"QWEN",2020,57,1
"QWEN",2020,58,1
"QWEN",2020,59,1
"QWEN",2020,60,1
"QWEN",2020,61,1
"QWEN",2020,62,1
"QWEN",2020,63,1
"QWEN",2020,64,1
"QWEN",2020,65,1
"QWEN",2020,66,1
"QWEN",2020,67,1
"QWEN",2020,68,1
"QWEN",2020,69,0
"QWEN",2020,70,0.4
"QWEN",2020,71,1
"QWEN",2020,72,1
"QWEN",2020,73,1
"QWEN",2020,74,1
"QWEN",2020,75,1
"QWEN",2020,76,1
"QWEN",2020,77,1
"QWEN",2020,78,1
"QWEN",2020,79,1
"QWEN",2020,80,1
"QWEN",2020,81,1
"QWEN",2020,82,1
"QWEN",2020,83,1
"QWEN",2020,84,1
"QWEN",2020,85,0.24
"QWEN",2020,86,1
"QWEN",2020,87,0
"QWEN",2020,88,1
"QWEN",2020,89,1
"QWEN",2020,90,1
"QWEN",2020,91,1
"QWEN",2020,92,1
"QWEN",2020,93,0.5
"QWEN",2020,94,1
"QWEN",2020,95,1
"QWEN",2020,96,1
"QWEN",2020,97,1
"QWEN",2020,98,1
"QWEN",2020,99,1
"QWEN",2020,100,1
"QWEN",2020,101,1
"QWEN",2020,102,1
"QWEN",2020,103,1
"QWEN",2020,104,0.84
"QWEN",2020,105,1
"QWEN",2020,106,1
"QWEN",2020,107,1
"QWEN",2020,108,1
"QWEN",2020,109,1
"QWEN",2020,110,1
"QWEN",2020,111,1
"QWEN",2020,112,0.06
"QWEN",2020,113,1
"QWEN",2020,114,1
"QWEN",2020,115,1
"QWEN",2020,116,1
"QWEN",2020,117,1
"QWEN",2020,118,1
"QWEN",2020,119,1
"QWEN",2020,120,1
"QWEN",2020,121,1
"QWEN",2020,122,1
"QWEN",2020,123,1
"QWEN",2020,124,1
"QWEN",2020,125,1
"QWEN",2020,126,1
"QWEN",2020,127,1
"QWEN",2020,128,0
"QWEN",2020,129,1
"QWEN",2020,130,1
"QWEN",2020,131,1
"QWEN",2020,132,1
"QWEN",2020,133,0.8
"QWEN",2020,134,0.9
"QWEN",2020,135,1
"QWEN",2020,136,1
"QWEN",2020,137,1
"QWEN",2020,138,0.22
"QWEN",2020,139,1
"QWEN",2020,140,1
"QWEN",2021,1,1
"QWEN",2021,2,1
"QWEN",2021,3,1
"QWEN",2021,4,1
"QWEN",2021,5,1
"QWEN",2021,6,1
"QWEN",2021,7,1
"QWEN",2021,8,1
"QWEN",2021,9,1
"QWEN",2021,10,1
"QWEN",2021,11,1
"QWEN",2021,12,1
"QWEN",2021,13,1
"QWEN",2021,14,1
"QWEN",2021,15,1
"QWEN",2021,16,1
"QWEN",2021,17,1
"QWEN",2021,18,1
"QWEN",2021,19,1
"QWEN",2021,20,1
"QWEN",2021,21,1
"QWEN",2021,22,1
"QWEN",2021,23,1
"QWEN",2021,24,1
"QWEN",2021,25,1
"QWEN",2021,26,1
"QWEN",2021,27,1
"QWEN",2021,28,1
"QWEN",2021,29,1
"QWEN",2021,30,1
"QWEN",2021,31,1
"QWEN",2021,32,1
"QWEN",2021,33,1
"QWEN",2021,34,1
"QWEN",2021,35,1
"QWEN",2021,36,1
"QWEN",2021,37,1
"QWEN",2021,38,1
"QWEN",2021,39,1
"QWEN",2021,40,1
"QWEN",2021,41,1
"QWEN",2021,42,1
"QWEN",2021,43,1
"QWEN",2021,44,1
"QWEN",2021,45,1
"QWEN",2021,46,1
"QWEN",2021,47,1
"QWEN",2021,48,1
"QWEN",2021,49,1
"QWEN",2021,50,1
"QWEN",2021,51,1
"QWEN",2021,52,1
"QWEN",2021,53,1
"QWEN",2021,54,1
"QWEN",2021,55,1
"QWEN",2021,56,1
"QWEN",2021,57,1
"QWEN",2021,58,1
"QWEN",2021,59,1
"QWEN",2021,60,1
"QWEN",2021,61,1
"QWEN",2021,62,1
"QWEN",2021,63,1
"QWEN",2021,64,1
"QWEN",2021,65,1
"QWEN",2021,66,1
"QWEN",2021,67,1
"QWEN",2021,68,0.9
"QWEN",2021,69,1
"QWEN",2021,70,1
"QWEN",2021,71,1
"QWEN",2021,72,0.92
"QWEN",2021,73,1
"QWEN",2021,74,1
"QWEN",2021,75,1
"QWEN",2021,76,1
"QWEN",2021,77,1
"QWEN",2021,78,1
"QWEN",2021,79,1
"QWEN",2021,80,1
"QWEN",2021,81,1
"QWEN",2021,82,1
"QWEN",2021,83,1
"QWEN",2021,84,1
"QWEN",2021,85,1
"QWEN",2021,86,1
"QWEN",2021,87,1
"QWEN",2021,88,1
"QWEN",2021,89,1
"QWEN",2021,90,1
"QWEN",2021,91,1
"QWEN",2021,92,1
"QWEN",2021,93,0.56
"QWEN",2021,94,1
"QWEN",2021,95,1
"QWEN",2021,96,1
"QWEN",2021,97,1
"QWEN",2021,98,1
"QWEN",2021,99,1
"QWEN",2021,100,1
"QWEN",2021,101,1
"QWEN",2021,102,1
"QWEN",2021,103,1
"QWEN",2021,104,1
"QWEN",2021,105,1
"QWEN",2021,106,1
"QWEN",2021,107,1
"QWEN",2021,108,1
"QWEN",2021,109,1
"QWEN",2021,110,1
"QWEN",2021,111,1
"QWEN",2021,112,0.9
"QWEN",2021,113,1
"QWEN",2021,114,1
"QWEN",2021,115,1
"QWEN",2021,116,0.3
"QWEN",2021,117,1
"QWEN",2021,118,1
"QWEN",2021,119,1
"QWEN",2021,120,1
"QWEN",2021,121,1
"QWEN",2021,122,1
"QWEN",2021,123,1
"QWEN",2021,124,1
"QWEN",2021,125,1
"QWEN",2021,126,1
"QWEN",2021,127,1
"QWEN",2021,128,1
"QWEN",2021,129,1
"QWEN",2021,130,1
"QWEN",2021,131,1
"QWEN",2021,132,1
"QWEN",2021,133,1
"QWEN",2021,134,0.92
"QWEN",2021,135,1
"QWEN",2021,136,1
"QWEN",2021,137,1
"QWEN",2021,138,0
"QWEN",2021,139,1
"QWEN",2021,140,1
"QWEN",2022,1,1
"QWEN",2022,2,1
"QWEN",2022,3,1
"QWEN",2022,4,1
"QWEN",2022,5,1
"QWEN",2022,6,1
"QWEN",2022,7,1
"QWEN",2022,8,1
"QWEN",2022,9,1
"QWEN",2022,10,1
"QWEN",2022,11,1
"QWEN",2022,12,1
"QWEN",2022,13,1
"QWEN",2022,14,1
"QWEN",2022,15,1
"QWEN",2022,16,1
"QWEN",2022,17,1
"QWEN",2022,18,1
"QWEN",2022,19,1
"QWEN",2022,20,1
"QWEN",2022,21,1
"QWEN",2022,22,1
"QWEN",2022,23,1
"QWEN",2022,24,1
"QWEN",2022,25,1
"QWEN",2022,26,1
"QWEN",2022,27,1
"QWEN",2022,28,1
"QWEN",2022,29,1
"QWEN",2022,30,1
"QWEN",2022,31,1
"QWEN",2022,32,1
"QWEN",2022,33,1
"QWEN",2022,34,1
"QWEN",2022,35,1
"QWEN",2022,36,0.9
"QWEN",2022,37,1
"QWEN",2022,38,1
"QWEN",2022,39,1
"QWEN",2022,40,1
"QWEN",2022,41,1
"QWEN",2022,42,1
"QWEN",2022,43,1
"QWEN",2022,44,1
"QWEN",2022,45,1
"QWEN",2022,46,1
"QWEN",2022,47,1
"QWEN",2022,48,1
"QWEN",2022,49,1
"QWEN",2022,50,1
"QWEN",2022,51,1
"QWEN",2022,52,1
"QWEN",2022,53,1
"QWEN",2022,54,1
"QWEN",2022,55,1
"QWEN",2022,56,1
"QWEN",2022,57,1
"QWEN",2022,58,1
"QWEN",2022,59,1
"QWEN",2022,60,1
"QWEN",2022,61,1
"QWEN",2022,62,1
"QWEN",2022,63,1
"QWEN",2022,64,1
"QWEN",2022,65,1
"QWEN",2022,66,1
"QWEN",2022,67,1
"QWEN",2022,68,1
"QWEN",2022,69,1
"QWEN",2022,70,1
"QWEN",2022,71,1
"QWEN",2022,72,1
"QWEN",2022,73,1
"QWEN",2022,74,1
"QWEN",2022,75,1
"QWEN",2022,76,1
"QWEN",2022,77,1
"QWEN",2022,78,1
"QWEN",2022,79,1
"QWEN",2022,80,1
"QWEN",2022,81,1
"QWEN",2022,82,1
"QWEN",2022,83,1
"QWEN",2022,84,0
"QWEN",2022,85,0.94
"QWEN",2022,86,1
"QWEN",2022,87,1
"QWEN",2022,88,1
"QWEN",2022,89,1
"QWEN",2022,90,1
"QWEN",2022,91,1
"QWEN",2022,92,1
"QWEN",2022,93,1
"QWEN",2022,94,1
"QWEN",2022,95,1
"QWEN",2022,96,0.98
"QWEN",2022,97,1
"QWEN",2022,98,1
"QWEN",2022,99,1
"QWEN",2022,100,1
"QWEN",2022,101,1
"QWEN",2022,102,1
"QWEN",2022,103,1
"QWEN",2022,104,1
"QWEN",2022,105,1
"QWEN",2022,106,1
"QWEN",2022,107,1
"QWEN",2022,108,1
"QWEN",2022,109,1
"QWEN",2022,110,1
"QWEN",2022,111,0.12
"QWEN",2022,112,1
"QWEN",2022,113,1
"QWEN",2022,114,1
"QWEN",2022,115,1
"QWEN",2022,116,1
"QWEN",2022,117,1
"QWEN",2022,118,1
"QWEN",2022,119,0.74
"QWEN",2022,120,1
"QWEN",2022,121,0.98
"QWEN",2022,122,1
"QWEN",2022,123,1
"QWEN",2022,124,1
"QWEN",2022,125,1
"QWEN",2022,126,0.86
"QWEN",2022,127,0.94
"QWEN",2022,128,1
"QWEN",2022,129,1
"QWEN",2022,130,1
"QWEN",2022,131,1
"QWEN",2022,132,1
"QWEN",2022,133,1
"QWEN",2022,134,1
"QWEN",2022,135,1
"QWEN",2022,136,1
"QWEN",2022,137,1
"QWEN",2022,138,1
"QWEN",2022,139,0
"QWEN",2022,140,1
"QWEN",2023,1,0.82
"QWEN",2023,2,1
"QWEN",2023,3,1
"QWEN",2023,4,0.94
"QWEN",2023,5,1
"QWEN",2023,6,1
"QWEN",2023,7,1
"QWEN",2023,8,1
"QWEN",2023,9,0.66
"QWEN",2023,10,1
"QWEN",2023,11,1
"QWEN",2023,12,1
"QWEN",2023,13,1
"QWEN",2023,14,1
"QWEN",2023,15,1
"QWEN",2023,16,1
"QWEN",2023,17,1
"QWEN",2023,18,1
"QWEN",2023,19,1
"QWEN",2023,20,1
"QWEN",2023,21,1
"QWEN",2023,22,1
"QWEN",2023,23,1
"QWEN",2023,24,1
"QWEN",2023,25,1
"QWEN",2023,26,1
"QWEN",2023,27,1
"QWEN",2023,28,1
"QWEN",2023,29,1
"QWEN",2023,30,1
"QWEN",2023,31,1
"QWEN",2023,32,1
"QWEN",2023,33,1
"QWEN",2023,34,1
"QWEN",2023,35,1
"QWEN",2023,36,1
"QWEN",2023,37,1
"QWEN",2023,38,1
"QWEN",2023,39,1
"QWEN",2023,40,1
"QWEN",2023,41,0
"QWEN",2023,42,1
"QWEN",2023,43,1
"QWEN",2023,44,1
"QWEN",2023,45,1
"QWEN",2023,46,1
"QWEN",2023,47,1
"QWEN",2023,48,1
"QWEN",2023,49,1
"QWEN",2023,50,1
"QWEN",2023,51,1
"QWEN",2023,52,1
"QWEN",2023,53,1
"QWEN",2023,54,1
"QWEN",2023,55,1
"QWEN",2023,56,0.9
"QWEN",2023,57,1
"QWEN",2023,58,1
"QWEN",2023,59,1
"QWEN",2023,60,1
"QWEN",2023,61,1
"QWEN",2023,62,1
"QWEN",2023,63,1
"QWEN",2023,64,1
"QWEN",2023,65,1
"QWEN",2023,66,1
"QWEN",2023,67,1
"QWEN",2023,68,0.6
"QWEN",2023,69,1
"QWEN",2023,70,1
"QWEN",2023,71,0.18
"QWEN",2023,72,1
"QWEN",2023,73,0.02
"QWEN",2023,74,1
"QWEN",2023,75,1
"QWEN",2023,76,1
"QWEN",2023,77,1
"QWEN",2023,78,1
"QWEN",2023,79,1
"QWEN",2023,80,1
"QWEN",2023,81,1
"QWEN",2023,82,1
"QWEN",2023,83,1
"QWEN",2023,84,1
"QWEN",2023,85,1
"QWEN",2023,86,1
"QWEN",2023,87,1
"QWEN",2023,88,1
"QWEN",2023,89,1
"QWEN",2023,90,1
"QWEN",2023,91,1
"QWEN",2023,92,1
"QWEN",2023,93,1
"QWEN",2023,94,1
"QWEN",2023,95,1
"QWEN",2023,96,0.88
"QWEN",2023,97,1
"QWEN",2023,98,1
"QWEN",2023,99,1
"QWEN",2023,100,1
"QWEN",2023,101,1
"QWEN",2023,102,1
"QWEN",2023,103,1
"QWEN",2023,104,1
"QWEN",2023,105,1
"QWEN",2023,106,1
"QWEN",2023,107,1
"QWEN",2023,108,1
"QWEN",2023,109,1
"QWEN",2023,110,1
"QWEN",2023,111,0.32
"QWEN",2023,112,1
"QWEN",2023,113,1
"QWEN",2023,114,1
"QWEN",2023,115,1
"QWEN",2023,116,1
"QWEN",2023,117,1
"QWEN",2023,118,1
"QWEN",2023,119,1
"QWEN",2023,120,0.64
"QWEN",2023,121,1
"QWEN",2023,122,1
"QWEN",2023,123,1
"QWEN",2023,124,1
"QWEN",2023,125,1
"QWEN",2023,126,1
"QWEN",2023,127,1
"QWEN",2023,128,1
"QWEN",2023,129,1
"QWEN",2023,130,0.98
"QWEN",2023,131,1
"QWEN",2023,132,1
"QWEN",2023,133,1
"QWEN",2023,134,1
"QWEN",2023,135,1
"QWEN",2023,136,1
"QWEN",2023,137,1
"QWEN",2023,138,1
"QWEN",2023,139,1
"QWEN",2023,140,0.96
"QWEN",2024,1,1
"QWEN",2024,2,1
"QWEN",2024,3,1
"QWEN",2024,4,1
"QWEN",2024,5,1
"QWEN",2024,6,1
"QWEN",2024,7,1
"QWEN",2024,8,1
"QWEN",2024,9,0.72
"QWEN",2024,10,1
"QWEN",2024,11,1
"QWEN",2024,12,1
"QWEN",2024,13,0.92
"QWEN",2024,14,1
"QWEN",2024,15,1
"QWEN",2024,16,1
"QWEN",2024,17,1
"QWEN",2024,18,1
"QWEN",2024,19,1
"QWEN",2024,20,1
"QWEN",2024,21,1
"QWEN",2024,22,1
"QWEN",2024,23,0.5
"QWEN",2024,24,1
"QWEN",2024,25,1
"QWEN",2024,26,1
"QWEN",2024,27,1
"QWEN",2024,28,1
"QWEN",2024,29,1
"QWEN",2024,30,1
"QWEN",2024,31,1
"QWEN",2024,32,1
"QWEN",2024,33,1
"QWEN",2024,34,1
"QWEN",2024,35,1
"QWEN",2024,36,1
"QWEN",2024,37,1
"QWEN",2024,38,1
"QWEN",2024,39,1
"QWEN",2024,40,1
"QWEN",2024,41,1
"QWEN",2024,42,1
"QWEN",2024,43,1
"QWEN",2024,44,1
"QWEN",2024,45,1
"QWEN",2024,46,1
"QWEN",2024,47,1
"QWEN",2024,48,1
"QWEN",2024,49,1
"QWEN",2024,50,1
"QWEN",2024,51,1
"QWEN",2024,52,1
"QWEN",2024,53,1
"QWEN",2024,54,1
"QWEN",2024,55,0.86
"QWEN",2024,56,1
"QWEN",2024,57,1
"QWEN",2024,58,1
"QWEN",2024,59,0.86
"QWEN",2024,60,1
"QWEN",2024,61,1
"QWEN",2024,62,1
"QWEN",2024,63,1
"QWEN",2024,64,0.98
"QWEN",2024,65,1
"QWEN",2024,66,1
"QWEN",2024,67,0.98
"QWEN",2024,68,1
"QWEN",2024,69,1
"QWEN",2024,70,1
"QWEN",2024,71,1
"QWEN",2024,72,1
"QWEN",2024,73,1
"QWEN",2024,74,1
"QWEN",2024,75,1
"QWEN",2024,76,1
"QWEN",2024,77,1
"QWEN",2024,78,1
"QWEN",2024,79,1
"QWEN",2024,80,1
"QWEN",2024,81,1
"QWEN",2024,82,1
"QWEN",2024,83,1
"QWEN",2024,84,0.92
"QWEN",2024,85,1
"QWEN",2024,86,1
"QWEN",2024,87,1
"QWEN",2024,88,1
"QWEN",2024,89,1
"QWEN",2024,90,1
"QWEN",2024,91,1
"QWEN",2024,92,1
"QWEN",2024,93,1
"QWEN",2024,94,1
"QWEN",2024,95,1
"QWEN",2024,96,1
"QWEN",2024,97,1
"QWEN",2024,98,1
"QWEN",2024,99,1
"QWEN",2024,100,1
"QWEN",2024,101,1
"QWEN",2024,102,1
"QWEN",2024,103,1
"QWEN",2024,104,1
"QWEN",2024,105,1
"QWEN",2024,106,1
"QWEN",2024,107,1
"QWEN",2024,108,1
"QWEN",2024,109,0.7
"QWEN",2024,110,1
"QWEN",2024,111,1
"QWEN",2024,112,1
"QWEN",2024,113,0.9
"QWEN",2024,114,1
"QWEN",2024,115,1
"QWEN",2024,116,1
"QWEN",2024,117,1
"QWEN",2024,118,1
"QWEN",2024,119,1
"QWEN",2024,120,0.28
"QWEN",2024,121,1
"QWEN",2024,122,1
"QWEN",2024,123,1
"QWEN",2024,124,1
"QWEN",2024,125,1
"QWEN",2024,126,0.26
"QWEN",2024,127,0.26
"QWEN",2024,128,1
"QWEN",2024,129,1
"QWEN",2024,130,1
"QWEN",2024,131,1
"QWEN",2024,132,1
"QWEN",2024,133,0
"QWEN",2024,134,0.52
"QWEN",2024,135,1
"QWEN",2024,136,1
"QWEN",2024,137,1
"QWEN",2024,138,0.6
"QWEN",2024,139,1
"QWEN",2024,140,1
"MG4B",2020,1,1
"MG4B",2020,2,1
"MG4B",2020,3,1
"MG4B",2020,4,1
"MG4B",2020,5,1
"MG4B",2020,6,0.98
"MG4B",2020,7,0.96
"MG4B",2020,8,0.16
"MG4B",2020,9,0.86
"MG4B",2020,10,1
"MG4B",2020,11,0.42
"MG4B",2020,12,0.94
"MG4B",2020,13,0.56
"MG4B",2020,14,1
"MG4B",2020,15,1
"MG4B",2020,16,0.98
"MG4B",2020,17,0.68
"MG4B",2020,18,1
"MG4B",2020,19,1
"MG4B",2020,20,1
"MG4B",2020,21,0.98
"MG4B",2020,22,1
"MG4B",2020,23,1
"MG4B",2020,24,0.38
"MG4B",2020,25,1
"MG4B",2020,26,0.28
"MG4B",2020,27,0.98
"MG4B",2020,28,1
"MG4B",2020,29,0.38
"MG4B",2020,30,1
"MG4B",2020,31,0.84
"MG4B",2020,32,0.18
"MG4B",2020,33,0.54
"MG4B",2020,34,0.12
"MG4B",2020,35,0.16
"MG4B",2020,36,0.98
"MG4B",2020,37,0.98
"MG4B",2020,38,0.88
"MG4B",2020,39,0.94
"MG4B",2020,40,0.9
"MG4B",2020,41,1
"MG4B",2020,42,0.62
"MG4B",2020,43,0.9
"MG4B",2020,44,0.96
"MG4B",2020,45,1
"MG4B",2020,46,1
"MG4B",2020,47,0.86
"MG4B",2020,48,1
"MG4B",2020,49,0.48
"MG4B",2020,50,0.54
"MG4B",2020,51,0.98
"MG4B",2020,52,0.7
"MG4B",2020,53,0.2
"MG4B",2020,54,1
"MG4B",2020,55,1
"MG4B",2020,56,0.62
"MG4B",2020,57,1
"MG4B",2020,58,0.94
"MG4B",2020,59,1
"MG4B",2020,60,1
"MG4B",2020,61,1
"MG4B",2020,62,0.5
"MG4B",2020,63,0.78
"MG4B",2020,64,1
"MG4B",2020,65,1
"MG4B",2020,66,0.92
"MG4B",2020,67,0.74
"MG4B",2020,68,0.58
"MG4B",2020,69,0.02
"MG4B",2020,70,0.2
"MG4B",2020,71,1
"MG4B",2020,72,0.68
"MG4B",2020,73,0.28
"MG4B",2020,74,1
"MG4B",2020,75,0.98
"MG4B",2020,76,0.96
"MG4B",2020,77,0.94
"MG4B",2020,78,1
"MG4B",2020,79,1
"MG4B",2020,80,0.88
"MG4B",2020,81,0.94
"MG4B",2020,82,0.86
"MG4B",2020,83,0.28
"MG4B",2020,84,0.9
"MG4B",2020,85,0.12
"MG4B",2020,86,1
"MG4B",2020,87,0.1
"MG4B",2020,88,1
"MG4B",2020,89,1
"MG4B",2020,90,1
"MG4B",2020,91,1
"MG4B",2020,92,0.4
"MG4B",2020,93,0.18
"MG4B",2020,94,1
"MG4B",2020,95,0.46
"MG4B",2020,96,0.98
"MG4B",2020,97,0.96
"MG4B",2020,98,1
"MG4B",2020,99,1
"MG4B",2020,100,0.82
"MG4B",2020,101,0.98
"MG4B",2020,102,1
"MG4B",2020,103,0.8
"MG4B",2020,104,0.14
"MG4B",2020,105,0.9
"MG4B",2020,106,1
"MG4B",2020,107,1
"MG4B",2020,108,1
"MG4B",2020,109,1
"MG4B",2020,110,1
"MG4B",2020,111,0.98
"MG4B",2020,112,0.16
"MG4B",2020,113,0.98
"MG4B",2020,114,1
"MG4B",2020,115,0.48
"MG4B",2020,116,1
"MG4B",2020,117,0.84
"MG4B",2020,118,0.86
"MG4B",2020,119,0.92
"MG4B",2020,120,0.32
"MG4B",2020,121,0.94
"MG4B",2020,122,0.78
"MG4B",2020,123,0.98
"MG4B",2020,124,0.12
"MG4B",2020,125,0.14
"MG4B",2020,126,0.8
"MG4B",2020,127,1
"MG4B",2020,128,0.22
"MG4B",2020,129,1
"MG4B",2020,130,0.9
"MG4B",2020,131,1
"MG4B",2020,132,0.82
"MG4B",2020,133,0.5
"MG4B",2020,134,0.44
"MG4B",2020,135,0.98
"MG4B",2020,136,0.96
"MG4B",2020,137,0.94
"MG4B",2020,138,0.12
"MG4B",2020,139,0.98
"MG4B",2020,140,0.9
"MG4B",2021,1,0.96
"MG4B",2021,2,0.68
"MG4B",2021,3,1
"MG4B",2021,4,0.8
"MG4B",2021,5,0.98
"MG4B",2021,6,0.32
"MG4B",2021,7,0.7
"MG4B",2021,8,0.94
"MG4B",2021,9,0.2
"MG4B",2021,10,1
"MG4B",2021,11,1
"MG4B",2021,12,0.4
"MG4B",2021,13,0.7
"MG4B",2021,14,0.66
"MG4B",2021,15,0.76
"MG4B",2021,16,0.94
"MG4B",2021,17,0.74
"MG4B",2021,18,0.8
"MG4B",2021,19,0.76
"MG4B",2021,20,1
"MG4B",2021,21,0.62
"MG4B",2021,22,0.74
"MG4B",2021,23,0.98
"MG4B",2021,24,1
"MG4B",2021,25,0.9
"MG4B",2021,26,1
"MG4B",2021,27,0.64
"MG4B",2021,28,1
"MG4B",2021,29,1
"MG4B",2021,30,1
"MG4B",2021,31,1
"MG4B",2021,32,0.84
"MG4B",2021,33,0.82
"MG4B",2021,34,0.94
"MG4B",2021,35,1
"MG4B",2021,36,0.94
"MG4B",2021,37,0.64
"MG4B",2021,38,0.78
"MG4B",2021,39,1
"MG4B",2021,40,1
"MG4B",2021,41,1
"MG4B",2021,42,0.98
"MG4B",2021,43,0.28
"MG4B",2021,44,1
"MG4B",2021,45,1
"MG4B",2021,46,1
"MG4B",2021,47,0.9
"MG4B",2021,48,1
"MG4B",2021,49,1
"MG4B",2021,50,0.74
"MG4B",2021,51,1
"MG4B",2021,52,0.94
"MG4B",2021,53,1
"MG4B",2021,54,1
"MG4B",2021,55,1
"MG4B",2021,56,0.94
"MG4B",2021,57,0.8
"MG4B",2021,58,0.72
"MG4B",2021,59,0.6
"MG4B",2021,60,1
"MG4B",2021,61,0.94
"MG4B",2021,62,1
"MG4B",2021,63,0.98
"MG4B",2021,64,0.7
"MG4B",2021,65,0.58
"MG4B",2021,66,0.82
"MG4B",2021,67,1
"MG4B",2021,68,0.86
"MG4B",2021,69,0.98
"MG4B",2021,70,0.28
"MG4B",2021,71,0.06
"MG4B",2021,72,1
"MG4B",2021,73,1
"MG4B",2021,74,0.9
"MG4B",2021,75,1
"MG4B",2021,76,1
"MG4B",2021,77,0.3
"MG4B",2021,78,1
"MG4B",2021,79,1
"MG4B",2021,80,0.36
"MG4B",2021,81,1
"MG4B",2021,82,0.78
"MG4B",2021,83,0.04
"MG4B",2021,84,0.76
"MG4B",2021,85,0.96
"MG4B",2021,86,0.6
"MG4B",2021,87,0.82
"MG4B",2021,88,0.98
"MG4B",2021,89,0.8
"MG4B",2021,90,0.34
"MG4B",2021,91,0.86
"MG4B",2021,92,0.34
"MG4B",2021,93,0.84
"MG4B",2021,94,0.9
"MG4B",2021,95,0.34
"MG4B",2021,96,0.92
"MG4B",2021,97,0.98
"MG4B",2021,98,0.66
"MG4B",2021,99,0.28
"MG4B",2021,100,0.84
"MG4B",2021,101,0.6
"MG4B",2021,102,0.98
"MG4B",2021,103,1
"MG4B",2021,104,0.82
"MG4B",2021,105,0.9
"MG4B",2021,106,0.82
"MG4B",2021,107,0.52
"MG4B",2021,108,0.94
"MG4B",2021,109,0.86
"MG4B",2021,110,1
"MG4B",2021,111,0.84
"MG4B",2021,112,0.32
"MG4B",2021,113,0.98
"MG4B",2021,114,0.64
"MG4B",2021,115,0.44
"MG4B",2021,116,0.16
"MG4B",2021,117,0.84
"MG4B",2021,118,1
"MG4B",2021,119,0.98
"MG4B",2021,120,0.64
"MG4B",2021,121,0.92
"MG4B",2021,122,0.7
"MG4B",2021,123,0.84
"MG4B",2021,124,0.96
"MG4B",2021,125,0.28
"MG4B",2021,126,0.8
"MG4B",2021,127,1
"MG4B",2021,128,0.66
"MG4B",2021,129,0.96
"MG4B",2021,130,1
"MG4B",2021,131,0.44
"MG4B",2021,132,0.48
"MG4B",2021,133,0.74
"MG4B",2021,134,0.12
"MG4B",2021,135,0.28
"MG4B",2021,136,0.96
"MG4B",2021,137,0.04
"MG4B",2021,138,0.08
"MG4B",2021,139,0.94
"MG4B",2021,140,1
"MG4B",2022,1,1
"MG4B",2022,2,0.96
"MG4B",2022,3,1
"MG4B",2022,4,0.84
"MG4B",2022,5,0.36
"MG4B",2022,6,0.9
"MG4B",2022,7,0.74
"MG4B",2022,8,0.36
"MG4B",2022,9,0.44
"MG4B",2022,10,0.74
"MG4B",2022,11,0.48
"MG4B",2022,12,0.52
"MG4B",2022,13,0.1
"MG4B",2022,14,0.98
"MG4B",2022,15,1
"MG4B",2022,16,1
"MG4B",2022,17,0.94
"MG4B",2022,18,1
"MG4B",2022,19,1
"MG4B",2022,20,1
"MG4B",2022,21,1
"MG4B",2022,22,0.54
"MG4B",2022,23,0.06
"MG4B",2022,24,0.58
"MG4B",2022,25,0.5
"MG4B",2022,26,1
"MG4B",2022,27,1
"MG4B",2022,28,1
"MG4B",2022,29,1
"MG4B",2022,30,0.74
"MG4B",2022,31,0.64
"MG4B",2022,32,0.74
"MG4B",2022,33,1
"MG4B",2022,34,0.04
"MG4B",2022,35,0.94
"MG4B",2022,36,0.36
"MG4B",2022,37,0.72
"MG4B",2022,38,0.98
"MG4B",2022,39,0.9
"MG4B",2022,40,1
"MG4B",2022,41,1
"MG4B",2022,42,1
"MG4B",2022,43,0.98
"MG4B",2022,44,0.62
"MG4B",2022,45,1
"MG4B",2022,46,1
"MG4B",2022,47,0.92
"MG4B",2022,48,0.58
"MG4B",2022,49,1
"MG4B",2022,50,0.64
"MG4B",2022,51,1
"MG4B",2022,52,1
"MG4B",2022,53,1
"MG4B",2022,54,0.84
"MG4B",2022,55,0.78
"MG4B",2022,56,1
"MG4B",2022,57,1
"MG4B",2022,58,0.34
"MG4B",2022,59,1
"MG4B",2022,60,0.84
"MG4B",2022,61,0.46
"MG4B",2022,62,0.96
"MG4B",2022,63,0.88
"MG4B",2022,64,1
"MG4B",2022,65,1
"MG4B",2022,66,1
"MG4B",2022,67,1
"MG4B",2022,68,0.8
"MG4B",2022,69,0.36
"MG4B",2022,70,0.6
"MG4B",2022,71,0.96
"MG4B",2022,72,0.6
"MG4B",2022,73,0.58
"MG4B",2022,74,0.82
"MG4B",2022,75,0.98
"MG4B",2022,76,0.2
"MG4B",2022,77,0.92
"MG4B",2022,78,1
"MG4B",2022,79,0.94
"MG4B",2022,80,1
"MG4B",2022,81,1
"MG4B",2022,82,1
"MG4B",2022,83,0.64
"MG4B",2022,84,0.04
"MG4B",2022,85,0.66
"MG4B",2022,86,0.86
"MG4B",2022,87,0.74
"MG4B",2022,88,1
"MG4B",2022,89,0.86
"MG4B",2022,90,0.88
"MG4B",2022,91,0.96
"MG4B",2022,92,0.08
"MG4B",2022,93,1
"MG4B",2022,94,0.92
"MG4B",2022,95,1
"MG4B",2022,96,0.5
"MG4B",2022,97,0.22
"MG4B",2022,98,0.98
"MG4B",2022,99,0.62
"MG4B",2022,100,1
"MG4B",2022,101,0.98
"MG4B",2022,102,1
"MG4B",2022,103,1
"MG4B",2022,104,1
"MG4B",2022,105,0.92
"MG4B",2022,106,0.9
"MG4B",2022,107,0.76
"MG4B",2022,108,0.32
"MG4B",2022,109,0.66
"MG4B",2022,110,0.92
"MG4B",2022,111,0.44
"MG4B",2022,112,1
"MG4B",2022,113,1
"MG4B",2022,114,0.86
"MG4B",2022,115,1
"MG4B",2022,116,0.48
"MG4B",2022,117,0.5
"MG4B",2022,118,0.58
"MG4B",2022,119,0.5
"MG4B",2022,120,0.72
"MG4B",2022,121,0.44
"MG4B",2022,122,0.84
"MG4B",2022,123,0.96
"MG4B",2022,124,0.82
"MG4B",2022,125,0.68
"MG4B",2022,126,0.1
"MG4B",2022,127,0.56
"MG4B",2022,128,1
"MG4B",2022,129,0.92
"MG4B",2022,130,0.28
"MG4B",2022,131,1
"MG4B",2022,132,1
"MG4B",2022,133,0.92
"MG4B",2022,134,0.86
"MG4B",2022,135,0.2
"MG4B",2022,136,0.4
"MG4B",2022,137,0.4
"MG4B",2022,138,0.04
"MG4B",2022,139,0.54
"MG4B",2022,140,1
"MG4B",2023,1,0.24
"MG4B",2023,2,0.94
"MG4B",2023,3,0.96
"MG4B",2023,4,0.4
"MG4B",2023,5,0.9
"MG4B",2023,6,1
"MG4B",2023,7,1
"MG4B",2023,8,1
"MG4B",2023,9,0.68
"MG4B",2023,10,0.74
"MG4B",2023,11,0.92
"MG4B",2023,12,1
"MG4B",2023,13,0.44
"MG4B",2023,14,1
"MG4B",2023,15,1
"MG4B",2023,16,1
"MG4B",2023,17,1
"MG4B",2023,18,1
"MG4B",2023,19,0.86
"MG4B",2023,20,1
"MG4B",2023,21,0.74
"MG4B",2023,22,0.34
"MG4B",2023,23,0.22
"MG4B",2023,24,0.08
"MG4B",2023,25,0.92
"MG4B",2023,26,0.96
"MG4B",2023,27,0.98
"MG4B",2023,28,1
"MG4B",2023,29,0.84
"MG4B",2023,30,1
"MG4B",2023,31,0.96
"MG4B",2023,32,0.96
"MG4B",2023,33,0.66
"MG4B",2023,34,1
"MG4B",2023,35,0.94
"MG4B",2023,36,0.78
"MG4B",2023,37,1
"MG4B",2023,38,0.52
"MG4B",2023,39,0.84
"MG4B",2023,40,0.84
"MG4B",2023,41,0.6
"MG4B",2023,42,0.66
"MG4B",2023,43,1
"MG4B",2023,44,1
"MG4B",2023,45,0.34
"MG4B",2023,46,0.98
"MG4B",2023,47,0.98
"MG4B",2023,48,1
"MG4B",2023,49,1
"MG4B",2023,50,1
"MG4B",2023,51,0.96
"MG4B",2023,52,1
"MG4B",2023,53,1
"MG4B",2023,54,0.94
"MG4B",2023,55,0.7
"MG4B",2023,56,0.08
"MG4B",2023,57,0.92
"MG4B",2023,58,1
"MG4B",2023,59,1
"MG4B",2023,60,1
"MG4B",2023,61,0.98
"MG4B",2023,62,1
"MG4B",2023,63,0.88
"MG4B",2023,64,0.98
"MG4B",2023,65,0.98
"MG4B",2023,66,0.96
"MG4B",2023,67,0.74
"MG4B",2023,68,0.12
"MG4B",2023,69,0.68
"MG4B",2023,70,0.94
"MG4B",2023,71,0.5
"MG4B",2023,72,0.92
"MG4B",2023,73,0.48
"MG4B",2023,74,0.4
"MG4B",2023,75,1
"MG4B",2023,76,0.82
"MG4B",2023,77,0.88
"MG4B",2023,78,1
"MG4B",2023,79,0.48
"MG4B",2023,80,1
"MG4B",2023,81,0.94
"MG4B",2023,82,1
"MG4B",2023,83,0.74
"MG4B",2023,84,1
"MG4B",2023,85,1
"MG4B",2023,86,1
"MG4B",2023,87,1
"MG4B",2023,88,0.58
"MG4B",2023,89,0.96
"MG4B",2023,90,0.96
"MG4B",2023,91,1
"MG4B",2023,92,1
"MG4B",2023,93,0.7
"MG4B",2023,94,0.8
"MG4B",2023,95,1
"MG4B",2023,96,0
"MG4B",2023,97,0.98
"MG4B",2023,98,0.9
"MG4B",2023,99,1
"MG4B",2023,100,1
"MG4B",2023,101,0.84
"MG4B",2023,102,1
"MG4B",2023,103,1
"MG4B",2023,104,1
"MG4B",2023,105,1
"MG4B",2023,106,0.84
"MG4B",2023,107,0.9
"MG4B",2023,108,0.92
"MG4B",2023,109,0.98
"MG4B",2023,110,1
"MG4B",2023,111,0.78
"MG4B",2023,112,0.98
"MG4B",2023,113,1
"MG4B",2023,114,1
"MG4B",2023,115,0
"MG4B",2023,116,0.98
"MG4B",2023,117,0.94
"MG4B",2023,118,0.68
"MG4B",2023,119,0.98
"MG4B",2023,120,0.6
"MG4B",2023,121,0.86
"MG4B",2023,122,1
"MG4B",2023,123,0.16
"MG4B",2023,124,0.56
"MG4B",2023,125,1
"MG4B",2023,126,1
"MG4B",2023,127,0.68
"MG4B",2023,128,0
"MG4B",2023,129,1
"MG4B",2023,130,0.22
"MG4B",2023,131,0.3
"MG4B",2023,132,0.96
"MG4B",2023,133,0.54
"MG4B",2023,134,0.72
"MG4B",2023,135,0.96
"MG4B",2023,136,0.48
"MG4B",2023,137,0.78
"MG4B",2023,138,1
"MG4B",2023,139,1
"MG4B",2023,140,0.36
"MG4B",2024,1,0.82
"MG4B",2024,2,0.96
"MG4B",2024,3,0.94
"MG4B",2024,4,0.94
"MG4B",2024,5,1
"MG4B",2024,6,1
"MG4B",2024,7,1
"MG4B",2024,8,1
"MG4B",2024,9,0.9
"MG4B",2024,10,0.94
"MG4B",2024,11,0.72
"MG4B",2024,12,1
"MG4B",2024,13,0.54
"MG4B",2024,14,0.34
"MG4B",2024,15,0
"MG4B",2024,16,0.36
"MG4B",2024,17,0.38
"MG4B",2024,18,1
"MG4B",2024,19,1
"MG4B",2024,20,0.42
"MG4B",2024,21,1
"MG4B",2024,22,0.86
"MG4B",2024,23,0.4
"MG4B",2024,24,0.18
"MG4B",2024,25,0.62
"MG4B",2024,26,0.5
"MG4B",2024,27,0.68
"MG4B",2024,28,0.88
"MG4B",2024,29,0.98
"MG4B",2024,30,0.9
"MG4B",2024,31,1
"MG4B",2024,32,0.88
"MG4B",2024,33,0.62
"MG4B",2024,34,0.86
"MG4B",2024,35,1
"MG4B",2024,36,0.88
"MG4B",2024,37,0.62
"MG4B",2024,38,0.44
"MG4B",2024,39,0.76
"MG4B",2024,40,0.58
"MG4B",2024,41,0.92
"MG4B",2024,42,0.68
"MG4B",2024,43,1
"MG4B",2024,44,0.02
"MG4B",2024,45,1
"MG4B",2024,46,0.26
"MG4B",2024,47,1
"MG4B",2024,48,0.88
"MG4B",2024,49,0.9
"MG4B",2024,50,0.98
"MG4B",2024,51,0.94
"MG4B",2024,52,1
"MG4B",2024,53,1
"MG4B",2024,54,1
"MG4B",2024,55,0.1
"MG4B",2024,56,0.94
"MG4B",2024,57,0.7
"MG4B",2024,58,0.06
"MG4B",2024,59,0.04
"MG4B",2024,60,0.66
"MG4B",2024,61,0.14
"MG4B",2024,62,0.62
"MG4B",2024,63,0.74
"MG4B",2024,64,0.46
"MG4B",2024,65,0
"MG4B",2024,66,0.9
"MG4B",2024,67,0.76
"MG4B",2024,68,0.98
"MG4B",2024,69,1
"MG4B",2024,70,1
"MG4B",2024,71,1
"MG4B",2024,72,1
"MG4B",2024,73,0.24
"MG4B",2024,74,0.98
"MG4B",2024,75,1
"MG4B",2024,76,1
"MG4B",2024,77,1
"MG4B",2024,78,0.96
"MG4B",2024,79,0.94
"MG4B",2024,80,1
"MG4B",2024,81,0.76
"MG4B",2024,82,1
"MG4B",2024,83,0.88
"MG4B",2024,84,0.02
"MG4B",2024,85,1
"MG4B",2024,86,0.98
"MG4B",2024,87,1
"MG4B",2024,88,0.56
"MG4B",2024,89,0.98
"MG4B",2024,90,1
"MG4B",2024,91,0.86
"MG4B",2024,92,1
"MG4B",2024,93,0.96
"MG4B",2024,94,1
"MG4B",2024,95,1
"MG4B",2024,96,0.48
"MG4B",2024,97,1
"MG4B",2024,98,1
"MG4B",2024,99,0.86
"MG4B",2024,100,0.98
"MG4B",2024,101,1
"MG4B",2024,102,0.06
"MG4B",2024,103,0.94
"MG4B",2024,104,0.46
"MG4B",2024,105,1
"MG4B",2024,106,1
"MG4B",2024,107,0.4
"MG4B",2024,108,0.98
"MG4B",2024,109,0.52
"MG4B",2024,110,0.44
"MG4B",2024,111,1
"MG4B",2024,112,0.98
"MG4B",2024,113,0.78
"MG4B",2024,114,1
"MG4B",2024,115,0.98
"MG4B",2024,116,0.56
"MG4B",2024,117,0.98
"MG4B",2024,118,0.74
"MG4B",2024,119,0.9
"MG4B",2024,120,0.36
"MG4B",2024,121,0.92
"MG4B",2024,122,0.84
"MG4B",2024,123,1
"MG4B",2024,124,1
"MG4B",2024,125,0.62
"MG4B",2024,126,0.98
"MG4B",2024,127,0.08
"MG4B",2024,128,0.3
"MG4B",2024,129,1
"MG4B",2024,130,1
"MG4B",2024,131,1
"MG4B",2024,132,1
"MG4B",2024,133,0
"MG4B",2024,134,0.04
"MG4B",2024,135,0.62
"MG4B",2024,136,0.86
"MG4B",2024,137,1
"MG4B",2024,138,0.32
"MG4B",2024,139,1
"MG4B",2024,140,0.9
"MT8B",2020,1,1
"MT8B",2020,2,0.32
"MT8B",2020,3,1
"MT8B",2020,4,1
"MT8B",2020,5,1
"MT8B",2020,6,0.86
"MT8B",2020,7,1
"MT8B",2020,8,0.26
"MT8B",2020,9,0.32
"MT8B",2020,10,1
"MT8B",2020,11,0
"MT8B",2020,12,1
"MT8B",2020,13,0.42
"MT8B",2020,14,0.32
"MT8B",2020,15,1
"MT8B",2020,16,0.52
"MT8B",2020,17,1
"MT8B",2020,18,1
"MT8B",2020,19,1
"MT8B",2020,20,1
"MT8B",2020,21,0.88
"MT8B",2020,22,0.96
"MT8B",2020,23,1
"MT8B",2020,24,0.54
"MT8B",2020,25,0.96
"MT8B",2020,26,0.38
"MT8B",2020,27,0.52
"MT8B",2020,28,1
"MT8B",2020,29,0.08
"MT8B",2020,30,0.08
"MT8B",2020,31,0.1
"MT8B",2020,32,0.02
"MT8B",2020,33,0.88
"MT8B",2020,34,0.02
"MT8B",2020,35,0.12
"MT8B",2020,36,0.96
"MT8B",2020,37,1
"MT8B",2020,38,1
"MT8B",2020,39,0
"MT8B",2020,40,0.52
"MT8B",2020,41,1
"MT8B",2020,42,0.14
"MT8B",2020,43,0.58
"MT8B",2020,44,1
"MT8B",2020,45,0.42
"MT8B",2020,46,1
"MT8B",2020,47,0
"MT8B",2020,48,1
"MT8B",2020,49,0.02
"MT8B",2020,50,0
"MT8B",2020,51,1
"MT8B",2020,52,0.52
"MT8B",2020,53,0.64
"MT8B",2020,54,1
"MT8B",2020,55,0.3
"MT8B",2020,56,0.28
"MT8B",2020,57,1
"MT8B",2020,58,0.98
"MT8B",2020,59,0.98
"MT8B",2020,60,1
"MT8B",2020,61,0.92
"MT8B",2020,62,0.28
"MT8B",2020,63,1
"MT8B",2020,64,0.42
"MT8B",2020,65,0.84
"MT8B",2020,66,1
"MT8B",2020,67,0.94
"MT8B",2020,68,0.86
"MT8B",2020,69,0.04
"MT8B",2020,70,0.26
"MT8B",2020,71,1
"MT8B",2020,72,0.24
"MT8B",2020,73,0.72
"MT8B",2020,74,1
"MT8B",2020,75,0.38
"MT8B",2020,76,0.76
"MT8B",2020,77,0.48
"MT8B",2020,78,1
"MT8B",2020,79,0.5
"MT8B",2020,80,0
"MT8B",2020,81,0.32
"MT8B",2020,82,0.82
"MT8B",2020,83,0
"MT8B",2020,84,0.7
"MT8B",2020,85,0
"MT8B",2020,86,1
"MT8B",2020,87,0
"MT8B",2020,88,0.78
"MT8B",2020,89,0.94
"MT8B",2020,90,1
"MT8B",2020,91,1
"MT8B",2020,92,0
"MT8B",2020,93,0
"MT8B",2020,94,1
"MT8B",2020,95,0.98
"MT8B",2020,96,1
"MT8B",2020,97,1
"MT8B",2020,98,1
"MT8B",2020,99,1
"MT8B",2020,100,1
"MT8B",2020,101,1
"MT8B",2020,102,1
"MT8B",2020,103,0.66
"MT8B",2020,104,0.06
"MT8B",2020,105,0.1
"MT8B",2020,106,1
"MT8B",2020,107,1
"MT8B",2020,108,1
"MT8B",2020,109,1
"MT8B",2020,110,1
"MT8B",2020,111,0
"MT8B",2020,112,0.84
"MT8B",2020,113,0.9
"MT8B",2020,114,1
"MT8B",2020,115,0.48
"MT8B",2020,116,0.04
"MT8B",2020,117,1
"MT8B",2020,118,0.84
"MT8B",2020,119,0.7
"MT8B",2020,120,0.56
"MT8B",2020,121,0.06
"MT8B",2020,122,1
"MT8B",2020,123,0.9
"MT8B",2020,124,0
"MT8B",2020,125,0.32
"MT8B",2020,126,0.88
"MT8B",2020,127,1
"MT8B",2020,128,0
"MT8B",2020,129,1
"MT8B",2020,130,0.6
"MT8B",2020,131,0.88
"MT8B",2020,132,0.82
"MT8B",2020,133,0.64
"MT8B",2020,134,0
"MT8B",2020,135,0.22
"MT8B",2020,136,1
"MT8B",2020,137,0.7
"MT8B",2020,138,0
"MT8B",2020,139,1
"MT8B",2020,140,1
"MT8B",2021,1,1
"MT8B",2021,2,0.92
"MT8B",2021,3,0.16
"MT8B",2021,4,1
"MT8B",2021,5,0.72
"MT8B",2021,6,0.96
"MT8B",2021,7,0.98
"MT8B",2021,8,0
"MT8B",2021,9,1
"MT8B",2021,10,0.08
"MT8B",2021,11,1
"MT8B",2021,12,0.26
"MT8B",2021,13,0.76
"MT8B",2021,14,0.48
"MT8B",2021,15,0.7
"MT8B",2021,16,1
"MT8B",2021,17,0
"MT8B",2021,18,1
"MT8B",2021,19,0.1
"MT8B",2021,20,0
"MT8B",2021,21,0.98
"MT8B",2021,22,0.1
"MT8B",2021,23,1
"MT8B",2021,24,0.42
"MT8B",2021,25,0.86
"MT8B",2021,26,0.96
"MT8B",2021,27,0.96
"MT8B",2021,28,0.92
"MT8B",2021,29,1
"MT8B",2021,30,1
"MT8B",2021,31,1
"MT8B",2021,32,0.62
"MT8B",2021,33,0.62
"MT8B",2021,34,0.06
"MT8B",2021,35,1
"MT8B",2021,36,1
"MT8B",2021,37,0.02
"MT8B",2021,38,0.86
"MT8B",2021,39,0.98
"MT8B",2021,40,1
"MT8B",2021,41,1
"MT8B",2021,42,0.86
"MT8B",2021,43,0.22
"MT8B",2021,44,1
"MT8B",2021,45,0.94
"MT8B",2021,46,0.9
"MT8B",2021,47,0.02
"MT8B",2021,48,1
"MT8B",2021,49,1
"MT8B",2021,50,0.78
"MT8B",2021,51,1
"MT8B",2021,52,1
"MT8B",2021,53,1
"MT8B",2021,54,1
"MT8B",2021,55,0.92
"MT8B",2021,56,0.8
"MT8B",2021,57,0.28
"MT8B",2021,58,0.02
"MT8B",2021,59,0.46
"MT8B",2021,60,0.88
"MT8B",2021,61,0.16
"MT8B",2021,62,1
"MT8B",2021,63,0.6
"MT8B",2021,64,0.96
"MT8B",2021,65,0.88
"MT8B",2021,66,1
"MT8B",2021,67,0.04
"MT8B",2021,68,0.12
"MT8B",2021,69,0.04
"MT8B",2021,70,0.44
"MT8B",2021,71,0.08
"MT8B",2021,72,0.34
"MT8B",2021,73,1
"MT8B",2021,74,0.24
"MT8B",2021,75,0.82
"MT8B",2021,76,0.64
"MT8B",2021,77,0.34
"MT8B",2021,78,1
"MT8B",2021,79,0.62
"MT8B",2021,80,0.1
"MT8B",2021,81,1
"MT8B",2021,82,0.44
"MT8B",2021,83,0.02
"MT8B",2021,84,0.86
"MT8B",2021,85,1
"MT8B",2021,86,0.1
"MT8B",2021,87,0.14
"MT8B",2021,88,1
"MT8B",2021,89,0.98
"MT8B",2021,90,0.06
"MT8B",2021,91,0.94
"MT8B",2021,92,0
"MT8B",2021,93,0.8
"MT8B",2021,94,0
"MT8B",2021,95,0
"MT8B",2021,96,0.74
"MT8B",2021,97,0.76
"MT8B",2021,98,1
"MT8B",2021,99,0.26
"MT8B",2021,100,0.96
"MT8B",2021,101,0.86
"MT8B",2021,102,1
"MT8B",2021,103,1
"MT8B",2021,104,1
"MT8B",2021,105,0.3
"MT8B",2021,106,0.98
"MT8B",2021,107,0.18
"MT8B",2021,108,0.62
"MT8B",2021,109,0.02
"MT8B",2021,110,1
"MT8B",2021,111,0.72
"MT8B",2021,112,0.02
"MT8B",2021,113,0
"MT8B",2021,114,0.44
"MT8B",2021,115,1
"MT8B",2021,116,0.16
"MT8B",2021,117,1
"MT8B",2021,118,1
"MT8B",2021,119,1
"MT8B",2021,120,0.08
"MT8B",2021,121,0.42
"MT8B",2021,122,0.2
"MT8B",2021,123,1
"MT8B",2021,124,0.3
"MT8B",2021,125,1
"MT8B",2021,126,0.92
"MT8B",2021,127,1
"MT8B",2021,128,0.26
"MT8B",2021,129,1
"MT8B",2021,130,1
"MT8B",2021,131,0.78
"MT8B",2021,132,1
"MT8B",2021,133,1
"MT8B",2021,134,0
"MT8B",2021,135,0
"MT8B",2021,136,0.24
"MT8B",2021,137,0.82
"MT8B",2021,138,0
"MT8B",2021,139,1
"MT8B",2021,140,1
"MT8B",2022,1,1
"MT8B",2022,2,1
"MT8B",2022,3,1
"MT8B",2022,4,0.2
"MT8B",2022,5,0.68
"MT8B",2022,6,1
"MT8B",2022,7,0.78
"MT8B",2022,8,0.32
"MT8B",2022,9,0.42
"MT8B",2022,10,0.28
"MT8B",2022,11,1
"MT8B",2022,12,0.82
"MT8B",2022,13,0
"MT8B",2022,14,0.1
"MT8B",2022,15,1
"MT8B",2022,16,0.98
"MT8B",2022,17,1
"MT8B",2022,18,1
"MT8B",2022,19,1
"MT8B",2022,20,1
"MT8B",2022,21,0.8
"MT8B",2022,22,0
"MT8B",2022,23,0.3
"MT8B",2022,24,0.58
"MT8B",2022,25,0.58
"MT8B",2022,26,1
"MT8B",2022,27,1
"MT8B",2022,28,1
"MT8B",2022,29,1
"MT8B",2022,30,0.06
"MT8B",2022,31,0.82
"MT8B",2022,32,0.98
"MT8B",2022,33,1
"MT8B",2022,34,0.22
"MT8B",2022,35,1
"MT8B",2022,36,0.26
"MT8B",2022,37,0.76
"MT8B",2022,38,0.2
"MT8B",2022,39,0.22
"MT8B",2022,40,0.22
"MT8B",2022,41,1
"MT8B",2022,42,1
"MT8B",2022,43,1
"MT8B",2022,44,1
"MT8B",2022,45,0.06
"MT8B",2022,46,1
"MT8B",2022,47,0.36
"MT8B",2022,48,0.56
"MT8B",2022,49,1
"MT8B",2022,50,1
"MT8B",2022,51,0.96
"MT8B",2022,52,1
"MT8B",2022,53,1
"MT8B",2022,54,1
"MT8B",2022,55,0.82
"MT8B",2022,56,0.86
"MT8B",2022,57,1
"MT8B",2022,58,0.56
"MT8B",2022,59,1
"MT8B",2022,60,1
"MT8B",2022,61,0.9
"MT8B",2022,62,0.64
"MT8B",2022,63,0.98
"MT8B",2022,64,1
"MT8B",2022,65,1
"MT8B",2022,66,1
"MT8B",2022,67,0.84
"MT8B",2022,68,0.46
"MT8B",2022,69,0
"MT8B",2022,70,0.96
"MT8B",2022,71,0.04
"MT8B",2022,72,1
"MT8B",2022,73,0.84
"MT8B",2022,74,0.98
"MT8B",2022,75,1
"MT8B",2022,76,0.4
"MT8B",2022,77,1
"MT8B",2022,78,1
"MT8B",2022,79,0.84
"MT8B",2022,80,0.62
"MT8B",2022,81,1
"MT8B",2022,82,1
"MT8B",2022,83,0.54
"MT8B",2022,84,0.02
"MT8B",2022,85,0.72
"MT8B",2022,86,1
"MT8B",2022,87,0.42
"MT8B",2022,88,0.04
"MT8B",2022,89,1
"MT8B",2022,90,1
"MT8B",2022,91,0.96
"MT8B",2022,92,0.46
"MT8B",2022,93,0.5
"MT8B",2022,94,0.2
"MT8B",2022,95,0.28
"MT8B",2022,96,0.38
"MT8B",2022,97,0.08
"MT8B",2022,98,0
"MT8B",2022,99,0.82
"MT8B",2022,100,0.42
"MT8B",2022,101,0.66
"MT8B",2022,102,0.98
"MT8B",2022,103,0.98
"MT8B",2022,104,1
"MT8B",2022,105,1
"MT8B",2022,106,1
"MT8B",2022,107,1
"MT8B",2022,108,0.28
"MT8B",2022,109,1
"MT8B",2022,110,0.98
"MT8B",2022,111,0.62
"MT8B",2022,112,0.92
"MT8B",2022,113,0.46
"MT8B",2022,114,0.66
"MT8B",2022,115,0.28
"MT8B",2022,116,0
"MT8B",2022,117,0.92
"MT8B",2022,118,0.98
"MT8B",2022,119,0.66
"MT8B",2022,120,1
"MT8B",2022,121,0.34
"MT8B",2022,122,1
"MT8B",2022,123,0
"MT8B",2022,124,1
"MT8B",2022,125,1
"MT8B",2022,126,0.34
"MT8B",2022,127,0.62
"MT8B",2022,128,0.14
"MT8B",2022,129,0.98
"MT8B",2022,130,0.82
"MT8B",2022,131,1
"MT8B",2022,132,1
"MT8B",2022,133,0.54
"MT8B",2022,134,0.86
"MT8B",2022,135,0.3
"MT8B",2022,136,1
"MT8B",2022,137,0.24
"MT8B",2022,138,0
"MT8B",2022,139,0.58
"MT8B",2022,140,1
"MT8B",2023,1,0.66
"MT8B",2023,2,0.32
"MT8B",2023,3,1
"MT8B",2023,4,0.12
"MT8B",2023,5,0.68
"MT8B",2023,6,1
"MT8B",2023,7,1
"MT8B",2023,8,0.96
"MT8B",2023,9,0.74
"MT8B",2023,10,0.08
"MT8B",2023,11,0.3
"MT8B",2023,12,0.56
"MT8B",2023,13,0.5
"MT8B",2023,14,1
"MT8B",2023,15,0.94
"MT8B",2023,16,1
"MT8B",2023,17,0.88
"MT8B",2023,18,1
"MT8B",2023,19,0.88
"MT8B",2023,20,0.72
"MT8B",2023,21,0.54
"MT8B",2023,22,0.1
"MT8B",2023,23,0
"MT8B",2023,24,0.8
"MT8B",2023,25,0
"MT8B",2023,26,0.78
"MT8B",2023,27,0.66
"MT8B",2023,28,0.92
"MT8B",2023,29,0
"MT8B",2023,30,1
"MT8B",2023,31,0.58
"MT8B",2023,32,0.4
"MT8B",2023,33,0.2
"MT8B",2023,34,0.5
"MT8B",2023,35,0.52
"MT8B",2023,36,1
"MT8B",2023,37,0.94
"MT8B",2023,38,0.88
"MT8B",2023,39,0.94
"MT8B",2023,40,1
"MT8B",2023,41,1
"MT8B",2023,42,0.88
"MT8B",2023,43,1
"MT8B",2023,44,1
"MT8B",2023,45,0.68
"MT8B",2023,46,1
"MT8B",2023,47,0.34
"MT8B",2023,48,1
"MT8B",2023,49,1
"MT8B",2023,50,1
"MT8B",2023,51,1
"MT8B",2023,52,1
"MT8B",2023,53,0.94
"MT8B",2023,54,0.96
"MT8B",2023,55,0.78
"MT8B",2023,56,0.86
"MT8B",2023,57,0.52
"MT8B",2023,58,1
"MT8B",2023,59,1
"MT8B",2023,60,1
"MT8B",2023,61,0.22
"MT8B",2023,62,0.2
"MT8B",2023,63,1
"MT8B",2023,64,0.02
"MT8B",2023,65,1
"MT8B",2023,66,0.2
"MT8B",2023,67,1
"MT8B",2023,68,0.94
"MT8B",2023,69,0.72
"MT8B",2023,70,0.5
"MT8B",2023,71,0.48
"MT8B",2023,72,0.94
"MT8B",2023,73,0.26
"MT8B",2023,74,0.06
"MT8B",2023,75,0.32
"MT8B",2023,76,0.42
"MT8B",2023,77,0.12
"MT8B",2023,78,1
"MT8B",2023,79,0.28
"MT8B",2023,80,1
"MT8B",2023,81,0.98
"MT8B",2023,82,1
"MT8B",2023,83,0.98
"MT8B",2023,84,0.94
"MT8B",2023,85,1
"MT8B",2023,86,1
"MT8B",2023,87,0.46
"MT8B",2023,88,0.32
"MT8B",2023,89,0.98
"MT8B",2023,90,0.56
"MT8B",2023,91,1
"MT8B",2023,92,1
"MT8B",2023,93,1
"MT8B",2023,94,0.76
"MT8B",2023,95,1
"MT8B",2023,96,0.02
"MT8B",2023,97,1
"MT8B",2023,98,0.78
"MT8B",2023,99,1
"MT8B",2023,100,1
"MT8B",2023,101,1
"MT8B",2023,102,1
"MT8B",2023,103,0.98
"MT8B",2023,104,1
"MT8B",2023,105,1
"MT8B",2023,106,0.8
"MT8B",2023,107,0.64
"MT8B",2023,108,0.64
"MT8B",2023,109,1
"MT8B",2023,110,0.32
"MT8B",2023,111,0.58
"MT8B",2023,112,0.96
"MT8B",2023,113,0.1
"MT8B",2023,114,1
"MT8B",2023,115,1
"MT8B",2023,116,0.92
"MT8B",2023,117,0.8
"MT8B",2023,118,0.52
"MT8B",2023,119,1
"MT8B",2023,120,1
"MT8B",2023,121,0.9
"MT8B",2023,122,1
"MT8B",2023,123,0.22
"MT8B",2023,124,0.66
"MT8B",2023,125,1
"MT8B",2023,126,0.98
"MT8B",2023,127,0.14
"MT8B",2023,128,0.06
"MT8B",2023,129,1
"MT8B",2023,130,0
"MT8B",2023,131,0.78
"MT8B",2023,132,0.5
"MT8B",2023,133,0.76
"MT8B",2023,134,0.1
"MT8B",2023,135,0.52
"MT8B",2023,136,0.82
"MT8B",2023,137,1
"MT8B",2023,138,1
"MT8B",2023,139,1
"MT8B",2023,140,0.1
"MT8B",2024,1,0.98
"MT8B",2024,2,1
"MT8B",2024,3,0.48
"MT8B",2024,4,1
"MT8B",2024,5,1
"MT8B",2024,6,1
"MT8B",2024,7,0.52
"MT8B",2024,8,0.9
"MT8B",2024,9,0.5
"MT8B",2024,10,1
"MT8B",2024,11,0.78
"MT8B",2024,12,0.3
"MT8B",2024,13,0.66
"MT8B",2024,14,0.34
"MT8B",2024,15,0.7
"MT8B",2024,16,0.54
"MT8B",2024,17,0.1
"MT8B",2024,18,0.8
"MT8B",2024,19,1
"MT8B",2024,20,0.28
"MT8B",2024,21,1
"MT8B",2024,22,0.76
"MT8B",2024,23,0.88
"MT8B",2024,24,0
"MT8B",2024,25,0.7
"MT8B",2024,26,0.1
"MT8B",2024,27,0.12
"MT8B",2024,28,1
"MT8B",2024,29,1
"MT8B",2024,30,0.2
"MT8B",2024,31,1
"MT8B",2024,32,0.48
"MT8B",2024,33,0.02
"MT8B",2024,34,1
"MT8B",2024,35,1
"MT8B",2024,36,0.04
"MT8B",2024,37,0.88
"MT8B",2024,38,1
"MT8B",2024,39,1
"MT8B",2024,40,0
"MT8B",2024,41,0.54
"MT8B",2024,42,0.18
"MT8B",2024,43,0.26
"MT8B",2024,44,0
"MT8B",2024,45,0.74
"MT8B",2024,46,0.06
"MT8B",2024,47,0.98
"MT8B",2024,48,0.12
"MT8B",2024,49,0.02
"MT8B",2024,50,1
"MT8B",2024,51,0.72
"MT8B",2024,52,1
"MT8B",2024,53,1
"MT8B",2024,54,0.98
"MT8B",2024,55,0.28
"MT8B",2024,56,0.36
"MT8B",2024,57,0.04
"MT8B",2024,58,0.48
"MT8B",2024,59,0
"MT8B",2024,60,0.8
"MT8B",2024,61,0
"MT8B",2024,62,0.84
"MT8B",2024,63,0.66
"MT8B",2024,64,0.98
"MT8B",2024,65,0
"MT8B",2024,66,1
"MT8B",2024,67,0.6
"MT8B",2024,68,0
"MT8B",2024,69,0.66
"MT8B",2024,70,0.94
"MT8B",2024,71,0.2
"MT8B",2024,72,1
"MT8B",2024,73,0.02
"MT8B",2024,74,0.24
"MT8B",2024,75,1
"MT8B",2024,76,0.28
"MT8B",2024,77,1
"MT8B",2024,78,0.54
"MT8B",2024,79,0.32
"MT8B",2024,80,0
"MT8B",2024,81,0.94
"MT8B",2024,82,1
"MT8B",2024,83,0
"MT8B",2024,84,0.1
"MT8B",2024,85,0.56
"MT8B",2024,86,0.98
"MT8B",2024,87,1
"MT8B",2024,88,0.84
"MT8B",2024,89,1
"MT8B",2024,90,0
"MT8B",2024,91,0.76
"MT8B",2024,92,0.42
"MT8B",2024,93,0.46
"MT8B",2024,94,1
"MT8B",2024,95,1
"MT8B",2024,96,0.24
"MT8B",2024,97,1
"MT8B",2024,98,0.94
"MT8B",2024,99,0.56
"MT8B",2024,100,0.66
"MT8B",2024,101,1
"MT8B",2024,102,0.02
"MT8B",2024,103,0.58
"MT8B",2024,104,0.96
"MT8B",2024,105,1
"MT8B",2024,106,0.48
"MT8B",2024,107,0.86
"MT8B",2024,108,0.44
"MT8B",2024,109,0.16
"MT8B",2024,110,0.4
"MT8B",2024,111,0.82
"MT8B",2024,112,1
"MT8B",2024,113,0.66
"MT8B",2024,114,1
"MT8B",2024,115,0.94
"MT8B",2024,116,0.44
"MT8B",2024,117,0.96
"MT8B",2024,118,0
"MT8B",2024,119,0.32
"MT8B",2024,120,0.32
"MT8B",2024,121,0.58
"MT8B",2024,122,0.92
"MT8B",2024,123,1
"MT8B",2024,124,1
"MT8B",2024,125,0.32
"MT8B",2024,126,0.08
"MT8B",2024,127,0.14
"MT8B",2024,128,0
"MT8B",2024,129,1
"MT8B",2024,130,1
"MT8B",2024,131,0.4
"MT8B",2024,132,1
"MT8B",2024,133,0.08
"MT8B",2024,134,0
"MT8B",2024,135,1
"MT8B",2024,136,1
"MT8B",2024,137,1
"MT8B",2024,138,0.06
"MT8B",2024,139,1
"MT8B",2024,140,0.5
"mSTRL3B",2020,1,1
"mSTRL3B",2020,2,0.82
"mSTRL3B",2020,3,1
"mSTRL3B",2020,4,1
"mSTRL3B",2020,5,0.94
"mSTRL3B",2020,6,1
"mSTRL3B",2020,7,1
"mSTRL3B",2020,8,0.48
"mSTRL3B",2020,9,1
"mSTRL3B",2020,10,0.98
"mSTRL3B",2020,11,0.04
"mSTRL3B",2020,12,1
"mSTRL3B",2020,13,0.44
"mSTRL3B",2020,14,0.52
"mSTRL3B",2020,15,1
"mSTRL3B",2020,16,1
"mSTRL3B",2020,17,1
"mSTRL3B",2020,18,1
"mSTRL3B",2020,19,1
"mSTRL3B",2020,20,0.96
"mSTRL3B",2020,21,1
"mSTRL3B",2020,22,1
"mSTRL3B",2020,23,1
"mSTRL3B",2020,24,0
"mSTRL3B",2020,25,1
"mSTRL3B",2020,26,0.78
"mSTRL3B",2020,27,0.34
"mSTRL3B",2020,28,1
"mSTRL3B",2020,29,0.26
"mSTRL3B",2020,30,0.92
"mSTRL3B",2020,31,0
"mSTRL3B",2020,32,0.52
"mSTRL3B",2020,33,0.9
"mSTRL3B",2020,34,0
"mSTRL3B",2020,35,0.1
"mSTRL3B",2020,36,0.8
"mSTRL3B",2020,37,1
"mSTRL3B",2020,38,1
"mSTRL3B",2020,39,0
"mSTRL3B",2020,40,0.98
"mSTRL3B",2020,41,0.48
"mSTRL3B",2020,42,0.78
"mSTRL3B",2020,43,0.42
"mSTRL3B",2020,44,0.8
"mSTRL3B",2020,45,1
"mSTRL3B",2020,46,1
"mSTRL3B",2020,47,0.48
"mSTRL3B",2020,48,1
"mSTRL3B",2020,49,0.98
"mSTRL3B",2020,50,0.02
"mSTRL3B",2020,51,1
"mSTRL3B",2020,52,0.7
"mSTRL3B",2020,53,1
"mSTRL3B",2020,54,1
"mSTRL3B",2020,55,0.86
"mSTRL3B",2020,56,0.66
"mSTRL3B",2020,57,1
"mSTRL3B",2020,58,1
"mSTRL3B",2020,59,0.82
"mSTRL3B",2020,60,1
"mSTRL3B",2020,61,0.44
"mSTRL3B",2020,62,0.02
"mSTRL3B",2020,63,1
"mSTRL3B",2020,64,0.88
"mSTRL3B",2020,65,0.92
"mSTRL3B",2020,66,0.74
"mSTRL3B",2020,67,0.54
"mSTRL3B",2020,68,0.32
"mSTRL3B",2020,69,0
"mSTRL3B",2020,70,0
"mSTRL3B",2020,71,1
"mSTRL3B",2020,72,0.82
"mSTRL3B",2020,73,0
"mSTRL3B",2020,74,1
"mSTRL3B",2020,75,0.02
"mSTRL3B",2020,76,0.9
"mSTRL3B",2020,77,0.8
"mSTRL3B",2020,78,1
"mSTRL3B",2020,79,1
"mSTRL3B",2020,80,0.16
"mSTRL3B",2020,81,0
"mSTRL3B",2020,82,0.72
"mSTRL3B",2020,83,0.84
"mSTRL3B",2020,84,0.44
"mSTRL3B",2020,85,0.32
"mSTRL3B",2020,86,0.92
"mSTRL3B",2020,87,0
"mSTRL3B",2020,88,1
"mSTRL3B",2020,89,0.76
"mSTRL3B",2020,90,0.98
"mSTRL3B",2020,91,1
"mSTRL3B",2020,92,0.06
"mSTRL3B",2020,93,0
"mSTRL3B",2020,94,1
"mSTRL3B",2020,95,1
"mSTRL3B",2020,96,1
"mSTRL3B",2020,97,1
"mSTRL3B",2020,98,0.88
"mSTRL3B",2020,99,1
"mSTRL3B",2020,100,0.98
"mSTRL3B",2020,101,1
"mSTRL3B",2020,102,1
"mSTRL3B",2020,103,1
"mSTRL3B",2020,104,0.04
"mSTRL3B",2020,105,0.94
"mSTRL3B",2020,106,1
"mSTRL3B",2020,107,0.92
"mSTRL3B",2020,108,0.02
"mSTRL3B",2020,109,0.84
"mSTRL3B",2020,110,1
"mSTRL3B",2020,111,0.1
"mSTRL3B",2020,112,0.4
"mSTRL3B",2020,113,1
"mSTRL3B",2020,114,0.36
"mSTRL3B",2020,115,0.5
"mSTRL3B",2020,116,1
"mSTRL3B",2020,117,1
"mSTRL3B",2020,118,0.92
"mSTRL3B",2020,119,0.26
"mSTRL3B",2020,120,0.08
"mSTRL3B",2020,121,0.28
"mSTRL3B",2020,122,1
"mSTRL3B",2020,123,1
"mSTRL3B",2020,124,0.1
"mSTRL3B",2020,125,0.46
"mSTRL3B",2020,126,0.96
"mSTRL3B",2020,127,1
"mSTRL3B",2020,128,0.24
"mSTRL3B",2020,129,1
"mSTRL3B",2020,130,1
"mSTRL3B",2020,131,1
"mSTRL3B",2020,132,0.48
"mSTRL3B",2020,133,0.36
"mSTRL3B",2020,134,0
"mSTRL3B",2020,135,0.06
"mSTRL3B",2020,136,0.58
"mSTRL3B",2020,137,0.96
"mSTRL3B",2020,138,0.32
"mSTRL3B",2020,139,0.88
"mSTRL3B",2020,140,0.94
"mSTRL3B",2021,1,1
"mSTRL3B",2021,2,0.72
"mSTRL3B",2021,3,0.88
"mSTRL3B",2021,4,1
"mSTRL3B",2021,5,0.86
"mSTRL3B",2021,6,0.84
"mSTRL3B",2021,7,0.96
"mSTRL3B",2021,8,0.32
"mSTRL3B",2021,9,1
"mSTRL3B",2021,10,0.96
"mSTRL3B",2021,11,1
"mSTRL3B",2021,12,0.36
"mSTRL3B",2021,13,0.92
"mSTRL3B",2021,14,0.06
"mSTRL3B",2021,15,0.62
"mSTRL3B",2021,16,0.36
"mSTRL3B",2021,17,0.48
"mSTRL3B",2021,18,1
"mSTRL3B",2021,19,0.38
"mSTRL3B",2021,20,0.5
"mSTRL3B",2021,21,0.9
"mSTRL3B",2021,22,0.88
"mSTRL3B",2021,23,0.42
"mSTRL3B",2021,24,1
"mSTRL3B",2021,25,1
"mSTRL3B",2021,26,1
"mSTRL3B",2021,27,0.94
"mSTRL3B",2021,28,0.98
"mSTRL3B",2021,29,1
"mSTRL3B",2021,30,0.88
"mSTRL3B",2021,31,1
"mSTRL3B",2021,32,0.22
"mSTRL3B",2021,33,0.64
"mSTRL3B",2021,34,0.72
"mSTRL3B",2021,35,1
"mSTRL3B",2021,36,1
"mSTRL3B",2021,37,0.52
"mSTRL3B",2021,38,0.9
"mSTRL3B",2021,39,1
"mSTRL3B",2021,40,0.96
"mSTRL3B",2021,41,0.8
"mSTRL3B",2021,42,1
"mSTRL3B",2021,43,0.26
"mSTRL3B",2021,44,1
"mSTRL3B",2021,45,0.66
"mSTRL3B",2021,46,0.34
"mSTRL3B",2021,47,0.1
"mSTRL3B",2021,48,1
"mSTRL3B",2021,49,1
"mSTRL3B",2021,50,0.08
"mSTRL3B",2021,51,1
"mSTRL3B",2021,52,1
"mSTRL3B",2021,53,0.98
"mSTRL3B",2021,54,1
"mSTRL3B",2021,55,1
"mSTRL3B",2021,56,0.54
"mSTRL3B",2021,57,0.38
"mSTRL3B",2021,58,0.14
"mSTRL3B",2021,59,0
"mSTRL3B",2021,60,0.96
"mSTRL3B",2021,61,1
"mSTRL3B",2021,62,0.56
"mSTRL3B",2021,63,0.86
"mSTRL3B",2021,64,0.62
"mSTRL3B",2021,65,0.92
"mSTRL3B",2021,66,1
"mSTRL3B",2021,67,0.5
"mSTRL3B",2021,68,0.22
"mSTRL3B",2021,69,1
"mSTRL3B",2021,70,0.52
"mSTRL3B",2021,71,0.3
"mSTRL3B",2021,72,0.62
"mSTRL3B",2021,73,1
"mSTRL3B",2021,74,0.2
"mSTRL3B",2021,75,1
"mSTRL3B",2021,76,1
"mSTRL3B",2021,77,1
"mSTRL3B",2021,78,1
"mSTRL3B",2021,79,0.84
"mSTRL3B",2021,80,1
"mSTRL3B",2021,81,1
"mSTRL3B",2021,82,0.98
"mSTRL3B",2021,83,0
"mSTRL3B",2021,84,0.94
"mSTRL3B",2021,85,0.98
"mSTRL3B",2021,86,0
"mSTRL3B",2021,87,1
"mSTRL3B",2021,88,1
"mSTRL3B",2021,89,1
"mSTRL3B",2021,90,0.48
"mSTRL3B",2021,91,0.86
"mSTRL3B",2021,92,0.14
"mSTRL3B",2021,93,0.46
"mSTRL3B",2021,94,0
"mSTRL3B",2021,95,0
"mSTRL3B",2021,96,0.92
"mSTRL3B",2021,97,0.54
"mSTRL3B",2021,98,1
"mSTRL3B",2021,99,0.08
"mSTRL3B",2021,100,0.62
"mSTRL3B",2021,101,0.32
"mSTRL3B",2021,102,1
"mSTRL3B",2021,103,1
"mSTRL3B",2021,104,1
"mSTRL3B",2021,105,0.68
"mSTRL3B",2021,106,0.98
"mSTRL3B",2021,107,0.96
"mSTRL3B",2021,108,1
"mSTRL3B",2021,109,0.82
"mSTRL3B",2021,110,1
"mSTRL3B",2021,111,0.44
"mSTRL3B",2021,112,0
"mSTRL3B",2021,113,0.98
"mSTRL3B",2021,114,0.68
"mSTRL3B",2021,115,0.64
"mSTRL3B",2021,116,0.1
"mSTRL3B",2021,117,0.8
"mSTRL3B",2021,118,1
"mSTRL3B",2021,119,1
"mSTRL3B",2021,120,0.88
"mSTRL3B",2021,121,1
"mSTRL3B",2021,122,0.46
"mSTRL3B",2021,123,1
"mSTRL3B",2021,124,1
"mSTRL3B",2021,125,0.12
"mSTRL3B",2021,126,1
"mSTRL3B",2021,127,1
"mSTRL3B",2021,128,0.9
"mSTRL3B",2021,129,0.96
"mSTRL3B",2021,130,1
"mSTRL3B",2021,131,0.78
"mSTRL3B",2021,132,0.7
"mSTRL3B",2021,133,0.82
"mSTRL3B",2021,134,0
"mSTRL3B",2021,135,0.88
"mSTRL3B",2021,136,1
"mSTRL3B",2021,137,0.16
"mSTRL3B",2021,138,0
"mSTRL3B",2021,139,0.88
"mSTRL3B",2021,140,1
"mSTRL3B",2022,1,1
"mSTRL3B",2022,2,1
"mSTRL3B",2022,3,1
"mSTRL3B",2022,4,0.98
"mSTRL3B",2022,5,0.1
"mSTRL3B",2022,6,1
"mSTRL3B",2022,7,1
"mSTRL3B",2022,8,0.92
"mSTRL3B",2022,9,0.72
"mSTRL3B",2022,10,1
"mSTRL3B",2022,11,1
"mSTRL3B",2022,12,0.98
"mSTRL3B",2022,13,0.08
"mSTRL3B",2022,14,0.84
"mSTRL3B",2022,15,1
"mSTRL3B",2022,16,0.98
"mSTRL3B",2022,17,1
"mSTRL3B",2022,18,0.84
"mSTRL3B",2022,19,1
"mSTRL3B",2022,20,0.96
"mSTRL3B",2022,21,0.78
"mSTRL3B",2022,22,0.74
"mSTRL3B",2022,23,1
"mSTRL3B",2022,24,0.8
"mSTRL3B",2022,25,0.68
"mSTRL3B",2022,26,1
"mSTRL3B",2022,27,1
"mSTRL3B",2022,28,1
"mSTRL3B",2022,29,1
"mSTRL3B",2022,30,0.52
"mSTRL3B",2022,31,0.86
"mSTRL3B",2022,32,1
"mSTRL3B",2022,33,1
"mSTRL3B",2022,34,0.02
"mSTRL3B",2022,35,1
"mSTRL3B",2022,36,0.1
"mSTRL3B",2022,37,0.86
"mSTRL3B",2022,38,0.48
"mSTRL3B",2022,39,1
"mSTRL3B",2022,40,1
"mSTRL3B",2022,41,1
"mSTRL3B",2022,42,1
"mSTRL3B",2022,43,1
"mSTRL3B",2022,44,0.98
"mSTRL3B",2022,45,1
"mSTRL3B",2022,46,1
"mSTRL3B",2022,47,0.8
"mSTRL3B",2022,48,1
"mSTRL3B",2022,49,1
"mSTRL3B",2022,50,1
"mSTRL3B",2022,51,0.94
"mSTRL3B",2022,52,0.98
"mSTRL3B",2022,53,1
"mSTRL3B",2022,54,1
"mSTRL3B",2022,55,0.2
"mSTRL3B",2022,56,1
"mSTRL3B",2022,57,1
"mSTRL3B",2022,58,0.98
"mSTRL3B",2022,59,1
"mSTRL3B",2022,60,0.94
"mSTRL3B",2022,61,1
"mSTRL3B",2022,62,0.34
"mSTRL3B",2022,63,1
"mSTRL3B",2022,64,1
"mSTRL3B",2022,65,1
"mSTRL3B",2022,66,0.9
"mSTRL3B",2022,67,0.94
"mSTRL3B",2022,68,0.48
"mSTRL3B",2022,69,0.06
"mSTRL3B",2022,70,0.52
"mSTRL3B",2022,71,0.78
"mSTRL3B",2022,72,1
"mSTRL3B",2022,73,0.82
"mSTRL3B",2022,74,1
"mSTRL3B",2022,75,1
"mSTRL3B",2022,76,0.08
"mSTRL3B",2022,77,0.9
"mSTRL3B",2022,78,1
"mSTRL3B",2022,79,0.9
"mSTRL3B",2022,80,1
"mSTRL3B",2022,81,0.96
"mSTRL3B",2022,82,0.7
"mSTRL3B",2022,83,0.78
"mSTRL3B",2022,84,0
"mSTRL3B",2022,85,1
"mSTRL3B",2022,86,0.84
"mSTRL3B",2022,87,0.48
"mSTRL3B",2022,88,1
"mSTRL3B",2022,89,1
"mSTRL3B",2022,90,1
"mSTRL3B",2022,91,0.94
"mSTRL3B",2022,92,1
"mSTRL3B",2022,93,0.02
"mSTRL3B",2022,94,0.38
"mSTRL3B",2022,95,1
"mSTRL3B",2022,96,0.08
"mSTRL3B",2022,97,0.32
"mSTRL3B",2022,98,1
"mSTRL3B",2022,99,0.22
"mSTRL3B",2022,100,1
"mSTRL3B",2022,101,0.78
"mSTRL3B",2022,102,1
"mSTRL3B",2022,103,1
"mSTRL3B",2022,104,1
"mSTRL3B",2022,105,1
"mSTRL3B",2022,106,0.94
"mSTRL3B",2022,107,1
"mSTRL3B",2022,108,0.84
"mSTRL3B",2022,109,0.86
"mSTRL3B",2022,110,1
"mSTRL3B",2022,111,0.48
"mSTRL3B",2022,112,1
"mSTRL3B",2022,113,1
"mSTRL3B",2022,114,1
"mSTRL3B",2022,115,1
"mSTRL3B",2022,116,0
"mSTRL3B",2022,117,0.64
"mSTRL3B",2022,118,1
"mSTRL3B",2022,119,0.32
"mSTRL3B",2022,120,0.9
"mSTRL3B",2022,121,0.26
"mSTRL3B",2022,122,1
"mSTRL3B",2022,123,0.18
"mSTRL3B",2022,124,1
"mSTRL3B",2022,125,1
"mSTRL3B",2022,126,0.06
"mSTRL3B",2022,127,0.54
"mSTRL3B",2022,128,0.32
"mSTRL3B",2022,129,0.58
"mSTRL3B",2022,130,1
"mSTRL3B",2022,131,1
"mSTRL3B",2022,132,1
"mSTRL3B",2022,133,1
"mSTRL3B",2022,134,0.96
"mSTRL3B",2022,135,0.4
"mSTRL3B",2022,136,0.38
"mSTRL3B",2022,137,0.88
"mSTRL3B",2022,138,0.72
"mSTRL3B",2022,139,0.42
"mSTRL3B",2022,140,0.96
"mSTRL3B",2023,1,0.3
"mSTRL3B",2023,2,0.04
"mSTRL3B",2023,3,1
"mSTRL3B",2023,4,0.3
"mSTRL3B",2023,5,0.5
"mSTRL3B",2023,6,1
"mSTRL3B",2023,7,1
"mSTRL3B",2023,8,0.98
"mSTRL3B",2023,9,0.38
"mSTRL3B",2023,10,1
"mSTRL3B",2023,11,1
"mSTRL3B",2023,12,1
"mSTRL3B",2023,13,0.12
"mSTRL3B",2023,14,1
"mSTRL3B",2023,15,0.8
"mSTRL3B",2023,16,1
"mSTRL3B",2023,17,0.94
"mSTRL3B",2023,18,1
"mSTRL3B",2023,19,0.54
"mSTRL3B",2023,20,0.92
"mSTRL3B",2023,21,0.76
"mSTRL3B",2023,22,0.3
"mSTRL3B",2023,23,0
"mSTRL3B",2023,24,0
"mSTRL3B",2023,25,0.04
"mSTRL3B",2023,26,1
"mSTRL3B",2023,27,0
"mSTRL3B",2023,28,1
"mSTRL3B",2023,29,0.08
"mSTRL3B",2023,30,1
"mSTRL3B",2023,31,0.98
"mSTRL3B",2023,32,0
"mSTRL3B",2023,33,0.52
"mSTRL3B",2023,34,0.7
"mSTRL3B",2023,35,1
"mSTRL3B",2023,36,1
"mSTRL3B",2023,37,1
"mSTRL3B",2023,38,0.4
"mSTRL3B",2023,39,0.48
"mSTRL3B",2023,40,1
"mSTRL3B",2023,41,0.46
"mSTRL3B",2023,42,0.9
"mSTRL3B",2023,43,1
"mSTRL3B",2023,44,1
"mSTRL3B",2023,45,0.64
"mSTRL3B",2023,46,0.42
"mSTRL3B",2023,47,0.76
"mSTRL3B",2023,48,1
"mSTRL3B",2023,49,1
"mSTRL3B",2023,50,1
"mSTRL3B",2023,51,1
"mSTRL3B",2023,52,1
"mSTRL3B",2023,53,1
"mSTRL3B",2023,54,1
"mSTRL3B",2023,55,0.92
"mSTRL3B",2023,56,0.28
"mSTRL3B",2023,57,0.66
"mSTRL3B",2023,58,1
"mSTRL3B",2023,59,1
"mSTRL3B",2023,60,1
"mSTRL3B",2023,61,0.04
"mSTRL3B",2023,62,0.58
"mSTRL3B",2023,63,1
"mSTRL3B",2023,64,0.16
"mSTRL3B",2023,65,1
"mSTRL3B",2023,66,0.86
"mSTRL3B",2023,67,0.5
"mSTRL3B",2023,68,0.76
"mSTRL3B",2023,69,0.3
"mSTRL3B",2023,70,0
"mSTRL3B",2023,71,0.32
"mSTRL3B",2023,72,0.76
"mSTRL3B",2023,73,0
"mSTRL3B",2023,74,0
"mSTRL3B",2023,75,0.72
"mSTRL3B",2023,76,0.72
"mSTRL3B",2023,77,0.2
"mSTRL3B",2023,78,1
"mSTRL3B",2023,79,0.22
"mSTRL3B",2023,80,1
"mSTRL3B",2023,81,0.4
"mSTRL3B",2023,82,1
"mSTRL3B",2023,83,0.86
"mSTRL3B",2023,84,0.88
"mSTRL3B",2023,85,1
"mSTRL3B",2023,86,1
"mSTRL3B",2023,87,0.02
"mSTRL3B",2023,88,1
"mSTRL3B",2023,89,0.72
"mSTRL3B",2023,90,0.9
"mSTRL3B",2023,91,1
"mSTRL3B",2023,92,1
"mSTRL3B",2023,93,1
"mSTRL3B",2023,94,0.26
"mSTRL3B",2023,95,0.94
"mSTRL3B",2023,96,0.14
"mSTRL3B",2023,97,1
"mSTRL3B",2023,98,0.62
"mSTRL3B",2023,99,1
"mSTRL3B",2023,100,1
"mSTRL3B",2023,101,0.84
"mSTRL3B",2023,102,0.68
"mSTRL3B",2023,103,1
"mSTRL3B",2023,104,1
"mSTRL3B",2023,105,1
"mSTRL3B",2023,106,0.92
"mSTRL3B",2023,107,1
"mSTRL3B",2023,108,0.94
"mSTRL3B",2023,109,1
"mSTRL3B",2023,110,0.88
"mSTRL3B",2023,111,0.9
"mSTRL3B",2023,112,0.88
"mSTRL3B",2023,113,0.88
"mSTRL3B",2023,114,1
"mSTRL3B",2023,115,1
"mSTRL3B",2023,116,0.88
"mSTRL3B",2023,117,1
"mSTRL3B",2023,118,0.88
"mSTRL3B",2023,119,1
"mSTRL3B",2023,120,1
"mSTRL3B",2023,121,0.66
"mSTRL3B",2023,122,1
"mSTRL3B",2023,123,0.62
"mSTRL3B",2023,124,0.7
"mSTRL3B",2023,125,1
"mSTRL3B",2023,126,1
"mSTRL3B",2023,127,0.7
"mSTRL3B",2023,128,0
"mSTRL3B",2023,129,0.6
"mSTRL3B",2023,130,0.06
"mSTRL3B",2023,131,0.34
"mSTRL3B",2023,132,0.98
"mSTRL3B",2023,133,0.74
"mSTRL3B",2023,134,1
"mSTRL3B",2023,135,0.78
"mSTRL3B",2023,136,0.6
"mSTRL3B",2023,137,0.98
"mSTRL3B",2023,138,1
"mSTRL3B",2023,139,1
"mSTRL3B",2023,140,0.24
"mSTRL3B",2024,1,0.92
"mSTRL3B",2024,2,1
"mSTRL3B",2024,3,0.78
"mSTRL3B",2024,4,1
"mSTRL3B",2024,5,0.98
"mSTRL3B",2024,6,1
"mSTRL3B",2024,7,0.9
"mSTRL3B",2024,8,0.48
"mSTRL3B",2024,9,0.36
"mSTRL3B",2024,10,1
"mSTRL3B",2024,11,1
"mSTRL3B",2024,12,0.38
"mSTRL3B",2024,13,0.42
"mSTRL3B",2024,14,0.58
"mSTRL3B",2024,15,1
"mSTRL3B",2024,16,0.6
"mSTRL3B",2024,17,0.04
"mSTRL3B",2024,18,0.98
"mSTRL3B",2024,19,1
"mSTRL3B",2024,20,0.12
"mSTRL3B",2024,21,1
"mSTRL3B",2024,22,0.76
"mSTRL3B",2024,23,0.48
"mSTRL3B",2024,24,0
"mSTRL3B",2024,25,0.48
"mSTRL3B",2024,26,0.02
"mSTRL3B",2024,27,0.46
"mSTRL3B",2024,28,0.96
"mSTRL3B",2024,29,1
"mSTRL3B",2024,30,1
"mSTRL3B",2024,31,1
"mSTRL3B",2024,32,0.08
"mSTRL3B",2024,33,0.24
"mSTRL3B",2024,34,0.86
"mSTRL3B",2024,35,1
"mSTRL3B",2024,36,0.98
"mSTRL3B",2024,37,1
"mSTRL3B",2024,38,0.58
"mSTRL3B",2024,39,0.62
"mSTRL3B",2024,40,0.98
"mSTRL3B",2024,41,0.68
"mSTRL3B",2024,42,0.08
"mSTRL3B",2024,43,0.84
"mSTRL3B",2024,44,0.08
"mSTRL3B",2024,45,0.08
"mSTRL3B",2024,46,0.18
"mSTRL3B",2024,47,1
"mSTRL3B",2024,48,0.88
"mSTRL3B",2024,49,0.1
"mSTRL3B",2024,50,1
"mSTRL3B",2024,51,0.74
"mSTRL3B",2024,52,1
"mSTRL3B",2024,53,1
"mSTRL3B",2024,54,1
"mSTRL3B",2024,55,0.34
"mSTRL3B",2024,56,0.22
"mSTRL3B",2024,57,0.22
"mSTRL3B",2024,58,0.08
"mSTRL3B",2024,59,0
"mSTRL3B",2024,60,0.92
"mSTRL3B",2024,61,0
"mSTRL3B",2024,62,1
"mSTRL3B",2024,63,0.4
"mSTRL3B",2024,64,0.82
"mSTRL3B",2024,65,0.02
"mSTRL3B",2024,66,0.9
"mSTRL3B",2024,67,0.18
"mSTRL3B",2024,68,0.24
"mSTRL3B",2024,69,1
"mSTRL3B",2024,70,0.94
"mSTRL3B",2024,71,0
"mSTRL3B",2024,72,1
"mSTRL3B",2024,73,0
"mSTRL3B",2024,74,0.96
"mSTRL3B",2024,75,1
"mSTRL3B",2024,76,0
"mSTRL3B",2024,77,1
"mSTRL3B",2024,78,1
"mSTRL3B",2024,79,0.26
"mSTRL3B",2024,80,1
"mSTRL3B",2024,81,1
"mSTRL3B",2024,82,1
"mSTRL3B",2024,83,0.94
"mSTRL3B",2024,84,0
"mSTRL3B",2024,85,0.84
"mSTRL3B",2024,86,1
"mSTRL3B",2024,87,0.46
"mSTRL3B",2024,88,0.7
"mSTRL3B",2024,89,0.94
"mSTRL3B",2024,90,1
"mSTRL3B",2024,91,0.32
"mSTRL3B",2024,92,1
"mSTRL3B",2024,93,1
"mSTRL3B",2024,94,1
"mSTRL3B",2024,95,1
"mSTRL3B",2024,96,0.86
"mSTRL3B",2024,97,1
"mSTRL3B",2024,98,1
"mSTRL3B",2024,99,0.38
"mSTRL3B",2024,100,1
"mSTRL3B",2024,101,1
"mSTRL3B",2024,102,0.12
"mSTRL3B",2024,103,0.62
"mSTRL3B",2024,104,0
"mSTRL3B",2024,105,1
"mSTRL3B",2024,106,1
"mSTRL3B",2024,107,0.78
"mSTRL3B",2024,108,0.44
"mSTRL3B",2024,109,0.26
"mSTRL3B",2024,110,0.3
"mSTRL3B",2024,111,0.9
"mSTRL3B",2024,112,1
"mSTRL3B",2024,113,0.98
"mSTRL3B",2024,114,1
"mSTRL3B",2024,115,1
"mSTRL3B",2024,116,0.7
"mSTRL3B",2024,117,0.7
"mSTRL3B",2024,118,0.1
"mSTRL3B",2024,119,0.96
"mSTRL3B",2024,120,0.46
"mSTRL3B",2024,121,0.98
"mSTRL3B",2024,122,0.96
"mSTRL3B",2024,123,1
"mSTRL3B",2024,124,1
"mSTRL3B",2024,125,1
"mSTRL3B",2024,126,0.22
"mSTRL3B",2024,127,0.04
"mSTRL3B",2024,128,0
"mSTRL3B",2024,129,0.98
"mSTRL3B",2024,130,0.96
"mSTRL3B",2024,131,0.76
"mSTRL3B",2024,132,0.74
"mSTRL3B",2024,133,0.3
"mSTRL3B",2024,134,0.06
"mSTRL3B",2024,135,0.84
"mSTRL3B",2024,136,1
"mSTRL3B",2024,137,1
"mSTRL3B",2024,138,0.2
"mSTRL3B",2024,139,1
"mSTRL3B",2024,140,0.68
"Q1_7B",2020,1,1
"Q1_7B",2020,2,0.32
"Q1_7B",2020,3,0.64
"Q1_7B",2020,4,1
"Q1_7B",2020,5,0.14
"Q1_7B",2020,6,1
"Q1_7B",2020,7,0.74
"Q1_7B",2020,8,0.44
"Q1_7B",2020,9,1
"Q1_7B",2020,10,1
"Q1_7B",2020,11,0
"Q1_7B",2020,12,0.9
"Q1_7B",2020,13,0.02
"Q1_7B",2020,14,0
"Q1_7B",2020,15,1
"Q1_7B",2020,16,0.7
"Q1_7B",2020,17,0.56
"Q1_7B",2020,18,1
"Q1_7B",2020,19,1
"Q1_7B",2020,20,0.88
"Q1_7B",2020,21,0.26
"Q1_7B",2020,22,0.92
"Q1_7B",2020,23,0.94
"Q1_7B",2020,24,0.22
"Q1_7B",2020,25,0.4
"Q1_7B",2020,26,0.24
"Q1_7B",2020,27,0.08
"Q1_7B",2020,28,0.78
"Q1_7B",2020,29,0.24
"Q1_7B",2020,30,0
"Q1_7B",2020,31,0.04
"Q1_7B",2020,32,0.2
"Q1_7B",2020,33,0.16
"Q1_7B",2020,34,0
"Q1_7B",2020,35,0.22
"Q1_7B",2020,36,0.44
"Q1_7B",2020,37,0.9
"Q1_7B",2020,38,1
"Q1_7B",2020,39,0
"Q1_7B",2020,40,0.98
"Q1_7B",2020,41,0.68
"Q1_7B",2020,42,0.9
"Q1_7B",2020,43,0.18
"Q1_7B",2020,44,0.9
"Q1_7B",2020,45,0.1
"Q1_7B",2020,46,1
"Q1_7B",2020,47,0.7
"Q1_7B",2020,48,1
"Q1_7B",2020,49,0
"Q1_7B",2020,50,0
"Q1_7B",2020,51,0.12
"Q1_7B",2020,52,0.98
"Q1_7B",2020,53,0
"Q1_7B",2020,54,1
"Q1_7B",2020,55,0.12
"Q1_7B",2020,56,0.34
"Q1_7B",2020,57,0.42
"Q1_7B",2020,58,0.92
"Q1_7B",2020,59,0.28
"Q1_7B",2020,60,0.24
"Q1_7B",2020,61,0.32
"Q1_7B",2020,62,0
"Q1_7B",2020,63,0.66
"Q1_7B",2020,64,0.88
"Q1_7B",2020,65,0.48
"Q1_7B",2020,66,1
"Q1_7B",2020,67,0.62
"Q1_7B",2020,68,0.04
"Q1_7B",2020,69,0
"Q1_7B",2020,70,0.26
"Q1_7B",2020,71,0.38
"Q1_7B",2020,72,0.42
"Q1_7B",2020,73,0.04
"Q1_7B",2020,74,1
"Q1_7B",2020,75,0.06
"Q1_7B",2020,76,0
"Q1_7B",2020,77,0.42
"Q1_7B",2020,78,0.52
"Q1_7B",2020,79,0.34
"Q1_7B",2020,80,0
"Q1_7B",2020,81,0.52
"Q1_7B",2020,82,0.2
"Q1_7B",2020,83,0.16
"Q1_7B",2020,84,0.66
"Q1_7B",2020,85,0.24
"Q1_7B",2020,86,1
"Q1_7B",2020,87,0.18
"Q1_7B",2020,88,0.46
"Q1_7B",2020,89,0.26
"Q1_7B",2020,90,1
"Q1_7B",2020,91,1
"Q1_7B",2020,92,0.06
"Q1_7B",2020,93,0
"Q1_7B",2020,94,1
"Q1_7B",2020,95,0.06
"Q1_7B",2020,96,1
"Q1_7B",2020,97,1
"Q1_7B",2020,98,0.96
"Q1_7B",2020,99,1
"Q1_7B",2020,100,0.28
"Q1_7B",2020,101,0.34
"Q1_7B",2020,102,1
"Q1_7B",2020,103,0.84
"Q1_7B",2020,104,0.12
"Q1_7B",2020,105,0.46
"Q1_7B",2020,106,1
"Q1_7B",2020,107,1
"Q1_7B",2020,108,1
"Q1_7B",2020,109,0.62
"Q1_7B",2020,110,0.72
"Q1_7B",2020,111,0.32
"Q1_7B",2020,112,0.44
"Q1_7B",2020,113,0.56
"Q1_7B",2020,114,0.36
"Q1_7B",2020,115,0.18
"Q1_7B",2020,116,0.98
"Q1_7B",2020,117,0.56
"Q1_7B",2020,118,0.74
"Q1_7B",2020,119,0.14
"Q1_7B",2020,120,0.1
"Q1_7B",2020,121,0.4
"Q1_7B",2020,122,0.6
"Q1_7B",2020,123,0.1
"Q1_7B",2020,124,0.4
"Q1_7B",2020,125,0.14
"Q1_7B",2020,126,0.9
"Q1_7B",2020,127,1
"Q1_7B",2020,128,0.18
"Q1_7B",2020,129,0.06
"Q1_7B",2020,130,0.24
"Q1_7B",2020,131,1
"Q1_7B",2020,132,0.06
"Q1_7B",2020,133,0.14
"Q1_7B",2020,134,0.1
"Q1_7B",2020,135,0.34
"Q1_7B",2020,136,0.26
"Q1_7B",2020,137,0
"Q1_7B",2020,138,0.08
"Q1_7B",2020,139,0.1
"Q1_7B",2020,140,0.88
"Q1_7B",2021,1,0.34
"Q1_7B",2021,2,0.4
"Q1_7B",2021,3,0.92
"Q1_7B",2021,4,0.44
"Q1_7B",2021,5,0.1
"Q1_7B",2021,6,0.82
"Q1_7B",2021,7,0
"Q1_7B",2021,8,0
"Q1_7B",2021,9,1
"Q1_7B",2021,10,0.52
"Q1_7B",2021,11,1
"Q1_7B",2021,12,0.1
"Q1_7B",2021,13,0.04
"Q1_7B",2021,14,0
"Q1_7B",2021,15,0.56
"Q1_7B",2021,16,0.08
"Q1_7B",2021,17,0.54
"Q1_7B",2021,18,1
"Q1_7B",2021,19,0
"Q1_7B",2021,20,0
"Q1_7B",2021,21,0.78
"Q1_7B",2021,22,1
"Q1_7B",2021,23,1
"Q1_7B",2021,24,0.52
"Q1_7B",2021,25,0
"Q1_7B",2021,26,0.42
"Q1_7B",2021,27,0.18
"Q1_7B",2021,28,1
"Q1_7B",2021,29,1
"Q1_7B",2021,30,0.9
"Q1_7B",2021,31,0.3
"Q1_7B",2021,32,0.2
"Q1_7B",2021,33,0.52
"Q1_7B",2021,34,0.5
"Q1_7B",2021,35,1
"Q1_7B",2021,36,0.84
"Q1_7B",2021,37,0.38
"Q1_7B",2021,38,0.28
"Q1_7B",2021,39,0.1
"Q1_7B",2021,40,1
"Q1_7B",2021,41,0.24
"Q1_7B",2021,42,0.82
"Q1_7B",2021,43,0.22
"Q1_7B",2021,44,0.98
"Q1_7B",2021,45,0.68
"Q1_7B",2021,46,0.9
"Q1_7B",2021,47,0
"Q1_7B",2021,48,1
"Q1_7B",2021,49,0.58
"Q1_7B",2021,50,0.44
"Q1_7B",2021,51,0
"Q1_7B",2021,52,0
"Q1_7B",2021,53,1
"Q1_7B",2021,54,0.54
"Q1_7B",2021,55,1
"Q1_7B",2021,56,0.7
"Q1_7B",2021,57,0.24
"Q1_7B",2021,58,0.18
"Q1_7B",2021,59,0.38
"Q1_7B",2021,60,0
"Q1_7B",2021,61,1
"Q1_7B",2021,62,0.58
"Q1_7B",2021,63,0.34
"Q1_7B",2021,64,0.08
"Q1_7B",2021,65,0.12
"Q1_7B",2021,66,0.8
"Q1_7B",2021,67,1
"Q1_7B",2021,68,0.32
"Q1_7B",2021,69,0.12
"Q1_7B",2021,70,0.26
"Q1_7B",2021,71,0.56
"Q1_7B",2021,72,0.28
"Q1_7B",2021,73,1
"Q1_7B",2021,74,0.56
"Q1_7B",2021,75,0
"Q1_7B",2021,76,0.62
"Q1_7B",2021,77,0.02
"Q1_7B",2021,78,1
"Q1_7B",2021,79,1
"Q1_7B",2021,80,0.36
"Q1_7B",2021,81,1
"Q1_7B",2021,82,0.22
"Q1_7B",2021,83,0.34
"Q1_7B",2021,84,0.78
"Q1_7B",2021,85,0.8
"Q1_7B",2021,86,0
"Q1_7B",2021,87,0.72
"Q1_7B",2021,88,1
"Q1_7B",2021,89,0.12
"Q1_7B",2021,90,0.2
"Q1_7B",2021,91,0.54
"Q1_7B",2021,92,0
"Q1_7B",2021,93,0.48
"Q1_7B",2021,94,0
"Q1_7B",2021,95,0.16
"Q1_7B",2021,96,0.44
"Q1_7B",2021,97,0.5
"Q1_7B",2021,98,0.08
"Q1_7B",2021,99,0.18
"Q1_7B",2021,100,0
"Q1_7B",2021,101,0.3
"Q1_7B",2021,102,0.52
"Q1_7B",2021,103,1
"Q1_7B",2021,104,0.4
"Q1_7B",2021,105,0.32
"Q1_7B",2021,106,0.58
"Q1_7B",2021,107,0
"Q1_7B",2021,108,0.28
"Q1_7B",2021,109,0.84
"Q1_7B",2021,110,0.94
"Q1_7B",2021,111,0.56
"Q1_7B",2021,112,0.8
"Q1_7B",2021,113,0.48
"Q1_7B",2021,114,0.34
"Q1_7B",2021,115,0.52
"Q1_7B",2021,116,0.72
"Q1_7B",2021,117,0
"Q1_7B",2021,118,0.14
"Q1_7B",2021,119,1
"Q1_7B",2021,120,0.7
"Q1_7B",2021,121,0.72
"Q1_7B",2021,122,0.32
"Q1_7B",2021,123,1
"Q1_7B",2021,124,0.82
"Q1_7B",2021,125,0.28
"Q1_7B",2021,126,0.06
"Q1_7B",2021,127,0.18
"Q1_7B",2021,128,0
"Q1_7B",2021,129,0.28
"Q1_7B",2021,130,0.42
"Q1_7B",2021,131,0.98
"Q1_7B",2021,132,0
"Q1_7B",2021,133,0.16
"Q1_7B",2021,134,0.1
"Q1_7B",2021,135,0.1
"Q1_7B",2021,136,0.76
"Q1_7B",2021,137,0.14
"Q1_7B",2021,138,0
"Q1_7B",2021,139,0.92
"Q1_7B",2021,140,0.96
"Q1_7B",2022,1,1
"Q1_7B",2022,2,0.72
"Q1_7B",2022,3,0.7
"Q1_7B",2022,4,0.5
"Q1_7B",2022,5,0.3
"Q1_7B",2022,6,1
"Q1_7B",2022,7,0.02
"Q1_7B",2022,8,0.38
"Q1_7B",2022,9,0.76
"Q1_7B",2022,10,0.72
"Q1_7B",2022,11,0.78
"Q1_7B",2022,12,0.46
"Q1_7B",2022,13,0
"Q1_7B",2022,14,0.68
"Q1_7B",2022,15,0.86
"Q1_7B",2022,16,1
"Q1_7B",2022,17,1
"Q1_7B",2022,18,0.96
"Q1_7B",2022,19,0.36
"Q1_7B",2022,20,1
"Q1_7B",2022,21,0
"Q1_7B",2022,22,0
"Q1_7B",2022,23,0.1
"Q1_7B",2022,24,0.08
"Q1_7B",2022,25,0.04
"Q1_7B",2022,26,0.98
"Q1_7B",2022,27,0.98
"Q1_7B",2022,28,0.84
"Q1_7B",2022,29,1
"Q1_7B",2022,30,0.92
"Q1_7B",2022,31,0.04
"Q1_7B",2022,32,0.2
"Q1_7B",2022,33,0.32
"Q1_7B",2022,34,0.36
"Q1_7B",2022,35,0
"Q1_7B",2022,36,0.4
"Q1_7B",2022,37,0
"Q1_7B",2022,38,0.82
"Q1_7B",2022,39,0.14
"Q1_7B",2022,40,0
"Q1_7B",2022,41,0.8
"Q1_7B",2022,42,1
"Q1_7B",2022,43,0.54
"Q1_7B",2022,44,0.42
"Q1_7B",2022,45,0.12
"Q1_7B",2022,46,1
"Q1_7B",2022,47,0.86
"Q1_7B",2022,48,0.74
"Q1_7B",2022,49,0.76
"Q1_7B",2022,50,0.4
"Q1_7B",2022,51,0.92
"Q1_7B",2022,52,0.74
"Q1_7B",2022,53,1
"Q1_7B",2022,54,1
"Q1_7B",2022,55,0.12
"Q1_7B",2022,56,0.72
"Q1_7B",2022,57,0.74
"Q1_7B",2022,58,0.12
"Q1_7B",2022,59,0.72
"Q1_7B",2022,60,0
"Q1_7B",2022,61,0.88
"Q1_7B",2022,62,0
"Q1_7B",2022,63,0.32
"Q1_7B",2022,64,0.4
"Q1_7B",2022,65,0.96
"Q1_7B",2022,66,1
"Q1_7B",2022,67,0.62
"Q1_7B",2022,68,0.5
"Q1_7B",2022,69,0
"Q1_7B",2022,70,1
"Q1_7B",2022,71,0.92
"Q1_7B",2022,72,0.1
"Q1_7B",2022,73,0.98
"Q1_7B",2022,74,0.98
"Q1_7B",2022,75,0.78
"Q1_7B",2022,76,0
"Q1_7B",2022,77,0.14
"Q1_7B",2022,78,1
"Q1_7B",2022,79,0.34
"Q1_7B",2022,80,0.36
"Q1_7B",2022,81,0.36
"Q1_7B",2022,82,0.6
"Q1_7B",2022,83,0.4
"Q1_7B",2022,84,0.3
"Q1_7B",2022,85,0.98
"Q1_7B",2022,86,0.7
"Q1_7B",2022,87,0.5
"Q1_7B",2022,88,0.2
"Q1_7B",2022,89,0.38
"Q1_7B",2022,90,0.86
"Q1_7B",2022,91,1
"Q1_7B",2022,92,0.26
"Q1_7B",2022,93,0.46
"Q1_7B",2022,94,1
"Q1_7B",2022,95,0
"Q1_7B",2022,96,0.16
"Q1_7B",2022,97,0.34
"Q1_7B",2022,98,0.92
"Q1_7B",2022,99,0.54
"Q1_7B",2022,100,0.12
"Q1_7B",2022,101,0.44
"Q1_7B",2022,102,1
"Q1_7B",2022,103,0.7
"Q1_7B",2022,104,1
"Q1_7B",2022,105,1
"Q1_7B",2022,106,0.06
"Q1_7B",2022,107,1
"Q1_7B",2022,108,0.02
"Q1_7B",2022,109,0.62
"Q1_7B",2022,110,0.7
"Q1_7B",2022,111,0.26
"Q1_7B",2022,112,0.82
"Q1_7B",2022,113,1
"Q1_7B",2022,114,0.1
"Q1_7B",2022,115,0.24
"Q1_7B",2022,116,0.16
"Q1_7B",2022,117,0.2
"Q1_7B",2022,118,0.84
"Q1_7B",2022,119,0.94
"Q1_7B",2022,120,0.76
"Q1_7B",2022,121,0.22
"Q1_7B",2022,122,0
"Q1_7B",2022,123,1
"Q1_7B",2022,124,0.7
"Q1_7B",2022,125,1
"Q1_7B",2022,126,0.18
"Q1_7B",2022,127,0.24
"Q1_7B",2022,128,0.98
"Q1_7B",2022,129,0.56
"Q1_7B",2022,130,0.9
"Q1_7B",2022,131,0.8
"Q1_7B",2022,132,1
"Q1_7B",2022,133,0.74
"Q1_7B",2022,134,1
"Q1_7B",2022,135,0.18
"Q1_7B",2022,136,0.38
"Q1_7B",2022,137,0.14
"Q1_7B",2022,138,0
"Q1_7B",2022,139,0.22
"Q1_7B",2022,140,0.88
"Q1_7B",2023,1,0.38
"Q1_7B",2023,2,0.7
"Q1_7B",2023,3,0.98
"Q1_7B",2023,4,0.5
"Q1_7B",2023,5,0.5
"Q1_7B",2023,6,0
"Q1_7B",2023,7,0.8
"Q1_7B",2023,8,1
"Q1_7B",2023,9,0.62
"Q1_7B",2023,10,0.26
"Q1_7B",2023,11,0.16
"Q1_7B",2023,12,0.4
"Q1_7B",2023,13,0
"Q1_7B",2023,14,0.76
"Q1_7B",2023,15,0
"Q1_7B",2023,16,0.88
"Q1_7B",2023,17,0.94
"Q1_7B",2023,18,1
"Q1_7B",2023,19,0.04
"Q1_7B",2023,20,0.3
"Q1_7B",2023,21,0.54
"Q1_7B",2023,22,0.08
"Q1_7B",2023,23,0
"Q1_7B",2023,24,0
"Q1_7B",2023,25,0
"Q1_7B",2023,26,0
"Q1_7B",2023,27,0.54
"Q1_7B",2023,28,0.98
"Q1_7B",2023,29,0.16
"Q1_7B",2023,30,1
"Q1_7B",2023,31,0.2
"Q1_7B",2023,32,0.06
"Q1_7B",2023,33,0.54
"Q1_7B",2023,34,0.42
"Q1_7B",2023,35,0.24
"Q1_7B",2023,36,0.08
"Q1_7B",2023,37,0.92
"Q1_7B",2023,38,0.3
"Q1_7B",2023,39,0.08
"Q1_7B",2023,40,1
"Q1_7B",2023,41,0.74
"Q1_7B",2023,42,0.1
"Q1_7B",2023,43,0.7
"Q1_7B",2023,44,1
"Q1_7B",2023,45,0.44
"Q1_7B",2023,46,0
"Q1_7B",2023,47,0
"Q1_7B",2023,48,1
"Q1_7B",2023,49,0.98
"Q1_7B",2023,50,0.18
"Q1_7B",2023,51,1
"Q1_7B",2023,52,0.22
"Q1_7B",2023,53,0.7
"Q1_7B",2023,54,0.74
"Q1_7B",2023,55,0.18
"Q1_7B",2023,56,0.56
"Q1_7B",2023,57,0.46
"Q1_7B",2023,58,1
"Q1_7B",2023,59,1
"Q1_7B",2023,60,1
"Q1_7B",2023,61,0
"Q1_7B",2023,62,0
"Q1_7B",2023,63,0
"Q1_7B",2023,64,0.48
"Q1_7B",2023,65,1
"Q1_7B",2023,66,0.9
"Q1_7B",2023,67,0.9
"Q1_7B",2023,68,0.48
"Q1_7B",2023,69,0
"Q1_7B",2023,70,0
"Q1_7B",2023,71,0.2
"Q1_7B",2023,72,0.9
"Q1_7B",2023,73,0.12
"Q1_7B",2023,74,0.46
"Q1_7B",2023,75,0.86
"Q1_7B",2023,76,0.08
"Q1_7B",2023,77,0.72
"Q1_7B",2023,78,0.9
"Q1_7B",2023,79,0.5
"Q1_7B",2023,80,0.76
"Q1_7B",2023,81,0.08
"Q1_7B",2023,82,0
"Q1_7B",2023,83,0.96
"Q1_7B",2023,84,0.6
"Q1_7B",2023,85,0
"Q1_7B",2023,86,0.78
"Q1_7B",2023,87,0
"Q1_7B",2023,88,0.5
"Q1_7B",2023,89,0.88
"Q1_7B",2023,90,0.26
"Q1_7B",2023,91,0.94
"Q1_7B",2023,92,0.72
"Q1_7B",2023,93,0.66
"Q1_7B",2023,94,0.1
"Q1_7B",2023,95,0.98
"Q1_7B",2023,96,0.34
"Q1_7B",2023,97,0.56
"Q1_7B",2023,98,0.1
"Q1_7B",2023,99,0.6
"Q1_7B",2023,100,1
"Q1_7B",2023,101,0.4
"Q1_7B",2023,102,1
"Q1_7B",2023,103,1
"Q1_7B",2023,104,0.98
"Q1_7B",2023,105,0.74
"Q1_7B",2023,106,0.3
"Q1_7B",2023,107,1
"Q1_7B",2023,108,0.16
"Q1_7B",2023,109,0.78
"Q1_7B",2023,110,0.74
"Q1_7B",2023,111,0.94
"Q1_7B",2023,112,0.68
"Q1_7B",2023,113,0.18
"Q1_7B",2023,114,0.66
"Q1_7B",2023,115,0.34
"Q1_7B",2023,116,0.5
"Q1_7B",2023,117,0.36
"Q1_7B",2023,118,0.28
"Q1_7B",2023,119,0.14
"Q1_7B",2023,120,0.14
"Q1_7B",2023,121,0.98
"Q1_7B",2023,122,1
"Q1_7B",2023,123,0.22
"Q1_7B",2023,124,0.4
"Q1_7B",2023,125,1
"Q1_7B",2023,126,1
"Q1_7B",2023,127,0
"Q1_7B",2023,128,0
"Q1_7B",2023,129,0.88
"Q1_7B",2023,130,0.18
"Q1_7B",2023,131,0
"Q1_7B",2023,132,0.04
"Q1_7B",2023,133,0.6
"Q1_7B",2023,134,0.16
"Q1_7B",2023,135,0.26
"Q1_7B",2023,136,0.7
"Q1_7B",2023,137,1
"Q1_7B",2023,138,0.16
"Q1_7B",2023,139,0.86
"Q1_7B",2023,140,0.28
"Q1_7B",2024,1,0.26
"Q1_7B",2024,2,0.78
"Q1_7B",2024,3,0.5
"Q1_7B",2024,4,1
"Q1_7B",2024,5,0.96
"Q1_7B",2024,6,1
"Q1_7B",2024,7,0.76
"Q1_7B",2024,8,0
"Q1_7B",2024,9,0.28
"Q1_7B",2024,10,1
"Q1_7B",2024,11,0.98
"Q1_7B",2024,12,1
"Q1_7B",2024,13,0.46
"Q1_7B",2024,14,0.52
"Q1_7B",2024,15,0.12
"Q1_7B",2024,16,0.96
"Q1_7B",2024,17,0.46
"Q1_7B",2024,18,0.28
"Q1_7B",2024,19,1
"Q1_7B",2024,20,0.34
"Q1_7B",2024,21,1
"Q1_7B",2024,22,0.54
"Q1_7B",2024,23,0.26
"Q1_7B",2024,24,0.04
"Q1_7B",2024,25,0.18
"Q1_7B",2024,26,0.52
"Q1_7B",2024,27,0.1
"Q1_7B",2024,28,1
"Q1_7B",2024,29,0.06
"Q1_7B",2024,30,0.58
"Q1_7B",2024,31,1
"Q1_7B",2024,32,0.06
"Q1_7B",2024,33,0
"Q1_7B",2024,34,1
"Q1_7B",2024,35,1
"Q1_7B",2024,36,0
"Q1_7B",2024,37,0.4
"Q1_7B",2024,38,0.74
"Q1_7B",2024,39,0.02
"Q1_7B",2024,40,1
"Q1_7B",2024,41,0.18
"Q1_7B",2024,42,0.06
"Q1_7B",2024,43,0.12
"Q1_7B",2024,44,0
"Q1_7B",2024,45,0.56
"Q1_7B",2024,46,0.26
"Q1_7B",2024,47,0
"Q1_7B",2024,48,0.34
"Q1_7B",2024,49,0.04
"Q1_7B",2024,50,0.68
"Q1_7B",2024,51,0.24
"Q1_7B",2024,52,1
"Q1_7B",2024,53,0.8
"Q1_7B",2024,54,0.98
"Q1_7B",2024,55,0.52
"Q1_7B",2024,56,0.7
"Q1_7B",2024,57,0.06
"Q1_7B",2024,58,0
"Q1_7B",2024,59,0.04
"Q1_7B",2024,60,0.34
"Q1_7B",2024,61,0.26
"Q1_7B",2024,62,0.16
"Q1_7B",2024,63,0.9
"Q1_7B",2024,64,0
"Q1_7B",2024,65,0
"Q1_7B",2024,66,0.36
"Q1_7B",2024,67,0.08
"Q1_7B",2024,68,0.02
"Q1_7B",2024,69,0.42
"Q1_7B",2024,70,0.94
"Q1_7B",2024,71,0.9
"Q1_7B",2024,72,1
"Q1_7B",2024,73,0
"Q1_7B",2024,74,0
"Q1_7B",2024,75,1
"Q1_7B",2024,76,0.84
"Q1_7B",2024,77,1
"Q1_7B",2024,78,0.02
"Q1_7B",2024,79,0.54
"Q1_7B",2024,80,0.8
"Q1_7B",2024,81,0
"Q1_7B",2024,82,0.76
"Q1_7B",2024,83,0
"Q1_7B",2024,84,0
"Q1_7B",2024,85,0.16
"Q1_7B",2024,86,0.66
"Q1_7B",2024,87,0.06
"Q1_7B",2024,88,0.48
"Q1_7B",2024,89,0.38
"Q1_7B",2024,90,0.96
"Q1_7B",2024,91,0.44
"Q1_7B",2024,92,0.88
"Q1_7B",2024,93,1
"Q1_7B",2024,94,0.08
"Q1_7B",2024,95,1
"Q1_7B",2024,96,0.62
"Q1_7B",2024,97,0.94
"Q1_7B",2024,98,1
"Q1_7B",2024,99,0.6
"Q1_7B",2024,100,0.16
"Q1_7B",2024,101,0.86
"Q1_7B",2024,102,0.76
"Q1_7B",2024,103,0
"Q1_7B",2024,104,0.94
"Q1_7B",2024,105,0.84
"Q1_7B",2024,106,0.08
"Q1_7B",2024,107,0.76
"Q1_7B",2024,108,0.08
"Q1_7B",2024,109,0.12
"Q1_7B",2024,110,0.04
"Q1_7B",2024,111,0.74
"Q1_7B",2024,112,1
"Q1_7B",2024,113,0.72
"Q1_7B",2024,114,1
"Q1_7B",2024,115,0.52
"Q1_7B",2024,116,0.92
"Q1_7B",2024,117,0.68
"Q1_7B",2024,118,0.48
"Q1_7B",2024,119,0.28
"Q1_7B",2024,120,0.54
"Q1_7B",2024,121,1
"Q1_7B",2024,122,0.62
"Q1_7B",2024,123,1
"Q1_7B",2024,124,1
"Q1_7B",2024,125,0.44
"Q1_7B",2024,126,0.22
"Q1_7B",2024,127,0.36
"Q1_7B",2024,128,0.3
"Q1_7B",2024,129,1
"Q1_7B",2024,130,1
"Q1_7B",2024,131,0.06
"Q1_7B",2024,132,0.8
"Q1_7B",2024,133,0.4
"Q1_7B",2024,134,0.08
"Q1_7B",2024,135,0.82
"Q1_7B",2024,136,0.92
"Q1_7B",2024,137,0.94
"Q1_7B",2024,138,0.52
"Q1_7B",2024,139,0.98
"Q1_7B",2024,140,0.44
"Q4B",2020,1,1
"Q4B",2020,2,1
"Q4B",2020,3,1
"Q4B",2020,4,1
"Q4B",2020,5,1
"Q4B",2020,6,1
"Q4B",2020,7,1
"Q4B",2020,8,0.84
"Q4B",2020,9,1
"Q4B",2020,10,1
"Q4B",2020,11,0.76
"Q4B",2020,12,1
"Q4B",2020,13,0.48
"Q4B",2020,14,1
"Q4B",2020,15,1
"Q4B",2020,16,1
"Q4B",2020,17,1
"Q4B",2020,18,1
"Q4B",2020,19,1
"Q4B",2020,20,0.64
"Q4B",2020,21,1
"Q4B",2020,22,1
"Q4B",2020,23,1
"Q4B",2020,24,0.86
"Q4B",2020,25,0.82
"Q4B",2020,26,0.56
"Q4B",2020,27,0
"Q4B",2020,28,1
"Q4B",2020,29,0.4
"Q4B",2020,30,1
"Q4B",2020,31,0.46
"Q4B",2020,32,0.58
"Q4B",2020,33,0.96
"Q4B",2020,34,0.42
"Q4B",2020,35,0.02
"Q4B",2020,36,1
"Q4B",2020,37,1
"Q4B",2020,38,1
"Q4B",2020,39,0.04
"Q4B",2020,40,0
"Q4B",2020,41,1
"Q4B",2020,42,1
"Q4B",2020,43,0.34
"Q4B",2020,44,0.94
"Q4B",2020,45,1
"Q4B",2020,46,1
"Q4B",2020,47,0.04
"Q4B",2020,48,1
"Q4B",2020,49,0
"Q4B",2020,50,0
"Q4B",2020,51,1
"Q4B",2020,52,0.18
"Q4B",2020,53,0
"Q4B",2020,54,1
"Q4B",2020,55,0.72
"Q4B",2020,56,0.88
"Q4B",2020,57,1
"Q4B",2020,58,1
"Q4B",2020,59,0.92
"Q4B",2020,60,1
"Q4B",2020,61,0.54
"Q4B",2020,62,0.18
"Q4B",2020,63,1
"Q4B",2020,64,1
"Q4B",2020,65,1
"Q4B",2020,66,0.98
"Q4B",2020,67,0.7
"Q4B",2020,68,0
"Q4B",2020,69,0
"Q4B",2020,70,0.56
"Q4B",2020,71,1
"Q4B",2020,72,1
"Q4B",2020,73,0.1
"Q4B",2020,74,1
"Q4B",2020,75,0.28
"Q4B",2020,76,1
"Q4B",2020,77,0.94
"Q4B",2020,78,1
"Q4B",2020,79,1
"Q4B",2020,80,0.98
"Q4B",2020,81,0
"Q4B",2020,82,0.46
"Q4B",2020,83,0
"Q4B",2020,84,0.1
"Q4B",2020,85,0.18
"Q4B",2020,86,1
"Q4B",2020,87,0
"Q4B",2020,88,1
"Q4B",2020,89,1
"Q4B",2020,90,1
"Q4B",2020,91,1
"Q4B",2020,92,0
"Q4B",2020,93,0.12
"Q4B",2020,94,1
"Q4B",2020,95,1
"Q4B",2020,96,1
"Q4B",2020,97,1
"Q4B",2020,98,1
"Q4B",2020,99,1
"Q4B",2020,100,1
"Q4B",2020,101,1
"Q4B",2020,102,1
"Q4B",2020,103,0.02
"Q4B",2020,104,0.28
"Q4B",2020,105,0.98
"Q4B",2020,106,1
"Q4B",2020,107,1
"Q4B",2020,108,1
"Q4B",2020,109,1
"Q4B",2020,110,1
"Q4B",2020,111,0.66
"Q4B",2020,112,0.42
"Q4B",2020,113,0.26
"Q4B",2020,114,0.76
"Q4B",2020,115,0.92
"Q4B",2020,116,1
"Q4B",2020,117,1
"Q4B",2020,118,0.96
"Q4B",2020,119,0.16
"Q4B",2020,120,0.48
"Q4B",2020,121,0.14
"Q4B",2020,122,1
"Q4B",2020,123,1
"Q4B",2020,124,0.58
"Q4B",2020,125,0.12
"Q4B",2020,126,1
"Q4B",2020,127,1
"Q4B",2020,128,0.02
"Q4B",2020,129,1
"Q4B",2020,130,1
"Q4B",2020,131,1
"Q4B",2020,132,0.38
"Q4B",2020,133,0.88
"Q4B",2020,134,0
"Q4B",2020,135,0.98
"Q4B",2020,136,1
"Q4B",2020,137,1
"Q4B",2020,138,0.06
"Q4B",2020,139,0.62
"Q4B",2020,140,1
"Q4B",2021,1,1
"Q4B",2021,2,1
"Q4B",2021,3,0.5
"Q4B",2021,4,1
"Q4B",2021,5,1
"Q4B",2021,6,1
"Q4B",2021,7,1
"Q4B",2021,8,1
"Q4B",2021,9,0.94
"Q4B",2021,10,0.38
"Q4B",2021,11,1
"Q4B",2021,12,0.48
"Q4B",2021,13,1
"Q4B",2021,14,0.4
"Q4B",2021,15,1
"Q4B",2021,16,1
"Q4B",2021,17,0.46
"Q4B",2021,18,1
"Q4B",2021,19,0.62
"Q4B",2021,20,0.04
"Q4B",2021,21,1
"Q4B",2021,22,1
"Q4B",2021,23,1
"Q4B",2021,24,1
"Q4B",2021,25,0.96
"Q4B",2021,26,1
"Q4B",2021,27,0.72
"Q4B",2021,28,1
"Q4B",2021,29,1
"Q4B",2021,30,1
"Q4B",2021,31,1
"Q4B",2021,32,0.88
"Q4B",2021,33,0.46
"Q4B",2021,34,0.12
"Q4B",2021,35,1
"Q4B",2021,36,1
"Q4B",2021,37,0.56
"Q4B",2021,38,0.66
"Q4B",2021,39,1
"Q4B",2021,40,1
"Q4B",2021,41,1
"Q4B",2021,42,1
"Q4B",2021,43,0.34
"Q4B",2021,44,1
"Q4B",2021,45,1
"Q4B",2021,46,1
"Q4B",2021,47,1
"Q4B",2021,48,1
"Q4B",2021,49,1
"Q4B",2021,50,0.96
"Q4B",2021,51,1
"Q4B",2021,52,1
"Q4B",2021,53,1
"Q4B",2021,54,1
"Q4B",2021,55,1
"Q4B",2021,56,0.82
"Q4B",2021,57,0.46
"Q4B",2021,58,0.24
"Q4B",2021,59,0.96
"Q4B",2021,60,0.54
"Q4B",2021,61,0.98
"Q4B",2021,62,1
"Q4B",2021,63,1
"Q4B",2021,64,1
"Q4B",2021,65,0.84
"Q4B",2021,66,0.74
"Q4B",2021,67,0.96
"Q4B",2021,68,0.42
"Q4B",2021,69,0.98
"Q4B",2021,70,0.38
"Q4B",2021,71,0.78
"Q4B",2021,72,0.16
"Q4B",2021,73,1
"Q4B",2021,74,0.46
"Q4B",2021,75,1
"Q4B",2021,76,1
"Q4B",2021,77,1
"Q4B",2021,78,1
"Q4B",2021,79,1
"Q4B",2021,80,0.56
"Q4B",2021,81,1
"Q4B",2021,82,1
"Q4B",2021,83,0
"Q4B",2021,84,0.24
"Q4B",2021,85,1
"Q4B",2021,86,0.08
"Q4B",2021,87,1
"Q4B",2021,88,1
"Q4B",2021,89,1
"Q4B",2021,90,0.08
"Q4B",2021,91,1
"Q4B",2021,92,0
"Q4B",2021,93,0.42
"Q4B",2021,94,0.14
"Q4B",2021,95,0.8
"Q4B",2021,96,1
"Q4B",2021,97,0.84
"Q4B",2021,98,1
"Q4B",2021,99,0.44
"Q4B",2021,100,0.96
"Q4B",2021,101,0.78
"Q4B",2021,102,1
"Q4B",2021,103,0.8
"Q4B",2021,104,1
"Q4B",2021,105,0.96
"Q4B",2021,106,0.1
"Q4B",2021,107,0
"Q4B",2021,108,1
"Q4B",2021,109,0.88
"Q4B",2021,110,1
"Q4B",2021,111,0.86
"Q4B",2021,112,0
"Q4B",2021,113,0.2
"Q4B",2021,114,0.98
"Q4B",2021,115,0.66
"Q4B",2021,116,0.16
"Q4B",2021,117,0
"Q4B",2021,118,1
"Q4B",2021,119,1
"Q4B",2021,120,1
"Q4B",2021,121,1
"Q4B",2021,122,1
"Q4B",2021,123,0.68
"Q4B",2021,124,1
"Q4B",2021,125,1
"Q4B",2021,126,0.4
"Q4B",2021,127,1
"Q4B",2021,128,0
"Q4B",2021,129,1
"Q4B",2021,130,0.98
"Q4B",2021,131,1
"Q4B",2021,132,1
"Q4B",2021,133,1
"Q4B",2021,134,0.08
"Q4B",2021,135,0.1
"Q4B",2021,136,1
"Q4B",2021,137,0.78
"Q4B",2021,138,0
"Q4B",2021,139,0.84
"Q4B",2021,140,1
"Q4B",2022,1,1
"Q4B",2022,2,1
"Q4B",2022,3,1
"Q4B",2022,4,1
"Q4B",2022,5,0.46
"Q4B",2022,6,1
"Q4B",2022,7,1
"Q4B",2022,8,1
"Q4B",2022,9,1
"Q4B",2022,10,1
"Q4B",2022,11,1
"Q4B",2022,12,1
"Q4B",2022,13,0
"Q4B",2022,14,0.82
"Q4B",2022,15,1
"Q4B",2022,16,1
"Q4B",2022,17,1
"Q4B",2022,18,1
"Q4B",2022,19,1
"Q4B",2022,20,1
"Q4B",2022,21,0
"Q4B",2022,22,0
"Q4B",2022,23,1
"Q4B",2022,24,0
"Q4B",2022,25,0.88
"Q4B",2022,26,1
"Q4B",2022,27,1
"Q4B",2022,28,1
"Q4B",2022,29,1
"Q4B",2022,30,0.92
"Q4B",2022,31,0.98
"Q4B",2022,32,0.82
"Q4B",2022,33,1
"Q4B",2022,34,0
"Q4B",2022,35,1
"Q4B",2022,36,0
"Q4B",2022,37,0.96
"Q4B",2022,38,0.66
"Q4B",2022,39,0.86
"Q4B",2022,40,1
"Q4B",2022,41,1
"Q4B",2022,42,1
"Q4B",2022,43,1
"Q4B",2022,44,1
"Q4B",2022,45,0
"Q4B",2022,46,1
"Q4B",2022,47,0.96
"Q4B",2022,48,0.96
"Q4B",2022,49,1
"Q4B",2022,50,1
"Q4B",2022,51,1
"Q4B",2022,52,1
"Q4B",2022,53,1
"Q4B",2022,54,1
"Q4B",2022,55,0.88
"Q4B",2022,56,1
"Q4B",2022,57,1
"Q4B",2022,58,1
"Q4B",2022,59,1
"Q4B",2022,60,0.42
"Q4B",2022,61,1
"Q4B",2022,62,0.96
"Q4B",2022,63,0.68
"Q4B",2022,64,1
"Q4B",2022,65,1
"Q4B",2022,66,1
"Q4B",2022,67,1
"Q4B",2022,68,0.68
"Q4B",2022,69,0.66
"Q4B",2022,70,1
"Q4B",2022,71,0.82
"Q4B",2022,72,0.9
"Q4B",2022,73,0.7
"Q4B",2022,74,1
"Q4B",2022,75,1
"Q4B",2022,76,0
"Q4B",2022,77,0.96
"Q4B",2022,78,1
"Q4B",2022,79,1
"Q4B",2022,80,1
"Q4B",2022,81,1
"Q4B",2022,82,1
"Q4B",2022,83,0
"Q4B",2022,84,0
"Q4B",2022,85,1
"Q4B",2022,86,1
"Q4B",2022,87,0.46
"Q4B",2022,88,0.82
"Q4B",2022,89,0.14
"Q4B",2022,90,1
"Q4B",2022,91,0.56
"Q4B",2022,92,1
"Q4B",2022,93,1
"Q4B",2022,94,1
"Q4B",2022,95,0.96
"Q4B",2022,96,0.1
"Q4B",2022,97,0
"Q4B",2022,98,1
"Q4B",2022,99,0.56
"Q4B",2022,100,1
"Q4B",2022,101,0.9
"Q4B",2022,102,1
"Q4B",2022,103,1
"Q4B",2022,104,1
"Q4B",2022,105,1
"Q4B",2022,106,1
"Q4B",2022,107,1
"Q4B",2022,108,0.04
"Q4B",2022,109,1
"Q4B",2022,110,0.74
"Q4B",2022,111,0.16
"Q4B",2022,112,1
"Q4B",2022,113,0.94
"Q4B",2022,114,0.2
"Q4B",2022,115,1
"Q4B",2022,116,0.1
"Q4B",2022,117,0.78
"Q4B",2022,118,0.98
"Q4B",2022,119,0.82
"Q4B",2022,120,0.6
"Q4B",2022,121,0.28
"Q4B",2022,122,0.98
"Q4B",2022,123,1
"Q4B",2022,124,1
"Q4B",2022,125,1
"Q4B",2022,126,0.1
"Q4B",2022,127,0.74
"Q4B",2022,128,0.6
"Q4B",2022,129,1
"Q4B",2022,130,1
"Q4B",2022,131,0.98
"Q4B",2022,132,1
"Q4B",2022,133,1
"Q4B",2022,134,1
"Q4B",2022,135,0.78
"Q4B",2022,136,0.52
"Q4B",2022,137,0.4
"Q4B",2022,138,0.04
"Q4B",2022,139,0
"Q4B",2022,140,1
"Q4B",2023,1,0.64
"Q4B",2023,2,1
"Q4B",2023,3,1
"Q4B",2023,4,0.24
"Q4B",2023,5,0.88
"Q4B",2023,6,0.92
"Q4B",2023,7,1
"Q4B",2023,8,1
"Q4B",2023,9,0.66
"Q4B",2023,10,1
"Q4B",2023,11,0
"Q4B",2023,12,1
"Q4B",2023,13,1
"Q4B",2023,14,0.24
"Q4B",2023,15,0
"Q4B",2023,16,1
"Q4B",2023,17,1
"Q4B",2023,18,1
"Q4B",2023,19,0.38
"Q4B",2023,20,0.7
"Q4B",2023,21,0.44
"Q4B",2023,22,1
"Q4B",2023,23,0.84
"Q4B",2023,24,0.26
"Q4B",2023,25,0.44
"Q4B",2023,26,0.4
"Q4B",2023,27,0.88
"Q4B",2023,28,1
"Q4B",2023,29,0
"Q4B",2023,30,1
"Q4B",2023,31,0.98
"Q4B",2023,32,0.1
"Q4B",2023,33,0.36
"Q4B",2023,34,0.5
"Q4B",2023,35,1
"Q4B",2023,36,0.98
"Q4B",2023,37,1
"Q4B",2023,38,0
"Q4B",2023,39,0.66
"Q4B",2023,40,0.98
"Q4B",2023,41,0.96
"Q4B",2023,42,1
"Q4B",2023,43,1
"Q4B",2023,44,1
"Q4B",2023,45,0.8
"Q4B",2023,46,1
"Q4B",2023,47,0.62
"Q4B",2023,48,1
"Q4B",2023,49,1
"Q4B",2023,50,1
"Q4B",2023,51,1
"Q4B",2023,52,0.54
"Q4B",2023,53,1
"Q4B",2023,54,0.64
"Q4B",2023,55,1
"Q4B",2023,56,0.02
"Q4B",2023,57,0.66
"Q4B",2023,58,1
"Q4B",2023,59,1
"Q4B",2023,60,1
"Q4B",2023,61,0.56
"Q4B",2023,62,1
"Q4B",2023,63,0.76
"Q4B",2023,64,1
"Q4B",2023,65,1
"Q4B",2023,66,1
"Q4B",2023,67,0.86
"Q4B",2023,68,0.58
"Q4B",2023,69,1
"Q4B",2023,70,0
"Q4B",2023,71,0.1
"Q4B",2023,72,0.94
"Q4B",2023,73,0.48
"Q4B",2023,74,0
"Q4B",2023,75,0.72
"Q4B",2023,76,1
"Q4B",2023,77,0.78
"Q4B",2023,78,1
"Q4B",2023,79,0.08
"Q4B",2023,80,1
"Q4B",2023,81,1
"Q4B",2023,82,1
"Q4B",2023,83,1
"Q4B",2023,84,1
"Q4B",2023,85,1
"Q4B",2023,86,1
"Q4B",2023,87,1
"Q4B",2023,88,0
"Q4B",2023,89,0.98
"Q4B",2023,90,1
"Q4B",2023,91,1
"Q4B",2023,92,1
"Q4B",2023,93,1
"Q4B",2023,94,0.96
"Q4B",2023,95,1
"Q4B",2023,96,0.12
"Q4B",2023,97,1
"Q4B",2023,98,0
"Q4B",2023,99,1
"Q4B",2023,100,1
"Q4B",2023,101,1
"Q4B",2023,102,1
"Q4B",2023,103,1
"Q4B",2023,104,1
"Q4B",2023,105,1
"Q4B",2023,106,0.9
"Q4B",2023,107,0.98
"Q4B",2023,108,1
"Q4B",2023,109,1
"Q4B",2023,110,1
"Q4B",2023,111,1
"Q4B",2023,112,1
"Q4B",2023,113,0.56
"Q4B",2023,114,0.56
"Q4B",2023,115,1
"Q4B",2023,116,1
"Q4B",2023,117,1
"Q4B",2023,118,1
"Q4B",2023,119,1
"Q4B",2023,120,1
"Q4B",2023,121,1
"Q4B",2023,122,1
"Q4B",2023,123,0.48
"Q4B",2023,124,0.44
"Q4B",2023,125,1
"Q4B",2023,126,1
"Q4B",2023,127,1
"Q4B",2023,128,0.08
"Q4B",2023,129,1
"Q4B",2023,130,0.5
"Q4B",2023,131,0
"Q4B",2023,132,1
"Q4B",2023,133,1
"Q4B",2023,134,0.18
"Q4B",2023,135,1
"Q4B",2023,136,0.26
"Q4B",2023,137,1
"Q4B",2023,138,1
"Q4B",2023,139,1
"Q4B",2023,140,0.06
"Q4B",2024,1,0.9
"Q4B",2024,2,1
"Q4B",2024,3,0.98
"Q4B",2024,4,1
"Q4B",2024,5,1
"Q4B",2024,6,1
"Q4B",2024,7,0.64
"Q4B",2024,8,1
"Q4B",2024,9,0.4
"Q4B",2024,10,1
"Q4B",2024,11,1
"Q4B",2024,12,0
"Q4B",2024,13,0
"Q4B",2024,14,0.78
"Q4B",2024,15,0.28
"Q4B",2024,16,0.7
"Q4B",2024,17,0
"Q4B",2024,18,1
"Q4B",2024,19,1
"Q4B",2024,20,1
"Q4B",2024,21,1
"Q4B",2024,22,1
"Q4B",2024,23,0.98
"Q4B",2024,24,0
"Q4B",2024,25,0.56
"Q4B",2024,26,0.1
"Q4B",2024,27,0.04
"Q4B",2024,28,0.68
"Q4B",2024,29,0.72
"Q4B",2024,30,1
"Q4B",2024,31,1
"Q4B",2024,32,0.12
"Q4B",2024,33,0
"Q4B",2024,34,1
"Q4B",2024,35,1
"Q4B",2024,36,0.2
"Q4B",2024,37,1
"Q4B",2024,38,1
"Q4B",2024,39,0.48
"Q4B",2024,40,1
"Q4B",2024,41,1
"Q4B",2024,42,0
"Q4B",2024,43,1
"Q4B",2024,44,0.98
"Q4B",2024,45,0.7
"Q4B",2024,46,0.02
"Q4B",2024,47,1
"Q4B",2024,48,0.44
"Q4B",2024,49,0
"Q4B",2024,50,1
"Q4B",2024,51,1
"Q4B",2024,52,1
"Q4B",2024,53,1
"Q4B",2024,54,1
"Q4B",2024,55,0.78
"Q4B",2024,56,0.02
"Q4B",2024,57,0.72
"Q4B",2024,58,0.02
"Q4B",2024,59,0.1
"Q4B",2024,60,1
"Q4B",2024,61,0
"Q4B",2024,62,1
"Q4B",2024,63,0.5
"Q4B",2024,64,0.7
"Q4B",2024,65,0.58
"Q4B",2024,66,1
"Q4B",2024,67,0
"Q4B",2024,68,1
"Q4B",2024,69,0.42
"Q4B",2024,70,0.72
"Q4B",2024,71,0.62
"Q4B",2024,72,1
"Q4B",2024,73,0.02
"Q4B",2024,74,0.56
"Q4B",2024,75,1
"Q4B",2024,76,1
"Q4B",2024,77,1
"Q4B",2024,78,1
"Q4B",2024,79,0.98
"Q4B",2024,80,0
"Q4B",2024,81,0.9
"Q4B",2024,82,1
"Q4B",2024,83,0
"Q4B",2024,84,0.02
"Q4B",2024,85,1
"Q4B",2024,86,0.88
"Q4B",2024,87,1
"Q4B",2024,88,0.82
"Q4B",2024,89,0.98
"Q4B",2024,90,1
"Q4B",2024,91,1
"Q4B",2024,92,1
"Q4B",2024,93,1
"Q4B",2024,94,1
"Q4B",2024,95,1
"Q4B",2024,96,0.86
"Q4B",2024,97,1
"Q4B",2024,98,1
"Q4B",2024,99,0.62
"Q4B",2024,100,0.84
"Q4B",2024,101,1
"Q4B",2024,102,0
"Q4B",2024,103,0.02
"Q4B",2024,104,1
"Q4B",2024,105,1
"Q4B",2024,106,0
"Q4B",2024,107,1
"Q4B",2024,108,0.54
"Q4B",2024,109,0
"Q4B",2024,110,0.24
"Q4B",2024,111,1
"Q4B",2024,112,1
"Q4B",2024,113,0.22
"Q4B",2024,114,1
"Q4B",2024,115,0.9
"Q4B",2024,116,0.74
"Q4B",2024,117,1
"Q4B",2024,118,0.32
"Q4B",2024,119,0.84
"Q4B",2024,120,0.3
"Q4B",2024,121,1
"Q4B",2024,122,1
"Q4B",2024,123,1
"Q4B",2024,124,1
"Q4B",2024,125,0.88
"Q4B",2024,126,0
"Q4B",2024,127,0.74
"Q4B",2024,128,0.8
"Q4B",2024,129,1
"Q4B",2024,130,1
"Q4B",2024,131,0.16
"Q4B",2024,132,0.92
"Q4B",2024,133,0
"Q4B",2024,134,0.16
"Q4B",2024,135,1
"Q4B",2024,136,1
"Q4B",2024,137,1
"Q4B",2024,138,1
"Q4B",2024,139,1
"Q4B",2024,140,1
"Q8B",2020,1,1
"Q8B",2020,2,1
"Q8B",2020,3,1
"Q8B",2020,4,1
"Q8B",2020,5,1
"Q8B",2020,6,1
"Q8B",2020,7,1
"Q8B",2020,8,0.98
"Q8B",2020,9,1
"Q8B",2020,10,1
"Q8B",2020,11,0
"Q8B",2020,12,1
"Q8B",2020,13,0
"Q8B",2020,14,0.92
"Q8B",2020,15,1
"Q8B",2020,16,1
"Q8B",2020,17,1
"Q8B",2020,18,1
"Q8B",2020,19,1
"Q8B",2020,20,1
"Q8B",2020,21,1
"Q8B",2020,22,1
"Q8B",2020,23,1
"Q8B",2020,24,0.44
"Q8B",2020,25,1
"Q8B",2020,26,0.28
"Q8B",2020,27,0
"Q8B",2020,28,1
"Q8B",2020,29,0.3
"Q8B",2020,30,0.94
"Q8B",2020,31,0.92
"Q8B",2020,32,0
"Q8B",2020,33,0.86
"Q8B",2020,34,1
"Q8B",2020,35,0.54
"Q8B",2020,36,1
"Q8B",2020,37,1
"Q8B",2020,38,1
"Q8B",2020,39,0
"Q8B",2020,40,0.3
"Q8B",2020,41,1
"Q8B",2020,42,1
"Q8B",2020,43,0.44
"Q8B",2020,44,1
"Q8B",2020,45,1
"Q8B",2020,46,1
"Q8B",2020,47,1
"Q8B",2020,48,1
"Q8B",2020,49,0.02
"Q8B",2020,50,0
"Q8B",2020,51,1
"Q8B",2020,52,0.7
"Q8B",2020,53,0
"Q8B",2020,54,1
"Q8B",2020,55,1
"Q8B",2020,56,0.28
"Q8B",2020,57,1
"Q8B",2020,58,1
"Q8B",2020,59,0.98
"Q8B",2020,60,1
"Q8B",2020,61,0.78
"Q8B",2020,62,0.02
"Q8B",2020,63,1
"Q8B",2020,64,0.62
"Q8B",2020,65,1
"Q8B",2020,66,1
"Q8B",2020,67,0.84
"Q8B",2020,68,0.14
"Q8B",2020,69,0.02
"Q8B",2020,70,0.24
"Q8B",2020,71,1
"Q8B",2020,72,1
"Q8B",2020,73,0.4
"Q8B",2020,74,1
"Q8B",2020,75,0.4
"Q8B",2020,76,1
"Q8B",2020,77,0.38
"Q8B",2020,78,1
"Q8B",2020,79,0.9
"Q8B",2020,80,0.52
"Q8B",2020,81,1
"Q8B",2020,82,0.78
"Q8B",2020,83,0.98
"Q8B",2020,84,1
"Q8B",2020,85,0.06
"Q8B",2020,86,1
"Q8B",2020,87,0
"Q8B",2020,88,1
"Q8B",2020,89,1
"Q8B",2020,90,1
"Q8B",2020,91,1
"Q8B",2020,92,0.7
"Q8B",2020,93,0
"Q8B",2020,94,1
"Q8B",2020,95,0.32
"Q8B",2020,96,1
"Q8B",2020,97,1
"Q8B",2020,98,1
"Q8B",2020,99,1
"Q8B",2020,100,1
"Q8B",2020,101,0.98
"Q8B",2020,102,1
"Q8B",2020,103,0.56
"Q8B",2020,104,0
"Q8B",2020,105,1
"Q8B",2020,106,1
"Q8B",2020,107,0.94
"Q8B",2020,108,0.94
"Q8B",2020,109,1
"Q8B",2020,110,1
"Q8B",2020,111,0.18
"Q8B",2020,112,0.46
"Q8B",2020,113,0.84
"Q8B",2020,114,1
"Q8B",2020,115,0.46
"Q8B",2020,116,0.8
"Q8B",2020,117,1
"Q8B",2020,118,0.96
"Q8B",2020,119,0.12
"Q8B",2020,120,0
"Q8B",2020,121,0.36
"Q8B",2020,122,1
"Q8B",2020,123,1
"Q8B",2020,124,0
"Q8B",2020,125,0.38
"Q8B",2020,126,1
"Q8B",2020,127,1
"Q8B",2020,128,0
"Q8B",2020,129,1
"Q8B",2020,130,1
"Q8B",2020,131,1
"Q8B",2020,132,0.54
"Q8B",2020,133,0.68
"Q8B",2020,134,0
"Q8B",2020,135,0.9
"Q8B",2020,136,1
"Q8B",2020,137,1
"Q8B",2020,138,0.06
"Q8B",2020,139,0.66
"Q8B",2020,140,1
"Q8B",2021,1,1
"Q8B",2021,2,1
"Q8B",2021,3,1
"Q8B",2021,4,1
"Q8B",2021,5,1
"Q8B",2021,6,0.04
"Q8B",2021,7,1
"Q8B",2021,8,1
"Q8B",2021,9,1
"Q8B",2021,10,0
"Q8B",2021,11,1
"Q8B",2021,12,0.6
"Q8B",2021,13,1
"Q8B",2021,14,0.1
"Q8B",2021,15,1
"Q8B",2021,16,1
"Q8B",2021,17,1
"Q8B",2021,18,1
"Q8B",2021,19,0.48
"Q8B",2021,20,0.02
"Q8B",2021,21,0.96
"Q8B",2021,22,1
"Q8B",2021,23,1
"Q8B",2021,24,1
"Q8B",2021,25,1
"Q8B",2021,26,1
"Q8B",2021,27,1
"Q8B",2021,28,1
"Q8B",2021,29,1
"Q8B",2021,30,1
"Q8B",2021,31,1
"Q8B",2021,32,0.82
"Q8B",2021,33,1
"Q8B",2021,34,0.36
"Q8B",2021,35,1
"Q8B",2021,36,1
"Q8B",2021,37,0.62
"Q8B",2021,38,1
"Q8B",2021,39,1
"Q8B",2021,40,1
"Q8B",2021,41,1
"Q8B",2021,42,1
"Q8B",2021,43,0.74
"Q8B",2021,44,1
"Q8B",2021,45,0.94
"Q8B",2021,46,1
"Q8B",2021,47,0.96
"Q8B",2021,48,1
"Q8B",2021,49,1
"Q8B",2021,50,0.38
"Q8B",2021,51,1
"Q8B",2021,52,1
"Q8B",2021,53,1
"Q8B",2021,54,1
"Q8B",2021,55,1
"Q8B",2021,56,0.5
"Q8B",2021,57,0.5
"Q8B",2021,58,0.04
"Q8B",2021,59,1
"Q8B",2021,60,1
"Q8B",2021,61,1
"Q8B",2021,62,1
"Q8B",2021,63,1
"Q8B",2021,64,0.94
"Q8B",2021,65,0.84
"Q8B",2021,66,1
"Q8B",2021,67,0.98
"Q8B",2021,68,0.56
"Q8B",2021,69,0.98
"Q8B",2021,70,0.38
"Q8B",2021,71,0.2
"Q8B",2021,72,0.4
"Q8B",2021,73,1
"Q8B",2021,74,0.44
"Q8B",2021,75,1
"Q8B",2021,76,1
"Q8B",2021,77,1
"Q8B",2021,78,1
"Q8B",2021,79,1
"Q8B",2021,80,1
"Q8B",2021,81,1
"Q8B",2021,82,0.94
"Q8B",2021,83,0
"Q8B",2021,84,0
"Q8B",2021,85,1
"Q8B",2021,86,0
"Q8B",2021,87,1
"Q8B",2021,88,1
"Q8B",2021,89,1
"Q8B",2021,90,0.48
"Q8B",2021,91,0.9
"Q8B",2021,92,0.26
"Q8B",2021,93,0.48
"Q8B",2021,94,0.1
"Q8B",2021,95,0
"Q8B",2021,96,0.94
"Q8B",2021,97,0.78
"Q8B",2021,98,1
"Q8B",2021,99,0.58
"Q8B",2021,100,0.46
"Q8B",2021,101,1
"Q8B",2021,102,1
"Q8B",2021,103,1
"Q8B",2021,104,1
"Q8B",2021,105,0.56
"Q8B",2021,106,0.78
"Q8B",2021,107,0.44
"Q8B",2021,108,0.96
"Q8B",2021,109,0.76
"Q8B",2021,110,1
"Q8B",2021,111,1
"Q8B",2021,112,0.48
"Q8B",2021,113,1
"Q8B",2021,114,1
"Q8B",2021,115,0.12
"Q8B",2021,116,0.42
"Q8B",2021,117,1
"Q8B",2021,118,1
"Q8B",2021,119,1
"Q8B",2021,120,1
"Q8B",2021,121,1
"Q8B",2021,122,0.82
"Q8B",2021,123,1
"Q8B",2021,124,1
"Q8B",2021,125,1
"Q8B",2021,126,0.92
"Q8B",2021,127,1
"Q8B",2021,128,0.26
"Q8B",2021,129,1
"Q8B",2021,130,1
"Q8B",2021,131,0.3
"Q8B",2021,132,1
"Q8B",2021,133,0.88
"Q8B",2021,134,0.14
"Q8B",2021,135,0.2
"Q8B",2021,136,1
"Q8B",2021,137,0.88
"Q8B",2021,138,0
"Q8B",2021,139,0.86
"Q8B",2021,140,1
"Q8B",2022,1,1
"Q8B",2022,2,1
"Q8B",2022,3,1
"Q8B",2022,4,1
"Q8B",2022,5,0.86
"Q8B",2022,6,1
"Q8B",2022,7,1
"Q8B",2022,8,0.94
"Q8B",2022,9,0.76
"Q8B",2022,10,1
"Q8B",2022,11,1
"Q8B",2022,12,0.98
"Q8B",2022,13,0.24
"Q8B",2022,14,0.98
"Q8B",2022,15,1
"Q8B",2022,16,1
"Q8B",2022,17,1
"Q8B",2022,18,1
"Q8B",2022,19,1
"Q8B",2022,20,1
"Q8B",2022,21,0.08
"Q8B",2022,22,0.92
"Q8B",2022,23,0.66
"Q8B",2022,24,1
"Q8B",2022,25,1
"Q8B",2022,26,1
"Q8B",2022,27,1
"Q8B",2022,28,1
"Q8B",2022,29,1
"Q8B",2022,30,1
"Q8B",2022,31,1
"Q8B",2022,32,0.98
"Q8B",2022,33,1
"Q8B",2022,34,0
"Q8B",2022,35,1
"Q8B",2022,36,0
"Q8B",2022,37,1
"Q8B",2022,38,0.14
"Q8B",2022,39,1
"Q8B",2022,40,1
"Q8B",2022,41,1
"Q8B",2022,42,1
"Q8B",2022,43,1
"Q8B",2022,44,1
"Q8B",2022,45,0.68
"Q8B",2022,46,1
"Q8B",2022,47,1
"Q8B",2022,48,1
"Q8B",2022,49,1
"Q8B",2022,50,1
"Q8B",2022,51,1
"Q8B",2022,52,1
"Q8B",2022,53,1
"Q8B",2022,54,1
"Q8B",2022,55,0.98
"Q8B",2022,56,1
"Q8B",2022,57,1
"Q8B",2022,58,0.12
"Q8B",2022,59,1
"Q8B",2022,60,0.52
"Q8B",2022,61,0.94
"Q8B",2022,62,0.02
"Q8B",2022,63,1
"Q8B",2022,64,1
"Q8B",2022,65,1
"Q8B",2022,66,1
"Q8B",2022,67,1
"Q8B",2022,68,0.22
"Q8B",2022,69,0.28
"Q8B",2022,70,0.96
"Q8B",2022,71,1
"Q8B",2022,72,1
"Q8B",2022,73,1
"Q8B",2022,74,1
"Q8B",2022,75,1
"Q8B",2022,76,0.82
"Q8B",2022,77,0.88
"Q8B",2022,78,1
"Q8B",2022,79,1
"Q8B",2022,80,1
"Q8B",2022,81,1
"Q8B",2022,82,1
"Q8B",2022,83,0.1
"Q8B",2022,84,0
"Q8B",2022,85,0.26
"Q8B",2022,86,1
"Q8B",2022,87,1
"Q8B",2022,88,1
"Q8B",2022,89,0.08
"Q8B",2022,90,1
"Q8B",2022,91,1
"Q8B",2022,92,1
"Q8B",2022,93,1
"Q8B",2022,94,0.96
"Q8B",2022,95,0.74
"Q8B",2022,96,0
"Q8B",2022,97,0.5
"Q8B",2022,98,1
"Q8B",2022,99,1
"Q8B",2022,100,1
"Q8B",2022,101,0.4
"Q8B",2022,102,1
"Q8B",2022,103,0.62
"Q8B",2022,104,1
"Q8B",2022,105,1
"Q8B",2022,106,1
"Q8B",2022,107,1
"Q8B",2022,108,0.06
"Q8B",2022,109,1
"Q8B",2022,110,0.54
"Q8B",2022,111,0.34
"Q8B",2022,112,1
"Q8B",2022,113,0.74
"Q8B",2022,114,0.52
"Q8B",2022,115,1
"Q8B",2022,116,0.36
"Q8B",2022,117,0.82
"Q8B",2022,118,0.98
"Q8B",2022,119,0.06
"Q8B",2022,120,1
"Q8B",2022,121,0.5
"Q8B",2022,122,0.64
"Q8B",2022,123,0.88
"Q8B",2022,124,0.22
"Q8B",2022,125,1
"Q8B",2022,126,0.04
"Q8B",2022,127,0.84
"Q8B",2022,128,1
"Q8B",2022,129,1
"Q8B",2022,130,1
"Q8B",2022,131,0.96
"Q8B",2022,132,1
"Q8B",2022,133,0.78
"Q8B",2022,134,1
"Q8B",2022,135,1
"Q8B",2022,136,0.8
"Q8B",2022,137,0.9
"Q8B",2022,138,1
"Q8B",2022,139,0.8
"Q8B",2022,140,1
"Q8B",2023,1,0.86
"Q8B",2023,2,1
"Q8B",2023,3,1
"Q8B",2023,4,0.4
"Q8B",2023,5,0.82
"Q8B",2023,6,1
"Q8B",2023,7,1
"Q8B",2023,8,1
"Q8B",2023,9,0.44
"Q8B",2023,10,0
"Q8B",2023,11,0.78
"Q8B",2023,12,1
"Q8B",2023,13,0.52
"Q8B",2023,14,1
"Q8B",2023,15,0.7
"Q8B",2023,16,1
"Q8B",2023,17,1
"Q8B",2023,18,1
"Q8B",2023,19,0.6
"Q8B",2023,20,0.04
"Q8B",2023,21,1
"Q8B",2023,22,0.98
"Q8B",2023,23,0
"Q8B",2023,24,0.24
"Q8B",2023,25,0.34
"Q8B",2023,26,0.38
"Q8B",2023,27,1
"Q8B",2023,28,1
"Q8B",2023,29,0.64
"Q8B",2023,30,1
"Q8B",2023,31,0.94
"Q8B",2023,32,0.74
"Q8B",2023,33,0.32
"Q8B",2023,34,1
"Q8B",2023,35,1
"Q8B",2023,36,1
"Q8B",2023,37,1
"Q8B",2023,38,0.62
"Q8B",2023,39,0.86
"Q8B",2023,40,1
"Q8B",2023,41,0.18
"Q8B",2023,42,1
"Q8B",2023,43,1
"Q8B",2023,44,1
"Q8B",2023,45,0.64
"Q8B",2023,46,0.88
"Q8B",2023,47,1
"Q8B",2023,48,1
"Q8B",2023,49,1
"Q8B",2023,50,1
"Q8B",2023,51,1
"Q8B",2023,52,1
"Q8B",2023,53,1
"Q8B",2023,54,1
"Q8B",2023,55,0.72
"Q8B",2023,56,0
"Q8B",2023,57,1
"Q8B",2023,58,1
"Q8B",2023,59,1
"Q8B",2023,60,1
"Q8B",2023,61,0.88
"Q8B",2023,62,1
"Q8B",2023,63,1
"Q8B",2023,64,1
"Q8B",2023,65,1
"Q8B",2023,66,1
"Q8B",2023,67,1
"Q8B",2023,68,0.54
"Q8B",2023,69,1
"Q8B",2023,70,0.16
"Q8B",2023,71,0.04
"Q8B",2023,72,0.28
"Q8B",2023,73,0
"Q8B",2023,74,0.14
"Q8B",2023,75,1
"Q8B",2023,76,1
"Q8B",2023,77,0.48
"Q8B",2023,78,1
"Q8B",2023,79,0.64
"Q8B",2023,80,1
"Q8B",2023,81,1
"Q8B",2023,82,1
"Q8B",2023,83,1
"Q8B",2023,84,1
"Q8B",2023,85,1
"Q8B",2023,86,1
"Q8B",2023,87,0.02
"Q8B",2023,88,0.84
"Q8B",2023,89,1
"Q8B",2023,90,1
"Q8B",2023,91,1
"Q8B",2023,92,1
"Q8B",2023,93,1
"Q8B",2023,94,1
"Q8B",2023,95,1
"Q8B",2023,96,0.28
"Q8B",2023,97,1
"Q8B",2023,98,0
"Q8B",2023,99,1
"Q8B",2023,100,1
"Q8B",2023,101,1
"Q8B",2023,102,0.86
"Q8B",2023,103,1
"Q8B",2023,104,1
"Q8B",2023,105,1
"Q8B",2023,106,1
"Q8B",2023,107,1
"Q8B",2023,108,1
"Q8B",2023,109,1
"Q8B",2023,110,0.92
"Q8B",2023,111,1
"Q8B",2023,112,1
"Q8B",2023,113,1
"Q8B",2023,114,1
"Q8B",2023,115,1
"Q8B",2023,116,0.6
"Q8B",2023,117,1
"Q8B",2023,118,1
"Q8B",2023,119,0.96
"Q8B",2023,120,0.94
"Q8B",2023,121,1
"Q8B",2023,122,1
"Q8B",2023,123,0.16
"Q8B",2023,124,0.54
"Q8B",2023,125,0.92
"Q8B",2023,126,1
"Q8B",2023,127,0.82
"Q8B",2023,128,0.82
"Q8B",2023,129,1
"Q8B",2023,130,0.18
"Q8B",2023,131,0.16
"Q8B",2023,132,1
"Q8B",2023,133,0.76
"Q8B",2023,134,1
"Q8B",2023,135,1
"Q8B",2023,136,0.84
"Q8B",2023,137,1
"Q8B",2023,138,1
"Q8B",2023,139,1
"Q8B",2023,140,0.08
"Q8B",2024,1,1
"Q8B",2024,2,1
"Q8B",2024,3,0.98
"Q8B",2024,4,1
"Q8B",2024,5,1
"Q8B",2024,6,1
"Q8B",2024,7,1
"Q8B",2024,8,0.7
"Q8B",2024,9,0.64
"Q8B",2024,10,1
"Q8B",2024,11,1
"Q8B",2024,12,1
"Q8B",2024,13,0.38
"Q8B",2024,14,0.46
"Q8B",2024,15,0
"Q8B",2024,16,0.52
"Q8B",2024,17,0.74
"Q8B",2024,18,1
"Q8B",2024,19,1
"Q8B",2024,20,1
"Q8B",2024,21,1
"Q8B",2024,22,1
"Q8B",2024,23,0.88
"Q8B",2024,24,0.28
"Q8B",2024,25,0.54
"Q8B",2024,26,0.18
"Q8B",2024,27,0.62
"Q8B",2024,28,1
"Q8B",2024,29,1
"Q8B",2024,30,1
"Q8B",2024,31,1
"Q8B",2024,32,0.34
"Q8B",2024,33,0
"Q8B",2024,34,0.98
"Q8B",2024,35,1
"Q8B",2024,36,0.82
"Q8B",2024,37,1
"Q8B",2024,38,1
"Q8B",2024,39,1
"Q8B",2024,40,0.62
"Q8B",2024,41,1
"Q8B",2024,42,0.32
"Q8B",2024,43,1
"Q8B",2024,44,1
"Q8B",2024,45,0.96
"Q8B",2024,46,0.42
"Q8B",2024,47,1
"Q8B",2024,48,0.78
"Q8B",2024,49,0.32
"Q8B",2024,50,1
"Q8B",2024,51,1
"Q8B",2024,52,1
"Q8B",2024,53,1
"Q8B",2024,54,1
"Q8B",2024,55,0.6
"Q8B",2024,56,0.82
"Q8B",2024,57,0.5
"Q8B",2024,58,0.18
"Q8B",2024,59,0.14
"Q8B",2024,60,0.82
"Q8B",2024,61,0
"Q8B",2024,62,0.94
"Q8B",2024,63,0.82
"Q8B",2024,64,1
"Q8B",2024,65,0.7
"Q8B",2024,66,1
"Q8B",2024,67,1
"Q8B",2024,68,1
"Q8B",2024,69,0.94
"Q8B",2024,70,1
"Q8B",2024,71,0.96
"Q8B",2024,72,1
"Q8B",2024,73,0
"Q8B",2024,74,0
"Q8B",2024,75,1
"Q8B",2024,76,1
"Q8B",2024,77,1
"Q8B",2024,78,0.88
"Q8B",2024,79,0.92
"Q8B",2024,80,1
"Q8B",2024,81,0.74
"Q8B",2024,82,1
"Q8B",2024,83,1
"Q8B",2024,84,0
"Q8B",2024,85,0.82
"Q8B",2024,86,1
"Q8B",2024,87,1
"Q8B",2024,88,0.74
"Q8B",2024,89,1
"Q8B",2024,90,1
"Q8B",2024,91,1
"Q8B",2024,92,1
"Q8B",2024,93,1
"Q8B",2024,94,1
"Q8B",2024,95,1
"Q8B",2024,96,1
"Q8B",2024,97,1
"Q8B",2024,98,1
"Q8B",2024,99,1
"Q8B",2024,100,0.62
"Q8B",2024,101,1
"Q8B",2024,102,0.86
"Q8B",2024,103,0.6
"Q8B",2024,104,0
"Q8B",2024,105,1
"Q8B",2024,106,1
"Q8B",2024,107,0.96
"Q8B",2024,108,0.98
"Q8B",2024,109,0.2
"Q8B",2024,110,0.2
"Q8B",2024,111,1
"Q8B",2024,112,1
"Q8B",2024,113,1
"Q8B",2024,114,1
"Q8B",2024,115,0.2
"Q8B",2024,116,1
"Q8B",2024,117,1
"Q8B",2024,118,1
"Q8B",2024,119,0.96
"Q8B",2024,120,0.46
"Q8B",2024,121,1
"Q8B",2024,122,1
"Q8B",2024,123,1
"Q8B",2024,124,1
"Q8B",2024,125,1
"Q8B",2024,126,0
"Q8B",2024,127,0.02
"Q8B",2024,128,0.76
"Q8B",2024,129,1
"Q8B",2024,130,1
"Q8B",2024,131,0.2
"Q8B",2024,132,1
"Q8B",2024,133,0
"Q8B",2024,134,0.82
"Q8B",2024,135,1
"Q8B",2024,136,1
"Q8B",2024,137,1
"Q8B",2024,138,1
"Q8B",2024,139,1
"Q8B",2024,140,1
"MG4Bq4",2020,1,1
"MG4Bq4",2020,2,0.84
"MG4Bq4",2020,3,0.94
"MG4Bq4",2020,4,0.98
"MG4Bq4",2020,5,0.94
"MG4Bq4",2020,6,0.82
"MG4Bq4",2020,7,0.94
"MG4Bq4",2020,8,0.22
"MG4Bq4",2020,9,0.98
"MG4Bq4",2020,10,0.86
"MG4Bq4",2020,11,0.3
"MG4Bq4",2020,12,0.92
"MG4Bq4",2020,13,0.86
"MG4Bq4",2020,14,0.86
"MG4Bq4",2020,15,0.98
"MG4Bq4",2020,16,0.96
"MG4Bq4",2020,17,0.76
"MG4Bq4",2020,18,0.98
"MG4Bq4",2020,19,1
"MG4Bq4",2020,20,0.94
"MG4Bq4",2020,21,0.68
"MG4Bq4",2020,22,0.94
"MG4Bq4",2020,23,0.88
"MG4Bq4",2020,24,0.3
"MG4Bq4",2020,25,0.76
"MG4Bq4",2020,26,0.1
"MG4Bq4",2020,27,0.86
"MG4Bq4",2020,28,1
"MG4Bq4",2020,29,0.68
"MG4Bq4",2020,30,0.9
"MG4Bq4",2020,31,0.72
"MG4Bq4",2020,32,0.2
"MG4Bq4",2020,33,0.34
"MG4Bq4",2020,34,0.54
"MG4Bq4",2020,35,0.36
"MG4Bq4",2020,36,0.94
"MG4Bq4",2020,37,0.74
"MG4Bq4",2020,38,0.96
"MG4Bq4",2020,39,0.84
"MG4Bq4",2020,40,0.8
"MG4Bq4",2020,41,1
"MG4Bq4",2020,42,0.84
"MG4Bq4",2020,43,0.84
"MG4Bq4",2020,44,0.82
"MG4Bq4",2020,45,0.98
"MG4Bq4",2020,46,1
"MG4Bq4",2020,47,0.86
"MG4Bq4",2020,48,0.92
"MG4Bq4",2020,49,0.38
"MG4Bq4",2020,50,0.48
"MG4Bq4",2020,51,0.98
"MG4Bq4",2020,52,0.38
"MG4Bq4",2020,53,0.48
"MG4Bq4",2020,54,0.92
"MG4Bq4",2020,55,1
"MG4Bq4",2020,56,0.78
"MG4Bq4",2020,57,0.92
"MG4Bq4",2020,58,0.9
"MG4Bq4",2020,59,0.94
"MG4Bq4",2020,60,0.98
"MG4Bq4",2020,61,0.96
"MG4Bq4",2020,62,0.42
"MG4Bq4",2020,63,0.7
"MG4Bq4",2020,64,1
"MG4Bq4",2020,65,0.82
"MG4Bq4",2020,66,0.94
"MG4Bq4",2020,67,0.66
"MG4Bq4",2020,68,0.9
"MG4Bq4",2020,69,0.16
"MG4Bq4",2020,70,0.04
"MG4Bq4",2020,71,0.96
"MG4Bq4",2020,72,0.6
"MG4Bq4",2020,73,0.1
"MG4Bq4",2020,74,1
"MG4Bq4",2020,75,0.92
"MG4Bq4",2020,76,1
"MG4Bq4",2020,77,0.86
"MG4Bq4",2020,78,0.96
"MG4Bq4",2020,79,0.98
"MG4Bq4",2020,80,0.8
"MG4Bq4",2020,81,0.96
"MG4Bq4",2020,82,0.88
"MG4Bq4",2020,83,0.08
"MG4Bq4",2020,84,0.86
"MG4Bq4",2020,85,0.04
"MG4Bq4",2020,86,0.92
"MG4Bq4",2020,87,0.1
"MG4Bq4",2020,88,1
"MG4Bq4",2020,89,1
"MG4Bq4",2020,90,1
"MG4Bq4",2020,91,1
"MG4Bq4",2020,92,0.44
"MG4Bq4",2020,93,0.48
"MG4Bq4",2020,94,0.98
"MG4Bq4",2020,95,0.84
"MG4Bq4",2020,96,0.98
"MG4Bq4",2020,97,0.78
"MG4Bq4",2020,98,1
"MG4Bq4",2020,99,0.98
"MG4Bq4",2020,100,0.66
"MG4Bq4",2020,101,0.96
"MG4Bq4",2020,102,0.96
"MG4Bq4",2020,103,0.76
"MG4Bq4",2020,104,0.14
"MG4Bq4",2020,105,0.8
"MG4Bq4",2020,106,1
"MG4Bq4",2020,107,1
"MG4Bq4",2020,108,1
"MG4Bq4",2020,109,0.92
"MG4Bq4",2020,110,1
"MG4Bq4",2020,111,0.78
"MG4Bq4",2020,112,0.06
"MG4Bq4",2020,113,0.92
"MG4Bq4",2020,114,0.94
"MG4Bq4",2020,115,0.46
"MG4Bq4",2020,116,0.88
"MG4Bq4",2020,117,0.62
"MG4Bq4",2020,118,0.68
"MG4Bq4",2020,119,0.88
"MG4Bq4",2020,120,0.28
"MG4Bq4",2020,121,0.78
"MG4Bq4",2020,122,0.84
"MG4Bq4",2020,123,0.92
"MG4Bq4",2020,124,0.2
"MG4Bq4",2020,125,0
"MG4Bq4",2020,126,0.76
"MG4Bq4",2020,127,1
"MG4Bq4",2020,128,0.24
"MG4Bq4",2020,129,1
"MG4Bq4",2020,130,0.94
"MG4Bq4",2020,131,1
"MG4Bq4",2020,132,0.84
"MG4Bq4",2020,133,0.5
"MG4Bq4",2020,134,0.24
"MG4Bq4",2020,135,0.9
"MG4Bq4",2020,136,0.9
"MG4Bq4",2020,137,0.9
"MG4Bq4",2020,138,0.14
"MG4Bq4",2020,139,0.98
"MG4Bq4",2020,140,0.98
"MG4Bq4",2021,1,0.92
"MG4Bq4",2021,2,0.84
"MG4Bq4",2021,3,0.98
"MG4Bq4",2021,4,0.6
"MG4Bq4",2021,5,0.98
"MG4Bq4",2021,6,0.32
"MG4Bq4",2021,7,0.68
"MG4Bq4",2021,8,0.94
"MG4Bq4",2021,9,0.24
"MG4Bq4",2021,10,0.96
"MG4Bq4",2021,11,1
"MG4Bq4",2021,12,0.14
"MG4Bq4",2021,13,0.76
"MG4Bq4",2021,14,0.64
"MG4Bq4",2021,15,0.7
"MG4Bq4",2021,16,0.98
"MG4Bq4",2021,17,0.88
"MG4Bq4",2021,18,0.88
"MG4Bq4",2021,19,0.52
"MG4Bq4",2021,20,1
"MG4Bq4",2021,21,0.74
"MG4Bq4",2021,22,0.96
"MG4Bq4",2021,23,0.92
"MG4Bq4",2021,24,1
"MG4Bq4",2021,25,0.94
"MG4Bq4",2021,26,1
"MG4Bq4",2021,27,0.92
"MG4Bq4",2021,28,0.98
"MG4Bq4",2021,29,1
"MG4Bq4",2021,30,0.94
"MG4Bq4",2021,31,1
"MG4Bq4",2021,32,0.58
"MG4Bq4",2021,33,0.94
"MG4Bq4",2021,34,0.54
"MG4Bq4",2021,35,1
"MG4Bq4",2021,36,0.92
"MG4Bq4",2021,37,0.86
"MG4Bq4",2021,38,0.96
"MG4Bq4",2021,39,1
"MG4Bq4",2021,40,0.98
"MG4Bq4",2021,41,1
"MG4Bq4",2021,42,1
"MG4Bq4",2021,43,0.5
"MG4Bq4",2021,44,0.96
"MG4Bq4",2021,45,0.9
"MG4Bq4",2021,46,1
"MG4Bq4",2021,47,0.86
"MG4Bq4",2021,48,1
"MG4Bq4",2021,49,0.96
"MG4Bq4",2021,50,0.7
"MG4Bq4",2021,51,1
"MG4Bq4",2021,52,0.96
"MG4Bq4",2021,53,1
"MG4Bq4",2021,54,0.72
"MG4Bq4",2021,55,1
"MG4Bq4",2021,56,0.96
"MG4Bq4",2021,57,0.48
"MG4Bq4",2021,58,0.58
"MG4Bq4",2021,59,0.58
"MG4Bq4",2021,60,1
"MG4Bq4",2021,61,1
"MG4Bq4",2021,62,0.76
"MG4Bq4",2021,63,0.94
"MG4Bq4",2021,64,0.76
"MG4Bq4",2021,65,0.62
"MG4Bq4",2021,66,0.78
"MG4Bq4",2021,67,1
"MG4Bq4",2021,68,0.42
"MG4Bq4",2021,69,0.86
"MG4Bq4",2021,70,0.66
"MG4Bq4",2021,71,0.34
"MG4Bq4",2021,72,0.78
"MG4Bq4",2021,73,1
"MG4Bq4",2021,74,0.82
"MG4Bq4",2021,75,1
"MG4Bq4",2021,76,1
"MG4Bq4",2021,77,0.14
"MG4Bq4",2021,78,1
"MG4Bq4",2021,79,1
"MG4Bq4",2021,80,0.18
"MG4Bq4",2021,81,1
"MG4Bq4",2021,82,0.8
"MG4Bq4",2021,83,0.04
"MG4Bq4",2021,84,0.42
"MG4Bq4",2021,85,0.96
"MG4Bq4",2021,86,0.52
"MG4Bq4",2021,87,0.9
"MG4Bq4",2021,88,1
"MG4Bq4",2021,89,0.3
"MG4Bq4",2021,90,0.18
"MG4Bq4",2021,91,0.5
"MG4Bq4",2021,92,0.14
"MG4Bq4",2021,93,0.88
"MG4Bq4",2021,94,0.6
"MG4Bq4",2021,95,0.14
"MG4Bq4",2021,96,0.96
"MG4Bq4",2021,97,0.88
"MG4Bq4",2021,98,0.82
"MG4Bq4",2021,99,0.44
"MG4Bq4",2021,100,0.58
"MG4Bq4",2021,101,0.4
"MG4Bq4",2021,102,0.84
"MG4Bq4",2021,103,1
"MG4Bq4",2021,104,0.84
"MG4Bq4",2021,105,0.72
"MG4Bq4",2021,106,0.82
"MG4Bq4",2021,107,0.6
"MG4Bq4",2021,108,0.76
"MG4Bq4",2021,109,0.58
"MG4Bq4",2021,110,1
"MG4Bq4",2021,111,0.88
"MG4Bq4",2021,112,0.2
"MG4Bq4",2021,113,0.86
"MG4Bq4",2021,114,0.6
"MG4Bq4",2021,115,0.46
"MG4Bq4",2021,116,0.2
"MG4Bq4",2021,117,0.82
"MG4Bq4",2021,118,1
"MG4Bq4",2021,119,0.96
"MG4Bq4",2021,120,0.88
"MG4Bq4",2021,121,0.98
"MG4Bq4",2021,122,0.98
"MG4Bq4",2021,123,0.94
"MG4Bq4",2021,124,1
"MG4Bq4",2021,125,0.78
"MG4Bq4",2021,126,0.74
"MG4Bq4",2021,127,0.96
"MG4Bq4",2021,128,0.38
"MG4Bq4",2021,129,0.86
"MG4Bq4",2021,130,1
"MG4Bq4",2021,131,0.78
"MG4Bq4",2021,132,0.52
"MG4Bq4",2021,133,0.58
"MG4Bq4",2021,134,0.08
"MG4Bq4",2021,135,0.34
"MG4Bq4",2021,136,0.82
"MG4Bq4",2021,137,0.22
"MG4Bq4",2021,138,0.02
"MG4Bq4",2021,139,0.9
"MG4Bq4",2021,140,1
"MG4Bq4",2022,1,1
"MG4Bq4",2022,2,1
"MG4Bq4",2022,3,1
"MG4Bq4",2022,4,0.8
"MG4Bq4",2022,5,0.14
"MG4Bq4",2022,6,1
"MG4Bq4",2022,7,0.84
"MG4Bq4",2022,8,0.26
"MG4Bq4",2022,9,0.86
"MG4Bq4",2022,10,0.88
"MG4Bq4",2022,11,0.78
"MG4Bq4",2022,12,0.68
"MG4Bq4",2022,13,0.14
"MG4Bq4",2022,14,0.96
"MG4Bq4",2022,15,1
"MG4Bq4",2022,16,1
"MG4Bq4",2022,17,0.74
"MG4Bq4",2022,18,1
"MG4Bq4",2022,19,0.96
"MG4Bq4",2022,20,1
"MG4Bq4",2022,21,1
"MG4Bq4",2022,22,0.74
"MG4Bq4",2022,23,0.68
"MG4Bq4",2022,24,0.36
"MG4Bq4",2022,25,0.32
"MG4Bq4",2022,26,0.96
"MG4Bq4",2022,27,1
"MG4Bq4",2022,28,1
"MG4Bq4",2022,29,1
"MG4Bq4",2022,30,0.92
"MG4Bq4",2022,31,0.5
"MG4Bq4",2022,32,0.62
"MG4Bq4",2022,33,1
"MG4Bq4",2022,34,0
"MG4Bq4",2022,35,0.98
"MG4Bq4",2022,36,0.44
"MG4Bq4",2022,37,0.9
"MG4Bq4",2022,38,1
"MG4Bq4",2022,39,0.98
"MG4Bq4",2022,40,1
"MG4Bq4",2022,41,1
"MG4Bq4",2022,42,1
"MG4Bq4",2022,43,0.84
"MG4Bq4",2022,44,0.62
"MG4Bq4",2022,45,0.98
"MG4Bq4",2022,46,1
"MG4Bq4",2022,47,0.9
"MG4Bq4",2022,48,0.72
"MG4Bq4",2022,49,0.92
"MG4Bq4",2022,50,0.84
"MG4Bq4",2022,51,1
"MG4Bq4",2022,52,1
"MG4Bq4",2022,53,1
"MG4Bq4",2022,54,0.9
"MG4Bq4",2022,55,0.88
"MG4Bq4",2022,56,0.92
"MG4Bq4",2022,57,1
"MG4Bq4",2022,58,0.48
"MG4Bq4",2022,59,1
"MG4Bq4",2022,60,1
"MG4Bq4",2022,61,0.5
"MG4Bq4",2022,62,0.84
"MG4Bq4",2022,63,0.96
"MG4Bq4",2022,64,1
"MG4Bq4",2022,65,1
"MG4Bq4",2022,66,0.94
"MG4Bq4",2022,67,1
"MG4Bq4",2022,68,0.76
"MG4Bq4",2022,69,0.42
"MG4Bq4",2022,70,0.72
"MG4Bq4",2022,71,0.58
"MG4Bq4",2022,72,0.54
"MG4Bq4",2022,73,0.48
"MG4Bq4",2022,74,0.86
"MG4Bq4",2022,75,1
"MG4Bq4",2022,76,0.38
"MG4Bq4",2022,77,0.9
"MG4Bq4",2022,78,1
"MG4Bq4",2022,79,0.96
"MG4Bq4",2022,80,0.72
"MG4Bq4",2022,81,1
"MG4Bq4",2022,82,0.92
"MG4Bq4",2022,83,0.58
"MG4Bq4",2022,84,0
"MG4Bq4",2022,85,0.46
"MG4Bq4",2022,86,0.88
"MG4Bq4",2022,87,0.88
"MG4Bq4",2022,88,0.78
"MG4Bq4",2022,89,0.58
"MG4Bq4",2022,90,0.98
"MG4Bq4",2022,91,0.76
"MG4Bq4",2022,92,0.08
"MG4Bq4",2022,93,0.82
"MG4Bq4",2022,94,0.94
"MG4Bq4",2022,95,0.98
"MG4Bq4",2022,96,0.24
"MG4Bq4",2022,97,0.26
"MG4Bq4",2022,98,1
"MG4Bq4",2022,99,0.9
"MG4Bq4",2022,100,0.9
"MG4Bq4",2022,101,0.88
"MG4Bq4",2022,102,0.98
"MG4Bq4",2022,103,0.86
"MG4Bq4",2022,104,1
"MG4Bq4",2022,105,0.9
"MG4Bq4",2022,106,0.76
"MG4Bq4",2022,107,0.84
"MG4Bq4",2022,108,0.5
"MG4Bq4",2022,109,0.58
"MG4Bq4",2022,110,0.94
"MG4Bq4",2022,111,0.62
"MG4Bq4",2022,112,1
"MG4Bq4",2022,113,0.98
"MG4Bq4",2022,114,0.88
"MG4Bq4",2022,115,1
"MG4Bq4",2022,116,0.66
"MG4Bq4",2022,117,0.5
"MG4Bq4",2022,118,0.62
"MG4Bq4",2022,119,0.1
"MG4Bq4",2022,120,0.24
"MG4Bq4",2022,121,0.36
"MG4Bq4",2022,122,0.98
"MG4Bq4",2022,123,0.98
"MG4Bq4",2022,124,0.82
"MG4Bq4",2022,125,0.92
"MG4Bq4",2022,126,0.04
"MG4Bq4",2022,127,0.46
"MG4Bq4",2022,128,1
"MG4Bq4",2022,129,0.84
"MG4Bq4",2022,130,0.6
"MG4Bq4",2022,131,0.96
"MG4Bq4",2022,132,1
"MG4Bq4",2022,133,0.98
"MG4Bq4",2022,134,0.92
"MG4Bq4",2022,135,0.3
"MG4Bq4",2022,136,0.46
"MG4Bq4",2022,137,0.78
"MG4Bq4",2022,138,0.02
"MG4Bq4",2022,139,0.4
"MG4Bq4",2022,140,0.98
"MG4Bq4",2023,1,0.56
"MG4Bq4",2023,2,1
"MG4Bq4",2023,3,0.76
"MG4Bq4",2023,4,0.4
"MG4Bq4",2023,5,0.88
"MG4Bq4",2023,6,0.96
"MG4Bq4",2023,7,1
"MG4Bq4",2023,8,1
"MG4Bq4",2023,9,0.5
"MG4Bq4",2023,10,0.54
"MG4Bq4",2023,11,0.9
"MG4Bq4",2023,12,0.92
"MG4Bq4",2023,13,0.48
"MG4Bq4",2023,14,0.98
"MG4Bq4",2023,15,0.98
"MG4Bq4",2023,16,0.98
"MG4Bq4",2023,17,1
"MG4Bq4",2023,18,0.98
"MG4Bq4",2023,19,0.74
"MG4Bq4",2023,20,0.98
"MG4Bq4",2023,21,0.64
"MG4Bq4",2023,22,0.5
"MG4Bq4",2023,23,0.22
"MG4Bq4",2023,24,0.28
"MG4Bq4",2023,25,0.94
"MG4Bq4",2023,26,0.98
"MG4Bq4",2023,27,0.94
"MG4Bq4",2023,28,1
"MG4Bq4",2023,29,0.76
"MG4Bq4",2023,30,1
"MG4Bq4",2023,31,0.98
"MG4Bq4",2023,32,0.84
"MG4Bq4",2023,33,0.52
"MG4Bq4",2023,34,0.98
"MG4Bq4",2023,35,0.8
"MG4Bq4",2023,36,0.92
"MG4Bq4",2023,37,0.98
"MG4Bq4",2023,38,0.86
"MG4Bq4",2023,39,0.82
"MG4Bq4",2023,40,0.48
"MG4Bq4",2023,41,0.76
"MG4Bq4",2023,42,0.54
"MG4Bq4",2023,43,1
"MG4Bq4",2023,44,1
"MG4Bq4",2023,45,0.06
"MG4Bq4",2023,46,0.8
"MG4Bq4",2023,47,0.96
"MG4Bq4",2023,48,1
"MG4Bq4",2023,49,1
"MG4Bq4",2023,50,0.94
"MG4Bq4",2023,51,0.94
"MG4Bq4",2023,52,1
"MG4Bq4",2023,53,0.96
"MG4Bq4",2023,54,0.96
"MG4Bq4",2023,55,0.78
"MG4Bq4",2023,56,0.08
"MG4Bq4",2023,57,0.76
"MG4Bq4",2023,58,1
"MG4Bq4",2023,59,1
"MG4Bq4",2023,60,1
"MG4Bq4",2023,61,0.92
"MG4Bq4",2023,62,1
"MG4Bq4",2023,63,0.86
"MG4Bq4",2023,64,0.82
"MG4Bq4",2023,65,1
"MG4Bq4",2023,66,1
"MG4Bq4",2023,67,0.92
"MG4Bq4",2023,68,0.38
"MG4Bq4",2023,69,0.66
"MG4Bq4",2023,70,0.54
"MG4Bq4",2023,71,0.54
"MG4Bq4",2023,72,0.86
"MG4Bq4",2023,73,0.5
"MG4Bq4",2023,74,0.4
"MG4Bq4",2023,75,0.84
"MG4Bq4",2023,76,0.8
"MG4Bq4",2023,77,0.9
"MG4Bq4",2023,78,1
"MG4Bq4",2023,79,0.7
"MG4Bq4",2023,80,1
"MG4Bq4",2023,81,0.94
"MG4Bq4",2023,82,1
"MG4Bq4",2023,83,0.94
"MG4Bq4",2023,84,0.98
"MG4Bq4",2023,85,1
"MG4Bq4",2023,86,0.8
"MG4Bq4",2023,87,0.94
"MG4Bq4",2023,88,0.72
"MG4Bq4",2023,89,1
"MG4Bq4",2023,90,1
"MG4Bq4",2023,91,1
"MG4Bq4",2023,92,1
"MG4Bq4",2023,93,0.76
"MG4Bq4",2023,94,0.98
"MG4Bq4",2023,95,1
"MG4Bq4",2023,96,0.08
"MG4Bq4",2023,97,0.88
"MG4Bq4",2023,98,0.78
"MG4Bq4",2023,99,1
"MG4Bq4",2023,100,1
"MG4Bq4",2023,101,0.86
"MG4Bq4",2023,102,1
"MG4Bq4",2023,103,1
"MG4Bq4",2023,104,0.92
"MG4Bq4",2023,105,1
"MG4Bq4",2023,106,1
"MG4Bq4",2023,107,0.62
"MG4Bq4",2023,108,0.86
"MG4Bq4",2023,109,0.98
"MG4Bq4",2023,110,0.84
"MG4Bq4",2023,111,0.82
"MG4Bq4",2023,112,0.96
"MG4Bq4",2023,113,1
"MG4Bq4",2023,114,1
"MG4Bq4",2023,115,0.24
"MG4Bq4",2023,116,0.9
"MG4Bq4",2023,117,1
"MG4Bq4",2023,118,0.8
"MG4Bq4",2023,119,0.78
"MG4Bq4",2023,120,0.56
"MG4Bq4",2023,121,0.92
"MG4Bq4",2023,122,1
"MG4Bq4",2023,123,0.1
"MG4Bq4",2023,124,0.58
"MG4Bq4",2023,125,1
"MG4Bq4",2023,126,1
"MG4Bq4",2023,127,0.42
"MG4Bq4",2023,128,0
"MG4Bq4",2023,129,0.86
"MG4Bq4",2023,130,0.14
"MG4Bq4",2023,131,0.3
"MG4Bq4",2023,132,0.96
"MG4Bq4",2023,133,0.42
"MG4Bq4",2023,134,0.88
"MG4Bq4",2023,135,0.9
"MG4Bq4",2023,136,0.58
"MG4Bq4",2023,137,0.92
"MG4Bq4",2023,138,1
"MG4Bq4",2023,139,0.96
"MG4Bq4",2023,140,0.1
"MG4Bq4",2024,1,0.88
"MG4Bq4",2024,2,0.98
"MG4Bq4",2024,3,0.96
"MG4Bq4",2024,4,0.98
"MG4Bq4",2024,5,1
"MG4Bq4",2024,6,1
"MG4Bq4",2024,7,1
"MG4Bq4",2024,8,0.9
"MG4Bq4",2024,9,0.94
"MG4Bq4",2024,10,1
"MG4Bq4",2024,11,0.56
"MG4Bq4",2024,12,0.92
"MG4Bq4",2024,13,0.38
"MG4Bq4",2024,14,0.4
"MG4Bq4",2024,15,0.04
"MG4Bq4",2024,16,0.42
"MG4Bq4",2024,17,0.38
"MG4Bq4",2024,18,0.98
"MG4Bq4",2024,19,1
"MG4Bq4",2024,20,0.66
"MG4Bq4",2024,21,1
"MG4Bq4",2024,22,0.68
"MG4Bq4",2024,23,0.5
"MG4Bq4",2024,24,0.6
"MG4Bq4",2024,25,0.74
"MG4Bq4",2024,26,0.64
"MG4Bq4",2024,27,0.54
"MG4Bq4",2024,28,0.96
"MG4Bq4",2024,29,0.92
"MG4Bq4",2024,30,0.8
"MG4Bq4",2024,31,0.98
"MG4Bq4",2024,32,0.82
"MG4Bq4",2024,33,0.66
"MG4Bq4",2024,34,0.84
"MG4Bq4",2024,35,0.98
"MG4Bq4",2024,36,0.94
"MG4Bq4",2024,37,0.68
"MG4Bq4",2024,38,0.32
"MG4Bq4",2024,39,0.86
"MG4Bq4",2024,40,0.74
"MG4Bq4",2024,41,0.84
"MG4Bq4",2024,42,0.26
"MG4Bq4",2024,43,0.94
"MG4Bq4",2024,44,0
"MG4Bq4",2024,45,0.96
"MG4Bq4",2024,46,0.46
"MG4Bq4",2024,47,1
"MG4Bq4",2024,48,0.72
"MG4Bq4",2024,49,0.98
"MG4Bq4",2024,50,0.98
"MG4Bq4",2024,51,0.62
"MG4Bq4",2024,52,1
"MG4Bq4",2024,53,1
"MG4Bq4",2024,54,0.98
"MG4Bq4",2024,55,0.24
"MG4Bq4",2024,56,0.94
"MG4Bq4",2024,57,0.34
"MG4Bq4",2024,58,0.04
"MG4Bq4",2024,59,0.04
"MG4Bq4",2024,60,0.6
"MG4Bq4",2024,61,0.12
"MG4Bq4",2024,62,0.72
"MG4Bq4",2024,63,0.74
"MG4Bq4",2024,64,0.28
"MG4Bq4",2024,65,0
"MG4Bq4",2024,66,1
"MG4Bq4",2024,67,0.36
"MG4Bq4",2024,68,0.84
"MG4Bq4",2024,69,0.94
"MG4Bq4",2024,70,0.98
"MG4Bq4",2024,71,0.98
"MG4Bq4",2024,72,1
"MG4Bq4",2024,73,0.1
"MG4Bq4",2024,74,0.86
"MG4Bq4",2024,75,1
"MG4Bq4",2024,76,1
"MG4Bq4",2024,77,1
"MG4Bq4",2024,78,0.66
"MG4Bq4",2024,79,0.72
"MG4Bq4",2024,80,1
"MG4Bq4",2024,81,0.74
"MG4Bq4",2024,82,0.98
"MG4Bq4",2024,83,0.9
"MG4Bq4",2024,84,0.14
"MG4Bq4",2024,85,0.9
"MG4Bq4",2024,86,0.98
"MG4Bq4",2024,87,0.86
"MG4Bq4",2024,88,0.6
"MG4Bq4",2024,89,0.74
"MG4Bq4",2024,90,0.98
"MG4Bq4",2024,91,0.9
"MG4Bq4",2024,92,0.98
"MG4Bq4",2024,93,0.94
"MG4Bq4",2024,94,0.9
"MG4Bq4",2024,95,1
"MG4Bq4",2024,96,0.58
"MG4Bq4",2024,97,0.98
"MG4Bq4",2024,98,0.86
"MG4Bq4",2024,99,0.8
"MG4Bq4",2024,100,1
"MG4Bq4",2024,101,1
"MG4Bq4",2024,102,0.1
"MG4Bq4",2024,103,0.96
"MG4Bq4",2024,104,0.46
"MG4Bq4",2024,105,1
"MG4Bq4",2024,106,0.9
"MG4Bq4",2024,107,0.42
"MG4Bq4",2024,108,1
"MG4Bq4",2024,109,0.22
"MG4Bq4",2024,110,0.3
"MG4Bq4",2024,111,1
"MG4Bq4",2024,112,0.84
"MG4Bq4",2024,113,0.82
"MG4Bq4",2024,114,0.96
"MG4Bq4",2024,115,1
"MG4Bq4",2024,116,0.4
"MG4Bq4",2024,117,0.98
"MG4Bq4",2024,118,0.76
"MG4Bq4",2024,119,0.56
"MG4Bq4",2024,120,0.46
"MG4Bq4",2024,121,0.94
"MG4Bq4",2024,122,0.86
"MG4Bq4",2024,123,1
"MG4Bq4",2024,124,1
"MG4Bq4",2024,125,0.5
"MG4Bq4",2024,126,0.76
"MG4Bq4",2024,127,0.14
"MG4Bq4",2024,128,0.46
"MG4Bq4",2024,129,0.98
"MG4Bq4",2024,130,1
"MG4Bq4",2024,131,0.98
"MG4Bq4",2024,132,0.92
"MG4Bq4",2024,133,0
"MG4Bq4",2024,134,0.02
"MG4Bq4",2024,135,0.42
"MG4Bq4",2024,136,0.7
"MG4Bq4",2024,137,1
"MG4Bq4",2024,138,0.36
"MG4Bq4",2024,139,1
"MG4Bq4",2024,140,0.9
"MG4Bq6",2020,1,1
"MG4Bq6",2020,2,0.92
"MG4Bq6",2020,3,1
"MG4Bq6",2020,4,1
"MG4Bq6",2020,5,0.94
"MG4Bq6",2020,6,0.94
"MG4Bq6",2020,7,0.94
"MG4Bq6",2020,8,0.16
"MG4Bq6",2020,9,0.92
"MG4Bq6",2020,10,1
"MG4Bq6",2020,11,0.24
"MG4Bq6",2020,12,1
"MG4Bq6",2020,13,0.78
"MG4Bq6",2020,14,0.96
"MG4Bq6",2020,15,1
"MG4Bq6",2020,16,1
"MG4Bq6",2020,17,0.6
"MG4Bq6",2020,18,1
"MG4Bq6",2020,19,1
"MG4Bq6",2020,20,1
"MG4Bq6",2020,21,0.88
"MG4Bq6",2020,22,0.94
"MG4Bq6",2020,23,1
"MG4Bq6",2020,24,0.22
"MG4Bq6",2020,25,0.98
"MG4Bq6",2020,26,0.48
"MG4Bq6",2020,27,1
"MG4Bq6",2020,28,1
"MG4Bq6",2020,29,0.22
"MG4Bq6",2020,30,0.88
"MG4Bq6",2020,31,0.7
"MG4Bq6",2020,32,0.06
"MG4Bq6",2020,33,0.28
"MG4Bq6",2020,34,0.34
"MG4Bq6",2020,35,0.14
"MG4Bq6",2020,36,0.96
"MG4Bq6",2020,37,0.94
"MG4Bq6",2020,38,0.92
"MG4Bq6",2020,39,0.9
"MG4Bq6",2020,40,0.86
"MG4Bq6",2020,41,1
"MG4Bq6",2020,42,0.6
"MG4Bq6",2020,43,0.44
"MG4Bq6",2020,44,0.96
"MG4Bq6",2020,45,0.98
"MG4Bq6",2020,46,1
"MG4Bq6",2020,47,0.82
"MG4Bq6",2020,48,1
"MG4Bq6",2020,49,0.32
"MG4Bq6",2020,50,0.58
"MG4Bq6",2020,51,1
"MG4Bq6",2020,52,0.58
"MG4Bq6",2020,53,0.24
"MG4Bq6",2020,54,1
"MG4Bq6",2020,55,1
"MG4Bq6",2020,56,0.62
"MG4Bq6",2020,57,0.98
"MG4Bq6",2020,58,0.98
"MG4Bq6",2020,59,1
"MG4Bq6",2020,60,1
"MG4Bq6",2020,61,1
"MG4Bq6",2020,62,0.36
"MG4Bq6",2020,63,0.72
"MG4Bq6",2020,64,1
"MG4Bq6",2020,65,1
"MG4Bq6",2020,66,0.96
"MG4Bq6",2020,67,0.94
"MG4Bq6",2020,68,0.5
"MG4Bq6",2020,69,0.1
"MG4Bq6",2020,70,0.2
"MG4Bq6",2020,71,0.94
"MG4Bq6",2020,72,0.68
"MG4Bq6",2020,73,0.22
"MG4Bq6",2020,74,1
"MG4Bq6",2020,75,0.98
"MG4Bq6",2020,76,1
"MG4Bq6",2020,77,0.94
"MG4Bq6",2020,78,1
"MG4Bq6",2020,79,1
"MG4Bq6",2020,80,0.68
"MG4Bq6",2020,81,1
"MG4Bq6",2020,82,0.9
"MG4Bq6",2020,83,0.22
"MG4Bq6",2020,84,0.9
"MG4Bq6",2020,85,0.14
"MG4Bq6",2020,86,1
"MG4Bq6",2020,87,0.26
"MG4Bq6",2020,88,1
"MG4Bq6",2020,89,1
"MG4Bq6",2020,90,1
"MG4Bq6",2020,91,1
"MG4Bq6",2020,92,0.54
"MG4Bq6",2020,93,0.26
"MG4Bq6",2020,94,1
"MG4Bq6",2020,95,0.44
"MG4Bq6",2020,96,0.92
"MG4Bq6",2020,97,0.94
"MG4Bq6",2020,98,1
"MG4Bq6",2020,99,1
"MG4Bq6",2020,100,0.74
"MG4Bq6",2020,101,1
"MG4Bq6",2020,102,0.98
"MG4Bq6",2020,103,0.8
"MG4Bq6",2020,104,0.2
"MG4Bq6",2020,105,0.72
"MG4Bq6",2020,106,1
"MG4Bq6",2020,107,1
"MG4Bq6",2020,108,1
"MG4Bq6",2020,109,1
"MG4Bq6",2020,110,1
"MG4Bq6",2020,111,1
"MG4Bq6",2020,112,0.06
"MG4Bq6",2020,113,1
"MG4Bq6",2020,114,0.94
"MG4Bq6",2020,115,0.6
"MG4Bq6",2020,116,1
"MG4Bq6",2020,117,0.82
"MG4Bq6",2020,118,0.76
"MG4Bq6",2020,119,0.96
"MG4Bq6",2020,120,0.66
"MG4Bq6",2020,121,0.88
"MG4Bq6",2020,122,0.64
"MG4Bq6",2020,123,0.98
"MG4Bq6",2020,124,0.16
"MG4Bq6",2020,125,0.14
"MG4Bq6",2020,126,0.8
"MG4Bq6",2020,127,1
"MG4Bq6",2020,128,0.4
"MG4Bq6",2020,129,1
"MG4Bq6",2020,130,0.8
"MG4Bq6",2020,131,1
"MG4Bq6",2020,132,0.84
"MG4Bq6",2020,133,0.54
"MG4Bq6",2020,134,0.3
"MG4Bq6",2020,135,0.98
"MG4Bq6",2020,136,0.98
"MG4Bq6",2020,137,0.6
"MG4Bq6",2020,138,0.06
"MG4Bq6",2020,139,0.98
"MG4Bq6",2020,140,0.96
"MG4Bq6",2021,1,0.94
"MG4Bq6",2021,2,0.76
"MG4Bq6",2021,3,0.96
"MG4Bq6",2021,4,0.86
"MG4Bq6",2021,5,1
"MG4Bq6",2021,6,0.46
"MG4Bq6",2021,7,0.78
"MG4Bq6",2021,8,1
"MG4Bq6",2021,9,0
"MG4Bq6",2021,10,0.9
"MG4Bq6",2021,11,1
"MG4Bq6",2021,12,0.22
"MG4Bq6",2021,13,0.68
"MG4Bq6",2021,14,0.68
"MG4Bq6",2021,15,0.78
"MG4Bq6",2021,16,0.78
"MG4Bq6",2021,17,0.78
"MG4Bq6",2021,18,0.74
"MG4Bq6",2021,19,0.7
"MG4Bq6",2021,20,1
"MG4Bq6",2021,21,0.7
"MG4Bq6",2021,22,0.7
"MG4Bq6",2021,23,0.86
"MG4Bq6",2021,24,1
"MG4Bq6",2021,25,1
"MG4Bq6",2021,26,1
"MG4Bq6",2021,27,0.8
"MG4Bq6",2021,28,0.98
"MG4Bq6",2021,29,1
"MG4Bq6",2021,30,1
"MG4Bq6",2021,31,1
"MG4Bq6",2021,32,0.7
"MG4Bq6",2021,33,0.94
"MG4Bq6",2021,34,0.84
"MG4Bq6",2021,35,1
"MG4Bq6",2021,36,0.98
"MG4Bq6",2021,37,0.76
"MG4Bq6",2021,38,0.9
"MG4Bq6",2021,39,1
"MG4Bq6",2021,40,1
"MG4Bq6",2021,41,1
"MG4Bq6",2021,42,0.98
"MG4Bq6",2021,43,0.3
"MG4Bq6",2021,44,1
"MG4Bq6",2021,45,0.98
"MG4Bq6",2021,46,1
"MG4Bq6",2021,47,0.82
"MG4Bq6",2021,48,1
"MG4Bq6",2021,49,1
"MG4Bq6",2021,50,0.72
"MG4Bq6",2021,51,1
"MG4Bq6",2021,52,0.88
"MG4Bq6",2021,53,1
"MG4Bq6",2021,54,0.94
"MG4Bq6",2021,55,1
"MG4Bq6",2021,56,0.92
"MG4Bq6",2021,57,0.9
"MG4Bq6",2021,58,0.64
"MG4Bq6",2021,59,0.46
"MG4Bq6",2021,60,1
"MG4Bq6",2021,61,1
"MG4Bq6",2021,62,0.94
"MG4Bq6",2021,63,0.94
"MG4Bq6",2021,64,0.62
"MG4Bq6",2021,65,0.64
"MG4Bq6",2021,66,0.78
"MG4Bq6",2021,67,0.98
"MG4Bq6",2021,68,0.8
"MG4Bq6",2021,69,0.92
"MG4Bq6",2021,70,0.32
"MG4Bq6",2021,71,0.02
"MG4Bq6",2021,72,0.96
"MG4Bq6",2021,73,1
"MG4Bq6",2021,74,0.44
"MG4Bq6",2021,75,1
"MG4Bq6",2021,76,1
"MG4Bq6",2021,77,0
"MG4Bq6",2021,78,1
"MG4Bq6",2021,79,1
"MG4Bq6",2021,80,0.14
"MG4Bq6",2021,81,1
"MG4Bq6",2021,82,0.66
"MG4Bq6",2021,83,0.02
"MG4Bq6",2021,84,0.46
"MG4Bq6",2021,85,1
"MG4Bq6",2021,86,0.52
"MG4Bq6",2021,87,0.9
"MG4Bq6",2021,88,1
"MG4Bq6",2021,89,0.5
"MG4Bq6",2021,90,0.04
"MG4Bq6",2021,91,0.74
"MG4Bq6",2021,92,0.1
"MG4Bq6",2021,93,0.9
"MG4Bq6",2021,94,0.86
"MG4Bq6",2021,95,0.32
"MG4Bq6",2021,96,0.82
"MG4Bq6",2021,97,0.92
"MG4Bq6",2021,98,0.86
"MG4Bq6",2021,99,0.2
"MG4Bq6",2021,100,0.94
"MG4Bq6",2021,101,0.74
"MG4Bq6",2021,102,1
"MG4Bq6",2021,103,1
"MG4Bq6",2021,104,0.76
"MG4Bq6",2021,105,0.82
"MG4Bq6",2021,106,0.54
"MG4Bq6",2021,107,0.32
"MG4Bq6",2021,108,0.92
"MG4Bq6",2021,109,0.96
"MG4Bq6",2021,110,1
"MG4Bq6",2021,111,0.8
"MG4Bq6",2021,112,0.14
"MG4Bq6",2021,113,0.96
"MG4Bq6",2021,114,0.78
"MG4Bq6",2021,115,0.46
"MG4Bq6",2021,116,0.16
"MG4Bq6",2021,117,0.78
"MG4Bq6",2021,118,1
"MG4Bq6",2021,119,0.98
"MG4Bq6",2021,120,0.56
"MG4Bq6",2021,121,0.8
"MG4Bq6",2021,122,0.66
"MG4Bq6",2021,123,0.86
"MG4Bq6",2021,124,0.98
"MG4Bq6",2021,125,0.34
"MG4Bq6",2021,126,0.94
"MG4Bq6",2021,127,1
"MG4Bq6",2021,128,0.5
"MG4Bq6",2021,129,0.94
"MG4Bq6",2021,130,1
"MG4Bq6",2021,131,0.94
"MG4Bq6",2021,132,0.34
"MG4Bq6",2021,133,0.7
"MG4Bq6",2021,134,0.12
"MG4Bq6",2021,135,0.38
"MG4Bq6",2021,136,0.82
"MG4Bq6",2021,137,0.06
"MG4Bq6",2021,138,0.12
"MG4Bq6",2021,139,0.88
"MG4Bq6",2021,140,1
"MG4Bq6",2022,1,1
"MG4Bq6",2022,2,0.98
"MG4Bq6",2022,3,1
"MG4Bq6",2022,4,0.76
"MG4Bq6",2022,5,0.38
"MG4Bq6",2022,6,0.88
"MG4Bq6",2022,7,0.8
"MG4Bq6",2022,8,0.36
"MG4Bq6",2022,9,0.66
"MG4Bq6",2022,10,0.74
"MG4Bq6",2022,11,0.44
"MG4Bq6",2022,12,0.58
"MG4Bq6",2022,13,0.06
"MG4Bq6",2022,14,0.98
"MG4Bq6",2022,15,1
"MG4Bq6",2022,16,1
"MG4Bq6",2022,17,0.94
"MG4Bq6",2022,18,1
"MG4Bq6",2022,19,1
"MG4Bq6",2022,20,1
"MG4Bq6",2022,21,1
"MG4Bq6",2022,22,0.78
"MG4Bq6",2022,23,0.3
"MG4Bq6",2022,24,0.48
"MG4Bq6",2022,25,0.62
"MG4Bq6",2022,26,1
"MG4Bq6",2022,27,0.98
"MG4Bq6",2022,28,1
"MG4Bq6",2022,29,1
"MG4Bq6",2022,30,0.8
"MG4Bq6",2022,31,0.56
"MG4Bq6",2022,32,0.82
"MG4Bq6",2022,33,0.96
"MG4Bq6",2022,34,0.04
"MG4Bq6",2022,35,0.96
"MG4Bq6",2022,36,0.38
"MG4Bq6",2022,37,0.9
"MG4Bq6",2022,38,0.98
"MG4Bq6",2022,39,0.98
"MG4Bq6",2022,40,1
"MG4Bq6",2022,41,1
"MG4Bq6",2022,42,1
"MG4Bq6",2022,43,0.96
"MG4Bq6",2022,44,0.52
"MG4Bq6",2022,45,0.96
"MG4Bq6",2022,46,1
"MG4Bq6",2022,47,0.94
"MG4Bq6",2022,48,0.72
"MG4Bq6",2022,49,1
"MG4Bq6",2022,50,0.8
"MG4Bq6",2022,51,1
"MG4Bq6",2022,52,1
"MG4Bq6",2022,53,1
"MG4Bq6",2022,54,0.6
"MG4Bq6",2022,55,0.76
"MG4Bq6",2022,56,1
"MG4Bq6",2022,57,1
"MG4Bq6",2022,58,0.24
"MG4Bq6",2022,59,0.98
"MG4Bq6",2022,60,0.9
"MG4Bq6",2022,61,0.46
"MG4Bq6",2022,62,0.98
"MG4Bq6",2022,63,0.5
"MG4Bq6",2022,64,1
"MG4Bq6",2022,65,1
"MG4Bq6",2022,66,1
"MG4Bq6",2022,67,1
"MG4Bq6",2022,68,0.94
"MG4Bq6",2022,69,0.48
"MG4Bq6",2022,70,0.54
"MG4Bq6",2022,71,0.78
"MG4Bq6",2022,72,0.5
"MG4Bq6",2022,73,0.7
"MG4Bq6",2022,74,0.96
"MG4Bq6",2022,75,1
"MG4Bq6",2022,76,0.3
"MG4Bq6",2022,77,0.92
"MG4Bq6",2022,78,1
"MG4Bq6",2022,79,1
"MG4Bq6",2022,80,1
"MG4Bq6",2022,81,0.96
"MG4Bq6",2022,82,1
"MG4Bq6",2022,83,0.58
"MG4Bq6",2022,84,0.02
"MG4Bq6",2022,85,0.5
"MG4Bq6",2022,86,0.72
"MG4Bq6",2022,87,0.8
"MG4Bq6",2022,88,1
"MG4Bq6",2022,89,0.74
"MG4Bq6",2022,90,0.82
"MG4Bq6",2022,91,0.84
"MG4Bq6",2022,92,0.06
"MG4Bq6",2022,93,0.96
"MG4Bq6",2022,94,0.9
"MG4Bq6",2022,95,0.98
"MG4Bq6",2022,96,0.4
"MG4Bq6",2022,97,0.26
"MG4Bq6",2022,98,1
"MG4Bq6",2022,99,0.66
"MG4Bq6",2022,100,1
"MG4Bq6",2022,101,0.98
"MG4Bq6",2022,102,1
"MG4Bq6",2022,103,1
"MG4Bq6",2022,104,1
"MG4Bq6",2022,105,0.88
"MG4Bq6",2022,106,0.76
"MG4Bq6",2022,107,0.94
"MG4Bq6",2022,108,0.6
"MG4Bq6",2022,109,0.6
"MG4Bq6",2022,110,0.94
"MG4Bq6",2022,111,0.44
"MG4Bq6",2022,112,1
"MG4Bq6",2022,113,0.98
"MG4Bq6",2022,114,0.7
"MG4Bq6",2022,115,1
"MG4Bq6",2022,116,0.64
"MG4Bq6",2022,117,0.38
"MG4Bq6",2022,118,0.84
"MG4Bq6",2022,119,0.3
"MG4Bq6",2022,120,0.72
"MG4Bq6",2022,121,0.24
"MG4Bq6",2022,122,0.88
"MG4Bq6",2022,123,1
"MG4Bq6",2022,124,0.46
"MG4Bq6",2022,125,0.74
"MG4Bq6",2022,126,0.1
"MG4Bq6",2022,127,0.58
"MG4Bq6",2022,128,0.96
"MG4Bq6",2022,129,0.9
"MG4Bq6",2022,130,0.34
"MG4Bq6",2022,131,1
"MG4Bq6",2022,132,1
"MG4Bq6",2022,133,0.96
"MG4Bq6",2022,134,0.82
"MG4Bq6",2022,135,0.18
"MG4Bq6",2022,136,0.66
"MG4Bq6",2022,137,0.36
"MG4Bq6",2022,138,0.1
"MG4Bq6",2022,139,0.66
"MG4Bq6",2022,140,1
"MG4Bq6",2023,1,0.28
"MG4Bq6",2023,2,1
"MG4Bq6",2023,3,0.96
"MG4Bq6",2023,4,0.3
"MG4Bq6",2023,5,1
"MG4Bq6",2023,6,1
"MG4Bq6",2023,7,1
"MG4Bq6",2023,8,1
"MG4Bq6",2023,9,0.52
"MG4Bq6",2023,10,0.66
"MG4Bq6",2023,11,0.86
"MG4Bq6",2023,12,1
"MG4Bq6",2023,13,0.52
"MG4Bq6",2023,14,0.96
"MG4Bq6",2023,15,1
"MG4Bq6",2023,16,1
"MG4Bq6",2023,17,1
"MG4Bq6",2023,18,1
"MG4Bq6",2023,19,0.78
"MG4Bq6",2023,20,1
"MG4Bq6",2023,21,0.82
"MG4Bq6",2023,22,0.42
"MG4Bq6",2023,23,0.14
"MG4Bq6",2023,24,0.06
"MG4Bq6",2023,25,0.98
"MG4Bq6",2023,26,1
"MG4Bq6",2023,27,0.98
"MG4Bq6",2023,28,1
"MG4Bq6",2023,29,0.78
"MG4Bq6",2023,30,1
"MG4Bq6",2023,31,1
"MG4Bq6",2023,32,0.92
"MG4Bq6",2023,33,0.54
"MG4Bq6",2023,34,1
"MG4Bq6",2023,35,0.84
"MG4Bq6",2023,36,0.86
"MG4Bq6",2023,37,0.96
"MG4Bq6",2023,38,0.74
"MG4Bq6",2023,39,0.92
"MG4Bq6",2023,40,0.78
"MG4Bq6",2023,41,0.88
"MG4Bq6",2023,42,0.66
"MG4Bq6",2023,43,1
"MG4Bq6",2023,44,1
"MG4Bq6",2023,45,0.28
"MG4Bq6",2023,46,1
"MG4Bq6",2023,47,0.94
"MG4Bq6",2023,48,1
"MG4Bq6",2023,49,1
"MG4Bq6",2023,50,1
"MG4Bq6",2023,51,1
"MG4Bq6",2023,52,1
"MG4Bq6",2023,53,1
"MG4Bq6",2023,54,0.98
"MG4Bq6",2023,55,0.82
"MG4Bq6",2023,56,0.04
"MG4Bq6",2023,57,0.96
"MG4Bq6",2023,58,1
"MG4Bq6",2023,59,1
"MG4Bq6",2023,60,1
"MG4Bq6",2023,61,1
"MG4Bq6",2023,62,1
"MG4Bq6",2023,63,0.66
"MG4Bq6",2023,64,1
"MG4Bq6",2023,65,1
"MG4Bq6",2023,66,1
"MG4Bq6",2023,67,0.72
"MG4Bq6",2023,68,0.22
"MG4Bq6",2023,69,0.82
"MG4Bq6",2023,70,0.92
"MG4Bq6",2023,71,0.38
"MG4Bq6",2023,72,0.86
"MG4Bq6",2023,73,0.4
"MG4Bq6",2023,74,0.56
"MG4Bq6",2023,75,0.82
"MG4Bq6",2023,76,0.7
"MG4Bq6",2023,77,0.42
"MG4Bq6",2023,78,1
"MG4Bq6",2023,79,0.66
"MG4Bq6",2023,80,1
"MG4Bq6",2023,81,0.96
"MG4Bq6",2023,82,1
"MG4Bq6",2023,83,0.96
"MG4Bq6",2023,84,0.98
"MG4Bq6",2023,85,1
"MG4Bq6",2023,86,1
"MG4Bq6",2023,87,1
"MG4Bq6",2023,88,0.74
"MG4Bq6",2023,89,0.96
"MG4Bq6",2023,90,0.92
"MG4Bq6",2023,91,1
"MG4Bq6",2023,92,1
"MG4Bq6",2023,93,0.66
"MG4Bq6",2023,94,0.82
"MG4Bq6",2023,95,1
"MG4Bq6",2023,96,0
"MG4Bq6",2023,97,0.96
"MG4Bq6",2023,98,0.94
"MG4Bq6",2023,99,1
"MG4Bq6",2023,100,1
"MG4Bq6",2023,101,0.84
"MG4Bq6",2023,102,1
"MG4Bq6",2023,103,1
"MG4Bq6",2023,104,0.96
"MG4Bq6",2023,105,1
"MG4Bq6",2023,106,0.9
"MG4Bq6",2023,107,0.7
"MG4Bq6",2023,108,0.8
"MG4Bq6",2023,109,0.98
"MG4Bq6",2023,110,0.92
"MG4Bq6",2023,111,0.84
"MG4Bq6",2023,112,1
"MG4Bq6",2023,113,0.9
"MG4Bq6",2023,114,1
"MG4Bq6",2023,115,0.06
"MG4Bq6",2023,116,0.98
"MG4Bq6",2023,117,0.94
"MG4Bq6",2023,118,0.88
"MG4Bq6",2023,119,0.94
"MG4Bq6",2023,120,0.58
"MG4Bq6",2023,121,0.9
"MG4Bq6",2023,122,1
"MG4Bq6",2023,123,0.12
"MG4Bq6",2023,124,0.4
"MG4Bq6",2023,125,1
"MG4Bq6",2023,126,0.98
"MG4Bq6",2023,127,0.54
"MG4Bq6",2023,128,0
"MG4Bq6",2023,129,0.98
"MG4Bq6",2023,130,0.26
"MG4Bq6",2023,131,0.34
"MG4Bq6",2023,132,1
"MG4Bq6",2023,133,0.44
"MG4Bq6",2023,134,0.58
"MG4Bq6",2023,135,0.94
"MG4Bq6",2023,136,0.28
"MG4Bq6",2023,137,0.96
"MG4Bq6",2023,138,1
"MG4Bq6",2023,139,1
"MG4Bq6",2023,140,0.22
"MG4Bq6",2024,1,0.8
"MG4Bq6",2024,2,0.94
"MG4Bq6",2024,3,1
"MG4Bq6",2024,4,0.98
"MG4Bq6",2024,5,1
"MG4Bq6",2024,6,1
"MG4Bq6",2024,7,0.98
"MG4Bq6",2024,8,1
"MG4Bq6",2024,9,0.96
"MG4Bq6",2024,10,0.96
"MG4Bq6",2024,11,0.38
"MG4Bq6",2024,12,0.98
"MG4Bq6",2024,13,0.44
"MG4Bq6",2024,14,0.34
"MG4Bq6",2024,15,0
"MG4Bq6",2024,16,0.46
"MG4Bq6",2024,17,0.44
"MG4Bq6",2024,18,0.96
"MG4Bq6",2024,19,1
"MG4Bq6",2024,20,0.38
"MG4Bq6",2024,21,0.98
"MG4Bq6",2024,22,0.78
"MG4Bq6",2024,23,0.38
"MG4Bq6",2024,24,0.14
"MG4Bq6",2024,25,0.62
"MG4Bq6",2024,26,0.5
"MG4Bq6",2024,27,0.52
"MG4Bq6",2024,28,0.88
"MG4Bq6",2024,29,0.96
"MG4Bq6",2024,30,0.92
"MG4Bq6",2024,31,1
"MG4Bq6",2024,32,0.88
"MG4Bq6",2024,33,0.72
"MG4Bq6",2024,34,0.8
"MG4Bq6",2024,35,1
"MG4Bq6",2024,36,0.84
"MG4Bq6",2024,37,0.54
"MG4Bq6",2024,38,0.5
"MG4Bq6",2024,39,0.76
"MG4Bq6",2024,40,0.74
"MG4Bq6",2024,41,0.96
"MG4Bq6",2024,42,0.78
"MG4Bq6",2024,43,1
"MG4Bq6",2024,44,0.02
"MG4Bq6",2024,45,1
"MG4Bq6",2024,46,0.46
"MG4Bq6",2024,47,1
"MG4Bq6",2024,48,0.92
"MG4Bq6",2024,49,0.9
"MG4Bq6",2024,50,0.98
"MG4Bq6",2024,51,1
"MG4Bq6",2024,52,1
"MG4Bq6",2024,53,1
"MG4Bq6",2024,54,1
"MG4Bq6",2024,55,0.28
"MG4Bq6",2024,56,0.92
"MG4Bq6",2024,57,0.52
"MG4Bq6",2024,58,0.12
"MG4Bq6",2024,59,0.04
"MG4Bq6",2024,60,0.58
"MG4Bq6",2024,61,0.28
"MG4Bq6",2024,62,0.64
"MG4Bq6",2024,63,0.56
"MG4Bq6",2024,64,0.64
"MG4Bq6",2024,65,0
"MG4Bq6",2024,66,0.96
"MG4Bq6",2024,67,0.62
"MG4Bq6",2024,68,0.92
"MG4Bq6",2024,69,0.98
"MG4Bq6",2024,70,1
"MG4Bq6",2024,71,1
"MG4Bq6",2024,72,1
"MG4Bq6",2024,73,0.18
"MG4Bq6",2024,74,0.92
"MG4Bq6",2024,75,1
"MG4Bq6",2024,76,1
"MG4Bq6",2024,77,1
"MG4Bq6",2024,78,0.94
"MG4Bq6",2024,79,0.86
"MG4Bq6",2024,80,1
"MG4Bq6",2024,81,0.72
"MG4Bq6",2024,82,1
"MG4Bq6",2024,83,0.68
"MG4Bq6",2024,84,0.02
"MG4Bq6",2024,85,1
"MG4Bq6",2024,86,0.94
"MG4Bq6",2024,87,0.94
"MG4Bq6",2024,88,0.58
"MG4Bq6",2024,89,0.96
"MG4Bq6",2024,90,0.98
"MG4Bq6",2024,91,0.86
"MG4Bq6",2024,92,0.92
"MG4Bq6",2024,93,0.9
"MG4Bq6",2024,94,1
"MG4Bq6",2024,95,1
"MG4Bq6",2024,96,0.54
"MG4Bq6",2024,97,1
"MG4Bq6",2024,98,0.86
"MG4Bq6",2024,99,0.96
"MG4Bq6",2024,100,1
"MG4Bq6",2024,101,1
"MG4Bq6",2024,102,0.12
"MG4Bq6",2024,103,0.98
"MG4Bq6",2024,104,0.44
"MG4Bq6",2024,105,1
"MG4Bq6",2024,106,1
"MG4Bq6",2024,107,0.36
"MG4Bq6",2024,108,0.98
"MG4Bq6",2024,109,0.28
"MG4Bq6",2024,110,0.58
"MG4Bq6",2024,111,1
"MG4Bq6",2024,112,0.9
"MG4Bq6",2024,113,0.8
"MG4Bq6",2024,114,1
"MG4Bq6",2024,115,1
"MG4Bq6",2024,116,0.72
"MG4Bq6",2024,117,1
"MG4Bq6",2024,118,0.82
"MG4Bq6",2024,119,0.8
"MG4Bq6",2024,120,0.38
"MG4Bq6",2024,121,1
"MG4Bq6",2024,122,0.78
"MG4Bq6",2024,123,1
"MG4Bq6",2024,124,1
"MG4Bq6",2024,125,0.8
"MG4Bq6",2024,126,0.88
"MG4Bq6",2024,127,0.14
"MG4Bq6",2024,128,0.2
"MG4Bq6",2024,129,1
"MG4Bq6",2024,130,1
"MG4Bq6",2024,131,1
"MG4Bq6",2024,132,1
"MG4Bq6",2024,133,0
"MG4Bq6",2024,134,0.1
"MG4Bq6",2024,135,0.38
"MG4Bq6",2024,136,0.48
"MG4Bq6",2024,137,1
"MG4Bq6",2024,138,0.32
"MG4Bq6",2024,139,1
"MG4Bq6",2024,140,0.94
"MG4Bq8",2020,1,1
"MG4Bq8",2020,2,0.98
"MG4Bq8",2020,3,1
"MG4Bq8",2020,4,1
"MG4Bq8",2020,5,0.98
"MG4Bq8",2020,6,0.98
"MG4Bq8",2020,7,0.98
"MG4Bq8",2020,8,0.3
"MG4Bq8",2020,9,0.94
"MG4Bq8",2020,10,0.98
"MG4Bq8",2020,11,0.26
"MG4Bq8",2020,12,0.92
"MG4Bq8",2020,13,0.62
"MG4Bq8",2020,14,1
"MG4Bq8",2020,15,1
"MG4Bq8",2020,16,0.98
"MG4Bq8",2020,17,0.84
"MG4Bq8",2020,18,1
"MG4Bq8",2020,19,1
"MG4Bq8",2020,20,1
"MG4Bq8",2020,21,0.96
"MG4Bq8",2020,22,1
"MG4Bq8",2020,23,1
"MG4Bq8",2020,24,0.34
"MG4Bq8",2020,25,1
"MG4Bq8",2020,26,0.38
"MG4Bq8",2020,27,0.94
"MG4Bq8",2020,28,1
"MG4Bq8",2020,29,0.4
"MG4Bq8",2020,30,0.98
"MG4Bq8",2020,31,0.94
"MG4Bq8",2020,32,0.12
"MG4Bq8",2020,33,0.4
"MG4Bq8",2020,34,0.34
"MG4Bq8",2020,35,0.14
"MG4Bq8",2020,36,0.98
"MG4Bq8",2020,37,0.96
"MG4Bq8",2020,38,0.96
"MG4Bq8",2020,39,1
"MG4Bq8",2020,40,0.96
"MG4Bq8",2020,41,1
"MG4Bq8",2020,42,0.64
"MG4Bq8",2020,43,0.48
"MG4Bq8",2020,44,0.84
"MG4Bq8",2020,45,1
"MG4Bq8",2020,46,1
"MG4Bq8",2020,47,0.9
"MG4Bq8",2020,48,1
"MG4Bq8",2020,49,0.4
"MG4Bq8",2020,50,0.6
"MG4Bq8",2020,51,0.94
"MG4Bq8",2020,52,0.68
"MG4Bq8",2020,53,0.22
"MG4Bq8",2020,54,1
"MG4Bq8",2020,55,1
"MG4Bq8",2020,56,0.64
"MG4Bq8",2020,57,1
"MG4Bq8",2020,58,0.94
"MG4Bq8",2020,59,1
"MG4Bq8",2020,60,1
"MG4Bq8",2020,61,1
"MG4Bq8",2020,62,0.44
"MG4Bq8",2020,63,0.84
"MG4Bq8",2020,64,1
"MG4Bq8",2020,65,0.98
"MG4Bq8",2020,66,0.96
"MG4Bq8",2020,67,0.72
"MG4Bq8",2020,68,0.66
"MG4Bq8",2020,69,0.08
"MG4Bq8",2020,70,0.2
"MG4Bq8",2020,71,1
"MG4Bq8",2020,72,0.68
"MG4Bq8",2020,73,0.22
"MG4Bq8",2020,74,1
"MG4Bq8",2020,75,0.9
"MG4Bq8",2020,76,1
"MG4Bq8",2020,77,0.92
"MG4Bq8",2020,78,1
"MG4Bq8",2020,79,1
"MG4Bq8",2020,80,0.92
"MG4Bq8",2020,81,1
"MG4Bq8",2020,82,0.82
"MG4Bq8",2020,83,0.24
"MG4Bq8",2020,84,0.98
"MG4Bq8",2020,85,0.14
"MG4Bq8",2020,86,1
"MG4Bq8",2020,87,0.14
"MG4Bq8",2020,88,1
"MG4Bq8",2020,89,1
"MG4Bq8",2020,90,1
"MG4Bq8",2020,91,1
"MG4Bq8",2020,92,0.58
"MG4Bq8",2020,93,0.24
"MG4Bq8",2020,94,1
"MG4Bq8",2020,95,0.38
"MG4Bq8",2020,96,0.98
"MG4Bq8",2020,97,0.96
"MG4Bq8",2020,98,1
"MG4Bq8",2020,99,1
"MG4Bq8",2020,100,0.72
"MG4Bq8",2020,101,1
"MG4Bq8",2020,102,1
"MG4Bq8",2020,103,0.9
"MG4Bq8",2020,104,0.08
"MG4Bq8",2020,105,0.98
"MG4Bq8",2020,106,1
"MG4Bq8",2020,107,1
"MG4Bq8",2020,108,1
"MG4Bq8",2020,109,0.96
"MG4Bq8",2020,110,1
"MG4Bq8",2020,111,0.98
"MG4Bq8",2020,112,0.18
"MG4Bq8",2020,113,1
"MG4Bq8",2020,114,0.94
"MG4Bq8",2020,115,0.62
"MG4Bq8",2020,116,1
"MG4Bq8",2020,117,0.82
"MG4Bq8",2020,118,0.9
"MG4Bq8",2020,119,0.98
"MG4Bq8",2020,120,0.48
"MG4Bq8",2020,121,0.76
"MG4Bq8",2020,122,0.68
"MG4Bq8",2020,123,0.98
"MG4Bq8",2020,124,0.1
"MG4Bq8",2020,125,0.06
"MG4Bq8",2020,126,0.58
"MG4Bq8",2020,127,1
"MG4Bq8",2020,128,0.26
"MG4Bq8",2020,129,0.98
"MG4Bq8",2020,130,0.84
"MG4Bq8",2020,131,1
"MG4Bq8",2020,132,0.88
"MG4Bq8",2020,133,0.46
"MG4Bq8",2020,134,0.38
"MG4Bq8",2020,135,1
"MG4Bq8",2020,136,0.94
"MG4Bq8",2020,137,0.94
"MG4Bq8",2020,138,0.02
"MG4Bq8",2020,139,0.84
"MG4Bq8",2020,140,1
"MG4Bq8",2021,1,0.94
"MG4Bq8",2021,2,0.72
"MG4Bq8",2021,3,1
"MG4Bq8",2021,4,0.88
"MG4Bq8",2021,5,1
"MG4Bq8",2021,6,0.3
"MG4Bq8",2021,7,0.56
"MG4Bq8",2021,8,0.94
"MG4Bq8",2021,9,0.02
"MG4Bq8",2021,10,1
"MG4Bq8",2021,11,0.92
"MG4Bq8",2021,12,0.18
"MG4Bq8",2021,13,0.48
"MG4Bq8",2021,14,0.68
"MG4Bq8",2021,15,0.74
"MG4Bq8",2021,16,0.9
"MG4Bq8",2021,17,0.82
"MG4Bq8",2021,18,0.84
"MG4Bq8",2021,19,0.7
"MG4Bq8",2021,20,1
"MG4Bq8",2021,21,0.66
"MG4Bq8",2021,22,0.82
"MG4Bq8",2021,23,0.92
"MG4Bq8",2021,24,1
"MG4Bq8",2021,25,0.92
"MG4Bq8",2021,26,1
"MG4Bq8",2021,27,0.52
"MG4Bq8",2021,28,1
"MG4Bq8",2021,29,1
"MG4Bq8",2021,30,1
"MG4Bq8",2021,31,1
"MG4Bq8",2021,32,0.7
"MG4Bq8",2021,33,0.68
"MG4Bq8",2021,34,0.94
"MG4Bq8",2021,35,1
"MG4Bq8",2021,36,0.94
"MG4Bq8",2021,37,0.62
"MG4Bq8",2021,38,0.78
"MG4Bq8",2021,39,1
"MG4Bq8",2021,40,1
"MG4Bq8",2021,41,1
"MG4Bq8",2021,42,1
"MG4Bq8",2021,43,0.3
"MG4Bq8",2021,44,1
"MG4Bq8",2021,45,1
"MG4Bq8",2021,46,1
"MG4Bq8",2021,47,0.76
"MG4Bq8",2021,48,1
"MG4Bq8",2021,49,1
"MG4Bq8",2021,50,0.64
"MG4Bq8",2021,51,1
"MG4Bq8",2021,52,0.8
"MG4Bq8",2021,53,1
"MG4Bq8",2021,54,0.88
"MG4Bq8",2021,55,1
"MG4Bq8",2021,56,0.92
"MG4Bq8",2021,57,0.88
"MG4Bq8",2021,58,0.62
"MG4Bq8",2021,59,0.56
"MG4Bq8",2021,60,1
"MG4Bq8",2021,61,0.92
"MG4Bq8",2021,62,1
"MG4Bq8",2021,63,0.96
"MG4Bq8",2021,64,0.72
"MG4Bq8",2021,65,0.56
"MG4Bq8",2021,66,0.76
"MG4Bq8",2021,67,1
"MG4Bq8",2021,68,0.72
"MG4Bq8",2021,69,0.9
"MG4Bq8",2021,70,0.38
"MG4Bq8",2021,71,0.04
"MG4Bq8",2021,72,0.96
"MG4Bq8",2021,73,1
"MG4Bq8",2021,74,0.84
"MG4Bq8",2021,75,1
"MG4Bq8",2021,76,1
"MG4Bq8",2021,77,0.42
"MG4Bq8",2021,78,1
"MG4Bq8",2021,79,1
"MG4Bq8",2021,80,0.46
"MG4Bq8",2021,81,1
"MG4Bq8",2021,82,0.82
"MG4Bq8",2021,83,0.02
"MG4Bq8",2021,84,0.72
"MG4Bq8",2021,85,0.98
"MG4Bq8",2021,86,0.7
"MG4Bq8",2021,87,0.82
"MG4Bq8",2021,88,0.98
"MG4Bq8",2021,89,0.56
"MG4Bq8",2021,90,0.3
"MG4Bq8",2021,91,0.66
"MG4Bq8",2021,92,0.34
"MG4Bq8",2021,93,0.82
"MG4Bq8",2021,94,0.84
"MG4Bq8",2021,95,0.3
"MG4Bq8",2021,96,0.92
"MG4Bq8",2021,97,0.94
"MG4Bq8",2021,98,0.8
"MG4Bq8",2021,99,0.12
"MG4Bq8",2021,100,0.86
"MG4Bq8",2021,101,0.56
"MG4Bq8",2021,102,0.94
"MG4Bq8",2021,103,1
"MG4Bq8",2021,104,0.88
"MG4Bq8",2021,105,0.82
"MG4Bq8",2021,106,0.82
"MG4Bq8",2021,107,0.54
"MG4Bq8",2021,108,0.96
"MG4Bq8",2021,109,0.8
"MG4Bq8",2021,110,1
"MG4Bq8",2021,111,0.88
"MG4Bq8",2021,112,0.24
"MG4Bq8",2021,113,1
"MG4Bq8",2021,114,0.64
"MG4Bq8",2021,115,0.44
"MG4Bq8",2021,116,0.18
"MG4Bq8",2021,117,0.74
"MG4Bq8",2021,118,1
"MG4Bq8",2021,119,0.96
"MG4Bq8",2021,120,0.6
"MG4Bq8",2021,121,0.94
"MG4Bq8",2021,122,0.5
"MG4Bq8",2021,123,0.92
"MG4Bq8",2021,124,1
"MG4Bq8",2021,125,0.26
"MG4Bq8",2021,126,0.84
"MG4Bq8",2021,127,1
"MG4Bq8",2021,128,0.44
"MG4Bq8",2021,129,0.92
"MG4Bq8",2021,130,1
"MG4Bq8",2021,131,0.46
"MG4Bq8",2021,132,0.46
"MG4Bq8",2021,133,0.58
"MG4Bq8",2021,134,0.2
"MG4Bq8",2021,135,0.24
"MG4Bq8",2021,136,0.82
"MG4Bq8",2021,137,0.08
"MG4Bq8",2021,138,0.04
"MG4Bq8",2021,139,0.9
"MG4Bq8",2021,140,1
"MG4Bq8",2022,1,1
"MG4Bq8",2022,2,0.96
"MG4Bq8",2022,3,1
"MG4Bq8",2022,4,0.8
"MG4Bq8",2022,5,0.36
"MG4Bq8",2022,6,0.82
"MG4Bq8",2022,7,0.82
"MG4Bq8",2022,8,0.5
"MG4Bq8",2022,9,0.78
"MG4Bq8",2022,10,0.76
"MG4Bq8",2022,11,0.46
"MG4Bq8",2022,12,0.52
"MG4Bq8",2022,13,0.22
"MG4Bq8",2022,14,0.98
"MG4Bq8",2022,15,1
"MG4Bq8",2022,16,1
"MG4Bq8",2022,17,1
"MG4Bq8",2022,18,1
"MG4Bq8",2022,19,1
"MG4Bq8",2022,20,1
"MG4Bq8",2022,21,1
"MG4Bq8",2022,22,0.76
"MG4Bq8",2022,23,0.28
"MG4Bq8",2022,24,0.64
"MG4Bq8",2022,25,0.48
"MG4Bq8",2022,26,1
"MG4Bq8",2022,27,1
"MG4Bq8",2022,28,1
"MG4Bq8",2022,29,0.96
"MG4Bq8",2022,30,0.78
"MG4Bq8",2022,31,0.64
"MG4Bq8",2022,32,0.82
"MG4Bq8",2022,33,1
"MG4Bq8",2022,34,0.1
"MG4Bq8",2022,35,0.96
"MG4Bq8",2022,36,0.42
"MG4Bq8",2022,37,0.68
"MG4Bq8",2022,38,1
"MG4Bq8",2022,39,0.96
"MG4Bq8",2022,40,1
"MG4Bq8",2022,41,0.98
"MG4Bq8",2022,42,1
"MG4Bq8",2022,43,0.98
"MG4Bq8",2022,44,0.6
"MG4Bq8",2022,45,1
"MG4Bq8",2022,46,1
"MG4Bq8",2022,47,0.9
"MG4Bq8",2022,48,0.56
"MG4Bq8",2022,49,1
"MG4Bq8",2022,50,0.68
"MG4Bq8",2022,51,1
"MG4Bq8",2022,52,1
"MG4Bq8",2022,53,1
"MG4Bq8",2022,54,0.88
"MG4Bq8",2022,55,0.68
"MG4Bq8",2022,56,0.98
"MG4Bq8",2022,57,1
"MG4Bq8",2022,58,0.38
"MG4Bq8",2022,59,0.92
"MG4Bq8",2022,60,0.96
"MG4Bq8",2022,61,0.48
"MG4Bq8",2022,62,0.94
"MG4Bq8",2022,63,0.72
"MG4Bq8",2022,64,1
"MG4Bq8",2022,65,1
"MG4Bq8",2022,66,0.98
"MG4Bq8",2022,67,0.98
"MG4Bq8",2022,68,0.96
"MG4Bq8",2022,69,0.36
"MG4Bq8",2022,70,0.52
"MG4Bq8",2022,71,0.9
"MG4Bq8",2022,72,0.52
"MG4Bq8",2022,73,0.64
"MG4Bq8",2022,74,0.86
"MG4Bq8",2022,75,1
"MG4Bq8",2022,76,0.36
"MG4Bq8",2022,77,0.94
"MG4Bq8",2022,78,1
"MG4Bq8",2022,79,1
"MG4Bq8",2022,80,0.98
"MG4Bq8",2022,81,1
"MG4Bq8",2022,82,1
"MG4Bq8",2022,83,0.48
"MG4Bq8",2022,84,0
"MG4Bq8",2022,85,0.8
"MG4Bq8",2022,86,0.88
"MG4Bq8",2022,87,0.8
"MG4Bq8",2022,88,1
"MG4Bq8",2022,89,0.86
"MG4Bq8",2022,90,0.88
"MG4Bq8",2022,91,0.94
"MG4Bq8",2022,92,0.1
"MG4Bq8",2022,93,0.98
"MG4Bq8",2022,94,1
"MG4Bq8",2022,95,1
"MG4Bq8",2022,96,0.48
"MG4Bq8",2022,97,0.26
"MG4Bq8",2022,98,1
"MG4Bq8",2022,99,0.62
"MG4Bq8",2022,100,1
"MG4Bq8",2022,101,1
"MG4Bq8",2022,102,1
"MG4Bq8",2022,103,1
"MG4Bq8",2022,104,1
"MG4Bq8",2022,105,0.92
"MG4Bq8",2022,106,0.96
"MG4Bq8",2022,107,0.76
"MG4Bq8",2022,108,0.48
"MG4Bq8",2022,109,0.74
"MG4Bq8",2022,110,0.98
"MG4Bq8",2022,111,0.36
"MG4Bq8",2022,112,1
"MG4Bq8",2022,113,0.9
"MG4Bq8",2022,114,0.8
"MG4Bq8",2022,115,1
"MG4Bq8",2022,116,0.46
"MG4Bq8",2022,117,0.56
"MG4Bq8",2022,118,0.6
"MG4Bq8",2022,119,0.4
"MG4Bq8",2022,120,0.68
"MG4Bq8",2022,121,0.34
"MG4Bq8",2022,122,0.92
"MG4Bq8",2022,123,0.98
"MG4Bq8",2022,124,0.74
"MG4Bq8",2022,125,0.7
"MG4Bq8",2022,126,0.1
"MG4Bq8",2022,127,0.62
"MG4Bq8",2022,128,1
"MG4Bq8",2022,129,0.82
"MG4Bq8",2022,130,0.4
"MG4Bq8",2022,131,1
"MG4Bq8",2022,132,1
"MG4Bq8",2022,133,0.98
"MG4Bq8",2022,134,0.96
"MG4Bq8",2022,135,0.1
"MG4Bq8",2022,136,0.58
"MG4Bq8",2022,137,0.52
"MG4Bq8",2022,138,0.06
"MG4Bq8",2022,139,0.52
"MG4Bq8",2022,140,1
"MG4Bq8",2023,1,0.18
"MG4Bq8",2023,2,1
"MG4Bq8",2023,3,0.82
"MG4Bq8",2023,4,0.2
"MG4Bq8",2023,5,0.96
"MG4Bq8",2023,6,1
"MG4Bq8",2023,7,1
"MG4Bq8",2023,8,1
"MG4Bq8",2023,9,0.54
"MG4Bq8",2023,10,0.72
"MG4Bq8",2023,11,0.98
"MG4Bq8",2023,12,0.98
"MG4Bq8",2023,13,0.56
"MG4Bq8",2023,14,0.92
"MG4Bq8",2023,15,1
"MG4Bq8",2023,16,1
"MG4Bq8",2023,17,1
"MG4Bq8",2023,18,1
"MG4Bq8",2023,19,0.76
"MG4Bq8",2023,20,1
"MG4Bq8",2023,21,0.78
"MG4Bq8",2023,22,0.4
"MG4Bq8",2023,23,0.02
"MG4Bq8",2023,24,0.12
"MG4Bq8",2023,25,0.98
"MG4Bq8",2023,26,1
"MG4Bq8",2023,27,1
"MG4Bq8",2023,28,1
"MG4Bq8",2023,29,0.8
"MG4Bq8",2023,30,1
"MG4Bq8",2023,31,1
"MG4Bq8",2023,32,1
"MG4Bq8",2023,33,0.4
"MG4Bq8",2023,34,1
"MG4Bq8",2023,35,0.94
"MG4Bq8",2023,36,0.88
"MG4Bq8",2023,37,1
"MG4Bq8",2023,38,0.68
"MG4Bq8",2023,39,0.88
"MG4Bq8",2023,40,0.82
"MG4Bq8",2023,41,0.44
"MG4Bq8",2023,42,0.82
"MG4Bq8",2023,43,1
"MG4Bq8",2023,44,1
"MG4Bq8",2023,45,0.36
"MG4Bq8",2023,46,1
"MG4Bq8",2023,47,0.9
"MG4Bq8",2023,48,1
"MG4Bq8",2023,49,1
"MG4Bq8",2023,50,0.98
"MG4Bq8",2023,51,1
"MG4Bq8",2023,52,1
"MG4Bq8",2023,53,1
"MG4Bq8",2023,54,0.92
"MG4Bq8",2023,55,0.8
"MG4Bq8",2023,56,0.14
"MG4Bq8",2023,57,0.92
"MG4Bq8",2023,58,1
"MG4Bq8",2023,59,1
"MG4Bq8",2023,60,1
"MG4Bq8",2023,61,1
"MG4Bq8",2023,62,0.98
"MG4Bq8",2023,63,0.84
"MG4Bq8",2023,64,0.94
"MG4Bq8",2023,65,1
"MG4Bq8",2023,66,1
"MG4Bq8",2023,67,0.86
"MG4Bq8",2023,68,0.16
"MG4Bq8",2023,69,0.64
"MG4Bq8",2023,70,0.96
"MG4Bq8",2023,71,0.44
"MG4Bq8",2023,72,0.9
"MG4Bq8",2023,73,0.44
"MG4Bq8",2023,74,0.48
"MG4Bq8",2023,75,0.82
"MG4Bq8",2023,76,0.72
"MG4Bq8",2023,77,0.86
"MG4Bq8",2023,78,1
"MG4Bq8",2023,79,0.64
"MG4Bq8",2023,80,1
"MG4Bq8",2023,81,1
"MG4Bq8",2023,82,1
"MG4Bq8",2023,83,0.84
"MG4Bq8",2023,84,0.94
"MG4Bq8",2023,85,1
"MG4Bq8",2023,86,1
"MG4Bq8",2023,87,0.98
"MG4Bq8",2023,88,0.48
"MG4Bq8",2023,89,0.94
"MG4Bq8",2023,90,0.84
"MG4Bq8",2023,91,1
"MG4Bq8",2023,92,1
"MG4Bq8",2023,93,0.58
"MG4Bq8",2023,94,0.96
"MG4Bq8",2023,95,1
"MG4Bq8",2023,96,0.06
"MG4Bq8",2023,97,1
"MG4Bq8",2023,98,0.86
"MG4Bq8",2023,99,1
"MG4Bq8",2023,100,1
"MG4Bq8",2023,101,0.8
"MG4Bq8",2023,102,1
"MG4Bq8",2023,103,1
"MG4Bq8",2023,104,1
"MG4Bq8",2023,105,1
"MG4Bq8",2023,106,0.8
"MG4Bq8",2023,107,0.94
"MG4Bq8",2023,108,0.86
"MG4Bq8",2023,109,0.96
"MG4Bq8",2023,110,0.94
"MG4Bq8",2023,111,0.7
"MG4Bq8",2023,112,1
"MG4Bq8",2023,113,0.88
"MG4Bq8",2023,114,1
"MG4Bq8",2023,115,0.02
"MG4Bq8",2023,116,0.98
"MG4Bq8",2023,117,0.96
"MG4Bq8",2023,118,0.86
"MG4Bq8",2023,119,1
"MG4Bq8",2023,120,0.48
"MG4Bq8",2023,121,0.96
"MG4Bq8",2023,122,1
"MG4Bq8",2023,123,0.08
"MG4Bq8",2023,124,0.7
"MG4Bq8",2023,125,1
"MG4Bq8",2023,126,1
"MG4Bq8",2023,127,0.7
"MG4Bq8",2023,128,0.04
"MG4Bq8",2023,129,1
"MG4Bq8",2023,130,0.28
"MG4Bq8",2023,131,0.12
"MG4Bq8",2023,132,1
"MG4Bq8",2023,133,0.34
"MG4Bq8",2023,134,0.46
"MG4Bq8",2023,135,0.98
"MG4Bq8",2023,136,0.52
"MG4Bq8",2023,137,0.9
"MG4Bq8",2023,138,0.96
"MG4Bq8",2023,139,0.98
"MG4Bq8",2023,140,0.14
"MG4Bq8",2024,1,0.76
"MG4Bq8",2024,2,0.94
"MG4Bq8",2024,3,1
"MG4Bq8",2024,4,0.98
"MG4Bq8",2024,5,1
"MG4Bq8",2024,6,1
"MG4Bq8",2024,7,1
"MG4Bq8",2024,8,0.98
"MG4Bq8",2024,9,0.94
"MG4Bq8",2024,10,0.88
"MG4Bq8",2024,11,0.6
"MG4Bq8",2024,12,0.94
"MG4Bq8",2024,13,0.4
"MG4Bq8",2024,14,0.38
"MG4Bq8",2024,15,0
"MG4Bq8",2024,16,0.42
"MG4Bq8",2024,17,0.4
"MG4Bq8",2024,18,1
"MG4Bq8",2024,19,1
"MG4Bq8",2024,20,0.5
"MG4Bq8",2024,21,0.98
"MG4Bq8",2024,22,0.82
"MG4Bq8",2024,23,0.34
"MG4Bq8",2024,24,0.62
"MG4Bq8",2024,25,0.68
"MG4Bq8",2024,26,0.44
"MG4Bq8",2024,27,0.54
"MG4Bq8",2024,28,0.94
"MG4Bq8",2024,29,0.94
"MG4Bq8",2024,30,0.9
"MG4Bq8",2024,31,1
"MG4Bq8",2024,32,0.94
"MG4Bq8",2024,33,0.66
"MG4Bq8",2024,34,0.84
"MG4Bq8",2024,35,1
"MG4Bq8",2024,36,0.94
"MG4Bq8",2024,37,0.46
"MG4Bq8",2024,38,0.48
"MG4Bq8",2024,39,0.7
"MG4Bq8",2024,40,0.72
"MG4Bq8",2024,41,1
"MG4Bq8",2024,42,0.62
"MG4Bq8",2024,43,1
"MG4Bq8",2024,44,0.02
"MG4Bq8",2024,45,1
"MG4Bq8",2024,46,0.4
"MG4Bq8",2024,47,1
"MG4Bq8",2024,48,0.96
"MG4Bq8",2024,49,0.98
"MG4Bq8",2024,50,1
"MG4Bq8",2024,51,0.96
"MG4Bq8",2024,52,1
"MG4Bq8",2024,53,1
"MG4Bq8",2024,54,1
"MG4Bq8",2024,55,0.2
"MG4Bq8",2024,56,0.96
"MG4Bq8",2024,57,0.74
"MG4Bq8",2024,58,0
"MG4Bq8",2024,59,0.06
"MG4Bq8",2024,60,0.48
"MG4Bq8",2024,61,0.22
"MG4Bq8",2024,62,0.56
"MG4Bq8",2024,63,0.58
"MG4Bq8",2024,64,0.36
"MG4Bq8",2024,65,0
"MG4Bq8",2024,66,0.98
"MG4Bq8",2024,67,0.84
"MG4Bq8",2024,68,0.98
"MG4Bq8",2024,69,0.98
"MG4Bq8",2024,70,1
"MG4Bq8",2024,71,1
"MG4Bq8",2024,72,1
"MG4Bq8",2024,73,0.24
"MG4Bq8",2024,74,0.8
"MG4Bq8",2024,75,1
"MG4Bq8",2024,76,1
"MG4Bq8",2024,77,1
"MG4Bq8",2024,78,0.96
"MG4Bq8",2024,79,0.88
"MG4Bq8",2024,80,0.98
"MG4Bq8",2024,81,0.86
"MG4Bq8",2024,82,1
"MG4Bq8",2024,83,0.9
"MG4Bq8",2024,84,0
"MG4Bq8",2024,85,1
"MG4Bq8",2024,86,0.9
"MG4Bq8",2024,87,1
"MG4Bq8",2024,88,0.5
"MG4Bq8",2024,89,0.94
"MG4Bq8",2024,90,1
"MG4Bq8",2024,91,0.96
"MG4Bq8",2024,92,0.94
"MG4Bq8",2024,93,0.96
"MG4Bq8",2024,94,1
"MG4Bq8",2024,95,1
"MG4Bq8",2024,96,0.58
"MG4Bq8",2024,97,1
"MG4Bq8",2024,98,0.96
"MG4Bq8",2024,99,0.86
"MG4Bq8",2024,100,1
"MG4Bq8",2024,101,1
"MG4Bq8",2024,102,0.1
"MG4Bq8",2024,103,0.92
"MG4Bq8",2024,104,0.66
"MG4Bq8",2024,105,1
"MG4Bq8",2024,106,1
"MG4Bq8",2024,107,0.4
"MG4Bq8",2024,108,0.98
"MG4Bq8",2024,109,0.42
"MG4Bq8",2024,110,0.38
"MG4Bq8",2024,111,1
"MG4Bq8",2024,112,0.9
"MG4Bq8",2024,113,0.86
"MG4Bq8",2024,114,1
"MG4Bq8",2024,115,1
"MG4Bq8",2024,116,0.56
"MG4Bq8",2024,117,1
"MG4Bq8",2024,118,0.86
"MG4Bq8",2024,119,0.82
"MG4Bq8",2024,120,0.38
"MG4Bq8",2024,121,0.96
"MG4Bq8",2024,122,0.9
"MG4Bq8",2024,123,1
"MG4Bq8",2024,124,1
"MG4Bq8",2024,125,0.74
"MG4Bq8",2024,126,0.92
"MG4Bq8",2024,127,0.06
"MG4Bq8",2024,128,0.2
"MG4Bq8",2024,129,1
"MG4Bq8",2024,130,1
"MG4Bq8",2024,131,1
"MG4Bq8",2024,132,1
"MG4Bq8",2024,133,0.02
"MG4Bq8",2024,134,0.04
"MG4Bq8",2024,135,0.56
"MG4Bq8",2024,136,0.54
"MG4Bq8",2024,137,1
"MG4Bq8",2024,138,0.34
"MG4Bq8",2024,139,1
"MG4Bq8",2024,140,0.92
"MT8Bq4",2020,1,1
"MT8Bq4",2020,2,0.46
"MT8Bq4",2020,3,1
"MT8Bq4",2020,4,1
"MT8Bq4",2020,5,1
"MT8Bq4",2020,6,0.8
"MT8Bq4",2020,7,0.96
"MT8Bq4",2020,8,0.1
"MT8Bq4",2020,9,0.44
"MT8Bq4",2020,10,1
"MT8Bq4",2020,11,0
"MT8Bq4",2020,12,1
"MT8Bq4",2020,13,0.3
"MT8Bq4",2020,14,0.54
"MT8Bq4",2020,15,1
"MT8Bq4",2020,16,0.46
"MT8Bq4",2020,17,1
"MT8Bq4",2020,18,1
"MT8Bq4",2020,19,1
"MT8Bq4",2020,20,0.94
"MT8Bq4",2020,21,0.7
"MT8Bq4",2020,22,1
"MT8Bq4",2020,23,1
"MT8Bq4",2020,24,0.18
"MT8Bq4",2020,25,0.92
"MT8Bq4",2020,26,0.42
"MT8Bq4",2020,27,0.2
"MT8Bq4",2020,28,1
"MT8Bq4",2020,29,0.02
"MT8Bq4",2020,30,0.14
"MT8Bq4",2020,31,0
"MT8Bq4",2020,32,0.1
"MT8Bq4",2020,33,0.54
"MT8Bq4",2020,34,0.1
"MT8Bq4",2020,35,0.2
"MT8Bq4",2020,36,0.86
"MT8Bq4",2020,37,1
"MT8Bq4",2020,38,0.98
"MT8Bq4",2020,39,0
"MT8Bq4",2020,40,0.38
"MT8Bq4",2020,41,1
"MT8Bq4",2020,42,0.44
"MT8Bq4",2020,43,0.56
"MT8Bq4",2020,44,1
"MT8Bq4",2020,45,0.54
"MT8Bq4",2020,46,1
"MT8Bq4",2020,47,0
"MT8Bq4",2020,48,1
"MT8Bq4",2020,49,0.04
"MT8Bq4",2020,50,0
"MT8Bq4",2020,51,1
"MT8Bq4",2020,52,0.78
"MT8Bq4",2020,53,0.6
"MT8Bq4",2020,54,1
"MT8Bq4",2020,55,0.46
"MT8Bq4",2020,56,0.22
"MT8Bq4",2020,57,1
"MT8Bq4",2020,58,0.94
"MT8Bq4",2020,59,0.92
"MT8Bq4",2020,60,1
"MT8Bq4",2020,61,0.54
"MT8Bq4",2020,62,0.16
"MT8Bq4",2020,63,0.98
"MT8Bq4",2020,64,0.22
"MT8Bq4",2020,65,0.98
"MT8Bq4",2020,66,1
"MT8Bq4",2020,67,0.92
"MT8Bq4",2020,68,0.6
"MT8Bq4",2020,69,0.02
"MT8Bq4",2020,70,0.2
"MT8Bq4",2020,71,1
"MT8Bq4",2020,72,0.66
"MT8Bq4",2020,73,0.66
"MT8Bq4",2020,74,1
"MT8Bq4",2020,75,0.24
"MT8Bq4",2020,76,0.74
"MT8Bq4",2020,77,0.26
"MT8Bq4",2020,78,1
"MT8Bq4",2020,79,0.4
"MT8Bq4",2020,80,0
"MT8Bq4",2020,81,0.02
"MT8Bq4",2020,82,0.66
"MT8Bq4",2020,83,0
"MT8Bq4",2020,84,0.58
"MT8Bq4",2020,85,0.04
"MT8Bq4",2020,86,1
"MT8Bq4",2020,87,0.02
"MT8Bq4",2020,88,0.9
"MT8Bq4",2020,89,1
"MT8Bq4",2020,90,1
"MT8Bq4",2020,91,1
"MT8Bq4",2020,92,0.04
"MT8Bq4",2020,93,0
"MT8Bq4",2020,94,1
"MT8Bq4",2020,95,1
"MT8Bq4",2020,96,1
"MT8Bq4",2020,97,0.98
"MT8Bq4",2020,98,1
"MT8Bq4",2020,99,1
"MT8Bq4",2020,100,1
"MT8Bq4",2020,101,1
"MT8Bq4",2020,102,1
"MT8Bq4",2020,103,0.54
"MT8Bq4",2020,104,0
"MT8Bq4",2020,105,0.16
"MT8Bq4",2020,106,1
"MT8Bq4",2020,107,1
"MT8Bq4",2020,108,1
"MT8Bq4",2020,109,0.76
"MT8Bq4",2020,110,1
"MT8Bq4",2020,111,0
"MT8Bq4",2020,112,0.82
"MT8Bq4",2020,113,1
"MT8Bq4",2020,114,0.9
"MT8Bq4",2020,115,0.5
"MT8Bq4",2020,116,0.08
"MT8Bq4",2020,117,1
"MT8Bq4",2020,118,0.68
"MT8Bq4",2020,119,0.78
"MT8Bq4",2020,120,0.3
"MT8Bq4",2020,121,0.08
"MT8Bq4",2020,122,1
"MT8Bq4",2020,123,0.92
"MT8Bq4",2020,124,0
"MT8Bq4",2020,125,0.28
"MT8Bq4",2020,126,0.92
"MT8Bq4",2020,127,1
"MT8Bq4",2020,128,0.1
"MT8Bq4",2020,129,1
"MT8Bq4",2020,130,0.54
"MT8Bq4",2020,131,0.94
"MT8Bq4",2020,132,1
"MT8Bq4",2020,133,0.5
"MT8Bq4",2020,134,0
"MT8Bq4",2020,135,0.08
"MT8Bq4",2020,136,1
"MT8Bq4",2020,137,0.44
"MT8Bq4",2020,138,0.02
"MT8Bq4",2020,139,0.98
"MT8Bq4",2020,140,1
"MT8Bq4",2021,1,0.98
"MT8Bq4",2021,2,1
"MT8Bq4",2021,3,0.62
"MT8Bq4",2021,4,1
"MT8Bq4",2021,5,0.68
"MT8Bq4",2021,6,0.76
"MT8Bq4",2021,7,1
"MT8Bq4",2021,8,0
"MT8Bq4",2021,9,1
"MT8Bq4",2021,10,0.2
"MT8Bq4",2021,11,1
"MT8Bq4",2021,12,0.08
"MT8Bq4",2021,13,0.76
"MT8Bq4",2021,14,0.44
"MT8Bq4",2021,15,0.32
"MT8Bq4",2021,16,0.98
"MT8Bq4",2021,17,0
"MT8Bq4",2021,18,1
"MT8Bq4",2021,19,0.2
"MT8Bq4",2021,20,0
"MT8Bq4",2021,21,0.76
"MT8Bq4",2021,22,0.14
"MT8Bq4",2021,23,1
"MT8Bq4",2021,24,0.2
"MT8Bq4",2021,25,0.7
"MT8Bq4",2021,26,0.98
"MT8Bq4",2021,27,0.96
"MT8Bq4",2021,28,1
"MT8Bq4",2021,29,1
"MT8Bq4",2021,30,1
"MT8Bq4",2021,31,1
"MT8Bq4",2021,32,0.4
"MT8Bq4",2021,33,0.7
"MT8Bq4",2021,34,0.12
"MT8Bq4",2021,35,1
"MT8Bq4",2021,36,1
"MT8Bq4",2021,37,0.22
"MT8Bq4",2021,38,0.88
"MT8Bq4",2021,39,1
"MT8Bq4",2021,40,1
"MT8Bq4",2021,41,1
"MT8Bq4",2021,42,0.64
"MT8Bq4",2021,43,0.2
"MT8Bq4",2021,44,1
"MT8Bq4",2021,45,1
"MT8Bq4",2021,46,0.94
"MT8Bq4",2021,47,0
"MT8Bq4",2021,48,1
"MT8Bq4",2021,49,1
"MT8Bq4",2021,50,0.68
"MT8Bq4",2021,51,1
"MT8Bq4",2021,52,1
"MT8Bq4",2021,53,1
"MT8Bq4",2021,54,1
"MT8Bq4",2021,55,1
"MT8Bq4",2021,56,0.54
"MT8Bq4",2021,57,0.2
"MT8Bq4",2021,58,0.02
"MT8Bq4",2021,59,0.66
"MT8Bq4",2021,60,0.66
"MT8Bq4",2021,61,0.64
"MT8Bq4",2021,62,1
"MT8Bq4",2021,63,0.3
"MT8Bq4",2021,64,0.56
"MT8Bq4",2021,65,0.94
"MT8Bq4",2021,66,1
"MT8Bq4",2021,67,0.06
"MT8Bq4",2021,68,0.14
"MT8Bq4",2021,69,0.18
"MT8Bq4",2021,70,0.46
"MT8Bq4",2021,71,0.2
"MT8Bq4",2021,72,0.22
"MT8Bq4",2021,73,1
"MT8Bq4",2021,74,0.36
"MT8Bq4",2021,75,0.6
"MT8Bq4",2021,76,0.52
"MT8Bq4",2021,77,0.62
"MT8Bq4",2021,78,1
"MT8Bq4",2021,79,0.62
"MT8Bq4",2021,80,0.06
"MT8Bq4",2021,81,1
"MT8Bq4",2021,82,0.24
"MT8Bq4",2021,83,0.14
"MT8Bq4",2021,84,0.92
"MT8Bq4",2021,85,1
"MT8Bq4",2021,86,0.48
"MT8Bq4",2021,87,0.32
"MT8Bq4",2021,88,1
"MT8Bq4",2021,89,0.9
"MT8Bq4",2021,90,0.46
"MT8Bq4",2021,91,0.86
"MT8Bq4",2021,92,0
"MT8Bq4",2021,93,0.6
"MT8Bq4",2021,94,0.02
"MT8Bq4",2021,95,0
"MT8Bq4",2021,96,0.9
"MT8Bq4",2021,97,0.86
"MT8Bq4",2021,98,1
"MT8Bq4",2021,99,0.34
"MT8Bq4",2021,100,1
"MT8Bq4",2021,101,0.94
"MT8Bq4",2021,102,0.96
"MT8Bq4",2021,103,1
"MT8Bq4",2021,104,0.94
"MT8Bq4",2021,105,0.3
"MT8Bq4",2021,106,1
"MT8Bq4",2021,107,0.32
"MT8Bq4",2021,108,0.42
"MT8Bq4",2021,109,0.34
"MT8Bq4",2021,110,1
"MT8Bq4",2021,111,0.7
"MT8Bq4",2021,112,0
"MT8Bq4",2021,113,0.02
"MT8Bq4",2021,114,0.38
"MT8Bq4",2021,115,0.88
"MT8Bq4",2021,116,0.08
"MT8Bq4",2021,117,1
"MT8Bq4",2021,118,1
"MT8Bq4",2021,119,1
"MT8Bq4",2021,120,0.3
"MT8Bq4",2021,121,0.22
"MT8Bq4",2021,122,0
"MT8Bq4",2021,123,1
"MT8Bq4",2021,124,0.42
"MT8Bq4",2021,125,1
"MT8Bq4",2021,126,0.9
"MT8Bq4",2021,127,0.98
"MT8Bq4",2021,128,0.34
"MT8Bq4",2021,129,1
"MT8Bq4",2021,130,0.96
"MT8Bq4",2021,131,0.84
"MT8Bq4",2021,132,1
"MT8Bq4",2021,133,0.96
"MT8Bq4",2021,134,0
"MT8Bq4",2021,135,0
"MT8Bq4",2021,136,0.48
"MT8Bq4",2021,137,0.96
"MT8Bq4",2021,138,0
"MT8Bq4",2021,139,1
"MT8Bq4",2021,140,1
"MT8Bq4",2022,1,1
"MT8Bq4",2022,2,1
"MT8Bq4",2022,3,1
"MT8Bq4",2022,4,0
"MT8Bq4",2022,5,0.64
"MT8Bq4",2022,6,1
"MT8Bq4",2022,7,0.46
"MT8Bq4",2022,8,0.5
"MT8Bq4",2022,9,0.42
"MT8Bq4",2022,10,0.08
"MT8Bq4",2022,11,1
"MT8Bq4",2022,12,1
"MT8Bq4",2022,13,0
"MT8Bq4",2022,14,0.46
"MT8Bq4",2022,15,1
"MT8Bq4",2022,16,0.98
"MT8Bq4",2022,17,1
"MT8Bq4",2022,18,0.12
"MT8Bq4",2022,19,1
"MT8Bq4",2022,20,1
"MT8Bq4",2022,21,0.7
"MT8Bq4",2022,22,0
"MT8Bq4",2022,23,0.44
"MT8Bq4",2022,24,0.42
"MT8Bq4",2022,25,0.5
"MT8Bq4",2022,26,1
"MT8Bq4",2022,27,1
"MT8Bq4",2022,28,1
"MT8Bq4",2022,29,1
"MT8Bq4",2022,30,0.2
"MT8Bq4",2022,31,0.8
"MT8Bq4",2022,32,1
"MT8Bq4",2022,33,1
"MT8Bq4",2022,34,0.08
"MT8Bq4",2022,35,1
"MT8Bq4",2022,36,0.38
"MT8Bq4",2022,37,0.6
"MT8Bq4",2022,38,0.04
"MT8Bq4",2022,39,0.3
"MT8Bq4",2022,40,0.16
"MT8Bq4",2022,41,1
"MT8Bq4",2022,42,1
"MT8Bq4",2022,43,1
"MT8Bq4",2022,44,0.98
"MT8Bq4",2022,45,0
"MT8Bq4",2022,46,1
"MT8Bq4",2022,47,0.4
"MT8Bq4",2022,48,0.7
"MT8Bq4",2022,49,1
"MT8Bq4",2022,50,1
"MT8Bq4",2022,51,0.74
"MT8Bq4",2022,52,1
"MT8Bq4",2022,53,1
"MT8Bq4",2022,54,0.98
"MT8Bq4",2022,55,0.72
"MT8Bq4",2022,56,0.98
"MT8Bq4",2022,57,1
"MT8Bq4",2022,58,0.74
"MT8Bq4",2022,59,0.98
"MT8Bq4",2022,60,0.98
"MT8Bq4",2022,61,0.98
"MT8Bq4",2022,62,1
"MT8Bq4",2022,63,1
"MT8Bq4",2022,64,1
"MT8Bq4",2022,65,1
"MT8Bq4",2022,66,1
"MT8Bq4",2022,67,0.78
"MT8Bq4",2022,68,0.34
"MT8Bq4",2022,69,0.12
"MT8Bq4",2022,70,1
"MT8Bq4",2022,71,0.02
"MT8Bq4",2022,72,0.78
"MT8Bq4",2022,73,0.4
"MT8Bq4",2022,74,1
"MT8Bq4",2022,75,1
"MT8Bq4",2022,76,0.28
"MT8Bq4",2022,77,1
"MT8Bq4",2022,78,1
"MT8Bq4",2022,79,0.78
"MT8Bq4",2022,80,0.5
"MT8Bq4",2022,81,1
"MT8Bq4",2022,82,1
"MT8Bq4",2022,83,0.5
"MT8Bq4",2022,84,0.02
"MT8Bq4",2022,85,0.94
"MT8Bq4",2022,86,1
"MT8Bq4",2022,87,0.76
"MT8Bq4",2022,88,0.2
"MT8Bq4",2022,89,0.74
"MT8Bq4",2022,90,1
"MT8Bq4",2022,91,0.96
"MT8Bq4",2022,92,0.5
"MT8Bq4",2022,93,0.4
"MT8Bq4",2022,94,0.1
"MT8Bq4",2022,95,0.08
"MT8Bq4",2022,96,0.34
"MT8Bq4",2022,97,0.12
"MT8Bq4",2022,98,0.04
"MT8Bq4",2022,99,0.92
"MT8Bq4",2022,100,0.52
"MT8Bq4",2022,101,0.7
"MT8Bq4",2022,102,1
"MT8Bq4",2022,103,1
"MT8Bq4",2022,104,1
"MT8Bq4",2022,105,1
"MT8Bq4",2022,106,1
"MT8Bq4",2022,107,1
"MT8Bq4",2022,108,0.24
"MT8Bq4",2022,109,1
"MT8Bq4",2022,110,0.96
"MT8Bq4",2022,111,0.62
"MT8Bq4",2022,112,0.64
"MT8Bq4",2022,113,0.66
"MT8Bq4",2022,114,0.16
"MT8Bq4",2022,115,0.12
"MT8Bq4",2022,116,0
"MT8Bq4",2022,117,0.68
"MT8Bq4",2022,118,1
"MT8Bq4",2022,119,0.82
"MT8Bq4",2022,120,0.9
"MT8Bq4",2022,121,0.18
"MT8Bq4",2022,122,1
"MT8Bq4",2022,123,0.44
"MT8Bq4",2022,124,1
"MT8Bq4",2022,125,1
"MT8Bq4",2022,126,0.24
"MT8Bq4",2022,127,0.78
"MT8Bq4",2022,128,0.24
"MT8Bq4",2022,129,1
"MT8Bq4",2022,130,1
"MT8Bq4",2022,131,1
"MT8Bq4",2022,132,1
"MT8Bq4",2022,133,0.48
"MT8Bq4",2022,134,0.56
"MT8Bq4",2022,135,0.32
"MT8Bq4",2022,136,0.66
"MT8Bq4",2022,137,0.32
"MT8Bq4",2022,138,0
"MT8Bq4",2022,139,0.54
"MT8Bq4",2022,140,1
"MT8Bq4",2023,1,0.54
"MT8Bq4",2023,2,0.08
"MT8Bq4",2023,3,1
"MT8Bq4",2023,4,0.1
"MT8Bq4",2023,5,0.86
"MT8Bq4",2023,6,1
"MT8Bq4",2023,7,1
"MT8Bq4",2023,8,0.92
"MT8Bq4",2023,9,0.88
"MT8Bq4",2023,10,0.28
"MT8Bq4",2023,11,0
"MT8Bq4",2023,12,0.48
"MT8Bq4",2023,13,0.4
"MT8Bq4",2023,14,0.96
"MT8Bq4",2023,15,0.26
"MT8Bq4",2023,16,1
"MT8Bq4",2023,17,0.88
"MT8Bq4",2023,18,1
"MT8Bq4",2023,19,0.74
"MT8Bq4",2023,20,0.3
"MT8Bq4",2023,21,0.5
"MT8Bq4",2023,22,0
"MT8Bq4",2023,23,0
"MT8Bq4",2023,24,0.92
"MT8Bq4",2023,25,0
"MT8Bq4",2023,26,0.8
"MT8Bq4",2023,27,0.46
"MT8Bq4",2023,28,0.48
"MT8Bq4",2023,29,0
"MT8Bq4",2023,30,1
"MT8Bq4",2023,31,0.34
"MT8Bq4",2023,32,0.36
"MT8Bq4",2023,33,0.42
"MT8Bq4",2023,34,0.38
"MT8Bq4",2023,35,0.12
"MT8Bq4",2023,36,1
"MT8Bq4",2023,37,1
"MT8Bq4",2023,38,0.84
"MT8Bq4",2023,39,0.72
"MT8Bq4",2023,40,1
"MT8Bq4",2023,41,0.98
"MT8Bq4",2023,42,0.84
"MT8Bq4",2023,43,1
"MT8Bq4",2023,44,1
"MT8Bq4",2023,45,0.72
"MT8Bq4",2023,46,1
"MT8Bq4",2023,47,0.28
"MT8Bq4",2023,48,1
"MT8Bq4",2023,49,1
"MT8Bq4",2023,50,1
"MT8Bq4",2023,51,1
"MT8Bq4",2023,52,1
"MT8Bq4",2023,53,1
"MT8Bq4",2023,54,0.98
"MT8Bq4",2023,55,0.68
"MT8Bq4",2023,56,0.3
"MT8Bq4",2023,57,0.78
"MT8Bq4",2023,58,1
"MT8Bq4",2023,59,1
"MT8Bq4",2023,60,1
"MT8Bq4",2023,61,0.18
"MT8Bq4",2023,62,0.2
"MT8Bq4",2023,63,1
"MT8Bq4",2023,64,0.08
"MT8Bq4",2023,65,1
"MT8Bq4",2023,66,0.6
"MT8Bq4",2023,67,1
"MT8Bq4",2023,68,0.48
"MT8Bq4",2023,69,0.6
"MT8Bq4",2023,70,0.5
"MT8Bq4",2023,71,0.64
"MT8Bq4",2023,72,0.62
"MT8Bq4",2023,73,0.42
"MT8Bq4",2023,74,0
"MT8Bq4",2023,75,0
"MT8Bq4",2023,76,0.68
"MT8Bq4",2023,77,0.62
"MT8Bq4",2023,78,1
"MT8Bq4",2023,79,0.4
"MT8Bq4",2023,80,1
"MT8Bq4",2023,81,1
"MT8Bq4",2023,82,1
"MT8Bq4",2023,83,0.94
"MT8Bq4",2023,84,0.98
"MT8Bq4",2023,85,1
"MT8Bq4",2023,86,1
"MT8Bq4",2023,87,0.04
"MT8Bq4",2023,88,0.14
"MT8Bq4",2023,89,0.86
"MT8Bq4",2023,90,0.28
"MT8Bq4",2023,91,1
"MT8Bq4",2023,92,1
"MT8Bq4",2023,93,1
"MT8Bq4",2023,94,0.72
"MT8Bq4",2023,95,1
"MT8Bq4",2023,96,0.02
"MT8Bq4",2023,97,0.94
"MT8Bq4",2023,98,0.48
"MT8Bq4",2023,99,1
"MT8Bq4",2023,100,1
"MT8Bq4",2023,101,0.98
"MT8Bq4",2023,102,1
"MT8Bq4",2023,103,0.98
"MT8Bq4",2023,104,1
"MT8Bq4",2023,105,1
"MT8Bq4",2023,106,0.6
"MT8Bq4",2023,107,0.24
"MT8Bq4",2023,108,0.72
"MT8Bq4",2023,109,1
"MT8Bq4",2023,110,0.48
"MT8Bq4",2023,111,0.9
"MT8Bq4",2023,112,0.74
"MT8Bq4",2023,113,0.28
"MT8Bq4",2023,114,1
"MT8Bq4",2023,115,1
"MT8Bq4",2023,116,0.48
"MT8Bq4",2023,117,0.58
"MT8Bq4",2023,118,0.66
"MT8Bq4",2023,119,0.98
"MT8Bq4",2023,120,1
"MT8Bq4",2023,121,0.94
"MT8Bq4",2023,122,1
"MT8Bq4",2023,123,0.24
"MT8Bq4",2023,124,0.64
"MT8Bq4",2023,125,1
"MT8Bq4",2023,126,1
"MT8Bq4",2023,127,0.16
"MT8Bq4",2023,128,0.32
"MT8Bq4",2023,129,1
"MT8Bq4",2023,130,0
"MT8Bq4",2023,131,0.14
"MT8Bq4",2023,132,0.48
"MT8Bq4",2023,133,0.9
"MT8Bq4",2023,134,0.14
"MT8Bq4",2023,135,0.68
"MT8Bq4",2023,136,0.98
"MT8Bq4",2023,137,1
"MT8Bq4",2023,138,1
"MT8Bq4",2023,139,1
"MT8Bq4",2023,140,0.08
"MT8Bq4",2024,1,0.98
"MT8Bq4",2024,2,1
"MT8Bq4",2024,3,0.52
"MT8Bq4",2024,4,1
"MT8Bq4",2024,5,1
"MT8Bq4",2024,6,1
"MT8Bq4",2024,7,0.54
"MT8Bq4",2024,8,0.46
"MT8Bq4",2024,9,0.62
"MT8Bq4",2024,10,1
"MT8Bq4",2024,11,1
"MT8Bq4",2024,12,0.16
"MT8Bq4",2024,13,0.62
"MT8Bq4",2024,14,0.18
"MT8Bq4",2024,15,0.52
"MT8Bq4",2024,16,0.34
"MT8Bq4",2024,17,0.08
"MT8Bq4",2024,18,0.38
"MT8Bq4",2024,19,1
"MT8Bq4",2024,20,0.32
"MT8Bq4",2024,21,1
"MT8Bq4",2024,22,0.74
"MT8Bq4",2024,23,0.54
"MT8Bq4",2024,24,0.02
"MT8Bq4",2024,25,0.78
"MT8Bq4",2024,26,0.9
"MT8Bq4",2024,27,0.02
"MT8Bq4",2024,28,1
"MT8Bq4",2024,29,0.98
"MT8Bq4",2024,30,0.5
"MT8Bq4",2024,31,1
"MT8Bq4",2024,32,0.42
"MT8Bq4",2024,33,0.06
"MT8Bq4",2024,34,1
"MT8Bq4",2024,35,1
"MT8Bq4",2024,36,0.12
"MT8Bq4",2024,37,1
"MT8Bq4",2024,38,1
"MT8Bq4",2024,39,0.88
"MT8Bq4",2024,40,0.14
"MT8Bq4",2024,41,0.2
"MT8Bq4",2024,42,0
"MT8Bq4",2024,43,0.02
"MT8Bq4",2024,44,0
"MT8Bq4",2024,45,0.8
"MT8Bq4",2024,46,0
"MT8Bq4",2024,47,1
"MT8Bq4",2024,48,0.02
"MT8Bq4",2024,49,0.02
"MT8Bq4",2024,50,1
"MT8Bq4",2024,51,0.72
"MT8Bq4",2024,52,1
"MT8Bq4",2024,53,1
"MT8Bq4",2024,54,0.9
"MT8Bq4",2024,55,0.04
"MT8Bq4",2024,56,0.64
"MT8Bq4",2024,57,0
"MT8Bq4",2024,58,0.32
"MT8Bq4",2024,59,0
"MT8Bq4",2024,60,0.76
"MT8Bq4",2024,61,0
"MT8Bq4",2024,62,0.94
"MT8Bq4",2024,63,0.86
"MT8Bq4",2024,64,1
"MT8Bq4",2024,65,0
"MT8Bq4",2024,66,1
"MT8Bq4",2024,67,0.84
"MT8Bq4",2024,68,0.02
"MT8Bq4",2024,69,0.72
"MT8Bq4",2024,70,1
"MT8Bq4",2024,71,0.34
"MT8Bq4",2024,72,1
"MT8Bq4",2024,73,0.12
"MT8Bq4",2024,74,0.2
"MT8Bq4",2024,75,1
"MT8Bq4",2024,76,0.16
"MT8Bq4",2024,77,1
"MT8Bq4",2024,78,0.2
"MT8Bq4",2024,79,0.04
"MT8Bq4",2024,80,0
"MT8Bq4",2024,81,0.94
"MT8Bq4",2024,82,1
"MT8Bq4",2024,83,0
"MT8Bq4",2024,84,0.02
"MT8Bq4",2024,85,0.58
"MT8Bq4",2024,86,1
"MT8Bq4",2024,87,1
"MT8Bq4",2024,88,0.74
"MT8Bq4",2024,89,0.96
"MT8Bq4",2024,90,0.22
"MT8Bq4",2024,91,0.82
"MT8Bq4",2024,92,0.1
"MT8Bq4",2024,93,0.5
"MT8Bq4",2024,94,1
"MT8Bq4",2024,95,1
"MT8Bq4",2024,96,0.94
"MT8Bq4",2024,97,1
"MT8Bq4",2024,98,1
"MT8Bq4",2024,99,0.72
"MT8Bq4",2024,100,0.72
"MT8Bq4",2024,101,1
"MT8Bq4",2024,102,0.02
"MT8Bq4",2024,103,1
"MT8Bq4",2024,104,0.82
"MT8Bq4",2024,105,1
"MT8Bq4",2024,106,0.68
"MT8Bq4",2024,107,0.66
"MT8Bq4",2024,108,0.26
"MT8Bq4",2024,109,0.3
"MT8Bq4",2024,110,0.2
"MT8Bq4",2024,111,0.66
"MT8Bq4",2024,112,0.96
"MT8Bq4",2024,113,0.36
"MT8Bq4",2024,114,1
"MT8Bq4",2024,115,1
"MT8Bq4",2024,116,0.48
"MT8Bq4",2024,117,0.64
"MT8Bq4",2024,118,0
"MT8Bq4",2024,119,0.28
"MT8Bq4",2024,120,0.3
"MT8Bq4",2024,121,0.7
"MT8Bq4",2024,122,0.96
"MT8Bq4",2024,123,1
"MT8Bq4",2024,124,1
"MT8Bq4",2024,125,0.46
"MT8Bq4",2024,126,0.04
"MT8Bq4",2024,127,0.04
"MT8Bq4",2024,128,0.04
"MT8Bq4",2024,129,1
"MT8Bq4",2024,130,1
"MT8Bq4",2024,131,0.56
"MT8Bq4",2024,132,1
"MT8Bq4",2024,133,0.02
"MT8Bq4",2024,134,0
"MT8Bq4",2024,135,0.96
"MT8Bq4",2024,136,1
"MT8Bq4",2024,137,1
"MT8Bq4",2024,138,0.28
"MT8Bq4",2024,139,1
"MT8Bq4",2024,140,0.5
"MT8Bq6",2020,1,1
"MT8Bq6",2020,2,0.28
"MT8Bq6",2020,3,1
"MT8Bq6",2020,4,1
"MT8Bq6",2020,5,1
"MT8Bq6",2020,6,0.7
"MT8Bq6",2020,7,1
"MT8Bq6",2020,8,0.26
"MT8Bq6",2020,9,0.48
"MT8Bq6",2020,10,1
"MT8Bq6",2020,11,0
"MT8Bq6",2020,12,1
"MT8Bq6",2020,13,0.26
"MT8Bq6",2020,14,0.28
"MT8Bq6",2020,15,1
"MT8Bq6",2020,16,0.68
"MT8Bq6",2020,17,1
"MT8Bq6",2020,18,1
"MT8Bq6",2020,19,1
"MT8Bq6",2020,20,1
"MT8Bq6",2020,21,0.62
"MT8Bq6",2020,22,1
"MT8Bq6",2020,23,1
"MT8Bq6",2020,24,0.5
"MT8Bq6",2020,25,0.98
"MT8Bq6",2020,26,0.6
"MT8Bq6",2020,27,0.5
"MT8Bq6",2020,28,1
"MT8Bq6",2020,29,0.08
"MT8Bq6",2020,30,0.24
"MT8Bq6",2020,31,0
"MT8Bq6",2020,32,0.28
"MT8Bq6",2020,33,0.7
"MT8Bq6",2020,34,0.02
"MT8Bq6",2020,35,0.28
"MT8Bq6",2020,36,0.96
"MT8Bq6",2020,37,0.96
"MT8Bq6",2020,38,1
"MT8Bq6",2020,39,0
"MT8Bq6",2020,40,0.24
"MT8Bq6",2020,41,1
"MT8Bq6",2020,42,0.28
"MT8Bq6",2020,43,0.74
"MT8Bq6",2020,44,1
"MT8Bq6",2020,45,0.6
"MT8Bq6",2020,46,1
"MT8Bq6",2020,47,0
"MT8Bq6",2020,48,1
"MT8Bq6",2020,49,0
"MT8Bq6",2020,50,0
"MT8Bq6",2020,51,1
"MT8Bq6",2020,52,0.64
"MT8Bq6",2020,53,0.46
"MT8Bq6",2020,54,1
"MT8Bq6",2020,55,0.32
"MT8Bq6",2020,56,0.28
"MT8Bq6",2020,57,1
"MT8Bq6",2020,58,0.88
"MT8Bq6",2020,59,1
"MT8Bq6",2020,60,1
"MT8Bq6",2020,61,0.98
"MT8Bq6",2020,62,0.2
"MT8Bq6",2020,63,1
"MT8Bq6",2020,64,0.36
"MT8Bq6",2020,65,0.68
"MT8Bq6",2020,66,1
"MT8Bq6",2020,67,0.96
"MT8Bq6",2020,68,0.82
"MT8Bq6",2020,69,0.02
"MT8Bq6",2020,70,0.18
"MT8Bq6",2020,71,1
"MT8Bq6",2020,72,0.16
"MT8Bq6",2020,73,0.6
"MT8Bq6",2020,74,1
"MT8Bq6",2020,75,0.34
"MT8Bq6",2020,76,0.78
"MT8Bq6",2020,77,0.46
"MT8Bq6",2020,78,1
"MT8Bq6",2020,79,0.52
"MT8Bq6",2020,80,0
"MT8Bq6",2020,81,0.28
"MT8Bq6",2020,82,0.86
"MT8Bq6",2020,83,0
"MT8Bq6",2020,84,0.7
"MT8Bq6",2020,85,0.02
"MT8Bq6",2020,86,1
"MT8Bq6",2020,87,0.06
"MT8Bq6",2020,88,0.88
"MT8Bq6",2020,89,0.96
"MT8Bq6",2020,90,1
"MT8Bq6",2020,91,1
"MT8Bq6",2020,92,0
"MT8Bq6",2020,93,0
"MT8Bq6",2020,94,1
"MT8Bq6",2020,95,1
"MT8Bq6",2020,96,1
"MT8Bq6",2020,97,0.98
"MT8Bq6",2020,98,1
"MT8Bq6",2020,99,1
"MT8Bq6",2020,100,1
"MT8Bq6",2020,101,1
"MT8Bq6",2020,102,1
"MT8Bq6",2020,103,0.6
"MT8Bq6",2020,104,0.04
"MT8Bq6",2020,105,0.14
"MT8Bq6",2020,106,1
"MT8Bq6",2020,107,1
"MT8Bq6",2020,108,1
"MT8Bq6",2020,109,1
"MT8Bq6",2020,110,1
"MT8Bq6",2020,111,0
"MT8Bq6",2020,112,0.78
"MT8Bq6",2020,113,0.9
"MT8Bq6",2020,114,0.92
"MT8Bq6",2020,115,0.66
"MT8Bq6",2020,116,0.08
"MT8Bq6",2020,117,1
"MT8Bq6",2020,118,0.82
"MT8Bq6",2020,119,0.9
"MT8Bq6",2020,120,0.32
"MT8Bq6",2020,121,0.12
"MT8Bq6",2020,122,0.9
"MT8Bq6",2020,123,0.88
"MT8Bq6",2020,124,0
"MT8Bq6",2020,125,0.2
"MT8Bq6",2020,126,0.9
"MT8Bq6",2020,127,1
"MT8Bq6",2020,128,0.02
"MT8Bq6",2020,129,1
"MT8Bq6",2020,130,0.54
"MT8Bq6",2020,131,0.74
"MT8Bq6",2020,132,0.78
"MT8Bq6",2020,133,0.6
"MT8Bq6",2020,134,0
"MT8Bq6",2020,135,0.14
"MT8Bq6",2020,136,1
"MT8Bq6",2020,137,0.48
"MT8Bq6",2020,138,0
"MT8Bq6",2020,139,1
"MT8Bq6",2020,140,0.98
"MT8Bq6",2021,1,1
"MT8Bq6",2021,2,0.92
"MT8Bq6",2021,3,0.14
"MT8Bq6",2021,4,1
"MT8Bq6",2021,5,0.86
"MT8Bq6",2021,6,0.9
"MT8Bq6",2021,7,1
"MT8Bq6",2021,8,0
"MT8Bq6",2021,9,1
"MT8Bq6",2021,10,0.12
"MT8Bq6",2021,11,1
"MT8Bq6",2021,12,0.18
"MT8Bq6",2021,13,0.82
"MT8Bq6",2021,14,0.4
"MT8Bq6",2021,15,0.6
"MT8Bq6",2021,16,1
"MT8Bq6",2021,17,0
"MT8Bq6",2021,18,1
"MT8Bq6",2021,19,0.08
"MT8Bq6",2021,20,0
"MT8Bq6",2021,21,0.9
"MT8Bq6",2021,22,0.32
"MT8Bq6",2021,23,1
"MT8Bq6",2021,24,0.32
"MT8Bq6",2021,25,0.86
"MT8Bq6",2021,26,1
"MT8Bq6",2021,27,1
"MT8Bq6",2021,28,1
"MT8Bq6",2021,29,1
"MT8Bq6",2021,30,1
"MT8Bq6",2021,31,1
"MT8Bq6",2021,32,0.38
"MT8Bq6",2021,33,0.54
"MT8Bq6",2021,34,0.38
"MT8Bq6",2021,35,1
"MT8Bq6",2021,36,1
"MT8Bq6",2021,37,0.02
"MT8Bq6",2021,38,0.7
"MT8Bq6",2021,39,1
"MT8Bq6",2021,40,1
"MT8Bq6",2021,41,1
"MT8Bq6",2021,42,0.72
"MT8Bq6",2021,43,0.14
"MT8Bq6",2021,44,1
"MT8Bq6",2021,45,0.86
"MT8Bq6",2021,46,0.88
"MT8Bq6",2021,47,0
"MT8Bq6",2021,48,1
"MT8Bq6",2021,49,1
"MT8Bq6",2021,50,0.62
"MT8Bq6",2021,51,1
"MT8Bq6",2021,52,1
"MT8Bq6",2021,53,1
"MT8Bq6",2021,54,1
"MT8Bq6",2021,55,0.84
"MT8Bq6",2021,56,0.68
"MT8Bq6",2021,57,0.1
"MT8Bq6",2021,58,0.02
"MT8Bq6",2021,59,0.68
"MT8Bq6",2021,60,1
"MT8Bq6",2021,61,0.26
"MT8Bq6",2021,62,1
"MT8Bq6",2021,63,0.5
"MT8Bq6",2021,64,0.8
"MT8Bq6",2021,65,0.9
"MT8Bq6",2021,66,1
"MT8Bq6",2021,67,0.08
"MT8Bq6",2021,68,0.2
"MT8Bq6",2021,69,0
"MT8Bq6",2021,70,0.6
"MT8Bq6",2021,71,0.16
"MT8Bq6",2021,72,0.26
"MT8Bq6",2021,73,1
"MT8Bq6",2021,74,0.22
"MT8Bq6",2021,75,0.96
"MT8Bq6",2021,76,0.66
"MT8Bq6",2021,77,0.6
"MT8Bq6",2021,78,1
"MT8Bq6",2021,79,0.84
"MT8Bq6",2021,80,0.08
"MT8Bq6",2021,81,1
"MT8Bq6",2021,82,0.34
"MT8Bq6",2021,83,0.12
"MT8Bq6",2021,84,0.82
"MT8Bq6",2021,85,1
"MT8Bq6",2021,86,0.22
"MT8Bq6",2021,87,0.42
"MT8Bq6",2021,88,1
"MT8Bq6",2021,89,0.92
"MT8Bq6",2021,90,0.28
"MT8Bq6",2021,91,0.94
"MT8Bq6",2021,92,0
"MT8Bq6",2021,93,0.52
"MT8Bq6",2021,94,0
"MT8Bq6",2021,95,0
"MT8Bq6",2021,96,0.76
"MT8Bq6",2021,97,0.8
"MT8Bq6",2021,98,1
"MT8Bq6",2021,99,0.4
"MT8Bq6",2021,100,1
"MT8Bq6",2021,101,0.9
"MT8Bq6",2021,102,1
"MT8Bq6",2021,103,1
"MT8Bq6",2021,104,1
"MT8Bq6",2021,105,0.14
"MT8Bq6",2021,106,1
"MT8Bq6",2021,107,0.26
"MT8Bq6",2021,108,0.6
"MT8Bq6",2021,109,0.16
"MT8Bq6",2021,110,1
"MT8Bq6",2021,111,0.8
"MT8Bq6",2021,112,0
"MT8Bq6",2021,113,0
"MT8Bq6",2021,114,0.42
"MT8Bq6",2021,115,0.94
"MT8Bq6",2021,116,0.16
"MT8Bq6",2021,117,1
"MT8Bq6",2021,118,1
"MT8Bq6",2021,119,1
"MT8Bq6",2021,120,0.12
"MT8Bq6",2021,121,0.18
"MT8Bq6",2021,122,0.24
"MT8Bq6",2021,123,1
"MT8Bq6",2021,124,0.3
"MT8Bq6",2021,125,1
"MT8Bq6",2021,126,0.94
"MT8Bq6",2021,127,1
"MT8Bq6",2021,128,0.22
"MT8Bq6",2021,129,1
"MT8Bq6",2021,130,1
"MT8Bq6",2021,131,0.88
"MT8Bq6",2021,132,1
"MT8Bq6",2021,133,1
"MT8Bq6",2021,134,0
"MT8Bq6",2021,135,0
"MT8Bq6",2021,136,0.56
"MT8Bq6",2021,137,0.94
"MT8Bq6",2021,138,0
"MT8Bq6",2021,139,1
"MT8Bq6",2021,140,1
"MT8Bq6",2022,1,1
"MT8Bq6",2022,2,1
"MT8Bq6",2022,3,1
"MT8Bq6",2022,4,0.24
"MT8Bq6",2022,5,0.62
"MT8Bq6",2022,6,1
"MT8Bq6",2022,7,0.62
"MT8Bq6",2022,8,0.46
"MT8Bq6",2022,9,0.58
"MT8Bq6",2022,10,0.1
"MT8Bq6",2022,11,1
"MT8Bq6",2022,12,1
"MT8Bq6",2022,13,0
"MT8Bq6",2022,14,0.8
"MT8Bq6",2022,15,1
"MT8Bq6",2022,16,1
"MT8Bq6",2022,17,1
"MT8Bq6",2022,18,0.8
"MT8Bq6",2022,19,1
"MT8Bq6",2022,20,1
"MT8Bq6",2022,21,0.54
"MT8Bq6",2022,22,0
"MT8Bq6",2022,23,0.24
"MT8Bq6",2022,24,0.64
"MT8Bq6",2022,25,0.42
"MT8Bq6",2022,26,1
"MT8Bq6",2022,27,1
"MT8Bq6",2022,28,1
"MT8Bq6",2022,29,1
"MT8Bq6",2022,30,0
"MT8Bq6",2022,31,0.86
"MT8Bq6",2022,32,1
"MT8Bq6",2022,33,1
"MT8Bq6",2022,34,0.1
"MT8Bq6",2022,35,1
"MT8Bq6",2022,36,0.32
"MT8Bq6",2022,37,0.86
"MT8Bq6",2022,38,0.06
"MT8Bq6",2022,39,0.2
"MT8Bq6",2022,40,0.2
"MT8Bq6",2022,41,1
"MT8Bq6",2022,42,1
"MT8Bq6",2022,43,1
"MT8Bq6",2022,44,1
"MT8Bq6",2022,45,0
"MT8Bq6",2022,46,1
"MT8Bq6",2022,47,0.4
"MT8Bq6",2022,48,0.5
"MT8Bq6",2022,49,1
"MT8Bq6",2022,50,1
"MT8Bq6",2022,51,0.94
"MT8Bq6",2022,52,1
"MT8Bq6",2022,53,1
"MT8Bq6",2022,54,1
"MT8Bq6",2022,55,0.46
"MT8Bq6",2022,56,0.84
"MT8Bq6",2022,57,1
"MT8Bq6",2022,58,0.54
"MT8Bq6",2022,59,0.98
"MT8Bq6",2022,60,0.98
"MT8Bq6",2022,61,0.94
"MT8Bq6",2022,62,0.92
"MT8Bq6",2022,63,1
"MT8Bq6",2022,64,1
"MT8Bq6",2022,65,1
"MT8Bq6",2022,66,1
"MT8Bq6",2022,67,0.92
"MT8Bq6",2022,68,0.46
"MT8Bq6",2022,69,0.12
"MT8Bq6",2022,70,1
"MT8Bq6",2022,71,0.02
"MT8Bq6",2022,72,0.78
"MT8Bq6",2022,73,0.62
"MT8Bq6",2022,74,1
"MT8Bq6",2022,75,1
"MT8Bq6",2022,76,0.38
"MT8Bq6",2022,77,1
"MT8Bq6",2022,78,1
"MT8Bq6",2022,79,0.78
"MT8Bq6",2022,80,0.58
"MT8Bq6",2022,81,1
"MT8Bq6",2022,82,1
"MT8Bq6",2022,83,0.52
"MT8Bq6",2022,84,0
"MT8Bq6",2022,85,0.64
"MT8Bq6",2022,86,1
"MT8Bq6",2022,87,0.32
"MT8Bq6",2022,88,0.2
"MT8Bq6",2022,89,1
"MT8Bq6",2022,90,1
"MT8Bq6",2022,91,0.94
"MT8Bq6",2022,92,0.56
"MT8Bq6",2022,93,0.56
"MT8Bq6",2022,94,0.08
"MT8Bq6",2022,95,0.2
"MT8Bq6",2022,96,0.42
"MT8Bq6",2022,97,0.18
"MT8Bq6",2022,98,0.12
"MT8Bq6",2022,99,0.84
"MT8Bq6",2022,100,0.52
"MT8Bq6",2022,101,0.52
"MT8Bq6",2022,102,1
"MT8Bq6",2022,103,0.96
"MT8Bq6",2022,104,1
"MT8Bq6",2022,105,1
"MT8Bq6",2022,106,1
"MT8Bq6",2022,107,1
"MT8Bq6",2022,108,0.42
"MT8Bq6",2022,109,1
"MT8Bq6",2022,110,0.94
"MT8Bq6",2022,111,0.76
"MT8Bq6",2022,112,0.88
"MT8Bq6",2022,113,0.66
"MT8Bq6",2022,114,0.46
"MT8Bq6",2022,115,0.26
"MT8Bq6",2022,116,0
"MT8Bq6",2022,117,0.98
"MT8Bq6",2022,118,0.98
"MT8Bq6",2022,119,0.98
"MT8Bq6",2022,120,1
"MT8Bq6",2022,121,0.32
"MT8Bq6",2022,122,1
"MT8Bq6",2022,123,0.4
"MT8Bq6",2022,124,1
"MT8Bq6",2022,125,1
"MT8Bq6",2022,126,0.38
"MT8Bq6",2022,127,0.74
"MT8Bq6",2022,128,0.38
"MT8Bq6",2022,129,1
"MT8Bq6",2022,130,0.94
"MT8Bq6",2022,131,1
"MT8Bq6",2022,132,1
"MT8Bq6",2022,133,0.46
"MT8Bq6",2022,134,0.7
"MT8Bq6",2022,135,0.32
"MT8Bq6",2022,136,0.98
"MT8Bq6",2022,137,0.3
"MT8Bq6",2022,138,0
"MT8Bq6",2022,139,0.42
"MT8Bq6",2022,140,1
"MT8Bq6",2023,1,0.52
"MT8Bq6",2023,2,0.2
"MT8Bq6",2023,3,1
"MT8Bq6",2023,4,0.18
"MT8Bq6",2023,5,0.92
"MT8Bq6",2023,6,1
"MT8Bq6",2023,7,1
"MT8Bq6",2023,8,1
"MT8Bq6",2023,9,0.66
"MT8Bq6",2023,10,0.28
"MT8Bq6",2023,11,0.52
"MT8Bq6",2023,12,0.22
"MT8Bq6",2023,13,0.54
"MT8Bq6",2023,14,0.74
"MT8Bq6",2023,15,0.8
"MT8Bq6",2023,16,1
"MT8Bq6",2023,17,0.82
"MT8Bq6",2023,18,1
"MT8Bq6",2023,19,0.72
"MT8Bq6",2023,20,0.68
"MT8Bq6",2023,21,0.6
"MT8Bq6",2023,22,0.02
"MT8Bq6",2023,23,0
"MT8Bq6",2023,24,0.9
"MT8Bq6",2023,25,0
"MT8Bq6",2023,26,0.8
"MT8Bq6",2023,27,0.5
"MT8Bq6",2023,28,0.86
"MT8Bq6",2023,29,0
"MT8Bq6",2023,30,1
"MT8Bq6",2023,31,0.62
"MT8Bq6",2023,32,0.58
"MT8Bq6",2023,33,0.22
"MT8Bq6",2023,34,0.52
"MT8Bq6",2023,35,0.26
"MT8Bq6",2023,36,1
"MT8Bq6",2023,37,0.96
"MT8Bq6",2023,38,0.7
"MT8Bq6",2023,39,0.92
"MT8Bq6",2023,40,1
"MT8Bq6",2023,41,1
"MT8Bq6",2023,42,0.8
"MT8Bq6",2023,43,1
"MT8Bq6",2023,44,1
"MT8Bq6",2023,45,0.62
"MT8Bq6",2023,46,1
"MT8Bq6",2023,47,0.32
"MT8Bq6",2023,48,1
"MT8Bq6",2023,49,1
"MT8Bq6",2023,50,1
"MT8Bq6",2023,51,1
"MT8Bq6",2023,52,1
"MT8Bq6",2023,53,1
"MT8Bq6",2023,54,0.94
"MT8Bq6",2023,55,0.9
"MT8Bq6",2023,56,0.14
"MT8Bq6",2023,57,0.74
"MT8Bq6",2023,58,1
"MT8Bq6",2023,59,1
"MT8Bq6",2023,60,1
"MT8Bq6",2023,61,0.32
"MT8Bq6",2023,62,0.48
"MT8Bq6",2023,63,1
"MT8Bq6",2023,64,0.06
"MT8Bq6",2023,65,1
"MT8Bq6",2023,66,0.26
"MT8Bq6",2023,67,1
"MT8Bq6",2023,68,0.76
"MT8Bq6",2023,69,0.82
"MT8Bq6",2023,70,0.64
"MT8Bq6",2023,71,0.6
"MT8Bq6",2023,72,0.82
"MT8Bq6",2023,73,0.44
"MT8Bq6",2023,74,0
"MT8Bq6",2023,75,0.12
"MT8Bq6",2023,76,0.72
"MT8Bq6",2023,77,0.54
"MT8Bq6",2023,78,1
"MT8Bq6",2023,79,0.2
"MT8Bq6",2023,80,1
"MT8Bq6",2023,81,1
"MT8Bq6",2023,82,1
"MT8Bq6",2023,83,0.94
"MT8Bq6",2023,84,0.94
"MT8Bq6",2023,85,1
"MT8Bq6",2023,86,1
"MT8Bq6",2023,87,0.04
"MT8Bq6",2023,88,0.34
"MT8Bq6",2023,89,0.9
"MT8Bq6",2023,90,0.52
"MT8Bq6",2023,91,1
"MT8Bq6",2023,92,1
"MT8Bq6",2023,93,1
"MT8Bq6",2023,94,0.66
"MT8Bq6",2023,95,1
"MT8Bq6",2023,96,0.14
"MT8Bq6",2023,97,0.96
"MT8Bq6",2023,98,0.8
"MT8Bq6",2023,99,1
"MT8Bq6",2023,100,1
"MT8Bq6",2023,101,1
"MT8Bq6",2023,102,1
"MT8Bq6",2023,103,1
"MT8Bq6",2023,104,1
"MT8Bq6",2023,105,1
"MT8Bq6",2023,106,0.78
"MT8Bq6",2023,107,0.42
"MT8Bq6",2023,108,0.74
"MT8Bq6",2023,109,1
"MT8Bq6",2023,110,0.46
"MT8Bq6",2023,111,0.8
"MT8Bq6",2023,112,0.72
"MT8Bq6",2023,113,0.26
"MT8Bq6",2023,114,1
"MT8Bq6",2023,115,1
"MT8Bq6",2023,116,0.86
"MT8Bq6",2023,117,0.66
"MT8Bq6",2023,118,0.58
"MT8Bq6",2023,119,0.98
"MT8Bq6",2023,120,1
"MT8Bq6",2023,121,1
"MT8Bq6",2023,122,1
"MT8Bq6",2023,123,0.12
"MT8Bq6",2023,124,0.56
"MT8Bq6",2023,125,1
"MT8Bq6",2023,126,0.98
"MT8Bq6",2023,127,0.38
"MT8Bq6",2023,128,0.12
"MT8Bq6",2023,129,1
"MT8Bq6",2023,130,0
"MT8Bq6",2023,131,0.52
"MT8Bq6",2023,132,0.4
"MT8Bq6",2023,133,0.86
"MT8Bq6",2023,134,0.14
"MT8Bq6",2023,135,0.72
"MT8Bq6",2023,136,0.94
"MT8Bq6",2023,137,1
"MT8Bq6",2023,138,1
"MT8Bq6",2023,139,1
"MT8Bq6",2023,140,0.06
"MT8Bq6",2024,1,0.96
"MT8Bq6",2024,2,1
"MT8Bq6",2024,3,0.56
"MT8Bq6",2024,4,1
"MT8Bq6",2024,5,1
"MT8Bq6",2024,6,1
"MT8Bq6",2024,7,0.56
"MT8Bq6",2024,8,0.72
"MT8Bq6",2024,9,0.42
"MT8Bq6",2024,10,1
"MT8Bq6",2024,11,0.94
"MT8Bq6",2024,12,0.24
"MT8Bq6",2024,13,0.6
"MT8Bq6",2024,14,0.08
"MT8Bq6",2024,15,0.6
"MT8Bq6",2024,16,0.22
"MT8Bq6",2024,17,0.1
"MT8Bq6",2024,18,0.78
"MT8Bq6",2024,19,1
"MT8Bq6",2024,20,0.32
"MT8Bq6",2024,21,1
"MT8Bq6",2024,22,0.94
"MT8Bq6",2024,23,0.82
"MT8Bq6",2024,24,0
"MT8Bq6",2024,25,0.82
"MT8Bq6",2024,26,0.66
"MT8Bq6",2024,27,0
"MT8Bq6",2024,28,1
"MT8Bq6",2024,29,1
"MT8Bq6",2024,30,0.28
"MT8Bq6",2024,31,1
"MT8Bq6",2024,32,0.56
"MT8Bq6",2024,33,0.04
"MT8Bq6",2024,34,1
"MT8Bq6",2024,35,1
"MT8Bq6",2024,36,0.08
"MT8Bq6",2024,37,1
"MT8Bq6",2024,38,1
"MT8Bq6",2024,39,0.96
"MT8Bq6",2024,40,0
"MT8Bq6",2024,41,0.76
"MT8Bq6",2024,42,0
"MT8Bq6",2024,43,0.04
"MT8Bq6",2024,44,0
"MT8Bq6",2024,45,0.56
"MT8Bq6",2024,46,0
"MT8Bq6",2024,47,0.96
"MT8Bq6",2024,48,0.08
"MT8Bq6",2024,49,0
"MT8Bq6",2024,50,1
"MT8Bq6",2024,51,0.72
"MT8Bq6",2024,52,1
"MT8Bq6",2024,53,1
"MT8Bq6",2024,54,0.94
"MT8Bq6",2024,55,0.24
"MT8Bq6",2024,56,0.64
"MT8Bq6",2024,57,0.02
"MT8Bq6",2024,58,0.42
"MT8Bq6",2024,59,0
"MT8Bq6",2024,60,0.86
"MT8Bq6",2024,61,0
"MT8Bq6",2024,62,0.98
"MT8Bq6",2024,63,0.9
"MT8Bq6",2024,64,1
"MT8Bq6",2024,65,0
"MT8Bq6",2024,66,1
"MT8Bq6",2024,67,0.88
"MT8Bq6",2024,68,0.02
"MT8Bq6",2024,69,0.58
"MT8Bq6",2024,70,0.98
"MT8Bq6",2024,71,0.44
"MT8Bq6",2024,72,1
"MT8Bq6",2024,73,0.12
"MT8Bq6",2024,74,0.38
"MT8Bq6",2024,75,1
"MT8Bq6",2024,76,0.12
"MT8Bq6",2024,77,1
"MT8Bq6",2024,78,0.22
"MT8Bq6",2024,79,0.24
"MT8Bq6",2024,80,0
"MT8Bq6",2024,81,0.92
"MT8Bq6",2024,82,1
"MT8Bq6",2024,83,0
"MT8Bq6",2024,84,0.04
"MT8Bq6",2024,85,0.7
"MT8Bq6",2024,86,1
"MT8Bq6",2024,87,1
"MT8Bq6",2024,88,0.84
"MT8Bq6",2024,89,1
"MT8Bq6",2024,90,0.02
"MT8Bq6",2024,91,0.86
"MT8Bq6",2024,92,0.26
"MT8Bq6",2024,93,0.46
"MT8Bq6",2024,94,1
"MT8Bq6",2024,95,1
"MT8Bq6",2024,96,0.36
"MT8Bq6",2024,97,1
"MT8Bq6",2024,98,0.98
"MT8Bq6",2024,99,0.76
"MT8Bq6",2024,100,0.8
"MT8Bq6",2024,101,1
"MT8Bq6",2024,102,0
"MT8Bq6",2024,103,0.66
"MT8Bq6",2024,104,0.78
"MT8Bq6",2024,105,1
"MT8Bq6",2024,106,0.56
"MT8Bq6",2024,107,0.86
"MT8Bq6",2024,108,0.62
"MT8Bq6",2024,109,0.28
"MT8Bq6",2024,110,0.4
"MT8Bq6",2024,111,0.82
"MT8Bq6",2024,112,1
"MT8Bq6",2024,113,0.54
"MT8Bq6",2024,114,1
"MT8Bq6",2024,115,0.94
"MT8Bq6",2024,116,0.56
"MT8Bq6",2024,117,0.88
"MT8Bq6",2024,118,0
"MT8Bq6",2024,119,0.34
"MT8Bq6",2024,120,0.26
"MT8Bq6",2024,121,0.8
"MT8Bq6",2024,122,1
"MT8Bq6",2024,123,1
"MT8Bq6",2024,124,1
"MT8Bq6",2024,125,0.22
"MT8Bq6",2024,126,0.14
"MT8Bq6",2024,127,0.04
"MT8Bq6",2024,128,0
"MT8Bq6",2024,129,1
"MT8Bq6",2024,130,1
"MT8Bq6",2024,131,0.62
"MT8Bq6",2024,132,1
"MT8Bq6",2024,133,0.02
"MT8Bq6",2024,134,0
"MT8Bq6",2024,135,0.8
"MT8Bq6",2024,136,1
"MT8Bq6",2024,137,1
"MT8Bq6",2024,138,0.16
"MT8Bq6",2024,139,1
"MT8Bq6",2024,140,0.62
"MT8Bq8",2020,1,1
"MT8Bq8",2020,2,0.32
"MT8Bq8",2020,3,1
"MT8Bq8",2020,4,1
"MT8Bq8",2020,5,1
"MT8Bq8",2020,6,0.8
"MT8Bq8",2020,7,1
"MT8Bq8",2020,8,0.32
"MT8Bq8",2020,9,0.28
"MT8Bq8",2020,10,1
"MT8Bq8",2020,11,0
"MT8Bq8",2020,12,1
"MT8Bq8",2020,13,0.36
"MT8Bq8",2020,14,0.22
"MT8Bq8",2020,15,1
"MT8Bq8",2020,16,0.76
"MT8Bq8",2020,17,1
"MT8Bq8",2020,18,1
"MT8Bq8",2020,19,1
"MT8Bq8",2020,20,1
"MT8Bq8",2020,21,0.9
"MT8Bq8",2020,22,0.98
"MT8Bq8",2020,23,1
"MT8Bq8",2020,24,0.46
"MT8Bq8",2020,25,1
"MT8Bq8",2020,26,0.5
"MT8Bq8",2020,27,0.44
"MT8Bq8",2020,28,1
"MT8Bq8",2020,29,0.04
"MT8Bq8",2020,30,0.1
"MT8Bq8",2020,31,0.06
"MT8Bq8",2020,32,0.08
"MT8Bq8",2020,33,0.88
"MT8Bq8",2020,34,0.02
"MT8Bq8",2020,35,0.18
"MT8Bq8",2020,36,0.94
"MT8Bq8",2020,37,1
"MT8Bq8",2020,38,1
"MT8Bq8",2020,39,0
"MT8Bq8",2020,40,0.32
"MT8Bq8",2020,41,1
"MT8Bq8",2020,42,0.26
"MT8Bq8",2020,43,0.58
"MT8Bq8",2020,44,1
"MT8Bq8",2020,45,0.34
"MT8Bq8",2020,46,1
"MT8Bq8",2020,47,0
"MT8Bq8",2020,48,1
"MT8Bq8",2020,49,0
"MT8Bq8",2020,50,0.02
"MT8Bq8",2020,51,1
"MT8Bq8",2020,52,0.54
"MT8Bq8",2020,53,0.76
"MT8Bq8",2020,54,1
"MT8Bq8",2020,55,0.38
"MT8Bq8",2020,56,0.38
"MT8Bq8",2020,57,1
"MT8Bq8",2020,58,0.94
"MT8Bq8",2020,59,0.98
"MT8Bq8",2020,60,1
"MT8Bq8",2020,61,0.86
"MT8Bq8",2020,62,0.16
"MT8Bq8",2020,63,1
"MT8Bq8",2020,64,0.44
"MT8Bq8",2020,65,0.86
"MT8Bq8",2020,66,1
"MT8Bq8",2020,67,0.8
"MT8Bq8",2020,68,0.84
"MT8Bq8",2020,69,0.04
"MT8Bq8",2020,70,0.3
"MT8Bq8",2020,71,1
"MT8Bq8",2020,72,0.2
"MT8Bq8",2020,73,0.78
"MT8Bq8",2020,74,1
"MT8Bq8",2020,75,0.22
"MT8Bq8",2020,76,0.68
"MT8Bq8",2020,77,0.44
"MT8Bq8",2020,78,1
"MT8Bq8",2020,79,0.48
"MT8Bq8",2020,80,0
"MT8Bq8",2020,81,0.14
"MT8Bq8",2020,82,0.82
"MT8Bq8",2020,83,0.02
"MT8Bq8",2020,84,0.58
"MT8Bq8",2020,85,0.02
"MT8Bq8",2020,86,1
"MT8Bq8",2020,87,0.06
"MT8Bq8",2020,88,0.86
"MT8Bq8",2020,89,0.98
"MT8Bq8",2020,90,1
"MT8Bq8",2020,91,1
"MT8Bq8",2020,92,0
"MT8Bq8",2020,93,0
"MT8Bq8",2020,94,1
"MT8Bq8",2020,95,1
"MT8Bq8",2020,96,1
"MT8Bq8",2020,97,1
"MT8Bq8",2020,98,1
"MT8Bq8",2020,99,1
"MT8Bq8",2020,100,1
"MT8Bq8",2020,101,1
"MT8Bq8",2020,102,1
"MT8Bq8",2020,103,0.5
"MT8Bq8",2020,104,0.02
"MT8Bq8",2020,105,0.18
"MT8Bq8",2020,106,1
"MT8Bq8",2020,107,1
"MT8Bq8",2020,108,1
"MT8Bq8",2020,109,1
"MT8Bq8",2020,110,1
"MT8Bq8",2020,111,0
"MT8Bq8",2020,112,0.78
"MT8Bq8",2020,113,0.92
"MT8Bq8",2020,114,1
"MT8Bq8",2020,115,0.5
"MT8Bq8",2020,116,0.02
"MT8Bq8",2020,117,1
"MT8Bq8",2020,118,0.58
"MT8Bq8",2020,119,0.74
"MT8Bq8",2020,120,0.36
"MT8Bq8",2020,121,0.18
"MT8Bq8",2020,122,1
"MT8Bq8",2020,123,0.94
"MT8Bq8",2020,124,0.02
"MT8Bq8",2020,125,0.18
"MT8Bq8",2020,126,0.86
"MT8Bq8",2020,127,1
"MT8Bq8",2020,128,0.04
"MT8Bq8",2020,129,1
"MT8Bq8",2020,130,0.58
"MT8Bq8",2020,131,0.8
"MT8Bq8",2020,132,0.74
"MT8Bq8",2020,133,0.54
"MT8Bq8",2020,134,0
"MT8Bq8",2020,135,0.34
"MT8Bq8",2020,136,1
"MT8Bq8",2020,137,0.66
"MT8Bq8",2020,138,0.04
"MT8Bq8",2020,139,0.98
"MT8Bq8",2020,140,1
"MT8Bq8",2021,1,1
"MT8Bq8",2021,2,0.96
"MT8Bq8",2021,3,0.34
"MT8Bq8",2021,4,1
"MT8Bq8",2021,5,0.84
"MT8Bq8",2021,6,0.7
"MT8Bq8",2021,7,0.98
"MT8Bq8",2021,8,0.04
"MT8Bq8",2021,9,1
"MT8Bq8",2021,10,0.1
"MT8Bq8",2021,11,1
"MT8Bq8",2021,12,0.12
"MT8Bq8",2021,13,0.72
"MT8Bq8",2021,14,0.54
"MT8Bq8",2021,15,0.54
"MT8Bq8",2021,16,1
"MT8Bq8",2021,17,0
"MT8Bq8",2021,18,1
"MT8Bq8",2021,19,0.14
"MT8Bq8",2021,20,0
"MT8Bq8",2021,21,0.92
"MT8Bq8",2021,22,0.08
"MT8Bq8",2021,23,1
"MT8Bq8",2021,24,0.3
"MT8Bq8",2021,25,0.9
"MT8Bq8",2021,26,1
"MT8Bq8",2021,27,1
"MT8Bq8",2021,28,1
"MT8Bq8",2021,29,1
"MT8Bq8",2021,30,1
"MT8Bq8",2021,31,1
"MT8Bq8",2021,32,0.4
"MT8Bq8",2021,33,0.48
"MT8Bq8",2021,34,0.22
"MT8Bq8",2021,35,1
"MT8Bq8",2021,36,1
"MT8Bq8",2021,37,0.04
"MT8Bq8",2021,38,0.64
"MT8Bq8",2021,39,1
"MT8Bq8",2021,40,1
"MT8Bq8",2021,41,1
"MT8Bq8",2021,42,0.74
"MT8Bq8",2021,43,0.22
"MT8Bq8",2021,44,1
"MT8Bq8",2021,45,0.96
"MT8Bq8",2021,46,0.94
"MT8Bq8",2021,47,0.02
"MT8Bq8",2021,48,1
"MT8Bq8",2021,49,1
"MT8Bq8",2021,50,0.68
"MT8Bq8",2021,51,1
"MT8Bq8",2021,52,1
"MT8Bq8",2021,53,1
"MT8Bq8",2021,54,1
"MT8Bq8",2021,55,0.86
"MT8Bq8",2021,56,0.66
"MT8Bq8",2021,57,0.16
"MT8Bq8",2021,58,0.02
"MT8Bq8",2021,59,0.72
"MT8Bq8",2021,60,0.94
"MT8Bq8",2021,61,0.44
"MT8Bq8",2021,62,1
"MT8Bq8",2021,63,0.46
"MT8Bq8",2021,64,0.9
"MT8Bq8",2021,65,0.92
"MT8Bq8",2021,66,1
"MT8Bq8",2021,67,0.14
"MT8Bq8",2021,68,0.2
"MT8Bq8",2021,69,0
"MT8Bq8",2021,70,0.52
"MT8Bq8",2021,71,0.08
"MT8Bq8",2021,72,0.34
"MT8Bq8",2021,73,1
"MT8Bq8",2021,74,0.34
"MT8Bq8",2021,75,0.94
"MT8Bq8",2021,76,0.58
"MT8Bq8",2021,77,0.68
"MT8Bq8",2021,78,1
"MT8Bq8",2021,79,1
"MT8Bq8",2021,80,0.1
"MT8Bq8",2021,81,1
"MT8Bq8",2021,82,0.24
"MT8Bq8",2021,83,0.1
"MT8Bq8",2021,84,0.88
"MT8Bq8",2021,85,1
"MT8Bq8",2021,86,0.1
"MT8Bq8",2021,87,0.14
"MT8Bq8",2021,88,1
"MT8Bq8",2021,89,0.92
"MT8Bq8",2021,90,0.32
"MT8Bq8",2021,91,0.94
"MT8Bq8",2021,92,0
"MT8Bq8",2021,93,0.68
"MT8Bq8",2021,94,0.02
"MT8Bq8",2021,95,0
"MT8Bq8",2021,96,0.84
"MT8Bq8",2021,97,0.74
"MT8Bq8",2021,98,1
"MT8Bq8",2021,99,0.44
"MT8Bq8",2021,100,1
"MT8Bq8",2021,101,0.92
"MT8Bq8",2021,102,0.98
"MT8Bq8",2021,103,1
"MT8Bq8",2021,104,1
"MT8Bq8",2021,105,0.32
"MT8Bq8",2021,106,1
"MT8Bq8",2021,107,0.22
"MT8Bq8",2021,108,0.56
"MT8Bq8",2021,109,0.12
"MT8Bq8",2021,110,1
"MT8Bq8",2021,111,0.76
"MT8Bq8",2021,112,0
"MT8Bq8",2021,113,0
"MT8Bq8",2021,114,0.48
"MT8Bq8",2021,115,0.92
"MT8Bq8",2021,116,0.04
"MT8Bq8",2021,117,1
"MT8Bq8",2021,118,1
"MT8Bq8",2021,119,1
"MT8Bq8",2021,120,0.1
"MT8Bq8",2021,121,0.14
"MT8Bq8",2021,122,0.32
"MT8Bq8",2021,123,1
"MT8Bq8",2021,124,0.16
"MT8Bq8",2021,125,1
"MT8Bq8",2021,126,0.92
"MT8Bq8",2021,127,1
"MT8Bq8",2021,128,0.14
"MT8Bq8",2021,129,1
"MT8Bq8",2021,130,1
"MT8Bq8",2021,131,0.78
"MT8Bq8",2021,132,1
"MT8Bq8",2021,133,1
"MT8Bq8",2021,134,0
"MT8Bq8",2021,135,0
"MT8Bq8",2021,136,0.5
"MT8Bq8",2021,137,0.98
"MT8Bq8",2021,138,0
"MT8Bq8",2021,139,1
"MT8Bq8",2021,140,1
"MT8Bq8",2022,1,1
"MT8Bq8",2022,2,1
"MT8Bq8",2022,3,1
"MT8Bq8",2022,4,0.3
"MT8Bq8",2022,5,0.66
"MT8Bq8",2022,6,1
"MT8Bq8",2022,7,0.86
"MT8Bq8",2022,8,0.42
"MT8Bq8",2022,9,0.5
"MT8Bq8",2022,10,0.16
"MT8Bq8",2022,11,1
"MT8Bq8",2022,12,1
"MT8Bq8",2022,13,0
"MT8Bq8",2022,14,0.82
"MT8Bq8",2022,15,1
"MT8Bq8",2022,16,1
"MT8Bq8",2022,17,1
"MT8Bq8",2022,18,0.88
"MT8Bq8",2022,19,1
"MT8Bq8",2022,20,1
"MT8Bq8",2022,21,0.58
"MT8Bq8",2022,22,0
"MT8Bq8",2022,23,0.16
"MT8Bq8",2022,24,0.34
"MT8Bq8",2022,25,0.6
"MT8Bq8",2022,26,1
"MT8Bq8",2022,27,1
"MT8Bq8",2022,28,1
"MT8Bq8",2022,29,1
"MT8Bq8",2022,30,0
"MT8Bq8",2022,31,0.82
"MT8Bq8",2022,32,1
"MT8Bq8",2022,33,1
"MT8Bq8",2022,34,0.12
"MT8Bq8",2022,35,1
"MT8Bq8",2022,36,0.36
"MT8Bq8",2022,37,0.7
"MT8Bq8",2022,38,0.06
"MT8Bq8",2022,39,0.2
"MT8Bq8",2022,40,0.2
"MT8Bq8",2022,41,1
"MT8Bq8",2022,42,1
"MT8Bq8",2022,43,1
"MT8Bq8",2022,44,1
"MT8Bq8",2022,45,0.08
"MT8Bq8",2022,46,1
"MT8Bq8",2022,47,0.42
"MT8Bq8",2022,48,0.72
"MT8Bq8",2022,49,1
"MT8Bq8",2022,50,1
"MT8Bq8",2022,51,0.9
"MT8Bq8",2022,52,1
"MT8Bq8",2022,53,1
"MT8Bq8",2022,54,1
"MT8Bq8",2022,55,0.56
"MT8Bq8",2022,56,0.8
"MT8Bq8",2022,57,1
"MT8Bq8",2022,58,0.56
"MT8Bq8",2022,59,1
"MT8Bq8",2022,60,1
"MT8Bq8",2022,61,0.92
"MT8Bq8",2022,62,0.88
"MT8Bq8",2022,63,1
"MT8Bq8",2022,64,1
"MT8Bq8",2022,65,1
"MT8Bq8",2022,66,1
"MT8Bq8",2022,67,0.78
"MT8Bq8",2022,68,0.5
"MT8Bq8",2022,69,0.04
"MT8Bq8",2022,70,1
"MT8Bq8",2022,71,0.04
"MT8Bq8",2022,72,0.92
"MT8Bq8",2022,73,0.78
"MT8Bq8",2022,74,1
"MT8Bq8",2022,75,1
"MT8Bq8",2022,76,0.28
"MT8Bq8",2022,77,1
"MT8Bq8",2022,78,1
"MT8Bq8",2022,79,0.92
"MT8Bq8",2022,80,0.62
"MT8Bq8",2022,81,1
"MT8Bq8",2022,82,1
"MT8Bq8",2022,83,0.62
"MT8Bq8",2022,84,0.02
"MT8Bq8",2022,85,0.74
"MT8Bq8",2022,86,1
"MT8Bq8",2022,87,0.54
"MT8Bq8",2022,88,0.22
"MT8Bq8",2022,89,1
"MT8Bq8",2022,90,1
"MT8Bq8",2022,91,0.94
"MT8Bq8",2022,92,0.52
"MT8Bq8",2022,93,0.72
"MT8Bq8",2022,94,0.14
"MT8Bq8",2022,95,0.2
"MT8Bq8",2022,96,0.54
"MT8Bq8",2022,97,0.1
"MT8Bq8",2022,98,0.2
"MT8Bq8",2022,99,0.82
"MT8Bq8",2022,100,0.54
"MT8Bq8",2022,101,0.66
"MT8Bq8",2022,102,0.88
"MT8Bq8",2022,103,0.92
"MT8Bq8",2022,104,1
"MT8Bq8",2022,105,1
"MT8Bq8",2022,106,1
"MT8Bq8",2022,107,1
"MT8Bq8",2022,108,0.38
"MT8Bq8",2022,109,1
"MT8Bq8",2022,110,1
"MT8Bq8",2022,111,0.8
"MT8Bq8",2022,112,0.62
"MT8Bq8",2022,113,0.7
"MT8Bq8",2022,114,0.3
"MT8Bq8",2022,115,0.14
"MT8Bq8",2022,116,0
"MT8Bq8",2022,117,0.96
"MT8Bq8",2022,118,1
"MT8Bq8",2022,119,0.86
"MT8Bq8",2022,120,1
"MT8Bq8",2022,121,0.3
"MT8Bq8",2022,122,1
"MT8Bq8",2022,123,0.38
"MT8Bq8",2022,124,1
"MT8Bq8",2022,125,1
"MT8Bq8",2022,126,0.4
"MT8Bq8",2022,127,0.74
"MT8Bq8",2022,128,0.32
"MT8Bq8",2022,129,1
"MT8Bq8",2022,130,0.94
"MT8Bq8",2022,131,1
"MT8Bq8",2022,132,1
"MT8Bq8",2022,133,0.56
"MT8Bq8",2022,134,0.76
"MT8Bq8",2022,135,0.36
"MT8Bq8",2022,136,1
"MT8Bq8",2022,137,0.22
"MT8Bq8",2022,138,0
"MT8Bq8",2022,139,0.48
"MT8Bq8",2022,140,1
"MT8Bq8",2023,1,0.52
"MT8Bq8",2023,2,0.12
"MT8Bq8",2023,3,1
"MT8Bq8",2023,4,0.16
"MT8Bq8",2023,5,0.92
"MT8Bq8",2023,6,1
"MT8Bq8",2023,7,1
"MT8Bq8",2023,8,0.96
"MT8Bq8",2023,9,0.8
"MT8Bq8",2023,10,0.06
"MT8Bq8",2023,11,0.48
"MT8Bq8",2023,12,0.38
"MT8Bq8",2023,13,0.46
"MT8Bq8",2023,14,0.8
"MT8Bq8",2023,15,1
"MT8Bq8",2023,16,1
"MT8Bq8",2023,17,0.94
"MT8Bq8",2023,18,1
"MT8Bq8",2023,19,0.86
"MT8Bq8",2023,20,0.62
"MT8Bq8",2023,21,0.66
"MT8Bq8",2023,22,0.1
"MT8Bq8",2023,23,0
"MT8Bq8",2023,24,0.82
"MT8Bq8",2023,25,0
"MT8Bq8",2023,26,0.82
"MT8Bq8",2023,27,0.56
"MT8Bq8",2023,28,0.78
"MT8Bq8",2023,29,0
"MT8Bq8",2023,30,1
"MT8Bq8",2023,31,0.62
"MT8Bq8",2023,32,0.54
"MT8Bq8",2023,33,0.06
"MT8Bq8",2023,34,0.48
"MT8Bq8",2023,35,0.24
"MT8Bq8",2023,36,1
"MT8Bq8",2023,37,0.98
"MT8Bq8",2023,38,0.66
"MT8Bq8",2023,39,0.96
"MT8Bq8",2023,40,1
"MT8Bq8",2023,41,1
"MT8Bq8",2023,42,0.94
"MT8Bq8",2023,43,1
"MT8Bq8",2023,44,1
"MT8Bq8",2023,45,0.68
"MT8Bq8",2023,46,1
"MT8Bq8",2023,47,0.1
"MT8Bq8",2023,48,1
"MT8Bq8",2023,49,1
"MT8Bq8",2023,50,1
"MT8Bq8",2023,51,1
"MT8Bq8",2023,52,1
"MT8Bq8",2023,53,1
"MT8Bq8",2023,54,0.92
"MT8Bq8",2023,55,0.64
"MT8Bq8",2023,56,0.18
"MT8Bq8",2023,57,0.9
"MT8Bq8",2023,58,1
"MT8Bq8",2023,59,1
"MT8Bq8",2023,60,1
"MT8Bq8",2023,61,0.4
"MT8Bq8",2023,62,0.5
"MT8Bq8",2023,63,1
"MT8Bq8",2023,64,0.02
"MT8Bq8",2023,65,1
"MT8Bq8",2023,66,0.34
"MT8Bq8",2023,67,1
"MT8Bq8",2023,68,0.76
"MT8Bq8",2023,69,0.68
"MT8Bq8",2023,70,0.56
"MT8Bq8",2023,71,0.7
"MT8Bq8",2023,72,0.82
"MT8Bq8",2023,73,0.46
"MT8Bq8",2023,74,0.02
"MT8Bq8",2023,75,0.1
"MT8Bq8",2023,76,0.66
"MT8Bq8",2023,77,0.36
"MT8Bq8",2023,78,1
"MT8Bq8",2023,79,0.2
"MT8Bq8",2023,80,1
"MT8Bq8",2023,81,0.96
"MT8Bq8",2023,82,1
"MT8Bq8",2023,83,0.9
"MT8Bq8",2023,84,1
"MT8Bq8",2023,85,1
"MT8Bq8",2023,86,1
"MT8Bq8",2023,87,0.06
"MT8Bq8",2023,88,0.44
"MT8Bq8",2023,89,0.96
"MT8Bq8",2023,90,0.72
"MT8Bq8",2023,91,1
"MT8Bq8",2023,92,1
"MT8Bq8",2023,93,1
"MT8Bq8",2023,94,0.6
"MT8Bq8",2023,95,1
"MT8Bq8",2023,96,0
"MT8Bq8",2023,97,0.96
"MT8Bq8",2023,98,0.66
"MT8Bq8",2023,99,1
"MT8Bq8",2023,100,1
"MT8Bq8",2023,101,1
"MT8Bq8",2023,102,1
"MT8Bq8",2023,103,1
"MT8Bq8",2023,104,1
"MT8Bq8",2023,105,1
"MT8Bq8",2023,106,0.88
"MT8Bq8",2023,107,0.48
"MT8Bq8",2023,108,0.88
"MT8Bq8",2023,109,1
"MT8Bq8",2023,110,0.52
"MT8Bq8",2023,111,0.96
"MT8Bq8",2023,112,0.74
"MT8Bq8",2023,113,0.16
"MT8Bq8",2023,114,1
"MT8Bq8",2023,115,1
"MT8Bq8",2023,116,0.9
"MT8Bq8",2023,117,0.58
"MT8Bq8",2023,118,0.6
"MT8Bq8",2023,119,1
"MT8Bq8",2023,120,1
"MT8Bq8",2023,121,0.96
"MT8Bq8",2023,122,1
"MT8Bq8",2023,123,0.22
"MT8Bq8",2023,124,0.7
"MT8Bq8",2023,125,1
"MT8Bq8",2023,126,1
"MT8Bq8",2023,127,0.36
"MT8Bq8",2023,128,0.18
"MT8Bq8",2023,129,1
"MT8Bq8",2023,130,0
"MT8Bq8",2023,131,0.6
"MT8Bq8",2023,132,0.46
"MT8Bq8",2023,133,0.76
"MT8Bq8",2023,134,0.18
"MT8Bq8",2023,135,0.72
"MT8Bq8",2023,136,0.96
"MT8Bq8",2023,137,1
"MT8Bq8",2023,138,1
"MT8Bq8",2023,139,1
"MT8Bq8",2023,140,0.12
"MT8Bq8",2024,1,0.94
"MT8Bq8",2024,2,1
"MT8Bq8",2024,3,0.58
"MT8Bq8",2024,4,0.98
"MT8Bq8",2024,5,1
"MT8Bq8",2024,6,1
"MT8Bq8",2024,7,0.52
"MT8Bq8",2024,8,0.76
"MT8Bq8",2024,9,0.54
"MT8Bq8",2024,10,1
"MT8Bq8",2024,11,0.96
"MT8Bq8",2024,12,0.28
"MT8Bq8",2024,13,0.66
"MT8Bq8",2024,14,0.08
"MT8Bq8",2024,15,0.56
"MT8Bq8",2024,16,0.42
"MT8Bq8",2024,17,0.06
"MT8Bq8",2024,18,0.8
"MT8Bq8",2024,19,1
"MT8Bq8",2024,20,0.24
"MT8Bq8",2024,21,1
"MT8Bq8",2024,22,0.78
"MT8Bq8",2024,23,0.76
"MT8Bq8",2024,24,0
"MT8Bq8",2024,25,0.92
"MT8Bq8",2024,26,0.52
"MT8Bq8",2024,27,0
"MT8Bq8",2024,28,1
"MT8Bq8",2024,29,1
"MT8Bq8",2024,30,0.22
"MT8Bq8",2024,31,1
"MT8Bq8",2024,32,0.48
"MT8Bq8",2024,33,0
"MT8Bq8",2024,34,1
"MT8Bq8",2024,35,1
"MT8Bq8",2024,36,0
"MT8Bq8",2024,37,1
"MT8Bq8",2024,38,0.98
"MT8Bq8",2024,39,1
"MT8Bq8",2024,40,0.02
"MT8Bq8",2024,41,0.6
"MT8Bq8",2024,42,0.02
"MT8Bq8",2024,43,0.1
"MT8Bq8",2024,44,0
"MT8Bq8",2024,45,0.74
"MT8Bq8",2024,46,0.06
"MT8Bq8",2024,47,0.96
"MT8Bq8",2024,48,0.1
"MT8Bq8",2024,49,0.02
"MT8Bq8",2024,50,1
"MT8Bq8",2024,51,0.8
"MT8Bq8",2024,52,1
"MT8Bq8",2024,53,1
"MT8Bq8",2024,54,0.9
"MT8Bq8",2024,55,0.26
"MT8Bq8",2024,56,0.78
"MT8Bq8",2024,57,0.06
"MT8Bq8",2024,58,0.42
"MT8Bq8",2024,59,0
"MT8Bq8",2024,60,0.84
"MT8Bq8",2024,61,0
"MT8Bq8",2024,62,0.98
"MT8Bq8",2024,63,0.8
"MT8Bq8",2024,64,1
"MT8Bq8",2024,65,0
"MT8Bq8",2024,66,1
"MT8Bq8",2024,67,0.82
"MT8Bq8",2024,68,0
"MT8Bq8",2024,69,0.7
"MT8Bq8",2024,70,1
"MT8Bq8",2024,71,0.36
"MT8Bq8",2024,72,1
"MT8Bq8",2024,73,0.02
"MT8Bq8",2024,74,0.32
"MT8Bq8",2024,75,1
"MT8Bq8",2024,76,0.16
"MT8Bq8",2024,77,1
"MT8Bq8",2024,78,0.28
"MT8Bq8",2024,79,0.28
"MT8Bq8",2024,80,0
"MT8Bq8",2024,81,0.98
"MT8Bq8",2024,82,1
"MT8Bq8",2024,83,0
"MT8Bq8",2024,84,0.04
"MT8Bq8",2024,85,0.8
"MT8Bq8",2024,86,1
"MT8Bq8",2024,87,1
"MT8Bq8",2024,88,0.92
"MT8Bq8",2024,89,1
"MT8Bq8",2024,90,0
"MT8Bq8",2024,91,0.92
"MT8Bq8",2024,92,0.18
"MT8Bq8",2024,93,0.46
"MT8Bq8",2024,94,1
"MT8Bq8",2024,95,1
"MT8Bq8",2024,96,0.32
"MT8Bq8",2024,97,1
"MT8Bq8",2024,98,1
"MT8Bq8",2024,99,0.6
"MT8Bq8",2024,100,0.84
"MT8Bq8",2024,101,1
"MT8Bq8",2024,102,0
"MT8Bq8",2024,103,0.78
"MT8Bq8",2024,104,0.82
"MT8Bq8",2024,105,1
"MT8Bq8",2024,106,0.64
"MT8Bq8",2024,107,0.88
"MT8Bq8",2024,108,0.5
"MT8Bq8",2024,109,0.2
"MT8Bq8",2024,110,0.36
"MT8Bq8",2024,111,0.66
"MT8Bq8",2024,112,1
"MT8Bq8",2024,113,0.6
"MT8Bq8",2024,114,1
"MT8Bq8",2024,115,0.94
"MT8Bq8",2024,116,0.62
"MT8Bq8",2024,117,0.82
"MT8Bq8",2024,118,0
"MT8Bq8",2024,119,0.32
"MT8Bq8",2024,120,0.28
"MT8Bq8",2024,121,0.6
"MT8Bq8",2024,122,1
"MT8Bq8",2024,123,1
"MT8Bq8",2024,124,1
"MT8Bq8",2024,125,0.24
"MT8Bq8",2024,126,0.08
"MT8Bq8",2024,127,0.16
"MT8Bq8",2024,128,0.02
"MT8Bq8",2024,129,1
"MT8Bq8",2024,130,1
"MT8Bq8",2024,131,0.6
"MT8Bq8",2024,132,1
"MT8Bq8",2024,133,0
"MT8Bq8",2024,134,0
"MT8Bq8",2024,135,0.9
"MT8Bq8",2024,136,1
"MT8Bq8",2024,137,1
"MT8Bq8",2024,138,0.2
"MT8Bq8",2024,139,1
"MT8Bq8",2024,140,0.48
