RUN_EXAM,year,run,model,category,correct,accuracy,score
2020_run_1,2020,1,CLA,closed,128,0.9142857142857143,125.0
2020_run_1,2020,1,DPSK,closed,125,0.8928571428571429,121.25
2020_run_1,2020,1,GPT,closed,138,0.9857142857142858,137.5
2020_run_1,2020,1,GROK,closed,135,0.9642857142857143,133.75
2020_run_1,2020,1,MG4B,open,114,0.8142857142857143,107.5
2020_run_1,2020,1,MG4Bq4,quantized,81,0.5785714285714286,66.25
2020_run_1,2020,1,MG4Bq6,quantized,100,0.7142857142857143,90.0
2020_run_1,2020,1,MG4Bq8,quantized,106,0.7571428571428571,97.5
2020_run_1,2020,1,MSTRL,closed,118,0.8428571428571429,112.5
2020_run_1,2020,1,MT8B,open,89,0.6357142857142857,76.25
2020_run_1,2020,1,MT8Bq4,quantized,92,0.6571428571428571,80.0
2020_run_1,2020,1,MT8Bq6,quantized,88,0.6285714285714286,75.0
2020_run_1,2020,1,MT8Bq8,quantized,90,0.6428571428571429,77.5
2020_run_1,2020,1,Q1_7B,open,69,0.4928571428571429,51.25
2020_run_1,2020,1,Q4B,open,101,0.7214285714285714,91.25
2020_run_1,2020,1,Q8B,open,112,0.8,105.0
2020_run_1,2020,1,QWEN,closed,130,0.9285714285714286,127.5
2020_run_1,2020,1,mSTRL3B,open,104,0.7428571428571429,95.0
2020_run_2,2020,2,CLA,closed,126,0.9,122.5
2020_run_2,2020,2,DPSK,closed,125,0.8928571428571429,121.25
2020_run_2,2020,2,GPT,closed,137,0.9785714285714285,136.25
2020_run_2,2020,2,GROK,closed,133,0.95,131.25
2020_run_2,2020,2,MG4B,open,109,0.7785714285714286,101.25
2020_run_2,2020,2,MG4Bq4,quantized,85,0.6071428571428571,71.25
2020_run_2,2020,2,MG4Bq6,quantized,108,0.7714285714285715,100.0
2020_run_2,2020,2,MG4Bq8,quantized,115,0.8214285714285714,108.75
2020_run_2,2020,2,MSTRL,closed,118,0.8428571428571429,112.5
2020_run_2,2020,2,MT8B,open,92,0.6571428571428571,80.0
2020_run_2,2020,2,MT8Bq4,quantized,92,0.6571428571428571,80.0
2020_run_2,2020,2,MT8Bq6,quantized,95,0.6785714285714286,83.75
2020_run_2,2020,2,MT8Bq8,quantized,96,0.6857142857142857,85.0
2020_run_2,2020,2,Q1_7B,open,74,0.5285714285714286,57.5
2020_run_2,2020,2,Q4B,open,103,0.7357142857142858,93.75
2020_run_2,2020,2,Q8B,open,104,0.7428571428571429,95.0
2020_run_2,2020,2,QWEN,closed,134,0.9571428571428572,132.5
2020_run_2,2020,2,mSTRL3B,open,100,0.7142857142857143,90.0
2020_run_3,2020,3,CLA,closed,128,0.9142857142857143,125.0
2020_run_3,2020,3,DPSK,closed,128,0.9142857142857143,125.0
2020_run_3,2020,3,GPT,closed,137,0.9785714285714285,136.25
2020_run_3,2020,3,GROK,closed,133,0.95,131.25
2020_run_3,2020,3,MG4B,open,111,0.7928571428571428,103.75
2020_run_3,2020,3,MG4Bq4,quantized,87,0.6214285714285714,73.75
2020_run_3,2020,3,MG4Bq6,quantized,112,0.8,105.0
2020_run_3,2020,3,MG4Bq8,quantized,104,0.7428571428571429,95.0
2020_run_3,2020,3,MSTRL,closed,119,0.85,113.75
2020_run_3,2020,3,MT8B,open,92,0.6571428571428571,80.0
2020_run_3,2020,3,MT8Bq4,quantized,83,0.5928571428571429,68.75
2020_run_3,2020,3,MT8Bq6,quantized,88,0.6285714285714286,75.0
2020_run_3,2020,3,MT8Bq8,quantized,90,0.6428571428571429,77.5
2020_run_3,2020,3,Q1_7B,open,64,0.45714285714285713,45.0
2020_run_3,2020,3,Q4B,open,103,0.7357142857142858,93.75
2020_run_3,2020,3,Q8B,open,104,0.7428571428571429,95.0
2020_run_3,2020,3,QWEN,closed,133,0.95,131.25
2020_run_3,2020,3,mSTRL3B,open,97,0.6928571428571428,86.25
2020_run_4,2020,4,CLA,closed,121,0.8642857142857143,116.25
2020_run_4,2020,4,DPSK,closed,127,0.9071428571428571,123.75
2020_run_4,2020,4,GPT,closed,137,0.9785714285714285,136.25
2020_run_4,2020,4,GROK,closed,135,0.9642857142857143,133.75
2020_run_4,2020,4,MG4B,open,114,0.8142857142857143,107.5
2020_run_4,2020,4,MG4Bq4,quantized,88,0.6285714285714286,75.0
2020_run_4,2020,4,MG4Bq6,quantized,114,0.8142857142857143,107.5
2020_run_4,2020,4,MG4Bq8,quantized,107,0.7642857142857142,98.75
2020_run_4,2020,4,MSTRL,closed,122,0.8714285714285714,117.5
2020_run_4,2020,4,MT8B,open,87,0.6214285714285714,73.75
2020_run_4,2020,4,MT8Bq4,quantized,87,0.6214285714285714,73.75
2020_run_4,2020,4,MT8Bq6,quantized,91,0.65,78.75
2020_run_4,2020,4,MT8Bq8,quantized,86,0.6142857142857143,72.5
2020_run_4,2020,4,Q1_7B,open,73,0.5214285714285715,56.25
2020_run_4,2020,4,Q4B,open,99,0.7071428571428572,88.75
2020_run_4,2020,4,Q8B,open,103,0.7357142857142858,93.75
2020_run_4,2020,4,QWEN,closed,132,0.9428571428571428,130.0
2020_run_4,2020,4,mSTRL3B,open,102,0.7285714285714285,92.5
2020_run_5,2020,5,CLA,closed,125,0.8928571428571429,121.25
2020_run_5,2020,5,DPSK,closed,125,0.8928571428571429,121.25
2020_run_5,2020,5,GPT,closed,137,0.9785714285714285,136.25
2020_run_5,2020,5,GROK,closed,134,0.9571428571428572,132.5
2020_run_5,2020,5,MG4B,open,112,0.8,105.0
2020_run_5,2020,5,MG4Bq4,quantized,87,0.6214285714285714,73.75
2020_run_5,2020,5,MG4Bq6,quantized,101,0.7214285714285714,91.25
2020_run_5,2020,5,MG4Bq8,quantized,109,0.7785714285714286,101.25
2020_run_5,2020,5,MSTRL,closed,122,0.8714285714285714,117.5
2020_run_5,2020,5,MT8B,open,94,0.6714285714285714,82.5
2020_run_5,2020,5,MT8Bq4,quantized,85,0.6071428571428571,71.25
2020_run_5,2020,5,MT8Bq6,quantized,82,0.5857142857142857,67.5
2020_run_5,2020,5,MT8Bq8,quantized,90,0.6428571428571429,77.5
2020_run_5,2020,5,Q1_7B,open,66,0.4714285714285714,47.5
2020_run_5,2020,5,Q4B,open,103,0.7357142857142858,93.75
2020_run_5,2020,5,Q8B,open,101,0.7214285714285714,91.25
2020_run_5,2020,5,QWEN,closed,135,0.9642857142857143,133.75
2020_run_5,2020,5,mSTRL3B,open,98,0.7,87.5
2020_run_6,2020,6,CLA,closed,129,0.9214285714285714,126.25
2020_run_6,2020,6,DPSK,closed,126,0.9,122.5
2020_run_6,2020,6,GPT,closed,136,0.9714285714285714,135.0
2020_run_6,2020,6,GROK,closed,133,0.95,131.25
2020_run_6,2020,6,MG4B,open,110,0.7857142857142857,102.5
2020_run_6,2020,6,MG4Bq4,quantized,103,0.7357142857142858,93.75
2020_run_6,2020,6,MG4Bq6,quantized,113,0.8071428571428572,106.25
2020_run_6,2020,6,MG4Bq8,quantized,109,0.7785714285714286,101.25
2020_run_6,2020,6,MSTRL,closed,124,0.8857142857142857,120.0
2020_run_6,2020,6,MT8B,open,91,0.65,78.75
2020_run_6,2020,6,MT8Bq4,quantized,89,0.6357142857142857,76.25
2020_run_6,2020,6,MT8Bq6,quantized,94,0.6714285714285714,82.5
2020_run_6,2020,6,MT8Bq8,quantized,96,0.6857142857142857,85.0
2020_run_6,2020,6,Q1_7B,open,65,0.4642857142857143,46.25
2020_run_6,2020,6,Q4B,open,102,0.7285714285714285,92.5
2020_run_6,2020,6,Q8B,open,106,0.7571428571428571,97.5
2020_run_6,2020,6,QWEN,closed,129,0.9214285714285714,126.25
2020_run_6,2020,6,mSTRL3B,open,97,0.6928571428571428,86.25
2020_run_7,2020,7,CLA,closed,129,0.9214285714285714,126.25
2020_run_7,2020,7,DPSK,closed,130,0.9285714285714286,127.5
2020_run_7,2020,7,GPT,closed,137,0.9785714285714285,136.25
2020_run_7,2020,7,GROK,closed,134,0.9571428571428572,132.5
2020_run_7,2020,7,MG4B,open,107,0.7642857142857142,98.75
2020_run_7,2020,7,MG4Bq4,quantized,105,0.75,96.25
2020_run_7,2020,7,MG4Bq6,quantized,109,0.7785714285714286,101.25
2020_run_7,2020,7,MG4Bq8,quantized,115,0.8214285714285714,108.75
2020_run_7,2020,7,MSTRL,closed,116,0.8285714285714286,110.0
2020_run_7,2020,7,MT8B,open,95,0.6785714285714286,83.75
2020_run_7,2020,7,MT8Bq4,quantized,86,0.6142857142857143,72.5
2020_run_7,2020,7,MT8Bq6,quantized,92,0.6571428571428571,80.0
2020_run_7,2020,7,MT8Bq8,quantized,87,0.6214285714285714,73.75
2020_run_7,2020,7,Q1_7B,open,67,0.4785714285714286,48.75
2020_run_7,2020,7,Q4B,open,102,0.7285714285714285,92.5
2020_run_7,2020,7,Q8B,open,107,0.7642857142857142,98.75
2020_run_7,2020,7,QWEN,closed,131,0.9357142857142857,128.75
2020_run_7,2020,7,mSTRL3B,open,91,0.65,78.75
2020_run_8,2020,8,CLA,closed,126,0.9,122.5
2020_run_8,2020,8,DPSK,closed,130,0.9285714285714286,127.5
2020_run_8,2020,8,GPT,closed,137,0.9785714285714285,136.25
2020_run_8,2020,8,GROK,closed,133,0.95,131.25
2020_run_8,2020,8,MG4B,open,105,0.75,96.25
2020_run_8,2020,8,MG4Bq4,quantized,109,0.7785714285714286,101.25
2020_run_8,2020,8,MG4Bq6,quantized,112,0.8,105.0
2020_run_8,2020,8,MG4Bq8,quantized,108,0.7714285714285715,100.0
2020_run_8,2020,8,MSTRL,closed,122,0.8714285714285714,117.5
2020_run_8,2020,8,MT8B,open,86,0.6142857142857143,72.5
2020_run_8,2020,8,MT8Bq4,quantized,86,0.6142857142857143,72.5
2020_run_8,2020,8,MT8Bq6,quantized,88,0.6285714285714286,75.0
2020_run_8,2020,8,MT8Bq8,quantized,91,0.65,78.75
2020_run_8,2020,8,Q1_7B,open,65,0.4642857142857143,46.25
2020_run_8,2020,8,Q4B,open,98,0.7,87.5
2020_run_8,2020,8,Q8B,open,107,0.7642857142857142,98.75
2020_run_8,2020,8,QWEN,closed,133,0.95,131.25
2020_run_8,2020,8,mSTRL3B,open,99,0.7071428571428572,88.75
2020_run_9,2020,9,CLA,closed,126,0.9,122.5
2020_run_9,2020,9,DPSK,closed,124,0.8857142857142857,120.0
2020_run_9,2020,9,GPT,closed,138,0.9857142857142858,137.5
2020_run_9,2020,9,GROK,closed,133,0.95,131.25
2020_run_9,2020,9,MG4B,open,105,0.75,96.25
2020_run_9,2020,9,MG4Bq4,quantized,107,0.7642857142857142,98.75
2020_run_9,2020,9,MG4Bq6,quantized,107,0.7642857142857142,98.75
2020_run_9,2020,9,MG4Bq8,quantized,107,0.7642857142857142,98.75
2020_run_9,2020,9,MSTRL,closed,122,0.8714285714285714,117.5
2020_run_9,2020,9,MT8B,open,93,0.6642857142857143,81.25
2020_run_9,2020,9,MT8Bq4,quantized,87,0.6214285714285714,73.75
2020_run_9,2020,9,MT8Bq6,quantized,88,0.6285714285714286,75.0
2020_run_9,2020,9,MT8Bq8,quantized,90,0.6428571428571429,77.5
2020_run_9,2020,9,Q1_7B,open,76,0.5428571428571428,60.0
2020_run_9,2020,9,Q4B,open,99,0.7071428571428572,88.75
2020_run_9,2020,9,Q8B,open,104,0.7428571428571429,95.0
2020_run_9,2020,9,QWEN,closed,134,0.9571428571428572,132.5
2020_run_9,2020,9,mSTRL3B,open,93,0.6642857142857143,81.25
2020_run_10,2020,10,CLA,closed,130,0.9285714285714286,127.5
2020_run_10,2020,10,DPSK,closed,130,0.9285714285714286,127.5
2020_run_10,2020,10,GPT,closed,135,0.9642857142857143,133.75
2020_run_10,2020,10,GROK,closed,133,0.95,131.25
2020_run_10,2020,10,MG4B,open,109,0.7785714285714286,101.25
2020_run_10,2020,10,MG4Bq4,quantized,105,0.75,96.25
2020_run_10,2020,10,MG4Bq6,quantized,106,0.7571428571428571,97.5
2020_run_10,2020,10,MG4Bq8,quantized,114,0.8142857142857143,107.5
2020_run_10,2020,10,MSTRL,closed,118,0.8428571428571429,112.5
2020_run_10,2020,10,MT8B,open,93,0.6642857142857143,81.25
2020_run_10,2020,10,MT8Bq4,quantized,85,0.6071428571428571,71.25
2020_run_10,2020,10,MT8Bq6,quantized,89,0.6357142857142857,76.25
2020_run_10,2020,10,MT8Bq8,quantized,92,0.6571428571428571,80.0
2020_run_10,2020,10,Q1_7B,open,67,0.4785714285714286,48.75
2020_run_10,2020,10,Q4B,open,103,0.7357142857142858,93.75
2020_run_10,2020,10,Q8B,open,103,0.7357142857142858,93.75
2020_run_10,2020,10,QWEN,closed,132,0.9428571428571428,130.0
2020_run_10,2020,10,mSTRL3B,open,95,0.6785714285714286,83.75
2020_run_11,2020,11,CLA,closed,128,0.9142857142857143,125.0
2020_run_11,2020,11,DPSK,closed,129,0.9214285714285714,126.25
2020_run_11,2020,11,GPT,closed,136,0.9714285714285714,135.0
2020_run_11,2020,11,GROK,closed,134,0.9571428571428572,132.5
2020_run_11,2020,11,MG4B,open,111,0.7928571428571428,103.75
2020_run_11,2020,11,MG4Bq4,quantized,107,0.7642857142857142,98.75
2020_run_11,2020,11,MG4Bq6,quantized,110,0.7857142857142857,102.5
2020_run_11,2020,11,MG4Bq8,quantized,106,0.7571428571428571,97.5
2020_run_11,2020,11,MSTRL,closed,122,0.8714285714285714,117.5
2020_run_11,2020,11,MT8B,open,92,0.6571428571428571,80.0
2020_run_11,2020,11,MT8Bq4,quantized,88,0.6285714285714286,75.0
2020_run_11,2020,11,MT8Bq6,quantized,90,0.6428571428571429,77.5
2020_run_11,2020,11,MT8Bq8,quantized,92,0.6571428571428571,80.0
2020_run_11,2020,11,Q1_7B,open,63,0.45,43.75
2020_run_11,2020,11,Q4B,open,101,0.7214285714285714,91.25
2020_run_11,2020,11,Q8B,open,106,0.7571428571428571,97.5
2020_run_11,2020,11,QWEN,closed,131,0.9357142857142857,128.75
2020_run_11,2020,11,mSTRL3B,open,92,0.6571428571428571,80.0
2020_run_12,2020,12,CLA,closed,125,0.8928571428571429,121.25
2020_run_12,2020,12,DPSK,closed,128,0.9142857142857143,125.0
2020_run_12,2020,12,GPT,closed,138,0.9857142857142858,137.5
2020_run_12,2020,12,GROK,closed,134,0.9571428571428572,132.5
2020_run_12,2020,12,MG4B,open,114,0.8142857142857143,107.5
2020_run_12,2020,12,MG4Bq4,quantized,110,0.7857142857142857,102.5
2020_run_12,2020,12,MG4Bq6,quantized,113,0.8071428571428572,106.25
2020_run_12,2020,12,MG4Bq8,quantized,108,0.7714285714285715,100.0
2020_run_12,2020,12,MSTRL,closed,123,0.8785714285714286,118.75
2020_run_12,2020,12,MT8B,open,95,0.6785714285714286,83.75
2020_run_12,2020,12,MT8Bq4,quantized,88,0.6285714285714286,75.0
2020_run_12,2020,12,MT8Bq6,quantized,94,0.6714285714285714,82.5
2020_run_12,2020,12,MT8Bq8,quantized,89,0.6357142857142857,76.25
2020_run_12,2020,12,Q1_7B,open,72,0.5142857142857142,55.0
2020_run_12,2020,12,Q4B,open,100,0.7142857142857143,90.0
2020_run_12,2020,12,Q8B,open,101,0.7214285714285714,91.25
2020_run_12,2020,12,QWEN,closed,133,0.95,131.25
2020_run_12,2020,12,mSTRL3B,open,95,0.6785714285714286,83.75
2020_run_13,2020,13,CLA,closed,130,0.9285714285714286,127.5
2020_run_13,2020,13,DPSK,closed,128,0.9142857142857143,125.0
2020_run_13,2020,13,GPT,closed,137,0.9785714285714285,136.25
2020_run_13,2020,13,GROK,closed,134,0.9571428571428572,132.5
2020_run_13,2020,13,MG4B,open,112,0.8,105.0
2020_run_13,2020,13,MG4Bq4,quantized,106,0.7571428571428571,97.5
2020_run_13,2020,13,MG4Bq6,quantized,107,0.7642857142857142,98.75
2020_run_13,2020,13,MG4Bq8,quantized,108,0.7714285714285715,100.0
2020_run_13,2020,13,MSTRL,closed,117,0.8357142857142857,111.25
2020_run_13,2020,13,MT8B,open,91,0.65,78.75
2020_run_13,2020,13,MT8Bq4,quantized,87,0.6214285714285714,73.75
2020_run_13,2020,13,MT8Bq6,quantized,90,0.6428571428571429,77.5
2020_run_13,2020,13,MT8Bq8,quantized,91,0.65,78.75
2020_run_13,2020,13,Q1_7B,open,68,0.4857142857142857,50.0
2020_run_13,2020,13,Q4B,open,101,0.7214285714285714,91.25
2020_run_13,2020,13,Q8B,open,102,0.7285714285714285,92.5
2020_run_13,2020,13,QWEN,closed,131,0.9357142857142857,128.75
2020_run_13,2020,13,mSTRL3B,open,100,0.7142857142857143,90.0
2020_run_14,2020,14,CLA,closed,127,0.9071428571428571,123.75
2020_run_14,2020,14,DPSK,closed,128,0.9142857142857143,125.0
2020_run_14,2020,14,GPT,closed,134,0.9571428571428572,132.5
2020_run_14,2020,14,GROK,closed,132,0.9428571428571428,130.0
2020_run_14,2020,14,MG4B,open,112,0.8,105.0
2020_run_14,2020,14,MG4Bq4,quantized,113,0.8071428571428572,106.25
2020_run_14,2020,14,MG4Bq6,quantized,105,0.75,96.25
2020_run_14,2020,14,MG4Bq8,quantized,106,0.7571428571428571,97.5
2020_run_14,2020,14,MSTRL,closed,121,0.8642857142857143,116.25
2020_run_14,2020,14,MT8B,open,90,0.6428571428571429,77.5
2020_run_14,2020,14,MT8Bq4,quantized,87,0.6214285714285714,73.75
2020_run_14,2020,14,MT8Bq6,quantized,89,0.6357142857142857,76.25
2020_run_14,2020,14,MT8Bq8,quantized,89,0.6357142857142857,76.25
2020_run_14,2020,14,Q1_7B,open,67,0.4785714285714286,48.75
2020_run_14,2020,14,Q4B,open,99,0.7071428571428572,88.75
2020_run_14,2020,14,Q8B,open,100,0.7142857142857143,90.0
2020_run_14,2020,14,QWEN,closed,134,0.9571428571428572,132.5
2020_run_14,2020,14,mSTRL3B,open,94,0.6714285714285714,82.5
2020_run_15,2020,15,CLA,closed,127,0.9071428571428571,123.75
2020_run_15,2020,15,DPSK,closed,127,0.9071428571428571,123.75
2020_run_15,2020,15,GPT,closed,138,0.9857142857142858,137.5
2020_run_15,2020,15,GROK,closed,133,0.95,131.25
2020_run_15,2020,15,MG4B,open,112,0.8,105.0
2020_run_15,2020,15,MG4Bq4,quantized,111,0.7928571428571428,103.75
2020_run_15,2020,15,MG4Bq6,quantized,109,0.7785714285714286,101.25
2020_run_15,2020,15,MG4Bq8,quantized,108,0.7714285714285715,100.0
2020_run_15,2020,15,MSTRL,closed,120,0.8571428571428571,115.0
2020_run_15,2020,15,MT8B,open,92,0.6571428571428571,80.0
2020_run_15,2020,15,MT8Bq4,quantized,87,0.6214285714285714,73.75
2020_run_15,2020,15,MT8Bq6,quantized,94,0.6714285714285714,82.5
2020_run_15,2020,15,MT8Bq8,quantized,87,0.6214285714285714,73.75
2020_run_15,2020,15,Q1_7B,open,72,0.5142857142857142,55.0
2020_run_15,2020,15,Q4B,open,99,0.7071428571428572,88.75
2020_run_15,2020,15,Q8B,open,107,0.7642857142857142,98.75
2020_run_15,2020,15,QWEN,closed,132,0.9428571428571428,130.0
2020_run_15,2020,15,mSTRL3B,open,95,0.6785714285714286,83.75
2020_run_16,2020,16,CLA,closed,128,0.9142857142857143,125.0
2020_run_16,2020,16,DPSK,closed,129,0.9214285714285714,126.25
2020_run_16,2020,16,GPT,closed,136,0.9714285714285714,135.0
2020_run_16,2020,16,GROK,closed,133,0.95,131.25
2020_run_16,2020,16,MG4B,open,107,0.7642857142857142,98.75
2020_run_16,2020,16,MG4Bq4,quantized,103,0.7357142857142858,93.75
2020_run_16,2020,16,MG4Bq6,quantized,105,0.75,96.25
2020_run_16,2020,16,MG4Bq8,quantized,111,0.7928571428571428,103.75
2020_run_16,2020,16,MSTRL,closed,123,0.8785714285714286,118.75
2020_run_16,2020,16,MT8B,open,88,0.6285714285714286,75.0
2020_run_16,2020,16,MT8Bq4,quantized,91,0.65,78.75
2020_run_16,2020,16,MT8Bq6,quantized,89,0.6357142857142857,76.25
2020_run_16,2020,16,MT8Bq8,quantized,88,0.6285714285714286,75.0
2020_run_16,2020,16,Q1_7B,open,72,0.5142857142857142,55.0
2020_run_16,2020,16,Q4B,open,103,0.7357142857142858,93.75
2020_run_16,2020,16,Q8B,open,99,0.7071428571428572,88.75
2020_run_16,2020,16,QWEN,closed,132,0.9428571428571428,130.0
2020_run_16,2020,16,mSTRL3B,open,96,0.6857142857142857,85.0
2020_run_17,2020,17,CLA,closed,131,0.9357142857142857,128.75
2020_run_17,2020,17,DPSK,closed,132,0.9428571428571428,130.0
2020_run_17,2020,17,GPT,closed,136,0.9714285714285714,135.0
2020_run_17,2020,17,GROK,closed,134,0.9571428571428572,132.5
2020_run_17,2020,17,MG4B,open,112,0.8,105.0
2020_run_17,2020,17,MG4Bq4,quantized,106,0.7571428571428571,97.5
2020_run_17,2020,17,MG4Bq6,quantized,111,0.7928571428571428,103.75
2020_run_17,2020,17,MG4Bq8,quantized,110,0.7857142857142857,102.5
2020_run_17,2020,17,MSTRL,closed,126,0.9,122.5
2020_run_17,2020,17,MT8B,open,89,0.6357142857142857,76.25
2020_run_17,2020,17,MT8Bq4,quantized,88,0.6285714285714286,75.0
2020_run_17,2020,17,MT8Bq6,quantized,97,0.6928571428571428,86.25
2020_run_17,2020,17,MT8Bq8,quantized,86,0.6142857142857143,72.5
2020_run_17,2020,17,Q1_7B,open,64,0.45714285714285713,45.0
2020_run_17,2020,17,Q4B,open,102,0.7285714285714285,92.5
2020_run_17,2020,17,Q8B,open,104,0.7428571428571429,95.0
2020_run_17,2020,17,QWEN,closed,133,0.95,131.25
2020_run_17,2020,17,mSTRL3B,open,96,0.6857142857142857,85.0
2020_run_18,2020,18,CLA,closed,128,0.9142857142857143,125.0
2020_run_18,2020,18,DPSK,closed,128,0.9142857142857143,125.0
2020_run_18,2020,18,GPT,closed,138,0.9857142857142858,137.5
2020_run_18,2020,18,GROK,closed,133,0.95,131.25
2020_run_18,2020,18,MG4B,open,113,0.8071428571428572,106.25
2020_run_18,2020,18,MG4Bq4,quantized,112,0.8,105.0
2020_run_18,2020,18,MG4Bq6,quantized,111,0.7928571428571428,103.75
2020_run_18,2020,18,MG4Bq8,quantized,107,0.7642857142857142,98.75
2020_run_18,2020,18,MSTRL,closed,123,0.8785714285714286,118.75
2020_run_18,2020,18,MT8B,open,99,0.7071428571428572,88.75
2020_run_18,2020,18,MT8Bq4,quantized,88,0.6285714285714286,75.0
2020_run_18,2020,18,MT8Bq6,quantized,86,0.6142857142857143,72.5
2020_run_18,2020,18,MT8Bq8,quantized,95,0.6785714285714286,83.75
2020_run_18,2020,18,Q1_7B,open,74,0.5285714285714286,57.5
2020_run_18,2020,18,Q4B,open,103,0.7357142857142858,93.75
2020_run_18,2020,18,Q8B,open,104,0.7428571428571429,95.0
2020_run_18,2020,18,QWEN,closed,133,0.95,131.25
2020_run_18,2020,18,mSTRL3B,open,85,0.6071428571428571,71.25
2020_run_19,2020,19,CLA,closed,125,0.8928571428571429,121.25
2020_run_19,2020,19,DPSK,closed,127,0.9071428571428571,123.75
2020_run_19,2020,19,GPT,closed,136,0.9714285714285714,135.0
2020_run_19,2020,19,GROK,closed,133,0.95,131.25
2020_run_19,2020,19,MG4B,open,112,0.8,105.0
2020_run_19,2020,19,MG4Bq4,quantized,116,0.8285714285714286,110.0
2020_run_19,2020,19,MG4Bq6,quantized,108,0.7714285714285715,100.0
2020_run_19,2020,19,MG4Bq8,quantized,111,0.7928571428571428,103.75
2020_run_19,2020,19,MSTRL,closed,122,0.8714285714285714,117.5
2020_run_19,2020,19,MT8B,open,95,0.6785714285714286,83.75
2020_run_19,2020,19,MT8Bq4,quantized,91,0.65,78.75
2020_run_19,2020,19,MT8Bq6,quantized,95,0.6785714285714286,83.75
2020_run_19,2020,19,MT8Bq8,quantized,87,0.6214285714285714,73.75
2020_run_19,2020,19,Q1_7B,open,66,0.4714285714285714,47.5
2020_run_19,2020,19,Q4B,open,101,0.7214285714285714,91.25
2020_run_19,2020,19,Q8B,open,104,0.7428571428571429,95.0
2020_run_19,2020,19,QWEN,closed,132,0.9428571428571428,130.0
2020_run_19,2020,19,mSTRL3B,open,95,0.6785714285714286,83.75
2020_run_20,2020,20,CLA,closed,122,0.8714285714285714,117.5
2020_run_20,2020,20,DPSK,closed,127,0.9071428571428571,123.75
2020_run_20,2020,20,GPT,closed,137,0.9785714285714285,136.25
2020_run_20,2020,20,GROK,closed,136,0.9714285714285714,135.0
2020_run_20,2020,20,MG4B,open,110,0.7857142857142857,102.5
2020_run_20,2020,20,MG4Bq4,quantized,110,0.7857142857142857,102.5
2020_run_20,2020,20,MG4Bq6,quantized,106,0.7571428571428571,97.5
2020_run_20,2020,20,MG4Bq8,quantized,114,0.8142857142857143,107.5
2020_run_20,2020,20,MSTRL,closed,120,0.8571428571428571,115.0
2020_run_20,2020,20,MT8B,open,95,0.6785714285714286,83.75
2020_run_20,2020,20,MT8Bq4,quantized,83,0.5928571428571429,68.75
2020_run_20,2020,20,MT8Bq6,quantized,92,0.6571428571428571,80.0
2020_run_20,2020,20,MT8Bq8,quantized,90,0.6428571428571429,77.5
2020_run_20,2020,20,Q1_7B,open,71,0.5071428571428571,53.75
2020_run_20,2020,20,Q4B,open,104,0.7428571428571429,95.0
2020_run_20,2020,20,Q8B,open,105,0.75,96.25
2020_run_20,2020,20,QWEN,closed,131,0.9357142857142857,128.75
2020_run_20,2020,20,mSTRL3B,open,97,0.6928571428571428,86.25
2020_run_21,2020,21,CLA,closed,126,0.9,122.5
2020_run_21,2020,21,DPSK,closed,130,0.9285714285714286,127.5
2020_run_21,2020,21,GPT,closed,137,0.9785714285714285,136.25
2020_run_21,2020,21,GROK,closed,133,0.95,131.25
2020_run_21,2020,21,MG4B,open,109,0.7785714285714286,101.25
2020_run_21,2020,21,MG4Bq4,quantized,107,0.7642857142857142,98.75
2020_run_21,2020,21,MG4Bq6,quantized,109,0.7785714285714286,101.25
2020_run_21,2020,21,MG4Bq8,quantized,109,0.7785714285714286,101.25
2020_run_21,2020,21,MSTRL,closed,125,0.8928571428571429,121.25
2020_run_21,2020,21,MT8B,open,87,0.6214285714285714,73.75
2020_run_21,2020,21,MT8Bq4,quantized,84,0.6,70.0
2020_run_21,2020,21,MT8Bq6,quantized,89,0.6357142857142857,76.25
2020_run_21,2020,21,MT8Bq8,quantized,89,0.6357142857142857,76.25
2020_run_21,2020,21,Q1_7B,open,68,0.4857142857142857,50.0
2020_run_21,2020,21,Q4B,open,103,0.7357142857142858,93.75
2020_run_21,2020,21,Q8B,open,107,0.7642857142857142,98.75
2020_run_21,2020,21,QWEN,closed,130,0.9285714285714286,127.5
2020_run_21,2020,21,mSTRL3B,open,98,0.7,87.5
2020_run_22,2020,22,CLA,closed,127,0.9071428571428571,123.75
2020_run_22,2020,22,DPSK,closed,132,0.9428571428571428,130.0
2020_run_22,2020,22,GPT,closed,137,0.9785714285714285,136.25
2020_run_22,2020,22,GROK,closed,136,0.9714285714285714,135.0
2020_run_22,2020,22,MG4B,open,104,0.7428571428571429,95.0
2020_run_22,2020,22,MG4Bq4,quantized,111,0.7928571428571428,103.75
2020_run_22,2020,22,MG4Bq6,quantized,110,0.7857142857142857,102.5
2020_run_22,2020,22,MG4Bq8,quantized,111,0.7928571428571428,103.75
2020_run_22,2020,22,MSTRL,closed,124,0.8857142857142857,120.0
2020_run_22,2020,22,MT8B,open,88,0.6285714285714286,75.0
2020_run_22,2020,22,MT8Bq4,quantized,89,0.6357142857142857,76.25
2020_run_22,2020,22,MT8Bq6,quantized,88,0.6285714285714286,75.0
2020_run_22,2020,22,MT8Bq8,quantized,90,0.6428571428571429,77.5
2020_run_22,2020,22,Q1_7B,open,81,0.5785714285714286,66.25
2020_run_22,2020,22,Q4B,open,100,0.7142857142857143,90.0
2020_run_22,2020,22,Q8B,open,104,0.7428571428571429,95.0
2020_run_22,2020,22,QWEN,closed,131,0.9357142857142857,128.75
2020_run_22,2020,22,mSTRL3B,open,97,0.6928571428571428,86.25
2020_run_23,2020,23,CLA,closed,127,0.9071428571428571,123.75
2020_run_23,2020,23,DPSK,closed,124,0.8857142857142857,120.0
2020_run_23,2020,23,GPT,closed,136,0.9714285714285714,135.0
2020_run_23,2020,23,GROK,closed,132,0.9428571428571428,130.0
2020_run_23,2020,23,MG4B,open,111,0.7928571428571428,103.75
2020_run_23,2020,23,MG4Bq4,quantized,108,0.7714285714285715,100.0
2020_run_23,2020,23,MG4Bq6,quantized,105,0.75,96.25
2020_run_23,2020,23,MG4Bq8,quantized,109,0.7785714285714286,101.25
2020_run_23,2020,23,MSTRL,closed,120,0.8571428571428571,115.0
2020_run_23,2020,23,MT8B,open,94,0.6714285714285714,82.5
2020_run_23,2020,23,MT8Bq4,quantized,93,0.6642857142857143,81.25
2020_run_23,2020,23,MT8Bq6,quantized,85,0.6071428571428571,71.25
2020_run_23,2020,23,MT8Bq8,quantized,93,0.6642857142857143,81.25
2020_run_23,2020,23,Q1_7B,open,64,0.45714285714285713,45.0
2020_run_23,2020,23,Q4B,open,106,0.7571428571428571,97.5
2020_run_23,2020,23,Q8B,open,105,0.75,96.25
2020_run_23,2020,23,QWEN,closed,127,0.9071428571428571,123.75
2020_run_23,2020,23,mSTRL3B,open,95,0.6785714285714286,83.75
2020_run_24,2020,24,CLA,closed,131,0.9357142857142857,128.75
2020_run_24,2020,24,DPSK,closed,128,0.9142857142857143,125.0
2020_run_24,2020,24,GPT,closed,134,0.9571428571428572,132.5
2020_run_24,2020,24,GROK,closed,134,0.9571428571428572,132.5
2020_run_24,2020,24,MG4B,open,111,0.7928571428571428,103.75
2020_run_24,2020,24,MG4Bq4,quantized,108,0.7714285714285715,100.0
2020_run_24,2020,24,MG4Bq6,quantized,102,0.7285714285714285,92.5
2020_run_24,2020,24,MG4Bq8,quantized,113,0.8071428571428572,106.25
2020_run_24,2020,24,MSTRL,closed,121,0.8642857142857143,116.25
2020_run_24,2020,24,MT8B,open,91,0.65,78.75
2020_run_24,2020,24,MT8Bq4,quantized,89,0.6357142857142857,76.25
2020_run_24,2020,24,MT8Bq6,quantized,93,0.6642857142857143,81.25
2020_run_24,2020,24,MT8Bq8,quantized,93,0.6642857142857143,81.25
2020_run_24,2020,24,Q1_7B,open,70,0.5,52.5
2020_run_24,2020,24,Q4B,open,100,0.7142857142857143,90.0
2020_run_24,2020,24,Q8B,open,104,0.7428571428571429,95.0
2020_run_24,2020,24,QWEN,closed,131,0.9357142857142857,128.75
2020_run_24,2020,24,mSTRL3B,open,99,0.7071428571428572,88.75
2020_run_25,2020,25,CLA,closed,133,0.95,131.25
2020_run_25,2020,25,DPSK,closed,128,0.9142857142857143,125.0
2020_run_25,2020,25,GPT,closed,135,0.9642857142857143,133.75
2020_run_25,2020,25,GROK,closed,133,0.95,131.25
2020_run_25,2020,25,MG4B,open,110,0.7857142857142857,102.5
2020_run_25,2020,25,MG4Bq4,quantized,103,0.7357142857142858,93.75
2020_run_25,2020,25,MG4Bq6,quantized,110,0.7857142857142857,102.5
2020_run_25,2020,25,MG4Bq8,quantized,111,0.7928571428571428,103.75
2020_run_25,2020,25,MSTRL,closed,123,0.8785714285714286,118.75
2020_run_25,2020,25,MT8B,open,87,0.6214285714285714,73.75
2020_run_25,2020,25,MT8Bq4,quantized,90,0.6428571428571429,77.5
2020_run_25,2020,25,MT8Bq6,quantized,83,0.5928571428571429,68.75
2020_run_25,2020,25,MT8Bq8,quantized,97,0.6928571428571428,86.25
2020_run_25,2020,25,Q1_7B,open,63,0.45,43.75
2020_run_25,2020,25,Q4B,open,100,0.7142857142857143,90.0
2020_run_25,2020,25,Q8B,open,101,0.7214285714285714,91.25
2020_run_25,2020,25,QWEN,closed,133,0.95,131.25
2020_run_25,2020,25,mSTRL3B,open,99,0.7071428571428572,88.75
2020_run_26,2020,26,CLA,closed,122,0.8714285714285714,117.5
2020_run_26,2020,26,DPSK,closed,127,0.9071428571428571,123.75
2020_run_26,2020,26,GPT,closed,135,0.9642857142857143,133.75
2020_run_26,2020,26,GROK,closed,133,0.95,131.25
2020_run_26,2020,26,MG4B,open,117,0.8357142857142857,111.25
2020_run_26,2020,26,MG4Bq4,quantized,111,0.7928571428571428,103.75
2020_run_26,2020,26,MG4Bq6,quantized,109,0.7785714285714286,101.25
2020_run_26,2020,26,MG4Bq8,quantized,109,0.7785714285714286,101.25
2020_run_26,2020,26,MSTRL,closed,120,0.8571428571428571,115.0
2020_run_26,2020,26,MT8B,open,88,0.6285714285714286,75.0
2020_run_26,2020,26,MT8Bq4,quantized,92,0.6571428571428571,80.0
2020_run_26,2020,26,MT8Bq6,quantized,94,0.6714285714285714,82.5
2020_run_26,2020,26,MT8Bq8,quantized,88,0.6285714285714286,75.0
2020_run_26,2020,26,Q1_7B,open,69,0.4928571428571429,51.25
2020_run_26,2020,26,Q4B,open,100,0.7142857142857143,90.0
2020_run_26,2020,26,Q8B,open,104,0.7428571428571429,95.0
2020_run_26,2020,26,QWEN,closed,132,0.9428571428571428,130.0
2020_run_26,2020,26,mSTRL3B,open,103,0.7357142857142858,93.75
2020_run_27,2020,27,CLA,closed,131,0.9357142857142857,128.75
2020_run_27,2020,27,DPSK,closed,129,0.9214285714285714,126.25
2020_run_27,2020,27,GPT,closed,136,0.9714285714285714,135.0
2020_run_27,2020,27,GROK,closed,134,0.9571428571428572,132.5
2020_run_27,2020,27,MG4B,open,109,0.7785714285714286,101.25
2020_run_27,2020,27,MG4Bq4,quantized,104,0.7428571428571429,95.0
2020_run_27,2020,27,MG4Bq6,quantized,115,0.8214285714285714,108.75
2020_run_27,2020,27,MG4Bq8,quantized,109,0.7785714285714286,101.25
2020_run_27,2020,27,MSTRL,closed,124,0.8857142857142857,120.0
2020_run_27,2020,27,MT8B,open,93,0.6642857142857143,81.25
2020_run_27,2020,27,MT8Bq4,quantized,90,0.6428571428571429,77.5
2020_run_27,2020,27,MT8Bq6,quantized,92,0.6571428571428571,80.0
2020_run_27,2020,27,MT8Bq8,quantized,89,0.6357142857142857,76.25
2020_run_27,2020,27,Q1_7B,open,66,0.4714285714285714,47.5
2020_run_27,2020,27,Q4B,open,101,0.7214285714285714,91.25
2020_run_27,2020,27,Q8B,open,105,0.75,96.25
2020_run_27,2020,27,QWEN,closed,130,0.9285714285714286,127.5
2020_run_27,2020,27,mSTRL3B,open,101,0.7214285714285714,91.25
2020_run_28,2020,28,CLA,closed,128,0.9142857142857143,125.0
2020_run_28,2020,28,DPSK,closed,129,0.9214285714285714,126.25
2020_run_28,2020,28,GPT,closed,137,0.9785714285714285,136.25
2020_run_28,2020,28,GROK,closed,134,0.9571428571428572,132.5
2020_run_28,2020,28,MG4B,open,111,0.7928571428571428,103.75
2020_run_28,2020,28,MG4Bq4,quantized,112,0.8,105.0
2020_run_28,2020,28,MG4Bq6,quantized,112,0.8,105.0
2020_run_28,2020,28,MG4Bq8,quantized,115,0.8214285714285714,108.75
2020_run_28,2020,28,MSTRL,closed,121,0.8642857142857143,116.25
2020_run_28,2020,28,MT8B,open,91,0.65,78.75
2020_run_28,2020,28,MT8Bq4,quantized,90,0.6428571428571429,77.5
2020_run_28,2020,28,MT8Bq6,quantized,97,0.6928571428571428,86.25
2020_run_28,2020,28,MT8Bq8,quantized,92,0.6571428571428571,80.0
2020_run_28,2020,28,Q1_7B,open,64,0.45714285714285713,45.0
2020_run_28,2020,28,Q4B,open,100,0.7142857142857143,90.0
2020_run_28,2020,28,Q8B,open,104,0.7428571428571429,95.0
2020_run_28,2020,28,QWEN,closed,134,0.9571428571428572,132.5
2020_run_28,2020,28,mSTRL3B,open,100,0.7142857142857143,90.0
2020_run_29,2020,29,CLA,closed,128,0.9142857142857143,125.0
2020_run_29,2020,29,DPSK,closed,125,0.8928571428571429,121.25
2020_run_29,2020,29,GPT,closed,138,0.9857142857142858,137.5
2020_run_29,2020,29,GROK,closed,136,0.9714285714285714,135.0
2020_run_29,2020,29,MG4B,open,108,0.7714285714285715,100.0
2020_run_29,2020,29,MG4Bq4,quantized,110,0.7857142857142857,102.5
2020_run_29,2020,29,MG4Bq6,quantized,103,0.7357142857142858,93.75
2020_run_29,2020,29,MG4Bq8,quantized,110,0.7857142857142857,102.5
2020_run_29,2020,29,MSTRL,closed,121,0.8642857142857143,116.25
2020_run_29,2020,29,MT8B,open,90,0.6428571428571429,77.5
2020_run_29,2020,29,MT8Bq4,quantized,95,0.6785714285714286,83.75
2020_run_29,2020,29,MT8Bq6,quantized,85,0.6071428571428571,71.25
2020_run_29,2020,29,MT8Bq8,quantized,85,0.6071428571428571,71.25
2020_run_29,2020,29,Q1_7B,open,66,0.4714285714285714,47.5
2020_run_29,2020,29,Q4B,open,109,0.7785714285714286,101.25
2020_run_29,2020,29,Q8B,open,106,0.7571428571428571,97.5
2020_run_29,2020,29,QWEN,closed,135,0.9642857142857143,133.75
2020_run_29,2020,29,mSTRL3B,open,97,0.6928571428571428,86.25
2020_run_30,2020,30,CLA,closed,126,0.9,122.5
2020_run_30,2020,30,DPSK,closed,132,0.9428571428571428,130.0
2020_run_30,2020,30,GPT,closed,136,0.9714285714285714,135.0
2020_run_30,2020,30,GROK,closed,133,0.95,131.25
2020_run_30,2020,30,MG4B,open,110,0.7857142857142857,102.5
2020_run_30,2020,30,MG4Bq4,quantized,105,0.75,96.25
2020_run_30,2020,30,MG4Bq6,quantized,109,0.7785714285714286,101.25
2020_run_30,2020,30,MG4Bq8,quantized,114,0.8142857142857143,107.5
2020_run_30,2020,30,MSTRL,closed,123,0.8785714285714286,118.75
2020_run_30,2020,30,MT8B,open,95,0.6785714285714286,83.75
2020_run_30,2020,30,MT8Bq4,quantized,90,0.6428571428571429,77.5
2020_run_30,2020,30,MT8Bq6,quantized,89,0.6357142857142857,76.25
2020_run_30,2020,30,MT8Bq8,quantized,92,0.6571428571428571,80.0
2020_run_30,2020,30,Q1_7B,open,69,0.4928571428571429,51.25
2020_run_30,2020,30,Q4B,open,104,0.7428571428571429,95.0
2020_run_30,2020,30,Q8B,open,102,0.7285714285714285,92.5
2020_run_30,2020,30,QWEN,closed,131,0.9357142857142857,128.75
2020_run_30,2020,30,mSTRL3B,open,101,0.7214285714285714,91.25
2020_run_31,2020,31,CLA,closed,128,0.9142857142857143,125.0
2020_run_31,2020,31,DPSK,closed,127,0.9071428571428571,123.75
2020_run_31,2020,31,GPT,closed,138,0.9857142857142858,137.5
2020_run_31,2020,31,GROK,closed,134,0.9571428571428572,132.5
2020_run_31,2020,31,MG4B,open,111,0.7928571428571428,103.75
2020_run_31,2020,31,MG4Bq4,quantized,111,0.7928571428571428,103.75
2020_run_31,2020,31,MG4Bq6,quantized,113,0.8071428571428572,106.25
2020_run_31,2020,31,MG4Bq8,quantized,102,0.7285714285714285,92.5
2020_run_31,2020,31,MSTRL,closed,123,0.8785714285714286,118.75
2020_run_31,2020,31,MT8B,open,87,0.6214285714285714,73.75
2020_run_31,2020,31,MT8Bq4,quantized,85,0.6071428571428571,71.25
2020_run_31,2020,31,MT8Bq6,quantized,92,0.6571428571428571,80.0
2020_run_31,2020,31,MT8Bq8,quantized,90,0.6428571428571429,77.5
2020_run_31,2020,31,Q1_7B,open,63,0.45,43.75
2020_run_31,2020,31,Q4B,open,104,0.7428571428571429,95.0
2020_run_31,2020,31,Q8B,open,101,0.7214285714285714,91.25
2020_run_31,2020,31,QWEN,closed,133,0.95,131.25
2020_run_31,2020,31,mSTRL3B,open,105,0.75,96.25
2020_run_32,2020,32,CLA,closed,131,0.9357142857142857,128.75
2020_run_32,2020,32,DPSK,closed,132,0.9428571428571428,130.0
2020_run_32,2020,32,GPT,closed,137,0.9785714285714285,136.25
2020_run_32,2020,32,GROK,closed,134,0.9571428571428572,132.5
2020_run_32,2020,32,MG4B,open,116,0.8285714285714286,110.0
2020_run_32,2020,32,MG4Bq4,quantized,109,0.7785714285714286,101.25
2020_run_32,2020,32,MG4Bq6,quantized,101,0.7214285714285714,91.25
2020_run_32,2020,32,MG4Bq8,quantized,113,0.8071428571428572,106.25
2020_run_32,2020,32,MSTRL,closed,123,0.8785714285714286,118.75
2020_run_32,2020,32,MT8B,open,93,0.6642857142857143,81.25
2020_run_32,2020,32,MT8Bq4,quantized,95,0.6785714285714286,83.75
2020_run_32,2020,32,MT8Bq6,quantized,86,0.6142857142857143,72.5
2020_run_32,2020,32,MT8Bq8,quantized,89,0.6357142857142857,76.25
2020_run_32,2020,32,Q1_7B,open,65,0.4642857142857143,46.25
2020_run_32,2020,32,Q4B,open,102,0.7285714285714285,92.5
2020_run_32,2020,32,Q8B,open,99,0.7071428571428572,88.75
2020_run_32,2020,32,QWEN,closed,131,0.9357142857142857,128.75
2020_run_32,2020,32,mSTRL3B,open,94,0.6714285714285714,82.5
2020_run_33,2020,33,CLA,closed,128,0.9142857142857143,125.0
2020_run_33,2020,33,DPSK,closed,129,0.9214285714285714,126.25
2020_run_33,2020,33,GPT,closed,135,0.9642857142857143,133.75
2020_run_33,2020,33,GROK,closed,134,0.9571428571428572,132.5
2020_run_33,2020,33,MG4B,open,102,0.7285714285714285,92.5
2020_run_33,2020,33,MG4Bq4,quantized,103,0.7357142857142858,93.75
2020_run_33,2020,33,MG4Bq6,quantized,101,0.7214285714285714,91.25
2020_run_33,2020,33,MG4Bq8,quantized,106,0.7571428571428571,97.5
2020_run_33,2020,33,MSTRL,closed,122,0.8714285714285714,117.5
2020_run_33,2020,33,MT8B,open,91,0.65,78.75
2020_run_33,2020,33,MT8Bq4,quantized,84,0.6,70.0
2020_run_33,2020,33,MT8Bq6,quantized,92,0.6571428571428571,80.0
2020_run_33,2020,33,MT8Bq8,quantized,86,0.6142857142857143,72.5
2020_run_33,2020,33,Q1_7B,open,63,0.45,43.75
2020_run_33,2020,33,Q4B,open,101,0.7214285714285714,91.25
2020_run_33,2020,33,Q8B,open,102,0.7285714285714285,92.5
2020_run_33,2020,33,QWEN,closed,132,0.9428571428571428,130.0
2020_run_33,2020,33,mSTRL3B,open,97,0.6928571428571428,86.25
2020_run_34,2020,34,CLA,closed,128,0.9142857142857143,125.0
2020_run_34,2020,34,DPSK,closed,125,0.8928571428571429,121.25
2020_run_34,2020,34,GPT,closed,137,0.9785714285714285,136.25
2020_run_34,2020,34,GROK,closed,133,0.95,131.25
2020_run_34,2020,34,MG4B,open,110,0.7857142857142857,102.5
2020_run_34,2020,34,MG4Bq4,quantized,105,0.75,96.25
2020_run_34,2020,34,MG4Bq6,quantized,110,0.7857142857142857,102.5
2020_run_34,2020,34,MG4Bq8,quantized,114,0.8142857142857143,107.5
2020_run_34,2020,34,MSTRL,closed,124,0.8857142857142857,120.0
2020_run_34,2020,34,MT8B,open,88,0.6285714285714286,75.0
2020_run_34,2020,34,MT8Bq4,quantized,91,0.65,78.75
2020_run_34,2020,34,MT8Bq6,quantized,88,0.6285714285714286,75.0
2020_run_34,2020,34,MT8Bq8,quantized,92,0.6571428571428571,80.0
2020_run_34,2020,34,Q1_7B,open,69,0.4928571428571429,51.25
2020_run_34,2020,34,Q4B,open,101,0.7214285714285714,91.25
2020_run_34,2020,34,Q8B,open,106,0.7571428571428571,97.5
2020_run_34,2020,34,QWEN,closed,132,0.9428571428571428,130.0
2020_run_34,2020,34,mSTRL3B,open,91,0.65,78.75
2020_run_35,2020,35,CLA,closed,128,0.9142857142857143,125.0
2020_run_35,2020,35,DPSK,closed,130,0.9285714285714286,127.5
2020_run_35,2020,35,GPT,closed,135,0.9642857142857143,133.75
2020_run_35,2020,35,GROK,closed,133,0.95,131.25
2020_run_35,2020,35,MG4B,open,103,0.7357142857142858,93.75
2020_run_35,2020,35,MG4Bq4,quantized,113,0.8071428571428572,106.25
2020_run_35,2020,35,MG4Bq6,quantized,108,0.7714285714285715,100.0
2020_run_35,2020,35,MG4Bq8,quantized,109,0.7785714285714286,101.25
2020_run_35,2020,35,MSTRL,closed,117,0.8357142857142857,111.25
2020_run_35,2020,35,MT8B,open,94,0.6714285714285714,82.5
2020_run_35,2020,35,MT8Bq4,quantized,91,0.65,78.75
2020_run_35,2020,35,MT8Bq6,quantized,90,0.6428571428571429,77.5
2020_run_35,2020,35,MT8Bq8,quantized,93,0.6642857142857143,81.25
2020_run_35,2020,35,Q1_7B,open,68,0.4857142857142857,50.0
2020_run_35,2020,35,Q4B,open,101,0.7214285714285714,91.25
2020_run_35,2020,35,Q8B,open,101,0.7214285714285714,91.25
2020_run_35,2020,35,QWEN,closed,131,0.9357142857142857,128.75
2020_run_35,2020,35,mSTRL3B,open,101,0.7214285714285714,91.25
2020_run_36,2020,36,CLA,closed,129,0.9214285714285714,126.25
2020_run_36,2020,36,DPSK,closed,130,0.9285714285714286,127.5
2020_run_36,2020,36,GPT,closed,134,0.9571428571428572,132.5
2020_run_36,2020,36,GROK,closed,135,0.9642857142857143,133.75
2020_run_36,2020,36,MG4B,open,112,0.8,105.0
2020_run_36,2020,36,MG4Bq4,quantized,106,0.7571428571428571,97.5
2020_run_36,2020,36,MG4Bq6,quantized,104,0.7428571428571429,95.0
2020_run_36,2020,36,MG4Bq8,quantized,113,0.8071428571428572,106.25
2020_run_36,2020,36,MSTRL,closed,119,0.85,113.75
2020_run_36,2020,36,MT8B,open,92,0.6571428571428571,80.0
2020_run_36,2020,36,MT8Bq4,quantized,87,0.6214285714285714,73.75
2020_run_36,2020,36,MT8Bq6,quantized,94,0.6714285714285714,82.5
2020_run_36,2020,36,MT8Bq8,quantized,94,0.6714285714285714,82.5
2020_run_36,2020,36,Q1_7B,open,68,0.4857142857142857,50.0
2020_run_36,2020,36,Q4B,open,102,0.7285714285714285,92.5
2020_run_36,2020,36,Q8B,open,108,0.7714285714285715,100.0
2020_run_36,2020,36,QWEN,closed,133,0.95,131.25
2020_run_36,2020,36,mSTRL3B,open,98,0.7,87.5
2020_run_37,2020,37,CLA,closed,126,0.9,122.5
2020_run_37,2020,37,DPSK,closed,127,0.9071428571428571,123.75
2020_run_37,2020,37,GPT,closed,136,0.9714285714285714,135.0
2020_run_37,2020,37,GROK,closed,133,0.95,131.25
2020_run_37,2020,37,MG4B,open,111,0.7928571428571428,103.75
2020_run_37,2020,37,MG4Bq4,quantized,113,0.8071428571428572,106.25
2020_run_37,2020,37,MG4Bq6,quantized,115,0.8214285714285714,108.75
2020_run_37,2020,37,MG4Bq8,quantized,113,0.8071428571428572,106.25
2020_run_37,2020,37,MSTRL,closed,124,0.8857142857142857,120.0
2020_run_37,2020,37,MT8B,open,90,0.6428571428571429,77.5
2020_run_37,2020,37,MT8Bq4,quantized,88,0.6285714285714286,75.0
2020_run_37,2020,37,MT8Bq6,quantized,88,0.6285714285714286,75.0
2020_run_37,2020,37,MT8Bq8,quantized,94,0.6714285714285714,82.5
2020_run_37,2020,37,Q1_7B,open,63,0.45,43.75
2020_run_37,2020,37,Q4B,open,101,0.7214285714285714,91.25
2020_run_37,2020,37,Q8B,open,104,0.7428571428571429,95.0
2020_run_37,2020,37,QWEN,closed,132,0.9428571428571428,130.0
2020_run_37,2020,37,mSTRL3B,open,99,0.7071428571428572,88.75
2020_run_38,2020,38,CLA,closed,127,0.9071428571428571,123.75
2020_run_38,2020,38,DPSK,closed,126,0.9,122.5
2020_run_38,2020,38,GPT,closed,137,0.9785714285714285,136.25
2020_run_38,2020,38,GROK,closed,135,0.9642857142857143,133.75
2020_run_38,2020,38,MG4B,open,109,0.7785714285714286,101.25
2020_run_38,2020,38,MG4Bq4,quantized,110,0.7857142857142857,102.5
2020_run_38,2020,38,MG4Bq6,quantized,104,0.7428571428571429,95.0
2020_run_38,2020,38,MG4Bq8,quantized,110,0.7857142857142857,102.5
2020_run_38,2020,38,MSTRL,closed,122,0.8714285714285714,117.5
2020_run_38,2020,38,MT8B,open,89,0.6357142857142857,76.25
2020_run_38,2020,38,MT8Bq4,quantized,88,0.6285714285714286,75.0
2020_run_38,2020,38,MT8Bq6,quantized,92,0.6571428571428571,80.0
2020_run_38,2020,38,MT8Bq8,quantized,85,0.6071428571428571,71.25
2020_run_38,2020,38,Q1_7B,open,65,0.4642857142857143,46.25
2020_run_38,2020,38,Q4B,open,107,0.7642857142857142,98.75
2020_run_38,2020,38,Q8B,open,108,0.7714285714285715,100.0
2020_run_38,2020,38,QWEN,closed,129,0.9214285714285714,126.25
2020_run_38,2020,38,mSTRL3B,open,99,0.7071428571428572,88.75
2020_run_39,2020,39,CLA,closed,129,0.9214285714285714,126.25
2020_run_39,2020,39,DPSK,closed,127,0.9071428571428571,123.75
2020_run_39,2020,39,GPT,closed,137,0.9785714285714285,136.25
2020_run_39,2020,39,GROK,closed,135,0.9642857142857143,133.75
2020_run_39,2020,39,MG4B,open,113,0.8071428571428572,106.25
2020_run_39,2020,39,MG4Bq4,quantized,109,0.7785714285714286,101.25
2020_run_39,2020,39,MG4Bq6,quantized,111,0.7928571428571428,103.75
2020_run_39,2020,39,MG4Bq8,quantized,109,0.7785714285714286,101.25
2020_run_39,2020,39,MSTRL,closed,123,0.8785714285714286,118.75
2020_run_39,2020,39,MT8B,open,88,0.6285714285714286,75.0
2020_run_39,2020,39,MT8Bq4,quantized,94,0.6714285714285714,82.5
2020_run_39,2020,39,MT8Bq6,quantized,87,0.6214285714285714,73.75
2020_run_39,2020,39,MT8Bq8,quantized,86,0.6142857142857143,72.5
2020_run_39,2020,39,Q1_7B,open,70,0.5,52.5
2020_run_39,2020,39,Q4B,open,100,0.7142857142857143,90.0
2020_run_39,2020,39,Q8B,open,107,0.7642857142857142,98.75
2020_run_39,2020,39,QWEN,closed,130,0.9285714285714286,127.5
2020_run_39,2020,39,mSTRL3B,open,98,0.7,87.5
2020_run_40,2020,40,CLA,closed,132,0.9428571428571428,130.0
2020_run_40,2020,40,DPSK,closed,129,0.9214285714285714,126.25
2020_run_40,2020,40,GPT,closed,137,0.9785714285714285,136.25
2020_run_40,2020,40,GROK,closed,135,0.9642857142857143,133.75
2020_run_40,2020,40,MG4B,open,109,0.7785714285714286,101.25
2020_run_40,2020,40,MG4Bq4,quantized,107,0.7642857142857142,98.75
2020_run_40,2020,40,MG4Bq6,quantized,111,0.7928571428571428,103.75
2020_run_40,2020,40,MG4Bq8,quantized,111,0.7928571428571428,103.75
2020_run_40,2020,40,MSTRL,closed,119,0.85,113.75
2020_run_40,2020,40,MT8B,open,93,0.6642857142857143,81.25
2020_run_40,2020,40,MT8Bq4,quantized,86,0.6142857142857143,72.5
2020_run_40,2020,40,MT8Bq6,quantized,91,0.65,78.75
2020_run_40,2020,40,MT8Bq8,quantized,87,0.6214285714285714,73.75
2020_run_40,2020,40,Q1_7B,open,67,0.4785714285714286,48.75
2020_run_40,2020,40,Q4B,open,101,0.7214285714285714,91.25
2020_run_40,2020,40,Q8B,open,104,0.7428571428571429,95.0
2020_run_40,2020,40,QWEN,closed,131,0.9357142857142857,128.75
2020_run_40,2020,40,mSTRL3B,open,98,0.7,87.5
2020_run_41,2020,41,CLA,closed,127,0.9071428571428571,123.75
2020_run_41,2020,41,DPSK,closed,129,0.9214285714285714,126.25
2020_run_41,2020,41,GPT,closed,137,0.9785714285714285,136.25
2020_run_41,2020,41,GROK,closed,135,0.9642857142857143,133.75
2020_run_41,2020,41,MG4B,open,111,0.7928571428571428,103.75
2020_run_41,2020,41,MG4Bq4,quantized,109,0.7785714285714286,101.25
2020_run_41,2020,41,MG4Bq6,quantized,108,0.7714285714285715,100.0
2020_run_41,2020,41,MG4Bq8,quantized,121,0.8642857142857143,116.25
2020_run_41,2020,41,MSTRL,closed,123,0.8785714285714286,118.75
2020_run_41,2020,41,MT8B,open,90,0.6428571428571429,77.5
2020_run_41,2020,41,MT8Bq4,quantized,85,0.6071428571428571,71.25
2020_run_41,2020,41,MT8Bq6,quantized,90,0.6428571428571429,77.5
2020_run_41,2020,41,MT8Bq8,quantized,92,0.6571428571428571,80.0
2020_run_41,2020,41,Q1_7B,open,70,0.5,52.5
2020_run_41,2020,41,Q4B,open,98,0.7,87.5
2020_run_41,2020,41,Q8B,open,100,0.7142857142857143,90.0
2020_run_41,2020,41,QWEN,closed,131,0.9357142857142857,128.75
2020_run_41,2020,41,mSTRL3B,open,101,0.7214285714285714,91.25
2020_run_42,2020,42,CLA,closed,126,0.9,122.5
2020_run_42,2020,42,DPSK,closed,131,0.9357142857142857,128.75
2020_run_42,2020,42,GPT,closed,136,0.9714285714285714,135.0
2020_run_42,2020,42,GROK,closed,133,0.95,131.25
2020_run_42,2020,42,MG4B,open,111,0.7928571428571428,103.75
2020_run_42,2020,42,MG4Bq4,quantized,107,0.7642857142857142,98.75
2020_run_42,2020,42,MG4Bq6,quantized,102,0.7285714285714285,92.5
2020_run_42,2020,42,MG4Bq8,quantized,109,0.7785714285714286,101.25
2020_run_42,2020,42,MSTRL,closed,122,0.8714285714285714,117.5
2020_run_42,2020,42,MT8B,open,93,0.6642857142857143,81.25
2020_run_42,2020,42,MT8Bq4,quantized,87,0.6214285714285714,73.75
2020_run_42,2020,42,MT8Bq6,quantized,90,0.6428571428571429,77.5
2020_run_42,2020,42,MT8Bq8,quantized,86,0.6142857142857143,72.5
2020_run_42,2020,42,Q1_7B,open,65,0.4642857142857143,46.25
2020_run_42,2020,42,Q4B,open,104,0.7428571428571429,95.0
2020_run_42,2020,42,Q8B,open,103,0.7357142857142858,93.75
2020_run_42,2020,42,QWEN,closed,132,0.9428571428571428,130.0
2020_run_42,2020,42,mSTRL3B,open,97,0.6928571428571428,86.25
2020_run_43,2020,43,CLA,closed,128,0.9142857142857143,125.0
2020_run_43,2020,43,DPSK,closed,130,0.9285714285714286,127.5
2020_run_43,2020,43,GPT,closed,137,0.9785714285714285,136.25
2020_run_43,2020,43,GROK,closed,132,0.9428571428571428,130.0
2020_run_43,2020,43,MG4B,open,111,0.7928571428571428,103.75
2020_run_43,2020,43,MG4Bq4,quantized,111,0.7928571428571428,103.75
2020_run_43,2020,43,MG4Bq6,quantized,109,0.7785714285714286,101.25
2020_run_43,2020,43,MG4Bq8,quantized,108,0.7714285714285715,100.0
2020_run_43,2020,43,MSTRL,closed,117,0.8357142857142857,111.25
2020_run_43,2020,43,MT8B,open,88,0.6285714285714286,75.0
2020_run_43,2020,43,MT8Bq4,quantized,89,0.6357142857142857,76.25
2020_run_43,2020,43,MT8Bq6,quantized,86,0.6142857142857143,72.5
2020_run_43,2020,43,MT8Bq8,quantized,91,0.65,78.75
2020_run_43,2020,43,Q1_7B,open,67,0.4785714285714286,48.75
2020_run_43,2020,43,Q4B,open,104,0.7428571428571429,95.0
2020_run_43,2020,43,Q8B,open,101,0.7214285714285714,91.25
2020_run_43,2020,43,QWEN,closed,132,0.9428571428571428,130.0
2020_run_43,2020,43,mSTRL3B,open,95,0.6785714285714286,83.75
2020_run_44,2020,44,CLA,closed,127,0.9071428571428571,123.75
2020_run_44,2020,44,DPSK,closed,129,0.9214285714285714,126.25
2020_run_44,2020,44,GPT,closed,137,0.9785714285714285,136.25
2020_run_44,2020,44,GROK,closed,134,0.9571428571428572,132.5
2020_run_44,2020,44,MG4B,open,111,0.7928571428571428,103.75
2020_run_44,2020,44,MG4Bq4,quantized,106,0.7571428571428571,97.5
2020_run_44,2020,44,MG4Bq6,quantized,110,0.7857142857142857,102.5
2020_run_44,2020,44,MG4Bq8,quantized,107,0.7642857142857142,98.75
2020_run_44,2020,44,MSTRL,closed,117,0.8357142857142857,111.25
2020_run_44,2020,44,MT8B,open,89,0.6357142857142857,76.25
2020_run_44,2020,44,MT8Bq4,quantized,88,0.6285714285714286,75.0
2020_run_44,2020,44,MT8Bq6,quantized,91,0.65,78.75
2020_run_44,2020,44,MT8Bq8,quantized,91,0.65,78.75
2020_run_44,2020,44,Q1_7B,open,74,0.5285714285714286,57.5
2020_run_44,2020,44,Q4B,open,99,0.7071428571428572,88.75
2020_run_44,2020,44,Q8B,open,102,0.7285714285714285,92.5
2020_run_44,2020,44,QWEN,closed,132,0.9428571428571428,130.0
2020_run_44,2020,44,mSTRL3B,open,97,0.6928571428571428,86.25
2020_run_45,2020,45,CLA,closed,124,0.8857142857142857,120.0
2020_run_45,2020,45,DPSK,closed,126,0.9,122.5
2020_run_45,2020,45,GPT,closed,137,0.9785714285714285,136.25
2020_run_45,2020,45,GROK,closed,133,0.95,131.25
2020_run_45,2020,45,MG4B,open,111,0.7928571428571428,103.75
2020_run_45,2020,45,MG4Bq4,quantized,107,0.7642857142857142,98.75
2020_run_45,2020,45,MG4Bq6,quantized,110,0.7857142857142857,102.5
2020_run_45,2020,45,MG4Bq8,quantized,117,0.8357142857142857,111.25
2020_run_45,2020,45,MSTRL,closed,120,0.8571428571428571,115.0
2020_run_45,2020,45,MT8B,open,89,0.6357142857142857,76.25
2020_run_45,2020,45,MT8Bq4,quantized,87,0.6214285714285714,73.75
2020_run_45,2020,45,MT8Bq6,quantized,91,0.65,78.75
2020_run_45,2020,45,MT8Bq8,quantized,89,0.6357142857142857,76.25
2020_run_45,2020,45,Q1_7B,open,65,0.4642857142857143,46.25
2020_run_45,2020,45,Q4B,open,102,0.7285714285714285,92.5
2020_run_45,2020,45,Q8B,open,101,0.7214285714285714,91.25
2020_run_45,2020,45,QWEN,closed,129,0.9214285714285714,126.25
2020_run_45,2020,45,mSTRL3B,open,95,0.6785714285714286,83.75
2020_run_46,2020,46,CLA,closed,130,0.9285714285714286,127.5
2020_run_46,2020,46,DPSK,closed,127,0.9071428571428571,123.75
2020_run_46,2020,46,GPT,closed,136,0.9714285714285714,135.0
2020_run_46,2020,46,GROK,closed,135,0.9642857142857143,133.75
2020_run_46,2020,46,MG4B,open,110,0.7857142857142857,102.5
2020_run_46,2020,46,MG4Bq4,quantized,111,0.7928571428571428,103.75
2020_run_46,2020,46,MG4Bq6,quantized,109,0.7785714285714286,101.25
2020_run_46,2020,46,MG4Bq8,quantized,107,0.7642857142857142,98.75
2020_run_46,2020,46,MSTRL,closed,126,0.9,122.5
2020_run_46,2020,46,MT8B,open,87,0.6214285714285714,73.75
2020_run_46,2020,46,MT8Bq4,quantized,90,0.6428571428571429,77.5
2020_run_46,2020,46,MT8Bq6,quantized,89,0.6357142857142857,76.25
2020_run_46,2020,46,MT8Bq8,quantized,88,0.6285714285714286,75.0
2020_run_46,2020,46,Q1_7B,open,66,0.4714285714285714,47.5
2020_run_46,2020,46,Q4B,open,99,0.7071428571428572,88.75
2020_run_46,2020,46,Q8B,open,97,0.6928571428571428,86.25
2020_run_46,2020,46,QWEN,closed,133,0.95,131.25
2020_run_46,2020,46,mSTRL3B,open,93,0.6642857142857143,81.25
2020_run_47,2020,47,CLA,closed,125,0.8928571428571429,121.25
2020_run_47,2020,47,DPSK,closed,132,0.9428571428571428,130.0
2020_run_47,2020,47,GPT,closed,137,0.9785714285714285,136.25
2020_run_47,2020,47,GROK,closed,134,0.9571428571428572,132.5
2020_run_47,2020,47,MG4B,open,110,0.7857142857142857,102.5
2020_run_47,2020,47,MG4Bq4,quantized,105,0.75,96.25
2020_run_47,2020,47,MG4Bq6,quantized,114,0.8142857142857143,107.5
2020_run_47,2020,47,MG4Bq8,quantized,107,0.7642857142857142,98.75
2020_run_47,2020,47,MSTRL,closed,120,0.8571428571428571,115.0
2020_run_47,2020,47,MT8B,open,96,0.6857142857142857,85.0
2020_run_47,2020,47,MT8Bq4,quantized,88,0.6285714285714286,75.0
2020_run_47,2020,47,MT8Bq6,quantized,94,0.6714285714285714,82.5
2020_run_47,2020,47,MT8Bq8,quantized,92,0.6571428571428571,80.0
2020_run_47,2020,47,Q1_7B,open,78,0.5571428571428572,62.5
2020_run_47,2020,47,Q4B,open,98,0.7,87.5
2020_run_47,2020,47,Q8B,open,105,0.75,96.25
2020_run_47,2020,47,QWEN,closed,127,0.9071428571428571,123.75
2020_run_47,2020,47,mSTRL3B,open,97,0.6928571428571428,86.25
2020_run_48,2020,48,CLA,closed,127,0.9071428571428571,123.75
2020_run_48,2020,48,DPSK,closed,124,0.8857142857142857,120.0
2020_run_48,2020,48,GPT,closed,136,0.9714285714285714,135.0
2020_run_48,2020,48,GROK,closed,134,0.9571428571428572,132.5
2020_run_48,2020,48,MG4B,open,109,0.7785714285714286,101.25
2020_run_48,2020,48,MG4Bq4,quantized,106,0.7571428571428571,97.5
2020_run_48,2020,48,MG4Bq6,quantized,108,0.7714285714285715,100.0
2020_run_48,2020,48,MG4Bq8,quantized,109,0.7785714285714286,101.25
2020_run_48,2020,48,MSTRL,closed,122,0.8714285714285714,117.5
2020_run_48,2020,48,MT8B,open,100,0.7142857142857143,90.0
2020_run_48,2020,48,MT8Bq4,quantized,91,0.65,78.75
2020_run_48,2020,48,MT8Bq6,quantized,88,0.6285714285714286,75.0
2020_run_48,2020,48,MT8Bq8,quantized,89,0.6357142857142857,76.25
2020_run_48,2020,48,Q1_7B,open,69,0.4928571428571429,51.25
2020_run_48,2020,48,Q4B,open,105,0.75,96.25
2020_run_48,2020,48,Q8B,open,107,0.7642857142857142,98.75
2020_run_48,2020,48,QWEN,closed,133,0.95,131.25
2020_run_48,2020,48,mSTRL3B,open,97,0.6928571428571428,86.25
2020_run_49,2020,49,CLA,closed,130,0.9285714285714286,127.5
2020_run_49,2020,49,DPSK,closed,129,0.9214285714285714,126.25
2020_run_49,2020,49,GPT,closed,135,0.9642857142857143,133.75
2020_run_49,2020,49,GROK,closed,134,0.9571428571428572,132.5
2020_run_49,2020,49,MG4B,open,106,0.7571428571428571,97.5
2020_run_49,2020,49,MG4Bq4,quantized,108,0.7714285714285715,100.0
2020_run_49,2020,49,MG4Bq6,quantized,108,0.7714285714285715,100.0
2020_run_49,2020,49,MG4Bq8,quantized,111,0.7928571428571428,103.75
2020_run_49,2020,49,MSTRL,closed,122,0.8714285714285714,117.5
2020_run_49,2020,49,MT8B,open,92,0.6571428571428571,80.0
2020_run_49,2020,49,MT8Bq4,quantized,87,0.6214285714285714,73.75
2020_run_49,2020,49,MT8Bq6,quantized,93,0.6642857142857143,81.25
2020_run_49,2020,49,MT8Bq8,quantized,95,0.6785714285714286,83.75
2020_run_49,2020,49,Q1_7B,open,64,0.45714285714285713,45.0
2020_run_49,2020,49,Q4B,open,103,0.7357142857142858,93.75
2020_run_49,2020,49,Q8B,open,104,0.7428571428571429,95.0
2020_run_49,2020,49,QWEN,closed,132,0.9428571428571428,130.0
2020_run_49,2020,49,mSTRL3B,open,102,0.7285714285714285,92.5
2020_run_50,2020,50,CLA,closed,130,0.9285714285714286,127.5
2020_run_50,2020,50,DPSK,closed,125,0.8928571428571429,121.25
2020_run_50,2020,50,GPT,closed,137,0.9785714285714285,136.25
2020_run_50,2020,50,GROK,closed,131,0.9357142857142857,128.75
2020_run_50,2020,50,MG4B,open,113,0.8071428571428572,106.25
2020_run_50,2020,50,MG4Bq4,quantized,108,0.7714285714285715,100.0
2020_run_50,2020,50,MG4Bq6,quantized,104,0.7428571428571429,95.0
2020_run_50,2020,50,MG4Bq8,quantized,114,0.8142857142857143,107.5
2020_run_50,2020,50,MSTRL,closed,121,0.8642857142857143,116.25
2020_run_50,2020,50,MT8B,open,93,0.6642857142857143,81.25
2020_run_50,2020,50,MT8Bq4,quantized,86,0.6142857142857143,72.5
2020_run_50,2020,50,MT8Bq6,quantized,99,0.7071428571428572,88.75
2020_run_50,2020,50,MT8Bq8,quantized,92,0.6571428571428571,80.0
2020_run_50,2020,50,Q1_7B,open,75,0.5357142857142857,58.75
2020_run_50,2020,50,Q4B,open,102,0.7285714285714285,92.5
2020_run_50,2020,50,Q8B,open,106,0.7571428571428571,97.5
2020_run_50,2020,50,QWEN,closed,130,0.9285714285714286,127.5
2020_run_50,2020,50,mSTRL3B,open,97,0.6928571428571428,86.25
2021_run_1,2021,1,CLA,closed,126,0.9,122.5
2021_run_1,2021,1,DPSK,closed,128,0.9142857142857143,125.0
2021_run_1,2021,1,GPT,closed,137,0.9785714285714285,136.25
2021_run_1,2021,1,GROK,closed,136,0.9714285714285714,135.0
2021_run_1,2021,1,MG4B,open,106,0.7571428571428571,97.5
2021_run_1,2021,1,MG4Bq4,quantized,100,0.7142857142857143,90.0
2021_run_1,2021,1,MG4Bq6,quantized,105,0.75,96.25
2021_run_1,2021,1,MG4Bq8,quantized,110,0.7857142857142857,102.5
2021_run_1,2021,1,MSTRL,closed,131,0.9357142857142857,128.75
2021_run_1,2021,1,MT8B,open,87,0.6214285714285714,73.75
2021_run_1,2021,1,MT8Bq4,quantized,89,0.6357142857142857,76.25
2021_run_1,2021,1,MT8Bq6,quantized,90,0.6428571428571429,77.5
2021_run_1,2021,1,MT8Bq8,quantized,91,0.65,78.75
2021_run_1,2021,1,Q1_7B,open,69,0.4928571428571429,51.25
2021_run_1,2021,1,Q4B,open,106,0.7571428571428571,97.5
2021_run_1,2021,1,Q8B,open,110,0.7857142857142857,102.5
2021_run_1,2021,1,QWEN,closed,137,0.9785714285714285,136.25
2021_run_1,2021,1,mSTRL3B,open,94,0.6714285714285714,82.5
2021_run_2,2021,2,CLA,closed,133,0.95,131.25
2021_run_2,2021,2,DPSK,closed,127,0.9071428571428571,123.75
2021_run_2,2021,2,GPT,closed,138,0.9857142857142858,137.5
2021_run_2,2021,2,GROK,closed,135,0.9642857142857143,133.75
2021_run_2,2021,2,MG4B,open,109,0.7785714285714286,101.25
2021_run_2,2021,2,MG4Bq4,quantized,109,0.7785714285714286,101.25
2021_run_2,2021,2,MG4Bq6,quantized,104,0.7428571428571429,95.0
2021_run_2,2021,2,MG4Bq8,quantized,110,0.7857142857142857,102.5
2021_run_2,2021,2,MSTRL,closed,128,0.9142857142857143,125.0
2021_run_2,2021,2,MT8B,open,92,0.6571428571428571,80.0
2021_run_2,2021,2,MT8Bq4,quantized,87,0.6214285714285714,73.75
2021_run_2,2021,2,MT8Bq6,quantized,92,0.6571428571428571,80.0
2021_run_2,2021,2,MT8Bq8,quantized,89,0.6357142857142857,76.25
2021_run_2,2021,2,Q1_7B,open,72,0.5142857142857142,55.0
2021_run_2,2021,2,Q4B,open,114,0.8142857142857143,107.5
2021_run_2,2021,2,Q8B,open,112,0.8,105.0
2021_run_2,2021,2,QWEN,closed,137,0.9785714285714285,136.25
2021_run_2,2021,2,mSTRL3B,open,97,0.6928571428571428,86.25
2021_run_3,2021,3,CLA,closed,130,0.9285714285714286,127.5
2021_run_3,2021,3,DPSK,closed,132,0.9428571428571428,130.0
2021_run_3,2021,3,GPT,closed,137,0.9785714285714285,136.25
2021_run_3,2021,3,GROK,closed,138,0.9857142857142858,137.5
2021_run_3,2021,3,MG4B,open,111,0.7928571428571428,103.75
2021_run_3,2021,3,MG4Bq4,quantized,108,0.7714285714285715,100.0
2021_run_3,2021,3,MG4Bq6,quantized,102,0.7285714285714285,92.5
2021_run_3,2021,3,MG4Bq8,quantized,110,0.7857142857142857,102.5
2021_run_3,2021,3,MSTRL,closed,128,0.9142857142857143,125.0
2021_run_3,2021,3,MT8B,open,87,0.6214285714285714,73.75
2021_run_3,2021,3,MT8Bq4,quantized,89,0.6357142857142857,76.25
2021_run_3,2021,3,MT8Bq6,quantized,88,0.6285714285714286,75.0
2021_run_3,2021,3,MT8Bq8,quantized,92,0.6571428571428571,80.0
2021_run_3,2021,3,Q1_7B,open,62,0.44285714285714284,42.5
2021_run_3,2021,3,Q4B,open,108,0.7714285714285715,100.0
2021_run_3,2021,3,Q8B,open,110,0.7857142857142857,102.5
2021_run_3,2021,3,QWEN,closed,139,0.9928571428571429,138.75
2021_run_3,2021,3,mSTRL3B,open,103,0.7357142857142858,93.75
2021_run_4,2021,4,CLA,closed,130,0.9285714285714286,127.5
2021_run_4,2021,4,DPSK,closed,130,0.9285714285714286,127.5
2021_run_4,2021,4,GPT,closed,138,0.9857142857142858,137.5
2021_run_4,2021,4,GROK,closed,138,0.9857142857142858,137.5
2021_run_4,2021,4,MG4B,open,109,0.7785714285714286,101.25
2021_run_4,2021,4,MG4Bq4,quantized,107,0.7642857142857142,98.75
2021_run_4,2021,4,MG4Bq6,quantized,103,0.7357142857142858,93.75
2021_run_4,2021,4,MG4Bq8,quantized,106,0.7571428571428571,97.5
2021_run_4,2021,4,MSTRL,closed,131,0.9357142857142857,128.75
2021_run_4,2021,4,MT8B,open,84,0.6,70.0
2021_run_4,2021,4,MT8Bq4,quantized,92,0.6571428571428571,80.0
2021_run_4,2021,4,MT8Bq6,quantized,92,0.6571428571428571,80.0
2021_run_4,2021,4,MT8Bq8,quantized,88,0.6285714285714286,75.0
2021_run_4,2021,4,Q1_7B,open,64,0.45714285714285713,45.0
2021_run_4,2021,4,Q4B,open,110,0.7857142857142857,102.5
2021_run_4,2021,4,Q8B,open,117,0.8357142857142857,111.25
2021_run_4,2021,4,QWEN,closed,137,0.9785714285714285,136.25
2021_run_4,2021,4,mSTRL3B,open,104,0.7428571428571429,95.0
2021_run_5,2021,5,CLA,closed,132,0.9428571428571428,130.0
2021_run_5,2021,5,DPSK,closed,128,0.9142857142857143,125.0
2021_run_5,2021,5,GPT,closed,138,0.9857142857142858,137.5
2021_run_5,2021,5,GROK,closed,139,0.9928571428571429,138.75
2021_run_5,2021,5,MG4B,open,103,0.7357142857142858,93.75
2021_run_5,2021,5,MG4Bq4,quantized,104,0.7428571428571429,95.0
2021_run_5,2021,5,MG4Bq6,quantized,107,0.7642857142857142,98.75
2021_run_5,2021,5,MG4Bq8,quantized,108,0.7714285714285715,100.0
2021_run_5,2021,5,MSTRL,closed,124,0.8857142857142857,120.0
2021_run_5,2021,5,MT8B,open,90,0.6428571428571429,77.5
2021_run_5,2021,5,MT8Bq4,quantized,92,0.6571428571428571,80.0
2021_run_5,2021,5,MT8Bq6,quantized,94,0.6714285714285714,82.5
2021_run_5,2021,5,MT8Bq8,quantized,85,0.6071428571428571,71.25
2021_run_5,2021,5,Q1_7B,open,67,0.4785714285714286,48.75
2021_run_5,2021,5,Q4B,open,106,0.7571428571428571,97.5
2021_run_5,2021,5,Q8B,open,116,0.8285714285714286,110.0
2021_run_5,2021,5,QWEN,closed,138,0.9857142857142858,137.5
2021_run_5,2021,5,mSTRL3B,open,98,0.7,87.5
2021_run_6,2021,6,CLA,closed,131,0.9357142857142857,128.75
2021_run_6,2021,6,DPSK,closed,127,0.9071428571428571,123.75
2021_run_6,2021,6,GPT,closed,137,0.9785714285714285,136.25
2021_run_6,2021,6,GROK,closed,138,0.9857142857142858,137.5
2021_run_6,2021,6,MG4B,open,110,0.7857142857142857,102.5
2021_run_6,2021,6,MG4Bq4,quantized,106,0.7571428571428571,97.5
2021_run_6,2021,6,MG4Bq6,quantized,105,0.75,96.25
2021_run_6,2021,6,MG4Bq8,quantized,106,0.7571428571428571,97.5
2021_run_6,2021,6,MSTRL,closed,129,0.9214285714285714,126.25
2021_run_6,2021,6,MT8B,open,94,0.6714285714285714,82.5
2021_run_6,2021,6,MT8Bq4,quantized,82,0.5857142857142857,67.5
2021_run_6,2021,6,MT8Bq6,quantized,88,0.6285714285714286,75.0
2021_run_6,2021,6,MT8Bq8,quantized,93,0.6642857142857143,81.25
2021_run_6,2021,6,Q1_7B,open,62,0.44285714285714284,42.5
2021_run_6,2021,6,Q4B,open,109,0.7785714285714286,101.25
2021_run_6,2021,6,Q8B,open,111,0.7928571428571428,103.75
2021_run_6,2021,6,QWEN,closed,137,0.9785714285714285,136.25
2021_run_6,2021,6,mSTRL3B,open,96,0.6857142857142857,85.0
2021_run_7,2021,7,CLA,closed,129,0.9214285714285714,126.25
2021_run_7,2021,7,DPSK,closed,128,0.9142857142857143,125.0
2021_run_7,2021,7,GPT,closed,136,0.9714285714285714,135.0
2021_run_7,2021,7,GROK,closed,136,0.9714285714285714,135.0
2021_run_7,2021,7,MG4B,open,108,0.7714285714285715,100.0
2021_run_7,2021,7,MG4Bq4,quantized,103,0.7357142857142858,93.75
2021_run_7,2021,7,MG4Bq6,quantized,105,0.75,96.25
2021_run_7,2021,7,MG4Bq8,quantized,101,0.7214285714285714,91.25
2021_run_7,2021,7,MSTRL,closed,131,0.9357142857142857,128.75
2021_run_7,2021,7,MT8B,open,86,0.6142857142857143,72.5
2021_run_7,2021,7,MT8Bq4,quantized,100,0.7142857142857143,90.0
2021_run_7,2021,7,MT8Bq6,quantized,88,0.6285714285714286,75.0
2021_run_7,2021,7,MT8Bq8,quantized,87,0.6214285714285714,73.75
2021_run_7,2021,7,Q1_7B,open,71,0.5071428571428571,53.75
2021_run_7,2021,7,Q4B,open,106,0.7571428571428571,97.5
2021_run_7,2021,7,Q8B,open,111,0.7928571428571428,103.75
2021_run_7,2021,7,QWEN,closed,137,0.9785714285714285,136.25
2021_run_7,2021,7,mSTRL3B,open,98,0.7,87.5
2021_run_8,2021,8,CLA,closed,131,0.9357142857142857,128.75
2021_run_8,2021,8,DPSK,closed,129,0.9214285714285714,126.25
2021_run_8,2021,8,GPT,closed,138,0.9857142857142858,137.5
2021_run_8,2021,8,GROK,closed,137,0.9785714285714285,136.25
2021_run_8,2021,8,MG4B,open,112,0.8,105.0
2021_run_8,2021,8,MG4Bq4,quantized,101,0.7214285714285714,91.25
2021_run_8,2021,8,MG4Bq6,quantized,111,0.7928571428571428,103.75
2021_run_8,2021,8,MG4Bq8,quantized,104,0.7428571428571429,95.0
2021_run_8,2021,8,MSTRL,closed,131,0.9357142857142857,128.75
2021_run_8,2021,8,MT8B,open,84,0.6,70.0
2021_run_8,2021,8,MT8Bq4,quantized,94,0.6714285714285714,82.5
2021_run_8,2021,8,MT8Bq6,quantized,94,0.6714285714285714,82.5
2021_run_8,2021,8,MT8Bq8,quantized,94,0.6714285714285714,82.5
2021_run_8,2021,8,Q1_7B,open,61,0.4357142857142857,41.25
2021_run_8,2021,8,Q4B,open,107,0.7642857142857142,98.75
2021_run_8,2021,8,Q8B,open,111,0.7928571428571428,103.75
2021_run_8,2021,8,QWEN,closed,138,0.9857142857142858,137.5
2021_run_8,2021,8,mSTRL3B,open,100,0.7142857142857143,90.0
2021_run_9,2021,9,CLA,closed,131,0.9357142857142857,128.75
2021_run_9,2021,9,DPSK,closed,128,0.9142857142857143,125.0
2021_run_9,2021,9,GPT,closed,137,0.9785714285714285,136.25
2021_run_9,2021,9,GROK,closed,136,0.9714285714285714,135.0
2021_run_9,2021,9,MG4B,open,110,0.7857142857142857,102.5
2021_run_9,2021,9,MG4Bq4,quantized,109,0.7785714285714286,101.25
2021_run_9,2021,9,MG4Bq6,quantized,105,0.75,96.25
2021_run_9,2021,9,MG4Bq8,quantized,105,0.75,96.25
2021_run_9,2021,9,MSTRL,closed,129,0.9214285714285714,126.25
2021_run_9,2021,9,MT8B,open,88,0.6285714285714286,75.0
2021_run_9,2021,9,MT8Bq4,quantized,93,0.6642857142857143,81.25
2021_run_9,2021,9,MT8Bq6,quantized,89,0.6357142857142857,76.25
2021_run_9,2021,9,MT8Bq8,quantized,90,0.6428571428571429,77.5
2021_run_9,2021,9,Q1_7B,open,61,0.4357142857142857,41.25
2021_run_9,2021,9,Q4B,open,108,0.7714285714285715,100.0
2021_run_9,2021,9,Q8B,open,114,0.8142857142857143,107.5
2021_run_9,2021,9,QWEN,closed,139,0.9928571428571429,138.75
2021_run_9,2021,9,mSTRL3B,open,107,0.7642857142857142,98.75
2021_run_10,2021,10,CLA,closed,131,0.9357142857142857,128.75
2021_run_10,2021,10,DPSK,closed,127,0.9071428571428571,123.75
2021_run_10,2021,10,GPT,closed,138,0.9857142857142858,137.5
2021_run_10,2021,10,GROK,closed,136,0.9714285714285714,135.0
2021_run_10,2021,10,MG4B,open,109,0.7785714285714286,101.25
2021_run_10,2021,10,MG4Bq4,quantized,108,0.7714285714285715,100.0
2021_run_10,2021,10,MG4Bq6,quantized,102,0.7285714285714285,92.5
2021_run_10,2021,10,MG4Bq8,quantized,110,0.7857142857142857,102.5
2021_run_10,2021,10,MSTRL,closed,132,0.9428571428571428,130.0
2021_run_10,2021,10,MT8B,open,85,0.6071428571428571,71.25
2021_run_10,2021,10,MT8Bq4,quantized,90,0.6428571428571429,77.5
2021_run_10,2021,10,MT8Bq6,quantized,93,0.6642857142857143,81.25
2021_run_10,2021,10,MT8Bq8,quantized,93,0.6642857142857143,81.25
2021_run_10,2021,10,Q1_7B,open,63,0.45,43.75
2021_run_10,2021,10,Q4B,open,108,0.7714285714285715,100.0
2021_run_10,2021,10,Q8B,open,114,0.8142857142857143,107.5
2021_run_10,2021,10,QWEN,closed,137,0.9785714285714285,136.25
2021_run_10,2021,10,mSTRL3B,open,104,0.7428571428571429,95.0
2021_run_11,2021,11,CLA,closed,131,0.9357142857142857,128.75
2021_run_11,2021,11,DPSK,closed,126,0.9,122.5
2021_run_11,2021,11,GPT,closed,138,0.9857142857142858,137.5
2021_run_11,2021,11,GROK,closed,139,0.9928571428571429,138.75
2021_run_11,2021,11,MG4B,open,108,0.7714285714285715,100.0
2021_run_11,2021,11,MG4Bq4,quantized,107,0.7642857142857142,98.75
2021_run_11,2021,11,MG4Bq6,quantized,109,0.7785714285714286,101.25
2021_run_11,2021,11,MG4Bq8,quantized,108,0.7714285714285715,100.0
2021_run_11,2021,11,MSTRL,closed,125,0.8928571428571429,121.25
2021_run_11,2021,11,MT8B,open,89,0.6357142857142857,76.25
2021_run_11,2021,11,MT8Bq4,quantized,87,0.6214285714285714,73.75
2021_run_11,2021,11,MT8Bq6,quantized,86,0.6142857142857143,72.5
2021_run_11,2021,11,MT8Bq8,quantized,88,0.6285714285714286,75.0
2021_run_11,2021,11,Q1_7B,open,66,0.4714285714285714,47.5
2021_run_11,2021,11,Q4B,open,116,0.8285714285714286,110.0
2021_run_11,2021,11,Q8B,open,110,0.7857142857142857,102.5
2021_run_11,2021,11,QWEN,closed,139,0.9928571428571429,138.75
2021_run_11,2021,11,mSTRL3B,open,104,0.7428571428571429,95.0
2021_run_12,2021,12,CLA,closed,122,0.8714285714285714,117.5
2021_run_12,2021,12,DPSK,closed,127,0.9071428571428571,123.75
2021_run_12,2021,12,GPT,closed,139,0.9928571428571429,138.75
2021_run_12,2021,12,GROK,closed,134,0.9571428571428572,132.5
2021_run_12,2021,12,MG4B,open,108,0.7714285714285715,100.0
2021_run_12,2021,12,MG4Bq4,quantized,110,0.7857142857142857,102.5
2021_run_12,2021,12,MG4Bq6,quantized,105,0.75,96.25
2021_run_12,2021,12,MG4Bq8,quantized,107,0.7642857142857142,98.75
2021_run_12,2021,12,MSTRL,closed,130,0.9285714285714286,127.5
2021_run_12,2021,12,MT8B,open,96,0.6857142857142857,85.0
2021_run_12,2021,12,MT8Bq4,quantized,89,0.6357142857142857,76.25
2021_run_12,2021,12,MT8Bq6,quantized,99,0.7071428571428572,88.75
2021_run_12,2021,12,MT8Bq8,quantized,91,0.65,78.75
2021_run_12,2021,12,Q1_7B,open,74,0.5285714285714286,57.5
2021_run_12,2021,12,Q4B,open,110,0.7857142857142857,102.5
2021_run_12,2021,12,Q8B,open,107,0.7642857142857142,98.75
2021_run_12,2021,12,QWEN,closed,138,0.9857142857142858,137.5
2021_run_12,2021,12,mSTRL3B,open,111,0.7928571428571428,103.75
2021_run_13,2021,13,CLA,closed,130,0.9285714285714286,127.5
2021_run_13,2021,13,DPSK,closed,133,0.95,131.25
2021_run_13,2021,13,GPT,closed,137,0.9785714285714285,136.25
2021_run_13,2021,13,GROK,closed,138,0.9857142857142858,137.5
2021_run_13,2021,13,MG4B,open,112,0.8,105.0
2021_run_13,2021,13,MG4Bq4,quantized,110,0.7857142857142857,102.5
2021_run_13,2021,13,MG4Bq6,quantized,101,0.7214285714285714,91.25
2021_run_13,2021,13,MG4Bq8,quantized,101,0.7214285714285714,91.25
2021_run_13,2021,13,MSTRL,closed,126,0.9,122.5
2021_run_13,2021,13,MT8B,open,92,0.6571428571428571,80.0
2021_run_13,2021,13,MT8Bq4,quantized,94,0.6714285714285714,82.5
2021_run_13,2021,13,MT8Bq6,quantized,93,0.6642857142857143,81.25
2021_run_13,2021,13,MT8Bq8,quantized,93,0.6642857142857143,81.25
2021_run_13,2021,13,Q1_7B,open,68,0.4857142857142857,50.0
2021_run_13,2021,13,Q4B,open,104,0.7428571428571429,95.0
2021_run_13,2021,13,Q8B,open,108,0.7714285714285715,100.0
2021_run_13,2021,13,QWEN,closed,137,0.9785714285714285,136.25
2021_run_13,2021,13,mSTRL3B,open,97,0.6928571428571428,86.25
2021_run_14,2021,14,CLA,closed,129,0.9214285714285714,126.25
2021_run_14,2021,14,DPSK,closed,128,0.9142857142857143,125.0
2021_run_14,2021,14,GPT,closed,137,0.9785714285714285,136.25
2021_run_14,2021,14,GROK,closed,138,0.9857142857142858,137.5
2021_run_14,2021,14,MG4B,open,111,0.7928571428571428,103.75
2021_run_14,2021,14,MG4Bq4,quantized,114,0.8142857142857143,107.5
2021_run_14,2021,14,MG4Bq6,quantized,105,0.75,96.25
2021_run_14,2021,14,MG4Bq8,quantized,103,0.7357142857142858,93.75
2021_run_14,2021,14,MSTRL,closed,129,0.9214285714285714,126.25
2021_run_14,2021,14,MT8B,open,85,0.6071428571428571,71.25
2021_run_14,2021,14,MT8Bq4,quantized,94,0.6714285714285714,82.5
2021_run_14,2021,14,MT8Bq6,quantized,93,0.6642857142857143,81.25
2021_run_14,2021,14,MT8Bq8,quantized,88,0.6285714285714286,75.0
2021_run_14,2021,14,Q1_7B,open,63,0.45,43.75
2021_run_14,2021,14,Q4B,open,109,0.7785714285714286,101.25
2021_run_14,2021,14,Q8B,open,115,0.8214285714285714,108.75
2021_run_14,2021,14,QWEN,closed,138,0.9857142857142858,137.5
2021_run_14,2021,14,mSTRL3B,open,98,0.7,87.5
2021_run_15,2021,15,CLA,closed,128,0.9142857142857143,125.0
2021_run_15,2021,15,DPSK,closed,128,0.9142857142857143,125.0
2021_run_15,2021,15,GPT,closed,138,0.9857142857142858,137.5
2021_run_15,2021,15,GROK,closed,138,0.9857142857142858,137.5
2021_run_15,2021,15,MG4B,open,106,0.7571428571428571,97.5
2021_run_15,2021,15,MG4Bq4,quantized,102,0.7285714285714285,92.5
2021_run_15,2021,15,MG4Bq6,quantized,109,0.7785714285714286,101.25
2021_run_15,2021,15,MG4Bq8,quantized,101,0.7214285714285714,91.25
2021_run_15,2021,15,MSTRL,closed,129,0.9214285714285714,126.25
2021_run_15,2021,15,MT8B,open,88,0.6285714285714286,75.0
2021_run_15,2021,15,MT8Bq4,quantized,90,0.6428571428571429,77.5
2021_run_15,2021,15,MT8Bq6,quantized,89,0.6357142857142857,76.25
2021_run_15,2021,15,MT8Bq8,quantized,85,0.6071428571428571,71.25
2021_run_15,2021,15,Q1_7B,open,62,0.44285714285714284,42.5
2021_run_15,2021,15,Q4B,open,110,0.7857142857142857,102.5
2021_run_15,2021,15,Q8B,open,109,0.7785714285714286,101.25
2021_run_15,2021,15,QWEN,closed,137,0.9785714285714285,136.25
2021_run_15,2021,15,mSTRL3B,open,104,0.7428571428571429,95.0
2021_run_16,2021,16,CLA,closed,128,0.9142857142857143,125.0
2021_run_16,2021,16,DPSK,closed,128,0.9142857142857143,125.0
2021_run_16,2021,16,GPT,closed,137,0.9785714285714285,136.25
2021_run_16,2021,16,GROK,closed,138,0.9857142857142858,137.5
2021_run_16,2021,16,MG4B,open,110,0.7857142857142857,102.5
2021_run_16,2021,16,MG4Bq4,quantized,111,0.7928571428571428,103.75
2021_run_16,2021,16,MG4Bq6,quantized,104,0.7428571428571429,95.0
2021_run_16,2021,16,MG4Bq8,quantized,103,0.7357142857142858,93.75
2021_run_16,2021,16,MSTRL,closed,130,0.9285714285714286,127.5
2021_run_16,2021,16,MT8B,open,92,0.6571428571428571,80.0
2021_run_16,2021,16,MT8Bq4,quantized,86,0.6142857142857143,72.5
2021_run_16,2021,16,MT8Bq6,quantized,88,0.6285714285714286,75.0
2021_run_16,2021,16,MT8Bq8,quantized,92,0.6571428571428571,80.0
2021_run_16,2021,16,Q1_7B,open,73,0.5214285714285715,56.25
2021_run_16,2021,16,Q4B,open,111,0.7928571428571428,103.75
2021_run_16,2021,16,Q8B,open,112,0.8,105.0
2021_run_16,2021,16,QWEN,closed,138,0.9857142857142858,137.5
2021_run_16,2021,16,mSTRL3B,open,100,0.7142857142857143,90.0
2021_run_17,2021,17,CLA,closed,132,0.9428571428571428,130.0
2021_run_17,2021,17,DPSK,closed,129,0.9214285714285714,126.25
2021_run_17,2021,17,GPT,closed,135,0.9642857142857143,133.75
2021_run_17,2021,17,GROK,closed,138,0.9857142857142858,137.5
2021_run_17,2021,17,MG4B,open,115,0.8214285714285714,108.75
2021_run_17,2021,17,MG4Bq4,quantized,110,0.7857142857142857,102.5
2021_run_17,2021,17,MG4Bq6,quantized,103,0.7357142857142858,93.75
2021_run_17,2021,17,MG4Bq8,quantized,105,0.75,96.25
2021_run_17,2021,17,MSTRL,closed,127,0.9071428571428571,123.75
2021_run_17,2021,17,MT8B,open,89,0.6357142857142857,76.25
2021_run_17,2021,17,MT8Bq4,quantized,91,0.65,78.75
2021_run_17,2021,17,MT8Bq6,quantized,92,0.6571428571428571,80.0
2021_run_17,2021,17,MT8Bq8,quantized,96,0.6857142857142857,85.0
2021_run_17,2021,17,Q1_7B,open,61,0.4357142857142857,41.25
2021_run_17,2021,17,Q4B,open,109,0.7785714285714286,101.25
2021_run_17,2021,17,Q8B,open,105,0.75,96.25
2021_run_17,2021,17,QWEN,closed,138,0.9857142857142858,137.5
2021_run_17,2021,17,mSTRL3B,open,103,0.7357142857142858,93.75
2021_run_18,2021,18,CLA,closed,131,0.9357142857142857,128.75
2021_run_18,2021,18,DPSK,closed,131,0.9357142857142857,128.75
2021_run_18,2021,18,GPT,closed,138,0.9857142857142858,137.5
2021_run_18,2021,18,GROK,closed,139,0.9928571428571429,138.75
2021_run_18,2021,18,MG4B,open,112,0.8,105.0
2021_run_18,2021,18,MG4Bq4,quantized,107,0.7642857142857142,98.75
2021_run_18,2021,18,MG4Bq6,quantized,107,0.7642857142857142,98.75
2021_run_18,2021,18,MG4Bq8,quantized,112,0.8,105.0
2021_run_18,2021,18,MSTRL,closed,129,0.9214285714285714,126.25
2021_run_18,2021,18,MT8B,open,92,0.6571428571428571,80.0
2021_run_18,2021,18,MT8Bq4,quantized,92,0.6571428571428571,80.0
2021_run_18,2021,18,MT8Bq6,quantized,94,0.6714285714285714,82.5
2021_run_18,2021,18,MT8Bq8,quantized,97,0.6928571428571428,86.25
2021_run_18,2021,18,Q1_7B,open,64,0.45714285714285713,45.0
2021_run_18,2021,18,Q4B,open,102,0.7285714285714285,92.5
2021_run_18,2021,18,Q8B,open,111,0.7928571428571428,103.75
2021_run_18,2021,18,QWEN,closed,139,0.9928571428571429,138.75
2021_run_18,2021,18,mSTRL3B,open,107,0.7642857142857142,98.75
2021_run_19,2021,19,CLA,closed,131,0.9357142857142857,128.75
2021_run_19,2021,19,DPSK,closed,128,0.9142857142857143,125.0
2021_run_19,2021,19,GPT,closed,138,0.9857142857142858,137.5
2021_run_19,2021,19,GROK,closed,137,0.9785714285714285,136.25
2021_run_19,2021,19,MG4B,open,111,0.7928571428571428,103.75
2021_run_19,2021,19,MG4Bq4,quantized,108,0.7714285714285715,100.0
2021_run_19,2021,19,MG4Bq6,quantized,116,0.8285714285714286,110.0
2021_run_19,2021,19,MG4Bq8,quantized,94,0.6714285714285714,82.5
2021_run_19,2021,19,MSTRL,closed,132,0.9428571428571428,130.0
2021_run_19,2021,19,MT8B,open,88,0.6285714285714286,75.0
2021_run_19,2021,19,MT8Bq4,quantized,88,0.6285714285714286,75.0
2021_run_19,2021,19,MT8Bq6,quantized,86,0.6142857142857143,72.5
2021_run_19,2021,19,MT8Bq8,quantized,94,0.6714285714285714,82.5
2021_run_19,2021,19,Q1_7B,open,58,0.4142857142857143,37.5
2021_run_19,2021,19,Q4B,open,107,0.7642857142857142,98.75
2021_run_19,2021,19,Q8B,open,104,0.7428571428571429,95.0
2021_run_19,2021,19,QWEN,closed,138,0.9857142857142858,137.5
2021_run_19,2021,19,mSTRL3B,open,98,0.7,87.5
2021_run_20,2021,20,CLA,closed,132,0.9428571428571428,130.0
2021_run_20,2021,20,DPSK,closed,134,0.9571428571428572,132.5
2021_run_20,2021,20,GPT,closed,137,0.9785714285714285,136.25
2021_run_20,2021,20,GROK,closed,137,0.9785714285714285,136.25
2021_run_20,2021,20,MG4B,open,110,0.7857142857142857,102.5
2021_run_20,2021,20,MG4Bq4,quantized,105,0.75,96.25
2021_run_20,2021,20,MG4Bq6,quantized,103,0.7357142857142858,93.75
2021_run_20,2021,20,MG4Bq8,quantized,102,0.7285714285714285,92.5
2021_run_20,2021,20,MSTRL,closed,124,0.8857142857142857,120.0
2021_run_20,2021,20,MT8B,open,89,0.6357142857142857,76.25
2021_run_20,2021,20,MT8Bq4,quantized,96,0.6857142857142857,85.0
2021_run_20,2021,20,MT8Bq6,quantized,90,0.6428571428571429,77.5
2021_run_20,2021,20,MT8Bq8,quantized,92,0.6571428571428571,80.0
2021_run_20,2021,20,Q1_7B,open,73,0.5214285714285715,56.25
2021_run_20,2021,20,Q4B,open,109,0.7785714285714286,101.25
2021_run_20,2021,20,Q8B,open,110,0.7857142857142857,102.5
2021_run_20,2021,20,QWEN,closed,139,0.9928571428571429,138.75
2021_run_20,2021,20,mSTRL3B,open,106,0.7571428571428571,97.5
2021_run_21,2021,21,CLA,closed,130,0.9285714285714286,127.5
2021_run_21,2021,21,DPSK,closed,130,0.9285714285714286,127.5
2021_run_21,2021,21,GPT,closed,137,0.9785714285714285,136.25
2021_run_21,2021,21,GROK,closed,138,0.9857142857142858,137.5
2021_run_21,2021,21,MG4B,open,113,0.8071428571428572,106.25
2021_run_21,2021,21,MG4Bq4,quantized,109,0.7785714285714286,101.25
2021_run_21,2021,21,MG4Bq6,quantized,110,0.7857142857142857,102.5
2021_run_21,2021,21,MG4Bq8,quantized,109,0.7785714285714286,101.25
2021_run_21,2021,21,MSTRL,closed,131,0.9357142857142857,128.75
2021_run_21,2021,21,MT8B,open,86,0.6142857142857143,72.5
2021_run_21,2021,21,MT8Bq4,quantized,91,0.65,78.75
2021_run_21,2021,21,MT8Bq6,quantized,93,0.6642857142857143,81.25
2021_run_21,2021,21,MT8Bq8,quantized,89,0.6357142857142857,76.25
2021_run_21,2021,21,Q1_7B,open,68,0.4857142857142857,50.0
2021_run_21,2021,21,Q4B,open,102,0.7285714285714285,92.5
2021_run_21,2021,21,Q8B,open,115,0.8214285714285714,108.75
2021_run_21,2021,21,QWEN,closed,137,0.9785714285714285,136.25
2021_run_21,2021,21,mSTRL3B,open,100,0.7142857142857143,90.0
2021_run_22,2021,22,CLA,closed,129,0.9214285714285714,126.25
2021_run_22,2021,22,DPSK,closed,128,0.9142857142857143,125.0
2021_run_22,2021,22,GPT,closed,138,0.9857142857142858,137.5
2021_run_22,2021,22,GROK,closed,138,0.9857142857142858,137.5
2021_run_22,2021,22,MG4B,open,113,0.8071428571428572,106.25
2021_run_22,2021,22,MG4Bq4,quantized,108,0.7714285714285715,100.0
2021_run_22,2021,22,MG4Bq6,quantized,112,0.8,105.0
2021_run_22,2021,22,MG4Bq8,quantized,107,0.7642857142857142,98.75
2021_run_22,2021,22,MSTRL,closed,130,0.9285714285714286,127.5
2021_run_22,2021,22,MT8B,open,90,0.6428571428571429,77.5
2021_run_22,2021,22,MT8Bq4,quantized,89,0.6357142857142857,76.25
2021_run_22,2021,22,MT8Bq6,quantized,95,0.6785714285714286,83.75
2021_run_22,2021,22,MT8Bq8,quantized,84,0.6,70.0
2021_run_22,2021,22,Q1_7B,open,62,0.44285714285714284,42.5
2021_run_22,2021,22,Q4B,open,109,0.7785714285714286,101.25
2021_run_22,2021,22,Q8B,open,112,0.8,105.0
2021_run_22,2021,22,QWEN,closed,139,0.9928571428571429,138.75
2021_run_22,2021,22,mSTRL3B,open,106,0.7571428571428571,97.5
2021_run_23,2021,23,CLA,closed,135,0.9642857142857143,133.75
2021_run_23,2021,23,DPSK,closed,124,0.8857142857142857,120.0
2021_run_23,2021,23,GPT,closed,136,0.9714285714285714,135.0
2021_run_23,2021,23,GROK,closed,137,0.9785714285714285,136.25
2021_run_23,2021,23,MG4B,open,112,0.8,105.0
2021_run_23,2021,23,MG4Bq4,quantized,96,0.6857142857142857,85.0
2021_run_23,2021,23,MG4Bq6,quantized,111,0.7928571428571428,103.75
2021_run_23,2021,23,MG4Bq8,quantized,112,0.8,105.0
2021_run_23,2021,23,MSTRL,closed,132,0.9428571428571428,130.0
2021_run_23,2021,23,MT8B,open,90,0.6428571428571429,77.5
2021_run_23,2021,23,MT8Bq4,quantized,86,0.6142857142857143,72.5
2021_run_23,2021,23,MT8Bq6,quantized,94,0.6714285714285714,82.5
2021_run_23,2021,23,MT8Bq8,quantized,88,0.6285714285714286,75.0
2021_run_23,2021,23,Q1_7B,open,65,0.4642857142857143,46.25
2021_run_23,2021,23,Q4B,open,108,0.7714285714285715,100.0
2021_run_23,2021,23,Q8B,open,108,0.7714285714285715,100.0
2021_run_23,2021,23,QWEN,closed,136,0.9714285714285714,135.0
2021_run_23,2021,23,mSTRL3B,open,101,0.7214285714285714,91.25
2021_run_24,2021,24,CLA,closed,130,0.9285714285714286,127.5
2021_run_24,2021,24,DPSK,closed,127,0.9071428571428571,123.75
2021_run_24,2021,24,GPT,closed,136,0.9714285714285714,135.0
2021_run_24,2021,24,GROK,closed,138,0.9857142857142858,137.5
2021_run_24,2021,24,MG4B,open,113,0.8071428571428572,106.25
2021_run_24,2021,24,MG4Bq4,quantized,100,0.7142857142857143,90.0
2021_run_24,2021,24,MG4Bq6,quantized,109,0.7785714285714286,101.25
2021_run_24,2021,24,MG4Bq8,quantized,102,0.7285714285714285,92.5
2021_run_24,2021,24,MSTRL,closed,130,0.9285714285714286,127.5
2021_run_24,2021,24,MT8B,open,96,0.6857142857142857,85.0
2021_run_24,2021,24,MT8Bq4,quantized,86,0.6142857142857143,72.5
2021_run_24,2021,24,MT8Bq6,quantized,79,0.5642857142857143,63.75
2021_run_24,2021,24,MT8Bq8,quantized,87,0.6214285714285714,73.75
2021_run_24,2021,24,Q1_7B,open,68,0.4857142857142857,50.0
2021_run_24,2021,24,Q4B,open,111,0.7928571428571428,103.75
2021_run_24,2021,24,Q8B,open,111,0.7928571428571428,103.75
2021_run_24,2021,24,QWEN,closed,138,0.9857142857142858,137.5
2021_run_24,2021,24,mSTRL3B,open,95,0.6785714285714286,83.75
2021_run_25,2021,25,CLA,closed,128,0.9142857142857143,125.0
2021_run_25,2021,25,DPSK,closed,132,0.9428571428571428,130.0
2021_run_25,2021,25,GPT,closed,136,0.9714285714285714,135.0
2021_run_25,2021,25,GROK,closed,137,0.9785714285714285,136.25
2021_run_25,2021,25,MG4B,open,110,0.7857142857142857,102.5
2021_run_25,2021,25,MG4Bq4,quantized,101,0.7214285714285714,91.25
2021_run_25,2021,25,MG4Bq6,quantized,104,0.7428571428571429,95.0
2021_run_25,2021,25,MG4Bq8,quantized,99,0.7071428571428572,88.75
2021_run_25,2021,25,MSTRL,closed,130,0.9285714285714286,127.5
2021_run_25,2021,25,MT8B,open,88,0.6285714285714286,75.0
2021_run_25,2021,25,MT8Bq4,quantized,94,0.6714285714285714,82.5
2021_run_25,2021,25,MT8Bq6,quantized,98,0.7,87.5
2021_run_25,2021,25,MT8Bq8,quantized,88,0.6285714285714286,75.0
2021_run_25,2021,25,Q1_7B,open,67,0.4785714285714286,48.75
2021_run_25,2021,25,Q4B,open,108,0.7714285714285715,100.0
2021_run_25,2021,25,Q8B,open,110,0.7857142857142857,102.5
2021_run_25,2021,25,QWEN,closed,136,0.9714285714285714,135.0
2021_run_25,2021,25,mSTRL3B,open,101,0.7214285714285714,91.25
2021_run_26,2021,26,CLA,closed,127,0.9071428571428571,123.75
2021_run_26,2021,26,DPSK,closed,131,0.9357142857142857,128.75
2021_run_26,2021,26,GPT,closed,135,0.9642857142857143,133.75
2021_run_26,2021,26,GROK,closed,136,0.9714285714285714,135.0
2021_run_26,2021,26,MG4B,open,104,0.7428571428571429,95.0
2021_run_26,2021,26,MG4Bq4,quantized,101,0.7214285714285714,91.25
2021_run_26,2021,26,MG4Bq6,quantized,112,0.8,105.0
2021_run_26,2021,26,MG4Bq8,quantized,105,0.75,96.25
2021_run_26,2021,26,MSTRL,closed,128,0.9142857142857143,125.0
2021_run_26,2021,26,MT8B,open,88,0.6285714285714286,75.0
2021_run_26,2021,26,MT8Bq4,quantized,86,0.6142857142857143,72.5
2021_run_26,2021,26,MT8Bq6,quantized,87,0.6214285714285714,73.75
2021_run_26,2021,26,MT8Bq8,quantized,89,0.6357142857142857,76.25
2021_run_26,2021,26,Q1_7B,open,62,0.44285714285714284,42.5
2021_run_26,2021,26,Q4B,open,110,0.7857142857142857,102.5
2021_run_26,2021,26,Q8B,open,108,0.7714285714285715,100.0
2021_run_26,2021,26,QWEN,closed,137,0.9785714285714285,136.25
2021_run_26,2021,26,mSTRL3B,open,95,0.6785714285714286,83.75
2021_run_27,2021,27,CLA,closed,127,0.9071428571428571,123.75
2021_run_27,2021,27,DPSK,closed,129,0.9214285714285714,126.25
2021_run_27,2021,27,GPT,closed,137,0.9785714285714285,136.25
2021_run_27,2021,27,GROK,closed,138,0.9857142857142858,137.5
2021_run_27,2021,27,MG4B,open,113,0.8071428571428572,106.25
2021_run_27,2021,27,MG4Bq4,quantized,104,0.7428571428571429,95.0
2021_run_27,2021,27,MG4Bq6,quantized,105,0.75,96.25
2021_run_27,2021,27,MG4Bq8,quantized,114,0.8142857142857143,107.5
2021_run_27,2021,27,MSTRL,closed,128,0.9142857142857143,125.0
2021_run_27,2021,27,MT8B,open,93,0.6642857142857143,81.25
2021_run_27,2021,27,MT8Bq4,quantized,88,0.6285714285714286,75.0
2021_run_27,2021,27,MT8Bq6,quantized,92,0.6571428571428571,80.0
2021_run_27,2021,27,MT8Bq8,quantized,92,0.6571428571428571,80.0
2021_run_27,2021,27,Q1_7B,open,68,0.4857142857142857,50.0
2021_run_27,2021,27,Q4B,open,112,0.8,105.0
2021_run_27,2021,27,Q8B,open,113,0.8071428571428572,106.25
2021_run_27,2021,27,QWEN,closed,137,0.9785714285714285,136.25
2021_run_27,2021,27,mSTRL3B,open,103,0.7357142857142858,93.75
2021_run_28,2021,28,CLA,closed,131,0.9357142857142857,128.75
2021_run_28,2021,28,DPSK,closed,129,0.9214285714285714,126.25
2021_run_28,2021,28,GPT,closed,137,0.9785714285714285,136.25
2021_run_28,2021,28,GROK,closed,138,0.9857142857142858,137.5
2021_run_28,2021,28,MG4B,open,106,0.7571428571428571,97.5
2021_run_28,2021,28,MG4Bq4,quantized,102,0.7285714285714285,92.5
2021_run_28,2021,28,MG4Bq6,quantized,103,0.7357142857142858,93.75
2021_run_28,2021,28,MG4Bq8,quantized,106,0.7571428571428571,97.5
2021_run_28,2021,28,MSTRL,closed,127,0.9071428571428571,123.75
2021_run_28,2021,28,MT8B,open,85,0.6071428571428571,71.25
2021_run_28,2021,28,MT8Bq4,quantized,94,0.6714285714285714,82.5
2021_run_28,2021,28,MT8Bq6,quantized,91,0.65,78.75
2021_run_28,2021,28,MT8Bq8,quantized,90,0.6428571428571429,77.5
2021_run_28,2021,28,Q1_7B,open,68,0.4857142857142857,50.0
2021_run_28,2021,28,Q4B,open,106,0.7571428571428571,97.5
2021_run_28,2021,28,Q8B,open,107,0.7642857142857142,98.75
2021_run_28,2021,28,QWEN,closed,136,0.9714285714285714,135.0
2021_run_28,2021,28,mSTRL3B,open,105,0.75,96.25
2021_run_29,2021,29,CLA,closed,133,0.95,131.25
2021_run_29,2021,29,DPSK,closed,133,0.95,131.25
2021_run_29,2021,29,GPT,closed,137,0.9785714285714285,136.25
2021_run_29,2021,29,GROK,closed,138,0.9857142857142858,137.5
2021_run_29,2021,29,MG4B,open,114,0.8142857142857143,107.5
2021_run_29,2021,29,MG4Bq4,quantized,106,0.7571428571428571,97.5
2021_run_29,2021,29,MG4Bq6,quantized,108,0.7714285714285715,100.0
2021_run_29,2021,29,MG4Bq8,quantized,109,0.7785714285714286,101.25
2021_run_29,2021,29,MSTRL,closed,129,0.9214285714285714,126.25
2021_run_29,2021,29,MT8B,open,90,0.6428571428571429,77.5
2021_run_29,2021,29,MT8Bq4,quantized,92,0.6571428571428571,80.0
2021_run_29,2021,29,MT8Bq6,quantized,91,0.65,78.75
2021_run_29,2021,29,MT8Bq8,quantized,87,0.6214285714285714,73.75
2021_run_29,2021,29,Q1_7B,open,69,0.4928571428571429,51.25
2021_run_29,2021,29,Q4B,open,102,0.7285714285714285,92.5
2021_run_29,2021,29,Q8B,open,113,0.8071428571428572,106.25
2021_run_29,2021,29,QWEN,closed,137,0.9785714285714285,136.25
2021_run_29,2021,29,mSTRL3B,open,102,0.7285714285714285,92.5
2021_run_30,2021,30,CLA,closed,132,0.9428571428571428,130.0
2021_run_30,2021,30,DPSK,closed,133,0.95,131.25
2021_run_30,2021,30,GPT,closed,138,0.9857142857142858,137.5
2021_run_30,2021,30,GROK,closed,138,0.9857142857142858,137.5
2021_run_30,2021,30,MG4B,open,111,0.7928571428571428,103.75
2021_run_30,2021,30,MG4Bq4,quantized,110,0.7857142857142857,102.5
2021_run_30,2021,30,MG4Bq6,quantized,112,0.8,105.0
2021_run_30,2021,30,MG4Bq8,quantized,104,0.7428571428571429,95.0
2021_run_30,2021,30,MSTRL,closed,129,0.9214285714285714,126.25
2021_run_30,2021,30,MT8B,open,90,0.6428571428571429,77.5
2021_run_30,2021,30,MT8Bq4,quantized,91,0.65,78.75
2021_run_30,2021,30,MT8Bq6,quantized,88,0.6285714285714286,75.0
2021_run_30,2021,30,MT8Bq8,quantized,95,0.6785714285714286,83.75
2021_run_30,2021,30,Q1_7B,open,72,0.5142857142857142,55.0
2021_run_30,2021,30,Q4B,open,105,0.75,96.25
2021_run_30,2021,30,Q8B,open,115,0.8214285714285714,108.75
2021_run_30,2021,30,QWEN,closed,136,0.9714285714285714,135.0
2021_run_30,2021,30,mSTRL3B,open,104,0.7428571428571429,95.0
2021_run_31,2021,31,CLA,closed,128,0.9142857142857143,125.0
2021_run_31,2021,31,DPSK,closed,131,0.9357142857142857,128.75
2021_run_31,2021,31,GPT,closed,137,0.9785714285714285,136.25
2021_run_31,2021,31,GROK,closed,137,0.9785714285714285,136.25
2021_run_31,2021,31,MG4B,open,108,0.7714285714285715,100.0
2021_run_31,2021,31,MG4Bq4,quantized,103,0.7357142857142858,93.75
2021_run_31,2021,31,MG4Bq6,quantized,107,0.7642857142857142,98.75
2021_run_31,2021,31,MG4Bq8,quantized,107,0.7642857142857142,98.75
2021_run_31,2021,31,MSTRL,closed,130,0.9285714285714286,127.5
2021_run_31,2021,31,MT8B,open,89,0.6357142857142857,76.25
2021_run_31,2021,31,MT8Bq4,quantized,87,0.6214285714285714,73.75
2021_run_31,2021,31,MT8Bq6,quantized,96,0.6857142857142857,85.0
2021_run_31,2021,31,MT8Bq8,quantized,89,0.6357142857142857,76.25
2021_run_31,2021,31,Q1_7B,open,64,0.45714285714285713,45.0
2021_run_31,2021,31,Q4B,open,103,0.7357142857142858,93.75
2021_run_31,2021,31,Q8B,open,107,0.7642857142857142,98.75
2021_run_31,2021,31,QWEN,closed,136,0.9714285714285714,135.0
2021_run_31,2021,31,mSTRL3B,open,104,0.7428571428571429,95.0
2021_run_32,2021,32,CLA,closed,130,0.9285714285714286,127.5
2021_run_32,2021,32,DPSK,closed,130,0.9285714285714286,127.5
2021_run_32,2021,32,GPT,closed,137,0.9785714285714285,136.25
2021_run_32,2021,32,GROK,closed,138,0.9857142857142858,137.5
2021_run_32,2021,32,MG4B,open,110,0.7857142857142857,102.5
2021_run_32,2021,32,MG4Bq4,quantized,102,0.7285714285714285,92.5
2021_run_32,2021,32,MG4Bq6,quantized,107,0.7642857142857142,98.75
2021_run_32,2021,32,MG4Bq8,quantized,110,0.7857142857142857,102.5
2021_run_32,2021,32,MSTRL,closed,124,0.8857142857142857,120.0
2021_run_32,2021,32,MT8B,open,94,0.6714285714285714,82.5
2021_run_32,2021,32,MT8Bq4,quantized,91,0.65,78.75
2021_run_32,2021,32,MT8Bq6,quantized,92,0.6571428571428571,80.0
2021_run_32,2021,32,MT8Bq8,quantized,89,0.6357142857142857,76.25
2021_run_32,2021,32,Q1_7B,open,76,0.5428571428571428,60.0
2021_run_32,2021,32,Q4B,open,108,0.7714285714285715,100.0
2021_run_32,2021,32,Q8B,open,114,0.8142857142857143,107.5
2021_run_32,2021,32,QWEN,closed,136,0.9714285714285714,135.0
2021_run_32,2021,32,mSTRL3B,open,109,0.7785714285714286,101.25
2021_run_33,2021,33,CLA,closed,129,0.9214285714285714,126.25
2021_run_33,2021,33,DPSK,closed,128,0.9142857142857143,125.0
2021_run_33,2021,33,GPT,closed,138,0.9857142857142858,137.5
2021_run_33,2021,33,GROK,closed,136,0.9714285714285714,135.0
2021_run_33,2021,33,MG4B,open,114,0.8142857142857143,107.5
2021_run_33,2021,33,MG4Bq4,quantized,99,0.7071428571428572,88.75
2021_run_33,2021,33,MG4Bq6,quantized,98,0.7,87.5
2021_run_33,2021,33,MG4Bq8,quantized,108,0.7714285714285715,100.0
2021_run_33,2021,33,MSTRL,closed,125,0.8928571428571429,121.25
2021_run_33,2021,33,MT8B,open,92,0.6571428571428571,80.0
2021_run_33,2021,33,MT8Bq4,quantized,93,0.6642857142857143,81.25
2021_run_33,2021,33,MT8Bq6,quantized,84,0.6,70.0
2021_run_33,2021,33,MT8Bq8,quantized,87,0.6214285714285714,73.75
2021_run_33,2021,33,Q1_7B,open,73,0.5214285714285715,56.25
2021_run_33,2021,33,Q4B,open,108,0.7714285714285715,100.0
2021_run_33,2021,33,Q8B,open,109,0.7785714285714286,101.25
2021_run_33,2021,33,QWEN,closed,137,0.9785714285714285,136.25
2021_run_33,2021,33,mSTRL3B,open,103,0.7357142857142858,93.75
2021_run_34,2021,34,CLA,closed,134,0.9571428571428572,132.5
2021_run_34,2021,34,DPSK,closed,128,0.9142857142857143,125.0
2021_run_34,2021,34,GPT,closed,136,0.9714285714285714,135.0
2021_run_34,2021,34,GROK,closed,138,0.9857142857142858,137.5
2021_run_34,2021,34,MG4B,open,101,0.7214285714285714,91.25
2021_run_34,2021,34,MG4Bq4,quantized,102,0.7285714285714285,92.5
2021_run_34,2021,34,MG4Bq6,quantized,108,0.7714285714285715,100.0
2021_run_34,2021,34,MG4Bq8,quantized,104,0.7428571428571429,95.0
2021_run_34,2021,34,MSTRL,closed,132,0.9428571428571428,130.0
2021_run_34,2021,34,MT8B,open,89,0.6357142857142857,76.25
2021_run_34,2021,34,MT8Bq4,quantized,86,0.6142857142857143,72.5
2021_run_34,2021,34,MT8Bq6,quantized,95,0.6785714285714286,83.75
2021_run_34,2021,34,MT8Bq8,quantized,89,0.6357142857142857,76.25
2021_run_34,2021,34,Q1_7B,open,62,0.44285714285714284,42.5
2021_run_34,2021,34,Q4B,open,104,0.7428571428571429,95.0
2021_run_34,2021,34,Q8B,open,111,0.7928571428571428,103.75
2021_run_34,2021,34,QWEN,closed,137,0.9785714285714285,136.25
2021_run_34,2021,34,mSTRL3B,open,101,0.7214285714285714,91.25
2021_run_35,2021,35,CLA,closed,131,0.9357142857142857,128.75
2021_run_35,2021,35,DPSK,closed,127,0.9071428571428571,123.75
2021_run_35,2021,35,GPT,closed,138,0.9857142857142858,137.5
2021_run_35,2021,35,GROK,closed,138,0.9857142857142858,137.5
2021_run_35,2021,35,MG4B,open,112,0.8,105.0
2021_run_35,2021,35,MG4Bq4,quantized,104,0.7428571428571429,95.0
2021_run_35,2021,35,MG4Bq6,quantized,103,0.7357142857142858,93.75
2021_run_35,2021,35,MG4Bq8,quantized,102,0.7285714285714285,92.5
2021_run_35,2021,35,MSTRL,closed,131,0.9357142857142857,128.75
2021_run_35,2021,35,MT8B,open,82,0.5857142857142857,67.5
2021_run_35,2021,35,MT8Bq4,quantized,91,0.65,78.75
2021_run_35,2021,35,MT8Bq6,quantized,91,0.65,78.75
2021_run_35,2021,35,MT8Bq8,quantized,91,0.65,78.75
2021_run_35,2021,35,Q1_7B,open,66,0.4714285714285714,47.5
2021_run_35,2021,35,Q4B,open,106,0.7571428571428571,97.5
2021_run_35,2021,35,Q8B,open,111,0.7928571428571428,103.75
2021_run_35,2021,35,QWEN,closed,137,0.9785714285714285,136.25
2021_run_35,2021,35,mSTRL3B,open,98,0.7,87.5
2021_run_36,2021,36,CLA,closed,130,0.9285714285714286,127.5
2021_run_36,2021,36,DPSK,closed,127,0.9071428571428571,123.75
2021_run_36,2021,36,GPT,closed,136,0.9714285714285714,135.0
2021_run_36,2021,36,GROK,closed,136,0.9714285714285714,135.0
2021_run_36,2021,36,MG4B,open,105,0.75,96.25
2021_run_36,2021,36,MG4Bq4,quantized,105,0.75,96.25
2021_run_36,2021,36,MG4Bq6,quantized,106,0.7571428571428571,97.5
2021_run_36,2021,36,MG4Bq8,quantized,101,0.7214285714285714,91.25
2021_run_36,2021,36,MSTRL,closed,129,0.9214285714285714,126.25
2021_run_36,2021,36,MT8B,open,89,0.6357142857142857,76.25
2021_run_36,2021,36,MT8Bq4,quantized,83,0.5928571428571429,68.75
2021_run_36,2021,36,MT8Bq6,quantized,89,0.6357142857142857,76.25
2021_run_36,2021,36,MT8Bq8,quantized,89,0.6357142857142857,76.25
2021_run_36,2021,36,Q1_7B,open,66,0.4714285714285714,47.5
2021_run_36,2021,36,Q4B,open,113,0.8071428571428572,106.25
2021_run_36,2021,36,Q8B,open,112,0.8,105.0
2021_run_36,2021,36,QWEN,closed,136,0.9714285714285714,135.0
2021_run_36,2021,36,mSTRL3B,open,98,0.7,87.5
2021_run_37,2021,37,CLA,closed,130,0.9285714285714286,127.5
2021_run_37,2021,37,DPSK,closed,127,0.9071428571428571,123.75
2021_run_37,2021,37,GPT,closed,138,0.9857142857142858,137.5
2021_run_37,2021,37,GROK,closed,138,0.9857142857142858,137.5
2021_run_37,2021,37,MG4B,open,112,0.8,105.0
2021_run_37,2021,37,MG4Bq4,quantized,105,0.75,96.25
2021_run_37,2021,37,MG4Bq6,quantized,102,0.7285714285714285,92.5
2021_run_37,2021,37,MG4Bq8,quantized,104,0.7428571428571429,95.0
2021_run_37,2021,37,MSTRL,closed,128,0.9142857142857143,125.0
2021_run_37,2021,37,MT8B,open,89,0.6357142857142857,76.25
2021_run_37,2021,37,MT8Bq4,quantized,92,0.6571428571428571,80.0
2021_run_37,2021,37,MT8Bq6,quantized,91,0.65,78.75
2021_run_37,2021,37,MT8Bq8,quantized,89,0.6357142857142857,76.25
2021_run_37,2021,37,Q1_7B,open,56,0.4,35.0
2021_run_37,2021,37,Q4B,open,111,0.7928571428571428,103.75
2021_run_37,2021,37,Q8B,open,117,0.8357142857142857,111.25
2021_run_37,2021,37,QWEN,closed,139,0.9928571428571429,138.75
2021_run_37,2021,37,mSTRL3B,open,110,0.7857142857142857,102.5
2021_run_38,2021,38,CLA,closed,127,0.9071428571428571,123.75
2021_run_38,2021,38,DPSK,closed,128,0.9142857142857143,125.0
2021_run_38,2021,38,GPT,closed,138,0.9857142857142858,137.5
2021_run_38,2021,38,GROK,closed,135,0.9642857142857143,133.75
2021_run_38,2021,38,MG4B,open,109,0.7785714285714286,101.25
2021_run_38,2021,38,MG4Bq4,quantized,103,0.7357142857142858,93.75
2021_run_38,2021,38,MG4Bq6,quantized,105,0.75,96.25
2021_run_38,2021,38,MG4Bq8,quantized,105,0.75,96.25
2021_run_38,2021,38,MSTRL,closed,129,0.9214285714285714,126.25
2021_run_38,2021,38,MT8B,open,87,0.6214285714285714,73.75
2021_run_38,2021,38,MT8Bq4,quantized,89,0.6357142857142857,76.25
2021_run_38,2021,38,MT8Bq6,quantized,98,0.7,87.5
2021_run_38,2021,38,MT8Bq8,quantized,90,0.6428571428571429,77.5
2021_run_38,2021,38,Q1_7B,open,62,0.44285714285714284,42.5
2021_run_38,2021,38,Q4B,open,107,0.7642857142857142,98.75
2021_run_38,2021,38,Q8B,open,111,0.7928571428571428,103.75
2021_run_38,2021,38,QWEN,closed,139,0.9928571428571429,138.75
2021_run_38,2021,38,mSTRL3B,open,99,0.7071428571428572,88.75
2021_run_39,2021,39,CLA,closed,127,0.9071428571428571,123.75
2021_run_39,2021,39,DPSK,closed,130,0.9285714285714286,127.5
2021_run_39,2021,39,GPT,closed,137,0.9785714285714285,136.25
2021_run_39,2021,39,GROK,closed,136,0.9714285714285714,135.0
2021_run_39,2021,39,MG4B,open,108,0.7714285714285715,100.0
2021_run_39,2021,39,MG4Bq4,quantized,106,0.7571428571428571,97.5
2021_run_39,2021,39,MG4Bq6,quantized,104,0.7428571428571429,95.0
2021_run_39,2021,39,MG4Bq8,quantized,112,0.8,105.0
2021_run_39,2021,39,MSTRL,closed,127,0.9071428571428571,123.75
2021_run_39,2021,39,MT8B,open,93,0.6642857142857143,81.25
2021_run_39,2021,39,MT8Bq4,quantized,89,0.6357142857142857,76.25
2021_run_39,2021,39,MT8Bq6,quantized,93,0.6642857142857143,81.25
2021_run_39,2021,39,MT8Bq8,quantized,85,0.6071428571428571,71.25
2021_run_39,2021,39,Q1_7B,open,67,0.4785714285714286,48.75
2021_run_39,2021,39,Q4B,open,105,0.75,96.25
2021_run_39,2021,39,Q8B,open,113,0.8071428571428572,106.25
2021_run_39,2021,39,QWEN,closed,138,0.9857142857142858,137.5
2021_run_39,2021,39,mSTRL3B,open,97,0.6928571428571428,86.25
2021_run_40,2021,40,CLA,closed,133,0.95,131.25
2021_run_40,2021,40,DPSK,closed,133,0.95,131.25
2021_run_40,2021,40,GPT,closed,137,0.9785714285714285,136.25
2021_run_40,2021,40,GROK,closed,138,0.9857142857142858,137.5
2021_run_40,2021,40,MG4B,open,105,0.75,96.25
2021_run_40,2021,40,MG4Bq4,quantized,108,0.7714285714285715,100.0
2021_run_40,2021,40,MG4Bq6,quantized,100,0.7142857142857143,90.0
2021_run_40,2021,40,MG4Bq8,quantized,108,0.7714285714285715,100.0
2021_run_40,2021,40,MSTRL,closed,129,0.9214285714285714,126.25
2021_run_40,2021,40,MT8B,open,86,0.6142857142857143,72.5
2021_run_40,2021,40,MT8Bq4,quantized,84,0.6,70.0
2021_run_40,2021,40,MT8Bq6,quantized,86,0.6142857142857143,72.5
2021_run_40,2021,40,MT8Bq8,quantized,91,0.65,78.75
2021_run_40,2021,40,Q1_7B,open,71,0.5071428571428571,53.75
2021_run_40,2021,40,Q4B,open,108,0.7714285714285715,100.0
2021_run_40,2021,40,Q8B,open,107,0.7642857142857142,98.75
2021_run_40,2021,40,QWEN,closed,138,0.9857142857142858,137.5
2021_run_40,2021,40,mSTRL3B,open,104,0.7428571428571429,95.0
2021_run_41,2021,41,CLA,closed,127,0.9071428571428571,123.75
2021_run_41,2021,41,DPSK,closed,129,0.9214285714285714,126.25
2021_run_41,2021,41,GPT,closed,138,0.9857142857142858,137.5
2021_run_41,2021,41,GROK,closed,136,0.9714285714285714,135.0
2021_run_41,2021,41,MG4B,open,102,0.7285714285714285,92.5
2021_run_41,2021,41,MG4Bq4,quantized,112,0.8,105.0
2021_run_41,2021,41,MG4Bq6,quantized,112,0.8,105.0
2021_run_41,2021,41,MG4Bq8,quantized,107,0.7642857142857142,98.75
2021_run_41,2021,41,MSTRL,closed,126,0.9,122.5
2021_run_41,2021,41,MT8B,open,89,0.6357142857142857,76.25
2021_run_41,2021,41,MT8Bq4,quantized,85,0.6071428571428571,71.25
2021_run_41,2021,41,MT8Bq6,quantized,89,0.6357142857142857,76.25
2021_run_41,2021,41,MT8Bq8,quantized,94,0.6714285714285714,82.5
2021_run_41,2021,41,Q1_7B,open,67,0.4785714285714286,48.75
2021_run_41,2021,41,Q4B,open,109,0.7785714285714286,101.25
2021_run_41,2021,41,Q8B,open,111,0.7928571428571428,103.75
2021_run_41,2021,41,QWEN,closed,138,0.9857142857142858,137.5
2021_run_41,2021,41,mSTRL3B,open,95,0.6785714285714286,83.75
2021_run_42,2021,42,CLA,closed,131,0.9357142857142857,128.75
2021_run_42,2021,42,DPSK,closed,134,0.9571428571428572,132.5
2021_run_42,2021,42,GPT,closed,136,0.9714285714285714,135.0
2021_run_42,2021,42,GROK,closed,137,0.9785714285714285,136.25
2021_run_42,2021,42,MG4B,open,108,0.7714285714285715,100.0
2021_run_42,2021,42,MG4Bq4,quantized,117,0.8357142857142857,111.25
2021_run_42,2021,42,MG4Bq6,quantized,107,0.7642857142857142,98.75
2021_run_42,2021,42,MG4Bq8,quantized,109,0.7785714285714286,101.25
2021_run_42,2021,42,MSTRL,closed,129,0.9214285714285714,126.25
2021_run_42,2021,42,MT8B,open,93,0.6642857142857143,81.25
2021_run_42,2021,42,MT8Bq4,quantized,87,0.6214285714285714,73.75
2021_run_42,2021,42,MT8Bq6,quantized,84,0.6,70.0
2021_run_42,2021,42,MT8Bq8,quantized,91,0.65,78.75
2021_run_42,2021,42,Q1_7B,open,67,0.4785714285714286,48.75
2021_run_42,2021,42,Q4B,open,109,0.7785714285714286,101.25
2021_run_42,2021,42,Q8B,open,118,0.8428571428571429,112.5
2021_run_42,2021,42,QWEN,closed,138,0.9857142857142858,137.5
2021_run_42,2021,42,mSTRL3B,open,101,0.7214285714285714,91.25
2021_run_43,2021,43,CLA,closed,126,0.9,122.5
2021_run_43,2021,43,DPSK,closed,126,0.9,122.5
2021_run_43,2021,43,GPT,closed,137,0.9785714285714285,136.25
2021_run_43,2021,43,GROK,closed,137,0.9785714285714285,136.25
2021_run_43,2021,43,MG4B,open,111,0.7928571428571428,103.75
2021_run_43,2021,43,MG4Bq4,quantized,108,0.7714285714285715,100.0
2021_run_43,2021,43,MG4Bq6,quantized,109,0.7785714285714286,101.25
2021_run_43,2021,43,MG4Bq8,quantized,108,0.7714285714285715,100.0
2021_run_43,2021,43,MSTRL,closed,131,0.9357142857142857,128.75
2021_run_43,2021,43,MT8B,open,95,0.6785714285714286,83.75
2021_run_43,2021,43,MT8Bq4,quantized,91,0.65,78.75
2021_run_43,2021,43,MT8Bq6,quantized,87,0.6214285714285714,73.75
2021_run_43,2021,43,MT8Bq8,quantized,95,0.6785714285714286,83.75
2021_run_43,2021,43,Q1_7B,open,66,0.4714285714285714,47.5
2021_run_43,2021,43,Q4B,open,112,0.8,105.0
2021_run_43,2021,43,Q8B,open,115,0.8214285714285714,108.75
2021_run_43,2021,43,QWEN,closed,137,0.9785714285714285,136.25
2021_run_43,2021,43,mSTRL3B,open,100,0.7142857142857143,90.0
2021_run_44,2021,44,CLA,closed,130,0.9285714285714286,127.5
2021_run_44,2021,44,DPSK,closed,123,0.8785714285714286,118.75
2021_run_44,2021,44,GPT,closed,137,0.9785714285714285,136.25
2021_run_44,2021,44,GROK,closed,136,0.9714285714285714,135.0
2021_run_44,2021,44,MG4B,open,105,0.75,96.25
2021_run_44,2021,44,MG4Bq4,quantized,104,0.7428571428571429,95.0
2021_run_44,2021,44,MG4Bq6,quantized,102,0.7285714285714285,92.5
2021_run_44,2021,44,MG4Bq8,quantized,106,0.7571428571428571,97.5
2021_run_44,2021,44,MSTRL,closed,130,0.9285714285714286,127.5
2021_run_44,2021,44,MT8B,open,90,0.6428571428571429,77.5
2021_run_44,2021,44,MT8Bq4,quantized,89,0.6357142857142857,76.25
2021_run_44,2021,44,MT8Bq6,quantized,87,0.6214285714285714,73.75
2021_run_44,2021,44,MT8Bq8,quantized,91,0.65,78.75
2021_run_44,2021,44,Q1_7B,open,67,0.4785714285714286,48.75
2021_run_44,2021,44,Q4B,open,109,0.7785714285714286,101.25
2021_run_44,2021,44,Q8B,open,115,0.8214285714285714,108.75
2021_run_44,2021,44,QWEN,closed,138,0.9857142857142858,137.5
2021_run_44,2021,44,mSTRL3B,open,104,0.7428571428571429,95.0
2021_run_45,2021,45,CLA,closed,126,0.9,122.5
2021_run_45,2021,45,DPSK,closed,131,0.9357142857142857,128.75
2021_run_45,2021,45,GPT,closed,136,0.9714285714285714,135.0
2021_run_45,2021,45,GROK,closed,138,0.9857142857142858,137.5
2021_run_45,2021,45,MG4B,open,104,0.7428571428571429,95.0
2021_run_45,2021,45,MG4Bq4,quantized,105,0.75,96.25
2021_run_45,2021,45,MG4Bq6,quantized,107,0.7642857142857142,98.75
2021_run_45,2021,45,MG4Bq8,quantized,109,0.7785714285714286,101.25
2021_run_45,2021,45,MSTRL,closed,130,0.9285714285714286,127.5
2021_run_45,2021,45,MT8B,open,89,0.6357142857142857,76.25
2021_run_45,2021,45,MT8Bq4,quantized,88,0.6285714285714286,75.0
2021_run_45,2021,45,MT8Bq6,quantized,91,0.65,78.75
2021_run_45,2021,45,MT8Bq8,quantized,89,0.6357142857142857,76.25
2021_run_45,2021,45,Q1_7B,open,68,0.4857142857142857,50.0
2021_run_45,2021,45,Q4B,open,109,0.7785714285714286,101.25
2021_run_45,2021,45,Q8B,open,110,0.7857142857142857,102.5
2021_run_45,2021,45,QWEN,closed,139,0.9928571428571429,138.75
2021_run_45,2021,45,mSTRL3B,open,98,0.7,87.5
2021_run_46,2021,46,CLA,closed,131,0.9357142857142857,128.75
2021_run_46,2021,46,DPSK,closed,129,0.9214285714285714,126.25
2021_run_46,2021,46,GPT,closed,137,0.9785714285714285,136.25
2021_run_46,2021,46,GROK,closed,138,0.9857142857142858,137.5
2021_run_46,2021,46,MG4B,open,112,0.8,105.0
2021_run_46,2021,46,MG4Bq4,quantized,103,0.7357142857142858,93.75
2021_run_46,2021,46,MG4Bq6,quantized,108,0.7714285714285715,100.0
2021_run_46,2021,46,MG4Bq8,quantized,106,0.7571428571428571,97.5
2021_run_46,2021,46,MSTRL,closed,128,0.9142857142857143,125.0
2021_run_46,2021,46,MT8B,open,86,0.6142857142857143,72.5
2021_run_46,2021,46,MT8Bq4,quantized,86,0.6142857142857143,72.5
2021_run_46,2021,46,MT8Bq6,quantized,83,0.5928571428571429,68.75
2021_run_46,2021,46,MT8Bq8,quantized,89,0.6357142857142857,76.25
2021_run_46,2021,46,Q1_7B,open,61,0.4357142857142857,41.25
2021_run_46,2021,46,Q4B,open,108,0.7714285714285715,100.0
2021_run_46,2021,46,Q8B,open,110,0.7857142857142857,102.5
2021_run_46,2021,46,QWEN,closed,138,0.9857142857142858,137.5
2021_run_46,2021,46,mSTRL3B,open,103,0.7357142857142858,93.75
2021_run_47,2021,47,CLA,closed,130,0.9285714285714286,127.5
2021_run_47,2021,47,DPSK,closed,128,0.9142857142857143,125.0
2021_run_47,2021,47,GPT,closed,137,0.9785714285714285,136.25
2021_run_47,2021,47,GROK,closed,138,0.9857142857142858,137.5
2021_run_47,2021,47,MG4B,open,117,0.8357142857142857,111.25
2021_run_47,2021,47,MG4Bq4,quantized,102,0.7285714285714285,92.5
2021_run_47,2021,47,MG4Bq6,quantized,99,0.7071428571428572,88.75
2021_run_47,2021,47,MG4Bq8,quantized,113,0.8071428571428572,106.25
2021_run_47,2021,47,MSTRL,closed,127,0.9071428571428571,123.75
2021_run_47,2021,47,MT8B,open,89,0.6357142857142857,76.25
2021_run_47,2021,47,MT8Bq4,quantized,94,0.6714285714285714,82.5
2021_run_47,2021,47,MT8Bq6,quantized,91,0.65,78.75
2021_run_47,2021,47,MT8Bq8,quantized,91,0.65,78.75
2021_run_47,2021,47,Q1_7B,open,66,0.4714285714285714,47.5
2021_run_47,2021,47,Q4B,open,113,0.8071428571428572,106.25
2021_run_47,2021,47,Q8B,open,116,0.8285714285714286,110.0
2021_run_47,2021,47,QWEN,closed,137,0.9785714285714285,136.25
2021_run_47,2021,47,mSTRL3B,open,105,0.75,96.25
2021_run_48,2021,48,CLA,closed,131,0.9357142857142857,128.75
2021_run_48,2021,48,DPSK,closed,130,0.9285714285714286,127.5
2021_run_48,2021,48,GPT,closed,137,0.9785714285714285,136.25
2021_run_48,2021,48,GROK,closed,139,0.9928571428571429,138.75
2021_run_48,2021,48,MG4B,open,107,0.7642857142857142,98.75
2021_run_48,2021,48,MG4Bq4,quantized,113,0.8071428571428572,106.25
2021_run_48,2021,48,MG4Bq6,quantized,112,0.8,105.0
2021_run_48,2021,48,MG4Bq8,quantized,107,0.7642857142857142,98.75
2021_run_48,2021,48,MSTRL,closed,126,0.9,122.5
2021_run_48,2021,48,MT8B,open,94,0.6714285714285714,82.5
2021_run_48,2021,48,MT8Bq4,quantized,86,0.6142857142857143,72.5
2021_run_48,2021,48,MT8Bq6,quantized,86,0.6142857142857143,72.5
2021_run_48,2021,48,MT8Bq8,quantized,92,0.6571428571428571,80.0
2021_run_48,2021,48,Q1_7B,open,55,0.39285714285714285,33.75
2021_run_48,2021,48,Q4B,open,102,0.7285714285714285,92.5
2021_run_48,2021,48,Q8B,open,104,0.7428571428571429,95.0
2021_run_48,2021,48,QWEN,closed,137,0.9785714285714285,136.25
2021_run_48,2021,48,mSTRL3B,open,104,0.7428571428571429,95.0
2021_run_49,2021,49,CLA,closed,130,0.9285714285714286,127.5
2021_run_49,2021,49,DPSK,closed,129,0.9214285714285714,126.25
2021_run_49,2021,49,GPT,closed,136,0.9714285714285714,135.0
2021_run_49,2021,49,GROK,closed,138,0.9857142857142858,137.5
2021_run_49,2021,49,MG4B,open,111,0.7928571428571428,103.75
2021_run_49,2021,49,MG4Bq4,quantized,106,0.7571428571428571,97.5
2021_run_49,2021,49,MG4Bq6,quantized,106,0.7571428571428571,97.5
2021_run_49,2021,49,MG4Bq8,quantized,106,0.7571428571428571,97.5
2021_run_49,2021,49,MSTRL,closed,128,0.9142857142857143,125.0
2021_run_49,2021,49,MT8B,open,87,0.6214285714285714,73.75
2021_run_49,2021,49,MT8Bq4,quantized,93,0.6642857142857143,81.25
2021_run_49,2021,49,MT8Bq6,quantized,87,0.6214285714285714,73.75
2021_run_49,2021,49,MT8Bq8,quantized,95,0.6785714285714286,83.75
2021_run_49,2021,49,Q1_7B,open,67,0.4785714285714286,48.75
2021_run_49,2021,49,Q4B,open,108,0.7714285714285715,100.0
2021_run_49,2021,49,Q8B,open,116,0.8285714285714286,110.0
2021_run_49,2021,49,QWEN,closed,137,0.9785714285714285,136.25
2021_run_49,2021,49,mSTRL3B,open,102,0.7285714285714285,92.5
2021_run_50,2021,50,CLA,closed,131,0.9357142857142857,128.75
2021_run_50,2021,50,DPSK,closed,126,0.9,122.5
2021_run_50,2021,50,GPT,closed,138,0.9857142857142858,137.5
2021_run_50,2021,50,GROK,closed,138,0.9857142857142858,137.5
2021_run_50,2021,50,MG4B,open,108,0.7714285714285715,100.0
2021_run_50,2021,50,MG4Bq4,quantized,103,0.7357142857142858,93.75
2021_run_50,2021,50,MG4Bq6,quantized,103,0.7357142857142858,93.75
2021_run_50,2021,50,MG4Bq8,quantized,105,0.75,96.25
2021_run_50,2021,50,MSTRL,closed,127,0.9071428571428571,123.75
2021_run_50,2021,50,MT8B,open,93,0.6642857142857143,81.25
2021_run_50,2021,50,MT8Bq4,quantized,93,0.6642857142857143,81.25
2021_run_50,2021,50,MT8Bq6,quantized,94,0.6714285714285714,82.5
2021_run_50,2021,50,MT8Bq8,quantized,91,0.65,78.75
2021_run_50,2021,50,Q1_7B,open,65,0.4642857142857143,46.25
2021_run_50,2021,50,Q4B,open,106,0.7571428571428571,97.5
2021_run_50,2021,50,Q8B,open,118,0.8428571428571429,112.5
2021_run_50,2021,50,QWEN,closed,137,0.9785714285714285,136.25
2021_run_50,2021,50,mSTRL3B,open,100,0.7142857142857143,90.0
2022_run_1,2022,1,CLA,closed,133,0.95,131.25
2022_run_1,2022,1,DPSK,closed,132,0.9428571428571428,130.0
2022_run_1,2022,1,GPT,closed,138,0.9857142857142858,137.5
2022_run_1,2022,1,GROK,closed,139,0.9928571428571429,138.75
2022_run_1,2022,1,MG4B,open,112,0.8,105.0
2022_run_1,2022,1,MG4Bq4,quantized,111,0.7928571428571428,103.75
2022_run_1,2022,1,MG4Bq6,quantized,107,0.7642857142857142,98.75
2022_run_1,2022,1,MG4Bq8,quantized,109,0.7785714285714286,101.25
2022_run_1,2022,1,MSTRL,closed,125,0.8928571428571429,121.25
2022_run_1,2022,1,MT8B,open,101,0.7214285714285714,91.25
2022_run_1,2022,1,MT8Bq4,quantized,101,0.7214285714285714,91.25
2022_run_1,2022,1,MT8Bq6,quantized,102,0.7285714285714285,92.5
2022_run_1,2022,1,MT8Bq8,quantized,102,0.7285714285714285,92.5
2022_run_1,2022,1,Q1_7B,open,75,0.5357142857142857,58.75
2022_run_1,2022,1,Q4B,open,113,0.8071428571428572,106.25
2022_run_1,2022,1,Q8B,open,121,0.8642857142857143,116.25
2022_run_1,2022,1,QWEN,closed,136,0.9714285714285714,135.0
2022_run_1,2022,1,mSTRL3B,open,110,0.7857142857142857,102.5
2022_run_2,2022,2,CLA,closed,132,0.9428571428571428,130.0
2022_run_2,2022,2,DPSK,closed,133,0.95,131.25
2022_run_2,2022,2,GPT,closed,138,0.9857142857142858,137.5
2022_run_2,2022,2,GROK,closed,138,0.9857142857142858,137.5
2022_run_2,2022,2,MG4B,open,114,0.8142857142857143,107.5
2022_run_2,2022,2,MG4Bq4,quantized,105,0.75,96.25
2022_run_2,2022,2,MG4Bq6,quantized,110,0.7857142857142857,102.5
2022_run_2,2022,2,MG4Bq8,quantized,110,0.7857142857142857,102.5
2022_run_2,2022,2,MSTRL,closed,130,0.9285714285714286,127.5
2022_run_2,2022,2,MT8B,open,99,0.7071428571428572,88.75
2022_run_2,2022,2,MT8Bq4,quantized,89,0.6357142857142857,76.25
2022_run_2,2022,2,MT8Bq6,quantized,101,0.7214285714285714,91.25
2022_run_2,2022,2,MT8Bq8,quantized,100,0.7142857142857143,90.0
2022_run_2,2022,2,Q1_7B,open,74,0.5285714285714286,57.5
2022_run_2,2022,2,Q4B,open,112,0.8,105.0
2022_run_2,2022,2,Q8B,open,115,0.8214285714285714,108.75
2022_run_2,2022,2,QWEN,closed,136,0.9714285714285714,135.0
2022_run_2,2022,2,mSTRL3B,open,116,0.8285714285714286,110.0
2022_run_3,2022,3,CLA,closed,130,0.9285714285714286,127.5
2022_run_3,2022,3,DPSK,closed,133,0.95,131.25
2022_run_3,2022,3,GPT,closed,139,0.9928571428571429,138.75
2022_run_3,2022,3,GROK,closed,139,0.9928571428571429,138.75
2022_run_3,2022,3,MG4B,open,102,0.7285714285714285,92.5
2022_run_3,2022,3,MG4Bq4,quantized,103,0.7357142857142858,93.75
2022_run_3,2022,3,MG4Bq6,quantized,106,0.7571428571428571,97.5
2022_run_3,2022,3,MG4Bq8,quantized,103,0.7357142857142858,93.75
2022_run_3,2022,3,MSTRL,closed,130,0.9285714285714286,127.5
2022_run_3,2022,3,MT8B,open,94,0.6714285714285714,82.5
2022_run_3,2022,3,MT8Bq4,quantized,100,0.7142857142857143,90.0
2022_run_3,2022,3,MT8Bq6,quantized,94,0.6714285714285714,82.5
2022_run_3,2022,3,MT8Bq8,quantized,103,0.7357142857142858,93.75
2022_run_3,2022,3,Q1_7B,open,72,0.5142857142857142,55.0
2022_run_3,2022,3,Q4B,open,107,0.7642857142857142,98.75
2022_run_3,2022,3,Q8B,open,113,0.8071428571428572,106.25
2022_run_3,2022,3,QWEN,closed,137,0.9785714285714285,136.25
2022_run_3,2022,3,mSTRL3B,open,108,0.7714285714285715,100.0
2022_run_4,2022,4,CLA,closed,134,0.9571428571428572,132.5
2022_run_4,2022,4,DPSK,closed,130,0.9285714285714286,127.5
2022_run_4,2022,4,GPT,closed,139,0.9928571428571429,138.75
2022_run_4,2022,4,GROK,closed,138,0.9857142857142858,137.5
2022_run_4,2022,4,MG4B,open,108,0.7714285714285715,100.0
2022_run_4,2022,4,MG4Bq4,quantized,112,0.8,105.0
2022_run_4,2022,4,MG4Bq6,quantized,104,0.7428571428571429,95.0
2022_run_4,2022,4,MG4Bq8,quantized,112,0.8,105.0
2022_run_4,2022,4,MSTRL,closed,128,0.9142857142857143,125.0
2022_run_4,2022,4,MT8B,open,96,0.6857142857142857,85.0
2022_run_4,2022,4,MT8Bq4,quantized,94,0.6714285714285714,82.5
2022_run_4,2022,4,MT8Bq6,quantized,102,0.7285714285714285,92.5
2022_run_4,2022,4,MT8Bq8,quantized,100,0.7142857142857143,90.0
2022_run_4,2022,4,Q1_7B,open,76,0.5428571428571428,60.0
2022_run_4,2022,4,Q4B,open,111,0.7928571428571428,103.75
2022_run_4,2022,4,Q8B,open,117,0.8357142857142857,111.25
2022_run_4,2022,4,QWEN,closed,137,0.9785714285714285,136.25
2022_run_4,2022,4,mSTRL3B,open,111,0.7928571428571428,103.75
2022_run_5,2022,5,CLA,closed,132,0.9428571428571428,130.0
2022_run_5,2022,5,DPSK,closed,134,0.9571428571428572,132.5
2022_run_5,2022,5,GPT,closed,139,0.9928571428571429,138.75
2022_run_5,2022,5,GROK,closed,139,0.9928571428571429,138.75
2022_run_5,2022,5,MG4B,open,103,0.7357142857142858,93.75
2022_run_5,2022,5,MG4Bq4,quantized,102,0.7285714285714285,92.5
2022_run_5,2022,5,MG4Bq6,quantized,108,0.7714285714285715,100.0
2022_run_5,2022,5,MG4Bq8,quantized,110,0.7857142857142857,102.5
2022_run_5,2022,5,MSTRL,closed,132,0.9428571428571428,130.0
2022_run_5,2022,5,MT8B,open,103,0.7357142857142858,93.75
2022_run_5,2022,5,MT8Bq4,quantized,100,0.7142857142857143,90.0
2022_run_5,2022,5,MT8Bq6,quantized,99,0.7071428571428572,88.75
2022_run_5,2022,5,MT8Bq8,quantized,102,0.7285714285714285,92.5
2022_run_5,2022,5,Q1_7B,open,82,0.5857142857142857,67.5
2022_run_5,2022,5,Q4B,open,112,0.8,105.0
2022_run_5,2022,5,Q8B,open,117,0.8357142857142857,111.25
2022_run_5,2022,5,QWEN,closed,137,0.9785714285714285,136.25
2022_run_5,2022,5,mSTRL3B,open,112,0.8,105.0
2022_run_6,2022,6,CLA,closed,131,0.9357142857142857,128.75
2022_run_6,2022,6,DPSK,closed,132,0.9428571428571428,130.0
2022_run_6,2022,6,GPT,closed,138,0.9857142857142858,137.5
2022_run_6,2022,6,GROK,closed,138,0.9857142857142858,137.5
2022_run_6,2022,6,MG4B,open,110,0.7857142857142857,102.5
2022_run_6,2022,6,MG4Bq4,quantized,106,0.7571428571428571,97.5
2022_run_6,2022,6,MG4Bq6,quantized,104,0.7428571428571429,95.0
2022_run_6,2022,6,MG4Bq8,quantized,112,0.8,105.0
2022_run_6,2022,6,MSTRL,closed,131,0.9357142857142857,128.75
2022_run_6,2022,6,MT8B,open,100,0.7142857142857143,90.0
2022_run_6,2022,6,MT8Bq4,quantized,92,0.6571428571428571,80.0
2022_run_6,2022,6,MT8Bq6,quantized,99,0.7071428571428572,88.75
2022_run_6,2022,6,MT8Bq8,quantized,100,0.7142857142857143,90.0
2022_run_6,2022,6,Q1_7B,open,79,0.5642857142857143,63.75
2022_run_6,2022,6,Q4B,open,108,0.7714285714285715,100.0
2022_run_6,2022,6,Q8B,open,116,0.8285714285714286,110.0
2022_run_6,2022,6,QWEN,closed,136,0.9714285714285714,135.0
2022_run_6,2022,6,mSTRL3B,open,112,0.8,105.0
2022_run_7,2022,7,CLA,closed,131,0.9357142857142857,128.75
2022_run_7,2022,7,DPSK,closed,133,0.95,131.25
2022_run_7,2022,7,GPT,closed,139,0.9928571428571429,138.75
2022_run_7,2022,7,GROK,closed,138,0.9857142857142858,137.5
2022_run_7,2022,7,MG4B,open,102,0.7285714285714285,92.5
2022_run_7,2022,7,MG4Bq4,quantized,107,0.7642857142857142,98.75
2022_run_7,2022,7,MG4Bq6,quantized,109,0.7785714285714286,101.25
2022_run_7,2022,7,MG4Bq8,quantized,114,0.8142857142857143,107.5
2022_run_7,2022,7,MSTRL,closed,128,0.9142857142857143,125.0
2022_run_7,2022,7,MT8B,open,94,0.6714285714285714,82.5
2022_run_7,2022,7,MT8Bq4,quantized,95,0.6785714285714286,83.75
2022_run_7,2022,7,MT8Bq6,quantized,95,0.6785714285714286,83.75
2022_run_7,2022,7,MT8Bq8,quantized,94,0.6714285714285714,82.5
2022_run_7,2022,7,Q1_7B,open,73,0.5214285714285715,56.25
2022_run_7,2022,7,Q4B,open,114,0.8142857142857143,107.5
2022_run_7,2022,7,Q8B,open,113,0.8071428571428572,106.25
2022_run_7,2022,7,QWEN,closed,136,0.9714285714285714,135.0
2022_run_7,2022,7,mSTRL3B,open,110,0.7857142857142857,102.5
2022_run_8,2022,8,CLA,closed,129,0.9214285714285714,126.25
2022_run_8,2022,8,DPSK,closed,134,0.9571428571428572,132.5
2022_run_8,2022,8,GPT,closed,139,0.9928571428571429,138.75
2022_run_8,2022,8,GROK,closed,137,0.9785714285714285,136.25
2022_run_8,2022,8,MG4B,open,101,0.7214285714285714,91.25
2022_run_8,2022,8,MG4Bq4,quantized,102,0.7285714285714285,92.5
2022_run_8,2022,8,MG4Bq6,quantized,111,0.7928571428571428,103.75
2022_run_8,2022,8,MG4Bq8,quantized,113,0.8071428571428572,106.25
2022_run_8,2022,8,MSTRL,closed,129,0.9214285714285714,126.25
2022_run_8,2022,8,MT8B,open,102,0.7285714285714285,92.5
2022_run_8,2022,8,MT8Bq4,quantized,99,0.7071428571428572,88.75
2022_run_8,2022,8,MT8Bq6,quantized,95,0.6785714285714286,83.75
2022_run_8,2022,8,MT8Bq8,quantized,103,0.7357142857142858,93.75
2022_run_8,2022,8,Q1_7B,open,79,0.5642857142857143,63.75
2022_run_8,2022,8,Q4B,open,108,0.7714285714285715,100.0
2022_run_8,2022,8,Q8B,open,118,0.8428571428571429,112.5
2022_run_8,2022,8,QWEN,closed,138,0.9857142857142858,137.5
2022_run_8,2022,8,mSTRL3B,open,115,0.8214285714285714,108.75
2022_run_9,2022,9,CLA,closed,134,0.9571428571428572,132.5
2022_run_9,2022,9,DPSK,closed,135,0.9642857142857143,133.75
2022_run_9,2022,9,GPT,closed,139,0.9928571428571429,138.75
2022_run_9,2022,9,GROK,closed,139,0.9928571428571429,138.75
2022_run_9,2022,9,MG4B,open,110,0.7857142857142857,102.5
2022_run_9,2022,9,MG4Bq4,quantized,109,0.7785714285714286,101.25
2022_run_9,2022,9,MG4Bq6,quantized,110,0.7857142857142857,102.5
2022_run_9,2022,9,MG4Bq8,quantized,107,0.7642857142857142,98.75
2022_run_9,2022,9,MSTRL,closed,132,0.9428571428571428,130.0
2022_run_9,2022,9,MT8B,open,93,0.6642857142857143,81.25
2022_run_9,2022,9,MT8Bq4,quantized,101,0.7214285714285714,91.25
2022_run_9,2022,9,MT8Bq6,quantized,96,0.6857142857142857,85.0
2022_run_9,2022,9,MT8Bq8,quantized,97,0.6928571428571428,86.25
2022_run_9,2022,9,Q1_7B,open,76,0.5428571428571428,60.0
2022_run_9,2022,9,Q4B,open,112,0.8,105.0
2022_run_9,2022,9,Q8B,open,110,0.7857142857142857,102.5
2022_run_9,2022,9,QWEN,closed,136,0.9714285714285714,135.0
2022_run_9,2022,9,mSTRL3B,open,111,0.7928571428571428,103.75
2022_run_10,2022,10,CLA,closed,132,0.9428571428571428,130.0
2022_run_10,2022,10,DPSK,closed,134,0.9571428571428572,132.5
2022_run_10,2022,10,GPT,closed,138,0.9857142857142858,137.5
2022_run_10,2022,10,GROK,closed,139,0.9928571428571429,138.75
2022_run_10,2022,10,MG4B,open,111,0.7928571428571428,103.75
2022_run_10,2022,10,MG4Bq4,quantized,113,0.8071428571428572,106.25
2022_run_10,2022,10,MG4Bq6,quantized,113,0.8071428571428572,106.25
2022_run_10,2022,10,MG4Bq8,quantized,107,0.7642857142857142,98.75
2022_run_10,2022,10,MSTRL,closed,126,0.9,122.5
2022_run_10,2022,10,MT8B,open,97,0.6928571428571428,86.25
2022_run_10,2022,10,MT8Bq4,quantized,91,0.65,78.75
2022_run_10,2022,10,MT8Bq6,quantized,100,0.7142857142857143,90.0
2022_run_10,2022,10,MT8Bq8,quantized,102,0.7285714285714285,92.5
2022_run_10,2022,10,Q1_7B,open,78,0.5571428571428572,62.5
2022_run_10,2022,10,Q4B,open,110,0.7857142857142857,102.5
2022_run_10,2022,10,Q8B,open,109,0.7785714285714286,101.25
2022_run_10,2022,10,QWEN,closed,136,0.9714285714285714,135.0
2022_run_10,2022,10,mSTRL3B,open,114,0.8142857142857143,107.5
2022_run_11,2022,11,CLA,closed,135,0.9642857142857143,133.75
2022_run_11,2022,11,DPSK,closed,134,0.9571428571428572,132.5
2022_run_11,2022,11,GPT,closed,139,0.9928571428571429,138.75
2022_run_11,2022,11,GROK,closed,137,0.9785714285714285,136.25
2022_run_11,2022,11,MG4B,open,110,0.7857142857142857,102.5
2022_run_11,2022,11,MG4Bq4,quantized,109,0.7785714285714286,101.25
2022_run_11,2022,11,MG4Bq6,quantized,108,0.7714285714285715,100.0
2022_run_11,2022,11,MG4Bq8,quantized,107,0.7642857142857142,98.75
2022_run_11,2022,11,MSTRL,closed,129,0.9214285714285714,126.25
2022_run_11,2022,11,MT8B,open,95,0.6785714285714286,83.75
2022_run_11,2022,11,MT8Bq4,quantized,99,0.7071428571428572,88.75
2022_run_11,2022,11,MT8Bq6,quantized,102,0.7285714285714285,92.5
2022_run_11,2022,11,MT8Bq8,quantized,93,0.6642857142857143,81.25
2022_run_11,2022,11,Q1_7B,open,80,0.5714285714285714,65.0
2022_run_11,2022,11,Q4B,open,109,0.7785714285714286,101.25
2022_run_11,2022,11,Q8B,open,118,0.8428571428571429,112.5
2022_run_11,2022,11,QWEN,closed,135,0.9642857142857143,133.75
2022_run_11,2022,11,mSTRL3B,open,109,0.7785714285714286,101.25
2022_run_12,2022,12,CLA,closed,134,0.9571428571428572,132.5
2022_run_12,2022,12,DPSK,closed,135,0.9642857142857143,133.75
2022_run_12,2022,12,GPT,closed,138,0.9857142857142858,137.5
2022_run_12,2022,12,GROK,closed,139,0.9928571428571429,138.75
2022_run_12,2022,12,MG4B,open,107,0.7642857142857142,98.75
2022_run_12,2022,12,MG4Bq4,quantized,108,0.7714285714285715,100.0
2022_run_12,2022,12,MG4Bq6,quantized,103,0.7357142857142858,93.75
2022_run_12,2022,12,MG4Bq8,quantized,112,0.8,105.0
2022_run_12,2022,12,MSTRL,closed,126,0.9,122.5
2022_run_12,2022,12,MT8B,open,101,0.7214285714285714,91.25
2022_run_12,2022,12,MT8Bq4,quantized,98,0.7,87.5
2022_run_12,2022,12,MT8Bq6,quantized,99,0.7071428571428572,88.75
2022_run_12,2022,12,MT8Bq8,quantized,101,0.7214285714285714,91.25
2022_run_12,2022,12,Q1_7B,open,79,0.5642857142857143,63.75
2022_run_12,2022,12,Q4B,open,112,0.8,105.0
2022_run_12,2022,12,Q8B,open,110,0.7857142857142857,102.5
2022_run_12,2022,12,QWEN,closed,137,0.9785714285714285,136.25
2022_run_12,2022,12,mSTRL3B,open,114,0.8142857142857143,107.5
2022_run_13,2022,13,CLA,closed,130,0.9285714285714286,127.5
2022_run_13,2022,13,DPSK,closed,133,0.95,131.25
2022_run_13,2022,13,GPT,closed,139,0.9928571428571429,138.75
2022_run_13,2022,13,GROK,closed,138,0.9857142857142858,137.5
2022_run_13,2022,13,MG4B,open,108,0.7714285714285715,100.0
2022_run_13,2022,13,MG4Bq4,quantized,109,0.7785714285714286,101.25
2022_run_13,2022,13,MG4Bq6,quantized,108,0.7714285714285715,100.0
2022_run_13,2022,13,MG4Bq8,quantized,116,0.8285714285714286,110.0
2022_run_13,2022,13,MSTRL,closed,129,0.9214285714285714,126.25
2022_run_13,2022,13,MT8B,open,97,0.6928571428571428,86.25
2022_run_13,2022,13,MT8Bq4,quantized,99,0.7071428571428572,88.75
2022_run_13,2022,13,MT8Bq6,quantized,100,0.7142857142857143,90.0
2022_run_13,2022,13,MT8Bq8,quantized,101,0.7214285714285714,91.25
2022_run_13,2022,13,Q1_7B,open,80,0.5714285714285714,65.0
2022_run_13,2022,13,Q4B,open,111,0.7928571428571428,103.75
2022_run_13,2022,13,Q8B,open,118,0.8428571428571429,112.5
2022_run_13,2022,13,QWEN,closed,137,0.9785714285714285,136.25
2022_run_13,2022,13,mSTRL3B,open,116,0.8285714285714286,110.0
2022_run_14,2022,14,CLA,closed,131,0.9357142857142857,128.75
2022_run_14,2022,14,DPSK,closed,133,0.95,131.25
2022_run_14,2022,14,GPT,closed,139,0.9928571428571429,138.75
2022_run_14,2022,14,GROK,closed,139,0.9928571428571429,138.75
2022_run_14,2022,14,MG4B,open,102,0.7285714285714285,92.5
2022_run_14,2022,14,MG4Bq4,quantized,109,0.7785714285714286,101.25
2022_run_14,2022,14,MG4Bq6,quantized,107,0.7642857142857142,98.75
2022_run_14,2022,14,MG4Bq8,quantized,110,0.7857142857142857,102.5
2022_run_14,2022,14,MSTRL,closed,129,0.9214285714285714,126.25
2022_run_14,2022,14,MT8B,open,99,0.7071428571428572,88.75
2022_run_14,2022,14,MT8Bq4,quantized,92,0.6571428571428571,80.0
2022_run_14,2022,14,MT8Bq6,quantized,96,0.6857142857142857,85.0
2022_run_14,2022,14,MT8Bq8,quantized,98,0.7,87.5
2022_run_14,2022,14,Q1_7B,open,72,0.5142857142857142,55.0
2022_run_14,2022,14,Q4B,open,108,0.7714285714285715,100.0
2022_run_14,2022,14,Q8B,open,119,0.85,113.75
2022_run_14,2022,14,QWEN,closed,136,0.9714285714285714,135.0
2022_run_14,2022,14,mSTRL3B,open,114,0.8142857142857143,107.5
2022_run_15,2022,15,CLA,closed,128,0.9142857142857143,125.0
2022_run_15,2022,15,DPSK,closed,132,0.9428571428571428,130.0
2022_run_15,2022,15,GPT,closed,139,0.9928571428571429,138.75
2022_run_15,2022,15,GROK,closed,139,0.9928571428571429,138.75
2022_run_15,2022,15,MG4B,open,113,0.8071428571428572,106.25
2022_run_15,2022,15,MG4Bq4,quantized,107,0.7642857142857142,98.75
2022_run_15,2022,15,MG4Bq6,quantized,110,0.7857142857142857,102.5
2022_run_15,2022,15,MG4Bq8,quantized,112,0.8,105.0
2022_run_15,2022,15,MSTRL,closed,126,0.9,122.5
2022_run_15,2022,15,MT8B,open,99,0.7071428571428572,88.75
2022_run_15,2022,15,MT8Bq4,quantized,94,0.6714285714285714,82.5
2022_run_15,2022,15,MT8Bq6,quantized,102,0.7285714285714285,92.5
2022_run_15,2022,15,MT8Bq8,quantized,94,0.6714285714285714,82.5
2022_run_15,2022,15,Q1_7B,open,73,0.5214285714285715,56.25
2022_run_15,2022,15,Q4B,open,116,0.8285714285714286,110.0
2022_run_15,2022,15,Q8B,open,116,0.8285714285714286,110.0
2022_run_15,2022,15,QWEN,closed,134,0.9571428571428572,132.5
2022_run_15,2022,15,mSTRL3B,open,111,0.7928571428571428,103.75
2022_run_16,2022,16,CLA,closed,129,0.9214285714285714,126.25
2022_run_16,2022,16,DPSK,closed,136,0.9714285714285714,135.0
2022_run_16,2022,16,GPT,closed,139,0.9928571428571429,138.75
2022_run_16,2022,16,GROK,closed,138,0.9857142857142858,137.5
2022_run_16,2022,16,MG4B,open,111,0.7928571428571428,103.75
2022_run_16,2022,16,MG4Bq4,quantized,115,0.8214285714285714,108.75
2022_run_16,2022,16,MG4Bq6,quantized,109,0.7785714285714286,101.25
2022_run_16,2022,16,MG4Bq8,quantized,108,0.7714285714285715,100.0
2022_run_16,2022,16,MSTRL,closed,129,0.9214285714285714,126.25
2022_run_16,2022,16,MT8B,open,101,0.7214285714285714,91.25
2022_run_16,2022,16,MT8Bq4,quantized,97,0.6928571428571428,86.25
2022_run_16,2022,16,MT8Bq6,quantized,103,0.7357142857142858,93.75
2022_run_16,2022,16,MT8Bq8,quantized,96,0.6857142857142857,85.0
2022_run_16,2022,16,Q1_7B,open,84,0.6,70.0
2022_run_16,2022,16,Q4B,open,110,0.7857142857142857,102.5
2022_run_16,2022,16,Q8B,open,115,0.8214285714285714,108.75
2022_run_16,2022,16,QWEN,closed,135,0.9642857142857143,133.75
2022_run_16,2022,16,mSTRL3B,open,110,0.7857142857142857,102.5
2022_run_17,2022,17,CLA,closed,135,0.9642857142857143,133.75
2022_run_17,2022,17,DPSK,closed,133,0.95,131.25
2022_run_17,2022,17,GPT,closed,137,0.9785714285714285,136.25
2022_run_17,2022,17,GROK,closed,139,0.9928571428571429,138.75
2022_run_17,2022,17,MG4B,open,110,0.7857142857142857,102.5
2022_run_17,2022,17,MG4Bq4,quantized,106,0.7571428571428571,97.5
2022_run_17,2022,17,MG4Bq6,quantized,106,0.7571428571428571,97.5
2022_run_17,2022,17,MG4Bq8,quantized,102,0.7285714285714285,92.5
2022_run_17,2022,17,MSTRL,closed,130,0.9285714285714286,127.5
2022_run_17,2022,17,MT8B,open,95,0.6785714285714286,83.75
2022_run_17,2022,17,MT8Bq4,quantized,90,0.6428571428571429,77.5
2022_run_17,2022,17,MT8Bq6,quantized,99,0.7071428571428572,88.75
2022_run_17,2022,17,MT8Bq8,quantized,98,0.7,87.5
2022_run_17,2022,17,Q1_7B,open,76,0.5428571428571428,60.0
2022_run_17,2022,17,Q4B,open,116,0.8285714285714286,110.0
2022_run_17,2022,17,Q8B,open,117,0.8357142857142857,111.25
2022_run_17,2022,17,QWEN,closed,136,0.9714285714285714,135.0
2022_run_17,2022,17,mSTRL3B,open,108,0.7714285714285715,100.0
2022_run_18,2022,18,CLA,closed,131,0.9357142857142857,128.75
2022_run_18,2022,18,DPSK,closed,134,0.9571428571428572,132.5
2022_run_18,2022,18,GPT,closed,139,0.9928571428571429,138.75
2022_run_18,2022,18,GROK,closed,137,0.9785714285714285,136.25
2022_run_18,2022,18,MG4B,open,101,0.7214285714285714,91.25
2022_run_18,2022,18,MG4Bq4,quantized,104,0.7428571428571429,95.0
2022_run_18,2022,18,MG4Bq6,quantized,113,0.8071428571428572,106.25
2022_run_18,2022,18,MG4Bq8,quantized,102,0.7285714285714285,92.5
2022_run_18,2022,18,MSTRL,closed,132,0.9428571428571428,130.0
2022_run_18,2022,18,MT8B,open,94,0.6714285714285714,82.5
2022_run_18,2022,18,MT8Bq4,quantized,100,0.7142857142857143,90.0
2022_run_18,2022,18,MT8Bq6,quantized,99,0.7071428571428572,88.75
2022_run_18,2022,18,MT8Bq8,quantized,101,0.7214285714285714,91.25
2022_run_18,2022,18,Q1_7B,open,77,0.55,61.25
2022_run_18,2022,18,Q4B,open,112,0.8,105.0
2022_run_18,2022,18,Q8B,open,119,0.85,113.75
2022_run_18,2022,18,QWEN,closed,137,0.9785714285714285,136.25
2022_run_18,2022,18,mSTRL3B,open,110,0.7857142857142857,102.5
2022_run_19,2022,19,CLA,closed,131,0.9357142857142857,128.75
2022_run_19,2022,19,DPSK,closed,132,0.9428571428571428,130.0
2022_run_19,2022,19,GPT,closed,138,0.9857142857142858,137.5
2022_run_19,2022,19,GROK,closed,138,0.9857142857142858,137.5
2022_run_19,2022,19,MG4B,open,107,0.7642857142857142,98.75
2022_run_19,2022,19,MG4Bq4,quantized,109,0.7785714285714286,101.25
2022_run_19,2022,19,MG4Bq6,quantized,103,0.7357142857142858,93.75
2022_run_19,2022,19,MG4Bq8,quantized,110,0.7857142857142857,102.5
2022_run_19,2022,19,MSTRL,closed,131,0.9357142857142857,128.75
2022_run_19,2022,19,MT8B,open,106,0.7571428571428571,97.5
2022_run_19,2022,19,MT8Bq4,quantized,96,0.6857142857142857,85.0
2022_run_19,2022,19,MT8Bq6,quantized,98,0.7,87.5
2022_run_19,2022,19,MT8Bq8,quantized,102,0.7285714285714285,92.5
2022_run_19,2022,19,Q1_7B,open,79,0.5642857142857143,63.75
2022_run_19,2022,19,Q4B,open,111,0.7928571428571428,103.75
2022_run_19,2022,19,Q8B,open,115,0.8214285714285714,108.75
2022_run_19,2022,19,QWEN,closed,136,0.9714285714285714,135.0
2022_run_19,2022,19,mSTRL3B,open,114,0.8142857142857143,107.5
2022_run_20,2022,20,CLA,closed,131,0.9357142857142857,128.75
2022_run_20,2022,20,DPSK,closed,135,0.9642857142857143,133.75
2022_run_20,2022,20,GPT,closed,139,0.9928571428571429,138.75
2022_run_20,2022,20,GROK,closed,139,0.9928571428571429,138.75
2022_run_20,2022,20,MG4B,open,110,0.7857142857142857,102.5
2022_run_20,2022,20,MG4Bq4,quantized,108,0.7714285714285715,100.0
2022_run_20,2022,20,MG4Bq6,quantized,112,0.8,105.0
2022_run_20,2022,20,MG4Bq8,quantized,109,0.7785714285714286,101.25
2022_run_20,2022,20,MSTRL,closed,130,0.9285714285714286,127.5
2022_run_20,2022,20,MT8B,open,100,0.7142857142857143,90.0
2022_run_20,2022,20,MT8Bq4,quantized,91,0.65,78.75
2022_run_20,2022,20,MT8Bq6,quantized,97,0.6928571428571428,86.25
2022_run_20,2022,20,MT8Bq8,quantized,100,0.7142857142857143,90.0
2022_run_20,2022,20,Q1_7B,open,76,0.5428571428571428,60.0
2022_run_20,2022,20,Q4B,open,106,0.7571428571428571,97.5
2022_run_20,2022,20,Q8B,open,116,0.8285714285714286,110.0
2022_run_20,2022,20,QWEN,closed,135,0.9642857142857143,133.75
2022_run_20,2022,20,mSTRL3B,open,109,0.7785714285714286,101.25
2022_run_21,2022,21,CLA,closed,136,0.9714285714285714,135.0
2022_run_21,2022,21,DPSK,closed,133,0.95,131.25
2022_run_21,2022,21,GPT,closed,138,0.9857142857142858,137.5
2022_run_21,2022,21,GROK,closed,138,0.9857142857142858,137.5
2022_run_21,2022,21,MG4B,open,103,0.7357142857142858,93.75
2022_run_21,2022,21,MG4Bq4,quantized,110,0.7857142857142857,102.5
2022_run_21,2022,21,MG4Bq6,quantized,108,0.7714285714285715,100.0
2022_run_21,2022,21,MG4Bq8,quantized,113,0.8071428571428572,106.25
2022_run_21,2022,21,MSTRL,closed,132,0.9428571428571428,130.0
2022_run_21,2022,21,MT8B,open,99,0.7071428571428572,88.75
2022_run_21,2022,21,MT8Bq4,quantized,96,0.6857142857142857,85.0
2022_run_21,2022,21,MT8Bq6,quantized,95,0.6785714285714286,83.75
2022_run_21,2022,21,MT8Bq8,quantized,97,0.6928571428571428,86.25
2022_run_21,2022,21,Q1_7B,open,76,0.5428571428571428,60.0
2022_run_21,2022,21,Q4B,open,113,0.8071428571428572,106.25
2022_run_21,2022,21,Q8B,open,113,0.8071428571428572,106.25
2022_run_21,2022,21,QWEN,closed,135,0.9642857142857143,133.75
2022_run_21,2022,21,mSTRL3B,open,113,0.8071428571428572,106.25
2022_run_22,2022,22,CLA,closed,132,0.9428571428571428,130.0
2022_run_22,2022,22,DPSK,closed,132,0.9428571428571428,130.0
2022_run_22,2022,22,GPT,closed,137,0.9785714285714285,136.25
2022_run_22,2022,22,GROK,closed,138,0.9857142857142858,137.5
2022_run_22,2022,22,MG4B,open,113,0.8071428571428572,106.25
2022_run_22,2022,22,MG4Bq4,quantized,107,0.7642857142857142,98.75
2022_run_22,2022,22,MG4Bq6,quantized,102,0.7285714285714285,92.5
2022_run_22,2022,22,MG4Bq8,quantized,111,0.7928571428571428,103.75
2022_run_22,2022,22,MSTRL,closed,127,0.9071428571428571,123.75
2022_run_22,2022,22,MT8B,open,102,0.7285714285714285,92.5
2022_run_22,2022,22,MT8Bq4,quantized,97,0.6928571428571428,86.25
2022_run_22,2022,22,MT8Bq6,quantized,97,0.6928571428571428,86.25
2022_run_22,2022,22,MT8Bq8,quantized,100,0.7142857142857143,90.0
2022_run_22,2022,22,Q1_7B,open,77,0.55,61.25
2022_run_22,2022,22,Q4B,open,116,0.8285714285714286,110.0
2022_run_22,2022,22,Q8B,open,117,0.8357142857142857,111.25
2022_run_22,2022,22,QWEN,closed,136,0.9714285714285714,135.0
2022_run_22,2022,22,mSTRL3B,open,111,0.7928571428571428,103.75
2022_run_23,2022,23,CLA,closed,132,0.9428571428571428,130.0
2022_run_23,2022,23,DPSK,closed,134,0.9571428571428572,132.5
2022_run_23,2022,23,GPT,closed,138,0.9857142857142858,137.5
2022_run_23,2022,23,GROK,closed,139,0.9928571428571429,138.75
2022_run_23,2022,23,MG4B,open,98,0.7,87.5
2022_run_23,2022,23,MG4Bq4,quantized,108,0.7714285714285715,100.0
2022_run_23,2022,23,MG4Bq6,quantized,109,0.7785714285714286,101.25
2022_run_23,2022,23,MG4Bq8,quantized,105,0.75,96.25
2022_run_23,2022,23,MSTRL,closed,127,0.9071428571428571,123.75
2022_run_23,2022,23,MT8B,open,101,0.7214285714285714,91.25
2022_run_23,2022,23,MT8Bq4,quantized,95,0.6785714285714286,83.75
2022_run_23,2022,23,MT8Bq6,quantized,92,0.6571428571428571,80.0
2022_run_23,2022,23,MT8Bq8,quantized,102,0.7285714285714285,92.5
2022_run_23,2022,23,Q1_7B,open,78,0.5571428571428572,62.5
2022_run_23,2022,23,Q4B,open,114,0.8142857142857143,107.5
2022_run_23,2022,23,Q8B,open,114,0.8142857142857143,107.5
2022_run_23,2022,23,QWEN,closed,136,0.9714285714285714,135.0
2022_run_23,2022,23,mSTRL3B,open,116,0.8285714285714286,110.0
2022_run_24,2022,24,CLA,closed,132,0.9428571428571428,130.0
2022_run_24,2022,24,DPSK,closed,131,0.9357142857142857,128.75
2022_run_24,2022,24,GPT,closed,139,0.9928571428571429,138.75
2022_run_24,2022,24,GROK,closed,138,0.9857142857142858,137.5
2022_run_24,2022,24,MG4B,open,109,0.7785714285714286,101.25
2022_run_24,2022,24,MG4Bq4,quantized,111,0.7928571428571428,103.75
2022_run_24,2022,24,MG4Bq6,quantized,106,0.7571428571428571,97.5
2022_run_24,2022,24,MG4Bq8,quantized,107,0.7642857142857142,98.75
2022_run_24,2022,24,MSTRL,closed,130,0.9285714285714286,127.5
2022_run_24,2022,24,MT8B,open,99,0.7071428571428572,88.75
2022_run_24,2022,24,MT8Bq4,quantized,98,0.7,87.5
2022_run_24,2022,24,MT8Bq6,quantized,97,0.6928571428571428,86.25
2022_run_24,2022,24,MT8Bq8,quantized,103,0.7357142857142858,93.75
2022_run_24,2022,24,Q1_7B,open,77,0.55,61.25
2022_run_24,2022,24,Q4B,open,106,0.7571428571428571,97.5
2022_run_24,2022,24,Q8B,open,118,0.8428571428571429,112.5
2022_run_24,2022,24,QWEN,closed,137,0.9785714285714285,136.25
2022_run_24,2022,24,mSTRL3B,open,110,0.7857142857142857,102.5
2022_run_25,2022,25,CLA,closed,134,0.9571428571428572,132.5
2022_run_25,2022,25,DPSK,closed,132,0.9428571428571428,130.0
2022_run_25,2022,25,GPT,closed,139,0.9928571428571429,138.75
2022_run_25,2022,25,GROK,closed,139,0.9928571428571429,138.75
2022_run_25,2022,25,MG4B,open,114,0.8142857142857143,107.5
2022_run_25,2022,25,MG4Bq4,quantized,105,0.75,96.25
2022_run_25,2022,25,MG4Bq6,quantized,105,0.75,96.25
2022_run_25,2022,25,MG4Bq8,quantized,108,0.7714285714285715,100.0
2022_run_25,2022,25,MSTRL,closed,130,0.9285714285714286,127.5
2022_run_25,2022,25,MT8B,open,97,0.6928571428571428,86.25
2022_run_25,2022,25,MT8Bq4,quantized,101,0.7214285714285714,91.25
2022_run_25,2022,25,MT8Bq6,quantized,102,0.7285714285714285,92.5
2022_run_25,2022,25,MT8Bq8,quantized,102,0.7285714285714285,92.5
2022_run_25,2022,25,Q1_7B,open,78,0.5571428571428572,62.5
2022_run_25,2022,25,Q4B,open,112,0.8,105.0
2022_run_25,2022,25,Q8B,open,111,0.7928571428571428,103.75
2022_run_25,2022,25,QWEN,closed,137,0.9785714285714285,136.25
2022_run_25,2022,25,mSTRL3B,open,118,0.8428571428571429,112.5
2022_run_26,2022,26,CLA,closed,131,0.9357142857142857,128.75
2022_run_26,2022,26,DPSK,closed,131,0.9357142857142857,128.75
2022_run_26,2022,26,GPT,closed,138,0.9857142857142858,137.5
2022_run_26,2022,26,GROK,closed,139,0.9928571428571429,138.75
2022_run_26,2022,26,MG4B,open,110,0.7857142857142857,102.5
2022_run_26,2022,26,MG4Bq4,quantized,106,0.7571428571428571,97.5
2022_run_26,2022,26,MG4Bq6,quantized,106,0.7571428571428571,97.5
2022_run_26,2022,26,MG4Bq8,quantized,106,0.7571428571428571,97.5
2022_run_26,2022,26,MSTRL,closed,127,0.9071428571428571,123.75
2022_run_26,2022,26,MT8B,open,101,0.7214285714285714,91.25
2022_run_26,2022,26,MT8Bq4,quantized,97,0.6928571428571428,86.25
2022_run_26,2022,26,MT8Bq6,quantized,98,0.7,87.5
2022_run_26,2022,26,MT8Bq8,quantized,99,0.7071428571428572,88.75
2022_run_26,2022,26,Q1_7B,open,75,0.5357142857142857,58.75
2022_run_26,2022,26,Q4B,open,115,0.8214285714285714,108.75
2022_run_26,2022,26,Q8B,open,112,0.8,105.0
2022_run_26,2022,26,QWEN,closed,137,0.9785714285714285,136.25
2022_run_26,2022,26,mSTRL3B,open,113,0.8071428571428572,106.25
2022_run_27,2022,27,CLA,closed,131,0.9357142857142857,128.75
2022_run_27,2022,27,DPSK,closed,133,0.95,131.25
2022_run_27,2022,27,GPT,closed,139,0.9928571428571429,138.75
2022_run_27,2022,27,GROK,closed,139,0.9928571428571429,138.75
2022_run_27,2022,27,MG4B,open,109,0.7785714285714286,101.25
2022_run_27,2022,27,MG4Bq4,quantized,104,0.7428571428571429,95.0
2022_run_27,2022,27,MG4Bq6,quantized,111,0.7928571428571428,103.75
2022_run_27,2022,27,MG4Bq8,quantized,102,0.7285714285714285,92.5
2022_run_27,2022,27,MSTRL,closed,125,0.8928571428571429,121.25
2022_run_27,2022,27,MT8B,open,102,0.7285714285714285,92.5
2022_run_27,2022,27,MT8Bq4,quantized,94,0.6714285714285714,82.5
2022_run_27,2022,27,MT8Bq6,quantized,99,0.7071428571428572,88.75
2022_run_27,2022,27,MT8Bq8,quantized,104,0.7428571428571429,95.0
2022_run_27,2022,27,Q1_7B,open,75,0.5357142857142857,58.75
2022_run_27,2022,27,Q4B,open,113,0.8071428571428572,106.25
2022_run_27,2022,27,Q8B,open,116,0.8285714285714286,110.0
2022_run_27,2022,27,QWEN,closed,137,0.9785714285714285,136.25
2022_run_27,2022,27,mSTRL3B,open,114,0.8142857142857143,107.5
2022_run_28,2022,28,CLA,closed,132,0.9428571428571428,130.0
2022_run_28,2022,28,DPSK,closed,135,0.9642857142857143,133.75
2022_run_28,2022,28,GPT,closed,139,0.9928571428571429,138.75
2022_run_28,2022,28,GROK,closed,137,0.9785714285714285,136.25
2022_run_28,2022,28,MG4B,open,103,0.7357142857142858,93.75
2022_run_28,2022,28,MG4Bq4,quantized,110,0.7857142857142857,102.5
2022_run_28,2022,28,MG4Bq6,quantized,109,0.7785714285714286,101.25
2022_run_28,2022,28,MG4Bq8,quantized,113,0.8071428571428572,106.25
2022_run_28,2022,28,MSTRL,closed,129,0.9214285714285714,126.25
2022_run_28,2022,28,MT8B,open,100,0.7142857142857143,90.0
2022_run_28,2022,28,MT8Bq4,quantized,93,0.6642857142857143,81.25
2022_run_28,2022,28,MT8Bq6,quantized,102,0.7285714285714285,92.5
2022_run_28,2022,28,MT8Bq8,quantized,106,0.7571428571428571,97.5
2022_run_28,2022,28,Q1_7B,open,80,0.5714285714285714,65.0
2022_run_28,2022,28,Q4B,open,111,0.7928571428571428,103.75
2022_run_28,2022,28,Q8B,open,116,0.8285714285714286,110.0
2022_run_28,2022,28,QWEN,closed,136,0.9714285714285714,135.0
2022_run_28,2022,28,mSTRL3B,open,117,0.8357142857142857,111.25
2022_run_29,2022,29,CLA,closed,129,0.9214285714285714,126.25
2022_run_29,2022,29,DPSK,closed,134,0.9571428571428572,132.5
2022_run_29,2022,29,GPT,closed,139,0.9928571428571429,138.75
2022_run_29,2022,29,GROK,closed,138,0.9857142857142858,137.5
2022_run_29,2022,29,MG4B,open,106,0.7571428571428571,97.5
2022_run_29,2022,29,MG4Bq4,quantized,108,0.7714285714285715,100.0
2022_run_29,2022,29,MG4Bq6,quantized,106,0.7571428571428571,97.5
2022_run_29,2022,29,MG4Bq8,quantized,113,0.8071428571428572,106.25
2022_run_29,2022,29,MSTRL,closed,127,0.9071428571428571,123.75
2022_run_29,2022,29,MT8B,open,96,0.6857142857142857,85.0
2022_run_29,2022,29,MT8Bq4,quantized,99,0.7071428571428572,88.75
2022_run_29,2022,29,MT8Bq6,quantized,96,0.6857142857142857,85.0
2022_run_29,2022,29,MT8Bq8,quantized,102,0.7285714285714285,92.5
2022_run_29,2022,29,Q1_7B,open,80,0.5714285714285714,65.0
2022_run_29,2022,29,Q4B,open,112,0.8,105.0
2022_run_29,2022,29,Q8B,open,110,0.7857142857142857,102.5
2022_run_29,2022,29,QWEN,closed,137,0.9785714285714285,136.25
2022_run_29,2022,29,mSTRL3B,open,113,0.8071428571428572,106.25
2022_run_30,2022,30,CLA,closed,130,0.9285714285714286,127.5
2022_run_30,2022,30,DPSK,closed,131,0.9357142857142857,128.75
2022_run_30,2022,30,GPT,closed,139,0.9928571428571429,138.75
2022_run_30,2022,30,GROK,closed,138,0.9857142857142858,137.5
2022_run_30,2022,30,MG4B,open,110,0.7857142857142857,102.5
2022_run_30,2022,30,MG4Bq4,quantized,114,0.8142857142857143,107.5
2022_run_30,2022,30,MG4Bq6,quantized,108,0.7714285714285715,100.0
2022_run_30,2022,30,MG4Bq8,quantized,107,0.7642857142857142,98.75
2022_run_30,2022,30,MSTRL,closed,128,0.9142857142857143,125.0
2022_run_30,2022,30,MT8B,open,96,0.6857142857142857,85.0
2022_run_30,2022,30,MT8Bq4,quantized,91,0.65,78.75
2022_run_30,2022,30,MT8Bq6,quantized,99,0.7071428571428572,88.75
2022_run_30,2022,30,MT8Bq8,quantized,97,0.6928571428571428,86.25
2022_run_30,2022,30,Q1_7B,open,76,0.5428571428571428,60.0
2022_run_30,2022,30,Q4B,open,110,0.7857142857142857,102.5
2022_run_30,2022,30,Q8B,open,121,0.8642857142857143,116.25
2022_run_30,2022,30,QWEN,closed,137,0.9785714285714285,136.25
2022_run_30,2022,30,mSTRL3B,open,111,0.7928571428571428,103.75
2022_run_31,2022,31,CLA,closed,132,0.9428571428571428,130.0
2022_run_31,2022,31,DPSK,closed,134,0.9571428571428572,132.5
2022_run_31,2022,31,GPT,closed,138,0.9857142857142858,137.5
2022_run_31,2022,31,GROK,closed,139,0.9928571428571429,138.75
2022_run_31,2022,31,MG4B,open,109,0.7785714285714286,101.25
2022_run_31,2022,31,MG4Bq4,quantized,99,0.7071428571428572,88.75
2022_run_31,2022,31,MG4Bq6,quantized,102,0.7285714285714285,92.5
2022_run_31,2022,31,MG4Bq8,quantized,107,0.7642857142857142,98.75
2022_run_31,2022,31,MSTRL,closed,127,0.9071428571428571,123.75
2022_run_31,2022,31,MT8B,open,96,0.6857142857142857,85.0
2022_run_31,2022,31,MT8Bq4,quantized,97,0.6928571428571428,86.25
2022_run_31,2022,31,MT8Bq6,quantized,110,0.7857142857142857,102.5
2022_run_31,2022,31,MT8Bq8,quantized,105,0.75,96.25
2022_run_31,2022,31,Q1_7B,open,81,0.5785714285714286,66.25
2022_run_31,2022,31,Q4B,open,115,0.8214285714285714,108.75
2022_run_31,2022,31,Q8B,open,113,0.8071428571428572,106.25
2022_run_31,2022,31,QWEN,closed,136,0.9714285714285714,135.0
2022_run_31,2022,31,mSTRL3B,open,115,0.8214285714285714,108.75
2022_run_32,2022,32,CLA,closed,132,0.9428571428571428,130.0
2022_run_32,2022,32,DPSK,closed,134,0.9571428571428572,132.5
2022_run_32,2022,32,GPT,closed,138,0.9857142857142858,137.5
2022_run_32,2022,32,GROK,closed,139,0.9928571428571429,138.75
2022_run_32,2022,32,MG4B,open,112,0.8,105.0
2022_run_32,2022,32,MG4Bq4,quantized,110,0.7857142857142857,102.5
2022_run_32,2022,32,MG4Bq6,quantized,101,0.7214285714285714,91.25
2022_run_32,2022,32,MG4Bq8,quantized,110,0.7857142857142857,102.5
2022_run_32,2022,32,MSTRL,closed,120,0.8571428571428571,115.0
2022_run_32,2022,32,MT8B,open,94,0.6714285714285714,82.5
2022_run_32,2022,32,MT8Bq4,quantized,93,0.6642857142857143,81.25
2022_run_32,2022,32,MT8Bq6,quantized,106,0.7571428571428571,97.5
2022_run_32,2022,32,MT8Bq8,quantized,100,0.7142857142857143,90.0
2022_run_32,2022,32,Q1_7B,open,80,0.5714285714285714,65.0
2022_run_32,2022,32,Q4B,open,112,0.8,105.0
2022_run_32,2022,32,Q8B,open,117,0.8357142857142857,111.25
2022_run_32,2022,32,QWEN,closed,137,0.9785714285714285,136.25
2022_run_32,2022,32,mSTRL3B,open,109,0.7785714285714286,101.25
2022_run_33,2022,33,CLA,closed,130,0.9285714285714286,127.5
2022_run_33,2022,33,DPSK,closed,132,0.9428571428571428,130.0
2022_run_33,2022,33,GPT,closed,137,0.9785714285714285,136.25
2022_run_33,2022,33,GROK,closed,139,0.9928571428571429,138.75
2022_run_33,2022,33,MG4B,open,98,0.7,87.5
2022_run_33,2022,33,MG4Bq4,quantized,115,0.8214285714285714,108.75
2022_run_33,2022,33,MG4Bq6,quantized,106,0.7571428571428571,97.5
2022_run_33,2022,33,MG4Bq8,quantized,103,0.7357142857142858,93.75
2022_run_33,2022,33,MSTRL,closed,127,0.9071428571428571,123.75
2022_run_33,2022,33,MT8B,open,102,0.7285714285714285,92.5
2022_run_33,2022,33,MT8Bq4,quantized,93,0.6642857142857143,81.25
2022_run_33,2022,33,MT8Bq6,quantized,100,0.7142857142857143,90.0
2022_run_33,2022,33,MT8Bq8,quantized,107,0.7642857142857142,98.75
2022_run_33,2022,33,Q1_7B,open,78,0.5571428571428572,62.5
2022_run_33,2022,33,Q4B,open,114,0.8142857142857143,107.5
2022_run_33,2022,33,Q8B,open,111,0.7928571428571428,103.75
2022_run_33,2022,33,QWEN,closed,137,0.9785714285714285,136.25
2022_run_33,2022,33,mSTRL3B,open,111,0.7928571428571428,103.75
2022_run_34,2022,34,CLA,closed,129,0.9214285714285714,126.25
2022_run_34,2022,34,DPSK,closed,134,0.9571428571428572,132.5
2022_run_34,2022,34,GPT,closed,139,0.9928571428571429,138.75
2022_run_34,2022,34,GROK,closed,138,0.9857142857142858,137.5
2022_run_34,2022,34,MG4B,open,100,0.7142857142857143,90.0
2022_run_34,2022,34,MG4Bq4,quantized,119,0.85,113.75
2022_run_34,2022,34,MG4Bq6,quantized,108,0.7714285714285715,100.0
2022_run_34,2022,34,MG4Bq8,quantized,112,0.8,105.0
2022_run_34,2022,34,MSTRL,closed,128,0.9142857142857143,125.0
2022_run_34,2022,34,MT8B,open,99,0.7071428571428572,88.75
2022_run_34,2022,34,MT8Bq4,quantized,101,0.7214285714285714,91.25
2022_run_34,2022,34,MT8Bq6,quantized,103,0.7357142857142858,93.75
2022_run_34,2022,34,MT8Bq8,quantized,98,0.7,87.5
2022_run_34,2022,34,Q1_7B,open,77,0.55,61.25
2022_run_34,2022,34,Q4B,open,110,0.7857142857142857,102.5
2022_run_34,2022,34,Q8B,open,120,0.8571428571428571,115.0
2022_run_34,2022,34,QWEN,closed,137,0.9785714285714285,136.25
2022_run_34,2022,34,mSTRL3B,open,114,0.8142857142857143,107.5
2022_run_35,2022,35,CLA,closed,132,0.9428571428571428,130.0
2022_run_35,2022,35,DPSK,closed,134,0.9571428571428572,132.5
2022_run_35,2022,35,GPT,closed,139,0.9928571428571429,138.75
2022_run_35,2022,35,GROK,closed,139,0.9928571428571429,138.75
2022_run_35,2022,35,MG4B,open,105,0.75,96.25
2022_run_35,2022,35,MG4Bq4,quantized,105,0.75,96.25
2022_run_35,2022,35,MG4Bq6,quantized,102,0.7285714285714285,92.5
2022_run_35,2022,35,MG4Bq8,quantized,107,0.7642857142857142,98.75
2022_run_35,2022,35,MSTRL,closed,130,0.9285714285714286,127.5
2022_run_35,2022,35,MT8B,open,93,0.6642857142857143,81.25
2022_run_35,2022,35,MT8Bq4,quantized,99,0.7071428571428572,88.75
2022_run_35,2022,35,MT8Bq6,quantized,99,0.7071428571428572,88.75
2022_run_35,2022,35,MT8Bq8,quantized,103,0.7357142857142858,93.75
2022_run_35,2022,35,Q1_7B,open,78,0.5571428571428572,62.5
2022_run_35,2022,35,Q4B,open,107,0.7642857142857142,98.75
2022_run_35,2022,35,Q8B,open,115,0.8214285714285714,108.75
2022_run_35,2022,35,QWEN,closed,136,0.9714285714285714,135.0
2022_run_35,2022,35,mSTRL3B,open,112,0.8,105.0
2022_run_36,2022,36,CLA,closed,129,0.9214285714285714,126.25
2022_run_36,2022,36,DPSK,closed,134,0.9571428571428572,132.5
2022_run_36,2022,36,GPT,closed,138,0.9857142857142858,137.5
2022_run_36,2022,36,GROK,closed,137,0.9785714285714285,136.25
2022_run_36,2022,36,MG4B,open,104,0.7428571428571429,95.0
2022_run_36,2022,36,MG4Bq4,quantized,104,0.7428571428571429,95.0
2022_run_36,2022,36,MG4Bq6,quantized,103,0.7357142857142858,93.75
2022_run_36,2022,36,MG4Bq8,quantized,115,0.8214285714285714,108.75
2022_run_36,2022,36,MSTRL,closed,129,0.9214285714285714,126.25
2022_run_36,2022,36,MT8B,open,97,0.6928571428571428,86.25
2022_run_36,2022,36,MT8Bq4,quantized,102,0.7285714285714285,92.5
2022_run_36,2022,36,MT8Bq6,quantized,98,0.7,87.5
2022_run_36,2022,36,MT8Bq8,quantized,99,0.7071428571428572,88.75
2022_run_36,2022,36,Q1_7B,open,76,0.5428571428571428,60.0
2022_run_36,2022,36,Q4B,open,114,0.8142857142857143,107.5
2022_run_36,2022,36,Q8B,open,118,0.8428571428571429,112.5
2022_run_36,2022,36,QWEN,closed,137,0.9785714285714285,136.25
2022_run_36,2022,36,mSTRL3B,open,110,0.7857142857142857,102.5
2022_run_37,2022,37,CLA,closed,133,0.95,131.25
2022_run_37,2022,37,DPSK,closed,135,0.9642857142857143,133.75
2022_run_37,2022,37,GPT,closed,139,0.9928571428571429,138.75
2022_run_37,2022,37,GROK,closed,137,0.9785714285714285,136.25
2022_run_37,2022,37,MG4B,open,111,0.7928571428571428,103.75
2022_run_37,2022,37,MG4Bq4,quantized,109,0.7785714285714286,101.25
2022_run_37,2022,37,MG4Bq6,quantized,111,0.7928571428571428,103.75
2022_run_37,2022,37,MG4Bq8,quantized,109,0.7785714285714286,101.25
2022_run_37,2022,37,MSTRL,closed,125,0.8928571428571429,121.25
2022_run_37,2022,37,MT8B,open,97,0.6928571428571428,86.25
2022_run_37,2022,37,MT8Bq4,quantized,97,0.6928571428571428,86.25
2022_run_37,2022,37,MT8Bq6,quantized,98,0.7,87.5
2022_run_37,2022,37,MT8Bq8,quantized,100,0.7142857142857143,90.0
2022_run_37,2022,37,Q1_7B,open,87,0.6214285714285714,73.75
2022_run_37,2022,37,Q4B,open,113,0.8071428571428572,106.25
2022_run_37,2022,37,Q8B,open,121,0.8642857142857143,116.25
2022_run_37,2022,37,QWEN,closed,137,0.9785714285714285,136.25
2022_run_37,2022,37,mSTRL3B,open,113,0.8071428571428572,106.25
2022_run_38,2022,38,CLA,closed,133,0.95,131.25
2022_run_38,2022,38,DPSK,closed,135,0.9642857142857143,133.75
2022_run_38,2022,38,GPT,closed,139,0.9928571428571429,138.75
2022_run_38,2022,38,GROK,closed,139,0.9928571428571429,138.75
2022_run_38,2022,38,MG4B,open,111,0.7928571428571428,103.75
2022_run_38,2022,38,MG4Bq4,quantized,111,0.7928571428571428,103.75
2022_run_38,2022,38,MG4Bq6,quantized,109,0.7785714285714286,101.25
2022_run_38,2022,38,MG4Bq8,quantized,111,0.7928571428571428,103.75
2022_run_38,2022,38,MSTRL,closed,130,0.9285714285714286,127.5
2022_run_38,2022,38,MT8B,open,99,0.7071428571428572,88.75
2022_run_38,2022,38,MT8Bq4,quantized,94,0.6714285714285714,82.5
2022_run_38,2022,38,MT8Bq6,quantized,95,0.6785714285714286,83.75
2022_run_38,2022,38,MT8Bq8,quantized,99,0.7071428571428572,88.75
2022_run_38,2022,38,Q1_7B,open,76,0.5428571428571428,60.0
2022_run_38,2022,38,Q4B,open,112,0.8,105.0
2022_run_38,2022,38,Q8B,open,114,0.8142857142857143,107.5
2022_run_38,2022,38,QWEN,closed,137,0.9785714285714285,136.25
2022_run_38,2022,38,mSTRL3B,open,107,0.7642857142857142,98.75
2022_run_39,2022,39,CLA,closed,129,0.9214285714285714,126.25
2022_run_39,2022,39,DPSK,closed,137,0.9785714285714285,136.25
2022_run_39,2022,39,GPT,closed,139,0.9928571428571429,138.75
2022_run_39,2022,39,GROK,closed,139,0.9928571428571429,138.75
2022_run_39,2022,39,MG4B,open,104,0.7428571428571429,95.0
2022_run_39,2022,39,MG4Bq4,quantized,96,0.6857142857142857,85.0
2022_run_39,2022,39,MG4Bq6,quantized,109,0.7785714285714286,101.25
2022_run_39,2022,39,MG4Bq8,quantized,113,0.8071428571428572,106.25
2022_run_39,2022,39,MSTRL,closed,130,0.9285714285714286,127.5
2022_run_39,2022,39,MT8B,open,94,0.6714285714285714,82.5
2022_run_39,2022,39,MT8Bq4,quantized,94,0.6714285714285714,82.5
2022_run_39,2022,39,MT8Bq6,quantized,101,0.7214285714285714,91.25
2022_run_39,2022,39,MT8Bq8,quantized,95,0.6785714285714286,83.75
2022_run_39,2022,39,Q1_7B,open,80,0.5714285714285714,65.0
2022_run_39,2022,39,Q4B,open,109,0.7785714285714286,101.25
2022_run_39,2022,39,Q8B,open,117,0.8357142857142857,111.25
2022_run_39,2022,39,QWEN,closed,137,0.9785714285714285,136.25
2022_run_39,2022,39,mSTRL3B,open,113,0.8071428571428572,106.25
2022_run_40,2022,40,CLA,closed,132,0.9428571428571428,130.0
2022_run_40,2022,40,DPSK,closed,131,0.9357142857142857,128.75
2022_run_40,2022,40,GPT,closed,139,0.9928571428571429,138.75
2022_run_40,2022,40,GROK,closed,139,0.9928571428571429,138.75
2022_run_40,2022,40,MG4B,open,110,0.7857142857142857,102.5
2022_run_40,2022,40,MG4Bq4,quantized,112,0.8,105.0
2022_run_40,2022,40,MG4Bq6,quantized,112,0.8,105.0
2022_run_40,2022,40,MG4Bq8,quantized,108,0.7714285714285715,100.0
2022_run_40,2022,40,MSTRL,closed,131,0.9357142857142857,128.75
2022_run_40,2022,40,MT8B,open,99,0.7071428571428572,88.75
2022_run_40,2022,40,MT8Bq4,quantized,92,0.6571428571428571,80.0
2022_run_40,2022,40,MT8Bq6,quantized,103,0.7357142857142858,93.75
2022_run_40,2022,40,MT8Bq8,quantized,101,0.7214285714285714,91.25
2022_run_40,2022,40,Q1_7B,open,75,0.5357142857142857,58.75
2022_run_40,2022,40,Q4B,open,109,0.7785714285714286,101.25
2022_run_40,2022,40,Q8B,open,111,0.7928571428571428,103.75
2022_run_40,2022,40,QWEN,closed,135,0.9642857142857143,133.75
2022_run_40,2022,40,mSTRL3B,open,109,0.7785714285714286,101.25
2022_run_41,2022,41,CLA,closed,137,0.9785714285714285,136.25
2022_run_41,2022,41,DPSK,closed,133,0.95,131.25
2022_run_41,2022,41,GPT,closed,139,0.9928571428571429,138.75
2022_run_41,2022,41,GROK,closed,138,0.9857142857142858,137.5
2022_run_41,2022,41,MG4B,open,108,0.7714285714285715,100.0
2022_run_41,2022,41,MG4Bq4,quantized,108,0.7714285714285715,100.0
2022_run_41,2022,41,MG4Bq6,quantized,111,0.7928571428571428,103.75
2022_run_41,2022,41,MG4Bq8,quantized,101,0.7214285714285714,91.25
2022_run_41,2022,41,MSTRL,closed,127,0.9071428571428571,123.75
2022_run_41,2022,41,MT8B,open,103,0.7357142857142858,93.75
2022_run_41,2022,41,MT8Bq4,quantized,91,0.65,78.75
2022_run_41,2022,41,MT8Bq6,quantized,94,0.6714285714285714,82.5
2022_run_41,2022,41,MT8Bq8,quantized,97,0.6928571428571428,86.25
2022_run_41,2022,41,Q1_7B,open,80,0.5714285714285714,65.0
2022_run_41,2022,41,Q4B,open,115,0.8214285714285714,108.75
2022_run_41,2022,41,Q8B,open,112,0.8,105.0
2022_run_41,2022,41,QWEN,closed,138,0.9857142857142858,137.5
2022_run_41,2022,41,mSTRL3B,open,107,0.7642857142857142,98.75
2022_run_42,2022,42,CLA,closed,131,0.9357142857142857,128.75
2022_run_42,2022,42,DPSK,closed,135,0.9642857142857143,133.75
2022_run_42,2022,42,GPT,closed,139,0.9928571428571429,138.75
2022_run_42,2022,42,GROK,closed,139,0.9928571428571429,138.75
2022_run_42,2022,42,MG4B,open,101,0.7214285714285714,91.25
2022_run_42,2022,42,MG4Bq4,quantized,105,0.75,96.25
2022_run_42,2022,42,MG4Bq6,quantized,101,0.7214285714285714,91.25
2022_run_42,2022,42,MG4Bq8,quantized,120,0.8571428571428571,115.0
2022_run_42,2022,42,MSTRL,closed,126,0.9,122.5
2022_run_42,2022,42,MT8B,open,96,0.6857142857142857,85.0
2022_run_42,2022,42,MT8Bq4,quantized,90,0.6428571428571429,77.5
2022_run_42,2022,42,MT8Bq6,quantized,101,0.7214285714285714,91.25
2022_run_42,2022,42,MT8Bq8,quantized,104,0.7428571428571429,95.0
2022_run_42,2022,42,Q1_7B,open,72,0.5142857142857142,55.0
2022_run_42,2022,42,Q4B,open,112,0.8,105.0
2022_run_42,2022,42,Q8B,open,116,0.8285714285714286,110.0
2022_run_42,2022,42,QWEN,closed,137,0.9785714285714285,136.25
2022_run_42,2022,42,mSTRL3B,open,110,0.7857142857142857,102.5
2022_run_43,2022,43,CLA,closed,130,0.9285714285714286,127.5
2022_run_43,2022,43,DPSK,closed,130,0.9285714285714286,127.5
2022_run_43,2022,43,GPT,closed,139,0.9928571428571429,138.75
2022_run_43,2022,43,GROK,closed,138,0.9857142857142858,137.5
2022_run_43,2022,43,MG4B,open,110,0.7857142857142857,102.5
2022_run_43,2022,43,MG4Bq4,quantized,101,0.7214285714285714,91.25
2022_run_43,2022,43,MG4Bq6,quantized,102,0.7285714285714285,92.5
2022_run_43,2022,43,MG4Bq8,quantized,105,0.75,96.25
2022_run_43,2022,43,MSTRL,closed,122,0.8714285714285714,117.5
2022_run_43,2022,43,MT8B,open,102,0.7285714285714285,92.5
2022_run_43,2022,43,MT8Bq4,quantized,96,0.6857142857142857,85.0
2022_run_43,2022,43,MT8Bq6,quantized,96,0.6857142857142857,85.0
2022_run_43,2022,43,MT8Bq8,quantized,102,0.7285714285714285,92.5
2022_run_43,2022,43,Q1_7B,open,81,0.5785714285714286,66.25
2022_run_43,2022,43,Q4B,open,110,0.7857142857142857,102.5
2022_run_43,2022,43,Q8B,open,116,0.8285714285714286,110.0
2022_run_43,2022,43,QWEN,closed,135,0.9642857142857143,133.75
2022_run_43,2022,43,mSTRL3B,open,106,0.7571428571428571,97.5
2022_run_44,2022,44,CLA,closed,127,0.9071428571428571,123.75
2022_run_44,2022,44,DPSK,closed,133,0.95,131.25
2022_run_44,2022,44,GPT,closed,139,0.9928571428571429,138.75
2022_run_44,2022,44,GROK,closed,138,0.9857142857142858,137.5
2022_run_44,2022,44,MG4B,open,109,0.7785714285714286,101.25
2022_run_44,2022,44,MG4Bq4,quantized,104,0.7428571428571429,95.0
2022_run_44,2022,44,MG4Bq6,quantized,108,0.7714285714285715,100.0
2022_run_44,2022,44,MG4Bq8,quantized,107,0.7642857142857142,98.75
2022_run_44,2022,44,MSTRL,closed,128,0.9142857142857143,125.0
2022_run_44,2022,44,MT8B,open,93,0.6642857142857143,81.25
2022_run_44,2022,44,MT8Bq4,quantized,102,0.7285714285714285,92.5
2022_run_44,2022,44,MT8Bq6,quantized,94,0.6714285714285714,82.5
2022_run_44,2022,44,MT8Bq8,quantized,100,0.7142857142857143,90.0
2022_run_44,2022,44,Q1_7B,open,79,0.5642857142857143,63.75
2022_run_44,2022,44,Q4B,open,107,0.7642857142857142,98.75
2022_run_44,2022,44,Q8B,open,111,0.7928571428571428,103.75
2022_run_44,2022,44,QWEN,closed,138,0.9857142857142858,137.5
2022_run_44,2022,44,mSTRL3B,open,114,0.8142857142857143,107.5
2022_run_45,2022,45,CLA,closed,130,0.9285714285714286,127.5
2022_run_45,2022,45,DPSK,closed,130,0.9285714285714286,127.5
2022_run_45,2022,45,GPT,closed,139,0.9928571428571429,138.75
2022_run_45,2022,45,GROK,closed,138,0.9857142857142858,137.5
2022_run_45,2022,45,MG4B,open,107,0.7642857142857142,98.75
2022_run_45,2022,45,MG4Bq4,quantized,108,0.7714285714285715,100.0
2022_run_45,2022,45,MG4Bq6,quantized,106,0.7571428571428571,97.5
2022_run_45,2022,45,MG4Bq8,quantized,109,0.7785714285714286,101.25
2022_run_45,2022,45,MSTRL,closed,130,0.9285714285714286,127.5
2022_run_45,2022,45,MT8B,open,97,0.6928571428571428,86.25
2022_run_45,2022,45,MT8Bq4,quantized,94,0.6714285714285714,82.5
2022_run_45,2022,45,MT8Bq6,quantized,105,0.75,96.25
2022_run_45,2022,45,MT8Bq8,quantized,97,0.6928571428571428,86.25
2022_run_45,2022,45,Q1_7B,open,82,0.5857142857142857,67.5
2022_run_45,2022,45,Q4B,open,112,0.8,105.0
2022_run_45,2022,45,Q8B,open,117,0.8357142857142857,111.25
2022_run_45,2022,45,QWEN,closed,136,0.9714285714285714,135.0
2022_run_45,2022,45,mSTRL3B,open,112,0.8,105.0
2022_run_46,2022,46,CLA,closed,133,0.95,131.25
2022_run_46,2022,46,DPSK,closed,135,0.9642857142857143,133.75
2022_run_46,2022,46,GPT,closed,139,0.9928571428571429,138.75
2022_run_46,2022,46,GROK,closed,138,0.9857142857142858,137.5
2022_run_46,2022,46,MG4B,open,107,0.7642857142857142,98.75
2022_run_46,2022,46,MG4Bq4,quantized,104,0.7428571428571429,95.0
2022_run_46,2022,46,MG4Bq6,quantized,111,0.7928571428571428,103.75
2022_run_46,2022,46,MG4Bq8,quantized,106,0.7571428571428571,97.5
2022_run_46,2022,46,MSTRL,closed,131,0.9357142857142857,128.75
2022_run_46,2022,46,MT8B,open,100,0.7142857142857143,90.0
2022_run_46,2022,46,MT8Bq4,quantized,93,0.6642857142857143,81.25
2022_run_46,2022,46,MT8Bq6,quantized,101,0.7214285714285714,91.25
2022_run_46,2022,46,MT8Bq8,quantized,104,0.7428571428571429,95.0
2022_run_46,2022,46,Q1_7B,open,79,0.5642857142857143,63.75
2022_run_46,2022,46,Q4B,open,108,0.7714285714285715,100.0
2022_run_46,2022,46,Q8B,open,116,0.8285714285714286,110.0
2022_run_46,2022,46,QWEN,closed,137,0.9785714285714285,136.25
2022_run_46,2022,46,mSTRL3B,open,114,0.8142857142857143,107.5
2022_run_47,2022,47,CLA,closed,131,0.9357142857142857,128.75
2022_run_47,2022,47,DPSK,closed,130,0.9285714285714286,127.5
2022_run_47,2022,47,GPT,closed,139,0.9928571428571429,138.75
2022_run_47,2022,47,GROK,closed,139,0.9928571428571429,138.75
2022_run_47,2022,47,MG4B,open,108,0.7714285714285715,100.0
2022_run_47,2022,47,MG4Bq4,quantized,112,0.8,105.0
2022_run_47,2022,47,MG4Bq6,quantized,109,0.7785714285714286,101.25
2022_run_47,2022,47,MG4Bq8,quantized,115,0.8214285714285714,108.75
2022_run_47,2022,47,MSTRL,closed,127,0.9071428571428571,123.75
2022_run_47,2022,47,MT8B,open,96,0.6857142857142857,85.0
2022_run_47,2022,47,MT8Bq4,quantized,93,0.6642857142857143,81.25
2022_run_47,2022,47,MT8Bq6,quantized,99,0.7071428571428572,88.75
2022_run_47,2022,47,MT8Bq8,quantized,98,0.7,87.5
2022_run_47,2022,47,Q1_7B,open,68,0.4857142857142857,50.0
2022_run_47,2022,47,Q4B,open,109,0.7785714285714286,101.25
2022_run_47,2022,47,Q8B,open,114,0.8142857142857143,107.5
2022_run_47,2022,47,QWEN,closed,137,0.9785714285714285,136.25
2022_run_47,2022,47,mSTRL3B,open,114,0.8142857142857143,107.5
2022_run_48,2022,48,CLA,closed,132,0.9428571428571428,130.0
2022_run_48,2022,48,DPSK,closed,135,0.9642857142857143,133.75
2022_run_48,2022,48,GPT,closed,137,0.9785714285714285,136.25
2022_run_48,2022,48,GROK,closed,138,0.9857142857142858,137.5
2022_run_48,2022,48,MG4B,open,108,0.7714285714285715,100.0
2022_run_48,2022,48,MG4Bq4,quantized,109,0.7785714285714286,101.25
2022_run_48,2022,48,MG4Bq6,quantized,110,0.7857142857142857,102.5
2022_run_48,2022,48,MG4Bq8,quantized,109,0.7785714285714286,101.25
2022_run_48,2022,48,MSTRL,closed,127,0.9071428571428571,123.75
2022_run_48,2022,48,MT8B,open,101,0.7214285714285714,91.25
2022_run_48,2022,48,MT8Bq4,quantized,97,0.6928571428571428,86.25
2022_run_48,2022,48,MT8Bq6,quantized,94,0.6714285714285714,82.5
2022_run_48,2022,48,MT8Bq8,quantized,100,0.7142857142857143,90.0
2022_run_48,2022,48,Q1_7B,open,75,0.5357142857142857,58.75
2022_run_48,2022,48,Q4B,open,110,0.7857142857142857,102.5
2022_run_48,2022,48,Q8B,open,117,0.8357142857142857,111.25
2022_run_48,2022,48,QWEN,closed,137,0.9785714285714285,136.25
2022_run_48,2022,48,mSTRL3B,open,115,0.8214285714285714,108.75
2022_run_49,2022,49,CLA,closed,131,0.9357142857142857,128.75
2022_run_49,2022,49,DPSK,closed,135,0.9642857142857143,133.75
2022_run_49,2022,49,GPT,closed,138,0.9857142857142858,137.5
2022_run_49,2022,49,GROK,closed,138,0.9857142857142858,137.5
2022_run_49,2022,49,MG4B,open,104,0.7428571428571429,95.0
2022_run_49,2022,49,MG4Bq4,quantized,106,0.7571428571428571,97.5
2022_run_49,2022,49,MG4Bq6,quantized,110,0.7857142857142857,102.5
2022_run_49,2022,49,MG4Bq8,quantized,110,0.7857142857142857,102.5
2022_run_49,2022,49,MSTRL,closed,128,0.9142857142857143,125.0
2022_run_49,2022,49,MT8B,open,99,0.7071428571428572,88.75
2022_run_49,2022,49,MT8Bq4,quantized,96,0.6857142857142857,85.0
2022_run_49,2022,49,MT8Bq6,quantized,105,0.75,96.25
2022_run_49,2022,49,MT8Bq8,quantized,99,0.7071428571428572,88.75
2022_run_49,2022,49,Q1_7B,open,79,0.5642857142857143,63.75
2022_run_49,2022,49,Q4B,open,110,0.7857142857142857,102.5
2022_run_49,2022,49,Q8B,open,118,0.8428571428571429,112.5
2022_run_49,2022,49,QWEN,closed,137,0.9785714285714285,136.25
2022_run_49,2022,49,mSTRL3B,open,109,0.7785714285714286,101.25
2022_run_50,2022,50,CLA,closed,135,0.9642857142857143,133.75
2022_run_50,2022,50,DPSK,closed,135,0.9642857142857143,133.75
2022_run_50,2022,50,GPT,closed,138,0.9857142857142858,137.5
2022_run_50,2022,50,GROK,closed,139,0.9928571428571429,138.75
2022_run_50,2022,50,MG4B,open,105,0.75,96.25
2022_run_50,2022,50,MG4Bq4,quantized,105,0.75,96.25
2022_run_50,2022,50,MG4Bq6,quantized,107,0.7642857142857142,98.75
2022_run_50,2022,50,MG4Bq8,quantized,109,0.7785714285714286,101.25
2022_run_50,2022,50,MSTRL,closed,127,0.9071428571428571,123.75
2022_run_50,2022,50,MT8B,open,96,0.6857142857142857,85.0
2022_run_50,2022,50,MT8Bq4,quantized,100,0.7142857142857143,90.0
2022_run_50,2022,50,MT8Bq6,quantized,96,0.6857142857142857,85.0
2022_run_50,2022,50,MT8Bq8,quantized,93,0.6642857142857143,81.25
2022_run_50,2022,50,Q1_7B,open,79,0.5642857142857143,63.75
2022_run_50,2022,50,Q4B,open,113,0.8071428571428572,106.25
2022_run_50,2022,50,Q8B,open,116,0.8285714285714286,110.0
2022_run_50,2022,50,QWEN,closed,137,0.9785714285714285,136.25
2022_run_50,2022,50,mSTRL3B,open,112,0.8,105.0
2023_run_1,2023,1,CLA,closed,131,0.9357142857142857,128.75
2023_run_1,2023,1,DPSK,closed,133,0.95,131.25
2023_run_1,2023,1,GPT,closed,134,0.9571428571428572,132.5
2023_run_1,2023,1,GROK,closed,137,0.9785714285714285,136.25
2023_run_1,2023,1,MG4B,open,107,0.7642857142857142,98.75
2023_run_1,2023,1,MG4Bq4,quantized,119,0.85,113.75
2023_run_1,2023,1,MG4Bq6,quantized,115,0.8214285714285714,108.75
2023_run_1,2023,1,MG4Bq8,quantized,118,0.8428571428571429,112.5
2023_run_1,2023,1,MSTRL,closed,132,0.9428571428571428,130.0
2023_run_1,2023,1,MT8B,open,101,0.7214285714285714,91.25
2023_run_1,2023,1,MT8Bq4,quantized,90,0.6428571428571429,77.5
2023_run_1,2023,1,MT8Bq6,quantized,95,0.6785714285714286,83.75
2023_run_1,2023,1,MT8Bq8,quantized,106,0.7571428571428571,97.5
2023_run_1,2023,1,Q1_7B,open,69,0.4928571428571429,51.25
2023_run_1,2023,1,Q4B,open,104,0.7428571428571429,95.0
2023_run_1,2023,1,Q8B,open,117,0.8357142857142857,111.25
2023_run_1,2023,1,QWEN,closed,133,0.95,131.25
2023_run_1,2023,1,mSTRL3B,open,98,0.7,87.5
2023_run_2,2023,2,CLA,closed,129,0.9214285714285714,126.25
2023_run_2,2023,2,DPSK,closed,134,0.9571428571428572,132.5
2023_run_2,2023,2,GPT,closed,137,0.9785714285714285,136.25
2023_run_2,2023,2,GROK,closed,137,0.9785714285714285,136.25
2023_run_2,2023,2,MG4B,open,111,0.7928571428571428,103.75
2023_run_2,2023,2,MG4Bq4,quantized,117,0.8357142857142857,111.25
2023_run_2,2023,2,MG4Bq6,quantized,117,0.8357142857142857,111.25
2023_run_2,2023,2,MG4Bq8,quantized,113,0.8071428571428572,106.25
2023_run_2,2023,2,MSTRL,closed,132,0.9428571428571428,130.0
2023_run_2,2023,2,MT8B,open,102,0.7285714285714285,92.5
2023_run_2,2023,2,MT8Bq4,quantized,96,0.6857142857142857,85.0
2023_run_2,2023,2,MT8Bq6,quantized,99,0.7071428571428572,88.75
2023_run_2,2023,2,MT8Bq8,quantized,101,0.7214285714285714,91.25
2023_run_2,2023,2,Q1_7B,open,68,0.4857142857142857,50.0
2023_run_2,2023,2,Q4B,open,111,0.7928571428571428,103.75
2023_run_2,2023,2,Q8B,open,114,0.8142857142857143,107.5
2023_run_2,2023,2,QWEN,closed,135,0.9642857142857143,133.75
2023_run_2,2023,2,mSTRL3B,open,108,0.7714285714285715,100.0
2023_run_3,2023,3,CLA,closed,132,0.9428571428571428,130.0
2023_run_3,2023,3,DPSK,closed,134,0.9571428571428572,132.5
2023_run_3,2023,3,GPT,closed,136,0.9714285714285714,135.0
2023_run_3,2023,3,GROK,closed,135,0.9642857142857143,133.75
2023_run_3,2023,3,MG4B,open,113,0.8071428571428572,106.25
2023_run_3,2023,3,MG4Bq4,quantized,111,0.7928571428571428,103.75
2023_run_3,2023,3,MG4Bq6,quantized,113,0.8071428571428572,106.25
2023_run_3,2023,3,MG4Bq8,quantized,110,0.7857142857142857,102.5
2023_run_3,2023,3,MSTRL,closed,129,0.9214285714285714,126.25
2023_run_3,2023,3,MT8B,open,89,0.6357142857142857,76.25
2023_run_3,2023,3,MT8Bq4,quantized,99,0.7071428571428572,88.75
2023_run_3,2023,3,MT8Bq6,quantized,91,0.65,78.75
2023_run_3,2023,3,MT8Bq8,quantized,97,0.6928571428571428,86.25
2023_run_3,2023,3,Q1_7B,open,71,0.5071428571428571,53.75
2023_run_3,2023,3,Q4B,open,106,0.7571428571428571,97.5
2023_run_3,2023,3,Q8B,open,113,0.8071428571428572,106.25
2023_run_3,2023,3,QWEN,closed,134,0.9571428571428572,132.5
2023_run_3,2023,3,mSTRL3B,open,102,0.7285714285714285,92.5
2023_run_4,2023,4,CLA,closed,132,0.9428571428571428,130.0
2023_run_4,2023,4,DPSK,closed,131,0.9357142857142857,128.75
2023_run_4,2023,4,GPT,closed,137,0.9785714285714285,136.25
2023_run_4,2023,4,GROK,closed,134,0.9571428571428572,132.5
2023_run_4,2023,4,MG4B,open,116,0.8285714285714286,110.0
2023_run_4,2023,4,MG4Bq4,quantized,114,0.8142857142857143,107.5
2023_run_4,2023,4,MG4Bq6,quantized,117,0.8357142857142857,111.25
2023_run_4,2023,4,MG4Bq8,quantized,116,0.8285714285714286,110.0
2023_run_4,2023,4,MSTRL,closed,130,0.9285714285714286,127.5
2023_run_4,2023,4,MT8B,open,99,0.7071428571428572,88.75
2023_run_4,2023,4,MT8Bq4,quantized,94,0.6714285714285714,82.5
2023_run_4,2023,4,MT8Bq6,quantized,104,0.7428571428571429,95.0
2023_run_4,2023,4,MT8Bq8,quantized,107,0.7642857142857142,98.75
2023_run_4,2023,4,Q1_7B,open,70,0.5,52.5
2023_run_4,2023,4,Q4B,open,106,0.7571428571428571,97.5
2023_run_4,2023,4,Q8B,open,110,0.7857142857142857,102.5
2023_run_4,2023,4,QWEN,closed,134,0.9571428571428572,132.5
2023_run_4,2023,4,mSTRL3B,open,100,0.7142857142857143,90.0
2023_run_5,2023,5,CLA,closed,132,0.9428571428571428,130.0
2023_run_5,2023,5,DPSK,closed,130,0.9285714285714286,127.5
2023_run_5,2023,5,GPT,closed,135,0.9642857142857143,133.75
2023_run_5,2023,5,GROK,closed,137,0.9785714285714285,136.25
2023_run_5,2023,5,MG4B,open,116,0.8285714285714286,110.0
2023_run_5,2023,5,MG4Bq4,quantized,106,0.7571428571428571,97.5
2023_run_5,2023,5,MG4Bq6,quantized,112,0.8,105.0
2023_run_5,2023,5,MG4Bq8,quantized,109,0.7785714285714286,101.25
2023_run_5,2023,5,MSTRL,closed,132,0.9428571428571428,130.0
2023_run_5,2023,5,MT8B,open,95,0.6785714285714286,83.75
2023_run_5,2023,5,MT8Bq4,quantized,97,0.6928571428571428,86.25
2023_run_5,2023,5,MT8Bq6,quantized,101,0.7214285714285714,91.25
2023_run_5,2023,5,MT8Bq8,quantized,103,0.7357142857142858,93.75
2023_run_5,2023,5,Q1_7B,open,74,0.5285714285714286,57.5
2023_run_5,2023,5,Q4B,open,103,0.7357142857142858,93.75
2023_run_5,2023,5,Q8B,open,116,0.8285714285714286,110.0
2023_run_5,2023,5,QWEN,closed,136,0.9714285714285714,135.0
2023_run_5,2023,5,mSTRL3B,open,99,0.7071428571428572,88.75
2023_run_6,2023,6,CLA,closed,137,0.9785714285714285,136.25
2023_run_6,2023,6,DPSK,closed,132,0.9428571428571428,130.0
2023_run_6,2023,6,GPT,closed,137,0.9785714285714285,136.25
2023_run_6,2023,6,GROK,closed,135,0.9642857142857143,133.75
2023_run_6,2023,6,MG4B,open,112,0.8,105.0
2023_run_6,2023,6,MG4Bq4,quantized,109,0.7785714285714286,101.25
2023_run_6,2023,6,MG4Bq6,quantized,113,0.8071428571428572,106.25
2023_run_6,2023,6,MG4Bq8,quantized,110,0.7857142857142857,102.5
2023_run_6,2023,6,MSTRL,closed,128,0.9142857142857143,125.0
2023_run_6,2023,6,MT8B,open,99,0.7071428571428572,88.75
2023_run_6,2023,6,MT8Bq4,quantized,94,0.6714285714285714,82.5
2023_run_6,2023,6,MT8Bq6,quantized,100,0.7142857142857143,90.0
2023_run_6,2023,6,MT8Bq8,quantized,99,0.7071428571428572,88.75
2023_run_6,2023,6,Q1_7B,open,60,0.42857142857142855,40.0
2023_run_6,2023,6,Q4B,open,111,0.7928571428571428,103.75
2023_run_6,2023,6,Q8B,open,116,0.8285714285714286,110.0
2023_run_6,2023,6,QWEN,closed,134,0.9571428571428572,132.5
2023_run_6,2023,6,mSTRL3B,open,100,0.7142857142857143,90.0
2023_run_7,2023,7,CLA,closed,131,0.9357142857142857,128.75
2023_run_7,2023,7,DPSK,closed,129,0.9214285714285714,126.25
2023_run_7,2023,7,GPT,closed,137,0.9785714285714285,136.25
2023_run_7,2023,7,GROK,closed,138,0.9857142857142858,137.5
2023_run_7,2023,7,MG4B,open,117,0.8357142857142857,111.25
2023_run_7,2023,7,MG4Bq4,quantized,110,0.7857142857142857,102.5
2023_run_7,2023,7,MG4Bq6,quantized,110,0.7857142857142857,102.5
2023_run_7,2023,7,MG4Bq8,quantized,110,0.7857142857142857,102.5
2023_run_7,2023,7,MSTRL,closed,130,0.9285714285714286,127.5
2023_run_7,2023,7,MT8B,open,100,0.7142857142857143,90.0
2023_run_7,2023,7,MT8Bq4,quantized,96,0.6857142857142857,85.0
2023_run_7,2023,7,MT8Bq6,quantized,99,0.7071428571428572,88.75
2023_run_7,2023,7,MT8Bq8,quantized,104,0.7428571428571429,95.0
2023_run_7,2023,7,Q1_7B,open,71,0.5071428571428571,53.75
2023_run_7,2023,7,Q4B,open,111,0.7928571428571428,103.75
2023_run_7,2023,7,Q8B,open,111,0.7928571428571428,103.75
2023_run_7,2023,7,QWEN,closed,136,0.9714285714285714,135.0
2023_run_7,2023,7,mSTRL3B,open,99,0.7071428571428572,88.75
2023_run_8,2023,8,CLA,closed,133,0.95,131.25
2023_run_8,2023,8,DPSK,closed,132,0.9428571428571428,130.0
2023_run_8,2023,8,GPT,closed,137,0.9785714285714285,136.25
2023_run_8,2023,8,GROK,closed,136,0.9714285714285714,135.0
2023_run_8,2023,8,MG4B,open,114,0.8142857142857143,107.5
2023_run_8,2023,8,MG4Bq4,quantized,109,0.7785714285714286,101.25
2023_run_8,2023,8,MG4Bq6,quantized,116,0.8285714285714286,110.0
2023_run_8,2023,8,MG4Bq8,quantized,114,0.8142857142857143,107.5
2023_run_8,2023,8,MSTRL,closed,128,0.9142857142857143,125.0
2023_run_8,2023,8,MT8B,open,99,0.7071428571428572,88.75
2023_run_8,2023,8,MT8Bq4,quantized,95,0.6785714285714286,83.75
2023_run_8,2023,8,MT8Bq6,quantized,102,0.7285714285714285,92.5
2023_run_8,2023,8,MT8Bq8,quantized,98,0.7,87.5
2023_run_8,2023,8,Q1_7B,open,67,0.4785714285714286,48.75
2023_run_8,2023,8,Q4B,open,105,0.75,96.25
2023_run_8,2023,8,Q8B,open,110,0.7857142857142857,102.5
2023_run_8,2023,8,QWEN,closed,135,0.9642857142857143,133.75
2023_run_8,2023,8,mSTRL3B,open,101,0.7214285714285714,91.25
2023_run_9,2023,9,CLA,closed,134,0.9571428571428572,132.5
2023_run_9,2023,9,DPSK,closed,131,0.9357142857142857,128.75
2023_run_9,2023,9,GPT,closed,136,0.9714285714285714,135.0
2023_run_9,2023,9,GROK,closed,136,0.9714285714285714,135.0
2023_run_9,2023,9,MG4B,open,113,0.8071428571428572,106.25
2023_run_9,2023,9,MG4Bq4,quantized,118,0.8428571428571429,112.5
2023_run_9,2023,9,MG4Bq6,quantized,119,0.85,113.75
2023_run_9,2023,9,MG4Bq8,quantized,119,0.85,113.75
2023_run_9,2023,9,MSTRL,closed,131,0.9357142857142857,128.75
2023_run_9,2023,9,MT8B,open,101,0.7214285714285714,91.25
2023_run_9,2023,9,MT8Bq4,quantized,91,0.65,78.75
2023_run_9,2023,9,MT8Bq6,quantized,98,0.7,87.5
2023_run_9,2023,9,MT8Bq8,quantized,99,0.7071428571428572,88.75
2023_run_9,2023,9,Q1_7B,open,75,0.5357142857142857,58.75
2023_run_9,2023,9,Q4B,open,113,0.8071428571428572,106.25
2023_run_9,2023,9,Q8B,open,112,0.8,105.0
2023_run_9,2023,9,QWEN,closed,134,0.9571428571428572,132.5
2023_run_9,2023,9,mSTRL3B,open,108,0.7714285714285715,100.0
2023_run_10,2023,10,CLA,closed,135,0.9642857142857143,133.75
2023_run_10,2023,10,DPSK,closed,134,0.9571428571428572,132.5
2023_run_10,2023,10,GPT,closed,135,0.9642857142857143,133.75
2023_run_10,2023,10,GROK,closed,137,0.9785714285714285,136.25
2023_run_10,2023,10,MG4B,open,119,0.85,113.75
2023_run_10,2023,10,MG4Bq4,quantized,116,0.8285714285714286,110.0
2023_run_10,2023,10,MG4Bq6,quantized,118,0.8428571428571429,112.5
2023_run_10,2023,10,MG4Bq8,quantized,111,0.7928571428571428,103.75
2023_run_10,2023,10,MSTRL,closed,131,0.9357142857142857,128.75
2023_run_10,2023,10,MT8B,open,107,0.7642857142857142,98.75
2023_run_10,2023,10,MT8Bq4,quantized,101,0.7214285714285714,91.25
2023_run_10,2023,10,MT8Bq6,quantized,100,0.7142857142857143,90.0
2023_run_10,2023,10,MT8Bq8,quantized,99,0.7071428571428572,88.75
2023_run_10,2023,10,Q1_7B,open,66,0.4714285714285714,47.5
2023_run_10,2023,10,Q4B,open,107,0.7642857142857142,98.75
2023_run_10,2023,10,Q8B,open,115,0.8214285714285714,108.75
2023_run_10,2023,10,QWEN,closed,137,0.9785714285714285,136.25
2023_run_10,2023,10,mSTRL3B,open,102,0.7285714285714285,92.5
2023_run_11,2023,11,CLA,closed,130,0.9285714285714286,127.5
2023_run_11,2023,11,DPSK,closed,131,0.9357142857142857,128.75
2023_run_11,2023,11,GPT,closed,135,0.9642857142857143,133.75
2023_run_11,2023,11,GROK,closed,134,0.9571428571428572,132.5
2023_run_11,2023,11,MG4B,open,119,0.85,113.75
2023_run_11,2023,11,MG4Bq4,quantized,108,0.7714285714285715,100.0
2023_run_11,2023,11,MG4Bq6,quantized,101,0.7214285714285714,91.25
2023_run_11,2023,11,MG4Bq8,quantized,116,0.8285714285714286,110.0
2023_run_11,2023,11,MSTRL,closed,131,0.9357142857142857,128.75
2023_run_11,2023,11,MT8B,open,105,0.75,96.25
2023_run_11,2023,11,MT8Bq4,quantized,97,0.6928571428571428,86.25
2023_run_11,2023,11,MT8Bq6,quantized,100,0.7142857142857143,90.0
2023_run_11,2023,11,MT8Bq8,quantized,100,0.7142857142857143,90.0
2023_run_11,2023,11,Q1_7B,open,65,0.4642857142857143,46.25
2023_run_11,2023,11,Q4B,open,109,0.7785714285714286,101.25
2023_run_11,2023,11,Q8B,open,113,0.8071428571428572,106.25
2023_run_11,2023,11,QWEN,closed,135,0.9642857142857143,133.75
2023_run_11,2023,11,mSTRL3B,open,107,0.7642857142857142,98.75
2023_run_12,2023,12,CLA,closed,131,0.9357142857142857,128.75
2023_run_12,2023,12,DPSK,closed,131,0.9357142857142857,128.75
2023_run_12,2023,12,GPT,closed,138,0.9857142857142858,137.5
2023_run_12,2023,12,GROK,closed,137,0.9785714285714285,136.25
2023_run_12,2023,12,MG4B,open,116,0.8285714285714286,110.0
2023_run_12,2023,12,MG4Bq4,quantized,112,0.8,105.0
2023_run_12,2023,12,MG4Bq6,quantized,112,0.8,105.0
2023_run_12,2023,12,MG4Bq8,quantized,107,0.7642857142857142,98.75
2023_run_12,2023,12,MSTRL,closed,131,0.9357142857142857,128.75
2023_run_12,2023,12,MT8B,open,97,0.6928571428571428,86.25
2023_run_12,2023,12,MT8Bq4,quantized,96,0.6857142857142857,85.0
2023_run_12,2023,12,MT8Bq6,quantized,104,0.7428571428571429,95.0
2023_run_12,2023,12,MT8Bq8,quantized,101,0.7214285714285714,91.25
2023_run_12,2023,12,Q1_7B,open,67,0.4785714285714286,48.75
2023_run_12,2023,12,Q4B,open,113,0.8071428571428572,106.25
2023_run_12,2023,12,Q8B,open,112,0.8,105.0
2023_run_12,2023,12,QWEN,closed,134,0.9571428571428572,132.5
2023_run_12,2023,12,mSTRL3B,open,104,0.7428571428571429,95.0
2023_run_13,2023,13,CLA,closed,130,0.9285714285714286,127.5
2023_run_13,2023,13,DPSK,closed,133,0.95,131.25
2023_run_13,2023,13,GPT,closed,136,0.9714285714285714,135.0
2023_run_13,2023,13,GROK,closed,136,0.9714285714285714,135.0
2023_run_13,2023,13,MG4B,open,114,0.8142857142857143,107.5
2023_run_13,2023,13,MG4Bq4,quantized,115,0.8214285714285714,108.75
2023_run_13,2023,13,MG4Bq6,quantized,110,0.7857142857142857,102.5
2023_run_13,2023,13,MG4Bq8,quantized,108,0.7714285714285715,100.0
2023_run_13,2023,13,MSTRL,closed,128,0.9142857142857143,125.0
2023_run_13,2023,13,MT8B,open,105,0.75,96.25
2023_run_13,2023,13,MT8Bq4,quantized,104,0.7428571428571429,95.0
2023_run_13,2023,13,MT8Bq6,quantized,100,0.7142857142857143,90.0
2023_run_13,2023,13,MT8Bq8,quantized,103,0.7357142857142858,93.75
2023_run_13,2023,13,Q1_7B,open,76,0.5428571428571428,60.0
2023_run_13,2023,13,Q4B,open,107,0.7642857142857142,98.75
2023_run_13,2023,13,Q8B,open,109,0.7785714285714286,101.25
2023_run_13,2023,13,QWEN,closed,134,0.9571428571428572,132.5
2023_run_13,2023,13,mSTRL3B,open,105,0.75,96.25
2023_run_14,2023,14,CLA,closed,132,0.9428571428571428,130.0
2023_run_14,2023,14,DPSK,closed,131,0.9357142857142857,128.75
2023_run_14,2023,14,GPT,closed,136,0.9714285714285714,135.0
2023_run_14,2023,14,GROK,closed,137,0.9785714285714285,136.25
2023_run_14,2023,14,MG4B,open,116,0.8285714285714286,110.0
2023_run_14,2023,14,MG4Bq4,quantized,113,0.8071428571428572,106.25
2023_run_14,2023,14,MG4Bq6,quantized,108,0.7714285714285715,100.0
2023_run_14,2023,14,MG4Bq8,quantized,115,0.8214285714285714,108.75
2023_run_14,2023,14,MSTRL,closed,134,0.9571428571428572,132.5
2023_run_14,2023,14,MT8B,open,104,0.7428571428571429,95.0
2023_run_14,2023,14,MT8Bq4,quantized,93,0.6642857142857143,81.25
2023_run_14,2023,14,MT8Bq6,quantized,105,0.75,96.25
2023_run_14,2023,14,MT8Bq8,quantized,99,0.7071428571428572,88.75
2023_run_14,2023,14,Q1_7B,open,69,0.4928571428571429,51.25
2023_run_14,2023,14,Q4B,open,114,0.8142857142857143,107.5
2023_run_14,2023,14,Q8B,open,117,0.8357142857142857,111.25
2023_run_14,2023,14,QWEN,closed,135,0.9642857142857143,133.75
2023_run_14,2023,14,mSTRL3B,open,92,0.6571428571428571,80.0
2023_run_15,2023,15,CLA,closed,132,0.9428571428571428,130.0
2023_run_15,2023,15,DPSK,closed,135,0.9642857142857143,133.75
2023_run_15,2023,15,GPT,closed,135,0.9642857142857143,133.75
2023_run_15,2023,15,GROK,closed,137,0.9785714285714285,136.25
2023_run_15,2023,15,MG4B,open,115,0.8214285714285714,108.75
2023_run_15,2023,15,MG4Bq4,quantized,110,0.7857142857142857,102.5
2023_run_15,2023,15,MG4Bq6,quantized,119,0.85,113.75
2023_run_15,2023,15,MG4Bq8,quantized,120,0.8571428571428571,115.0
2023_run_15,2023,15,MSTRL,closed,130,0.9285714285714286,127.5
2023_run_15,2023,15,MT8B,open,97,0.6928571428571428,86.25
2023_run_15,2023,15,MT8Bq4,quantized,95,0.6785714285714286,83.75
2023_run_15,2023,15,MT8Bq6,quantized,97,0.6928571428571428,86.25
2023_run_15,2023,15,MT8Bq8,quantized,101,0.7214285714285714,91.25
2023_run_15,2023,15,Q1_7B,open,64,0.45714285714285713,45.0
2023_run_15,2023,15,Q4B,open,109,0.7785714285714286,101.25
2023_run_15,2023,15,Q8B,open,113,0.8071428571428572,106.25
2023_run_15,2023,15,QWEN,closed,135,0.9642857142857143,133.75
2023_run_15,2023,15,mSTRL3B,open,101,0.7214285714285714,91.25
2023_run_16,2023,16,CLA,closed,135,0.9642857142857143,133.75
2023_run_16,2023,16,DPSK,closed,132,0.9428571428571428,130.0
2023_run_16,2023,16,GPT,closed,135,0.9642857142857143,133.75
2023_run_16,2023,16,GROK,closed,138,0.9857142857142858,137.5
2023_run_16,2023,16,MG4B,open,108,0.7714285714285715,100.0
2023_run_16,2023,16,MG4Bq4,quantized,110,0.7857142857142857,102.5
2023_run_16,2023,16,MG4Bq6,quantized,109,0.7785714285714286,101.25
2023_run_16,2023,16,MG4Bq8,quantized,109,0.7785714285714286,101.25
2023_run_16,2023,16,MSTRL,closed,128,0.9142857142857143,125.0
2023_run_16,2023,16,MT8B,open,104,0.7428571428571429,95.0
2023_run_16,2023,16,MT8Bq4,quantized,100,0.7142857142857143,90.0
2023_run_16,2023,16,MT8Bq6,quantized,96,0.6857142857142857,85.0
2023_run_16,2023,16,MT8Bq8,quantized,101,0.7214285714285714,91.25
2023_run_16,2023,16,Q1_7B,open,78,0.5571428571428572,62.5
2023_run_16,2023,16,Q4B,open,107,0.7642857142857142,98.75
2023_run_16,2023,16,Q8B,open,116,0.8285714285714286,110.0
2023_run_16,2023,16,QWEN,closed,135,0.9642857142857143,133.75
2023_run_16,2023,16,mSTRL3B,open,100,0.7142857142857143,90.0
2023_run_17,2023,17,CLA,closed,136,0.9714285714285714,135.0
2023_run_17,2023,17,DPSK,closed,133,0.95,131.25
2023_run_17,2023,17,GPT,closed,136,0.9714285714285714,135.0
2023_run_17,2023,17,GROK,closed,135,0.9642857142857143,133.75
2023_run_17,2023,17,MG4B,open,113,0.8071428571428572,106.25
2023_run_17,2023,17,MG4Bq4,quantized,113,0.8071428571428572,106.25
2023_run_17,2023,17,MG4Bq6,quantized,114,0.8142857142857143,107.5
2023_run_17,2023,17,MG4Bq8,quantized,113,0.8071428571428572,106.25
2023_run_17,2023,17,MSTRL,closed,130,0.9285714285714286,127.5
2023_run_17,2023,17,MT8B,open,103,0.7357142857142858,93.75
2023_run_17,2023,17,MT8Bq4,quantized,98,0.7,87.5
2023_run_17,2023,17,MT8Bq6,quantized,101,0.7214285714285714,91.25
2023_run_17,2023,17,MT8Bq8,quantized,101,0.7214285714285714,91.25
2023_run_17,2023,17,Q1_7B,open,74,0.5285714285714286,57.5
2023_run_17,2023,17,Q4B,open,103,0.7357142857142858,93.75
2023_run_17,2023,17,Q8B,open,111,0.7928571428571428,103.75
2023_run_17,2023,17,QWEN,closed,133,0.95,131.25
2023_run_17,2023,17,mSTRL3B,open,100,0.7142857142857143,90.0
2023_run_18,2023,18,CLA,closed,134,0.9571428571428572,132.5
2023_run_18,2023,18,DPSK,closed,131,0.9357142857142857,128.75
2023_run_18,2023,18,GPT,closed,135,0.9642857142857143,133.75
2023_run_18,2023,18,GROK,closed,137,0.9785714285714285,136.25
2023_run_18,2023,18,MG4B,open,119,0.85,113.75
2023_run_18,2023,18,MG4Bq4,quantized,114,0.8142857142857143,107.5
2023_run_18,2023,18,MG4Bq6,quantized,113,0.8071428571428572,106.25
2023_run_18,2023,18,MG4Bq8,quantized,111,0.7928571428571428,103.75
2023_run_18,2023,18,MSTRL,closed,134,0.9571428571428572,132.5
2023_run_18,2023,18,MT8B,open,102,0.7285714285714285,92.5
2023_run_18,2023,18,MT8Bq4,quantized,93,0.6642857142857143,81.25
2023_run_18,2023,18,MT8Bq6,quantized,102,0.7285714285714285,92.5
2023_run_18,2023,18,MT8Bq8,quantized,103,0.7357142857142858,93.75
2023_run_18,2023,18,Q1_7B,open,77,0.55,61.25
2023_run_18,2023,18,Q4B,open,108,0.7714285714285715,100.0
2023_run_18,2023,18,Q8B,open,109,0.7785714285714286,101.25
2023_run_18,2023,18,QWEN,closed,134,0.9571428571428572,132.5
2023_run_18,2023,18,mSTRL3B,open,104,0.7428571428571429,95.0
2023_run_19,2023,19,CLA,closed,134,0.9571428571428572,132.5
2023_run_19,2023,19,DPSK,closed,137,0.9785714285714285,136.25
2023_run_19,2023,19,GPT,closed,136,0.9714285714285714,135.0
2023_run_19,2023,19,GROK,closed,137,0.9785714285714285,136.25
2023_run_19,2023,19,MG4B,open,115,0.8214285714285714,108.75
2023_run_19,2023,19,MG4Bq4,quantized,104,0.7428571428571429,95.0
2023_run_19,2023,19,MG4Bq6,quantized,115,0.8214285714285714,108.75
2023_run_19,2023,19,MG4Bq8,quantized,110,0.7857142857142857,102.5
2023_run_19,2023,19,MSTRL,closed,130,0.9285714285714286,127.5
2023_run_19,2023,19,MT8B,open,103,0.7357142857142858,93.75
2023_run_19,2023,19,MT8Bq4,quantized,100,0.7142857142857143,90.0
2023_run_19,2023,19,MT8Bq6,quantized,103,0.7357142857142858,93.75
2023_run_19,2023,19,MT8Bq8,quantized,95,0.6785714285714286,83.75
2023_run_19,2023,19,Q1_7B,open,61,0.4357142857142857,41.25
2023_run_19,2023,19,Q4B,open,110,0.7857142857142857,102.5
2023_run_19,2023,19,Q8B,open,111,0.7928571428571428,103.75
2023_run_19,2023,19,QWEN,closed,135,0.9642857142857143,133.75
2023_run_19,2023,19,mSTRL3B,open,100,0.7142857142857143,90.0
2023_run_20,2023,20,CLA,closed,133,0.95,131.25
2023_run_20,2023,20,DPSK,closed,133,0.95,131.25
2023_run_20,2023,20,GPT,closed,135,0.9642857142857143,133.75
2023_run_20,2023,20,GROK,closed,137,0.9785714285714285,136.25
2023_run_20,2023,20,MG4B,open,115,0.8214285714285714,108.75
2023_run_20,2023,20,MG4Bq4,quantized,110,0.7857142857142857,102.5
2023_run_20,2023,20,MG4Bq6,quantized,123,0.8785714285714286,118.75
2023_run_20,2023,20,MG4Bq8,quantized,113,0.8071428571428572,106.25
2023_run_20,2023,20,MSTRL,closed,132,0.9428571428571428,130.0
2023_run_20,2023,20,MT8B,open,97,0.6928571428571428,86.25
2023_run_20,2023,20,MT8Bq4,quantized,94,0.6714285714285714,82.5
2023_run_20,2023,20,MT8Bq6,quantized,97,0.6928571428571428,86.25
2023_run_20,2023,20,MT8Bq8,quantized,96,0.6857142857142857,85.0
2023_run_20,2023,20,Q1_7B,open,71,0.5071428571428571,53.75
2023_run_20,2023,20,Q4B,open,104,0.7428571428571429,95.0
2023_run_20,2023,20,Q8B,open,116,0.8285714285714286,110.0
2023_run_20,2023,20,QWEN,closed,136,0.9714285714285714,135.0
2023_run_20,2023,20,mSTRL3B,open,103,0.7357142857142858,93.75
2023_run_21,2023,21,CLA,closed,129,0.9214285714285714,126.25
2023_run_21,2023,21,DPSK,closed,132,0.9428571428571428,130.0
2023_run_21,2023,21,GPT,closed,135,0.9642857142857143,133.75
2023_run_21,2023,21,GROK,closed,136,0.9714285714285714,135.0
2023_run_21,2023,21,MG4B,open,111,0.7928571428571428,103.75
2023_run_21,2023,21,MG4Bq4,quantized,107,0.7642857142857142,98.75
2023_run_21,2023,21,MG4Bq6,quantized,107,0.7642857142857142,98.75
2023_run_21,2023,21,MG4Bq8,quantized,111,0.7928571428571428,103.75
2023_run_21,2023,21,MSTRL,closed,130,0.9285714285714286,127.5
2023_run_21,2023,21,MT8B,open,96,0.6857142857142857,85.0
2023_run_21,2023,21,MT8Bq4,quantized,97,0.6928571428571428,86.25
2023_run_21,2023,21,MT8Bq6,quantized,103,0.7357142857142858,93.75
2023_run_21,2023,21,MT8Bq8,quantized,108,0.7714285714285715,100.0
2023_run_21,2023,21,Q1_7B,open,63,0.45,43.75
2023_run_21,2023,21,Q4B,open,111,0.7928571428571428,103.75
2023_run_21,2023,21,Q8B,open,117,0.8357142857142857,111.25
2023_run_21,2023,21,QWEN,closed,135,0.9642857142857143,133.75
2023_run_21,2023,21,mSTRL3B,open,109,0.7785714285714286,101.25
2023_run_22,2023,22,CLA,closed,137,0.9785714285714285,136.25
2023_run_22,2023,22,DPSK,closed,134,0.9571428571428572,132.5
2023_run_22,2023,22,GPT,closed,137,0.9785714285714285,136.25
2023_run_22,2023,22,GROK,closed,136,0.9714285714285714,135.0
2023_run_22,2023,22,MG4B,open,115,0.8214285714285714,108.75
2023_run_22,2023,22,MG4Bq4,quantized,112,0.8,105.0
2023_run_22,2023,22,MG4Bq6,quantized,113,0.8071428571428572,106.25
2023_run_22,2023,22,MG4Bq8,quantized,115,0.8214285714285714,108.75
2023_run_22,2023,22,MSTRL,closed,131,0.9357142857142857,128.75
2023_run_22,2023,22,MT8B,open,104,0.7428571428571429,95.0
2023_run_22,2023,22,MT8Bq4,quantized,91,0.65,78.75
2023_run_22,2023,22,MT8Bq6,quantized,105,0.75,96.25
2023_run_22,2023,22,MT8Bq8,quantized,99,0.7071428571428572,88.75
2023_run_22,2023,22,Q1_7B,open,71,0.5071428571428571,53.75
2023_run_22,2023,22,Q4B,open,108,0.7714285714285715,100.0
2023_run_22,2023,22,Q8B,open,112,0.8,105.0
2023_run_22,2023,22,QWEN,closed,136,0.9714285714285714,135.0
2023_run_22,2023,22,mSTRL3B,open,105,0.75,96.25
2023_run_23,2023,23,CLA,closed,134,0.9571428571428572,132.5
2023_run_23,2023,23,DPSK,closed,129,0.9214285714285714,126.25
2023_run_23,2023,23,GPT,closed,135,0.9642857142857143,133.75
2023_run_23,2023,23,GROK,closed,138,0.9857142857142858,137.5
2023_run_23,2023,23,MG4B,open,117,0.8357142857142857,111.25
2023_run_23,2023,23,MG4Bq4,quantized,108,0.7714285714285715,100.0
2023_run_23,2023,23,MG4Bq6,quantized,109,0.7785714285714286,101.25
2023_run_23,2023,23,MG4Bq8,quantized,114,0.8142857142857143,107.5
2023_run_23,2023,23,MSTRL,closed,127,0.9071428571428571,123.75
2023_run_23,2023,23,MT8B,open,99,0.7071428571428572,88.75
2023_run_23,2023,23,MT8Bq4,quantized,91,0.65,78.75
2023_run_23,2023,23,MT8Bq6,quantized,96,0.6857142857142857,85.0
2023_run_23,2023,23,MT8Bq8,quantized,97,0.6928571428571428,86.25
2023_run_23,2023,23,Q1_7B,open,62,0.44285714285714284,42.5
2023_run_23,2023,23,Q4B,open,106,0.7571428571428571,97.5
2023_run_23,2023,23,Q8B,open,109,0.7785714285714286,101.25
2023_run_23,2023,23,QWEN,closed,133,0.95,131.25
2023_run_23,2023,23,mSTRL3B,open,107,0.7642857142857142,98.75
2023_run_24,2023,24,CLA,closed,134,0.9571428571428572,132.5
2023_run_24,2023,24,DPSK,closed,130,0.9285714285714286,127.5
2023_run_24,2023,24,GPT,closed,137,0.9785714285714285,136.25
2023_run_24,2023,24,GROK,closed,136,0.9714285714285714,135.0
2023_run_24,2023,24,MG4B,open,110,0.7857142857142857,102.5
2023_run_24,2023,24,MG4Bq4,quantized,118,0.8428571428571429,112.5
2023_run_24,2023,24,MG4Bq6,quantized,116,0.8285714285714286,110.0
2023_run_24,2023,24,MG4Bq8,quantized,114,0.8142857142857143,107.5
2023_run_24,2023,24,MSTRL,closed,132,0.9428571428571428,130.0
2023_run_24,2023,24,MT8B,open,99,0.7071428571428572,88.75
2023_run_24,2023,24,MT8Bq4,quantized,96,0.6857142857142857,85.0
2023_run_24,2023,24,MT8Bq6,quantized,101,0.7214285714285714,91.25
2023_run_24,2023,24,MT8Bq8,quantized,99,0.7071428571428572,88.75
2023_run_24,2023,24,Q1_7B,open,71,0.5071428571428571,53.75
2023_run_24,2023,24,Q4B,open,111,0.7928571428571428,103.75
2023_run_24,2023,24,Q8B,open,116,0.8285714285714286,110.0
2023_run_24,2023,24,QWEN,closed,135,0.9642857142857143,133.75
2023_run_24,2023,24,mSTRL3B,open,103,0.7357142857142858,93.75
2023_run_25,2023,25,CLA,closed,131,0.9357142857142857,128.75
2023_run_25,2023,25,DPSK,closed,134,0.9571428571428572,132.5
2023_run_25,2023,25,GPT,closed,137,0.9785714285714285,136.25
2023_run_25,2023,25,GROK,closed,136,0.9714285714285714,135.0
2023_run_25,2023,25,MG4B,open,114,0.8142857142857143,107.5
2023_run_25,2023,25,MG4Bq4,quantized,112,0.8,105.0
2023_run_25,2023,25,MG4Bq6,quantized,110,0.7857142857142857,102.5
2023_run_25,2023,25,MG4Bq8,quantized,112,0.8,105.0
2023_run_25,2023,25,MSTRL,closed,131,0.9357142857142857,128.75
2023_run_25,2023,25,MT8B,open,102,0.7285714285714285,92.5
2023_run_25,2023,25,MT8Bq4,quantized,91,0.65,78.75
2023_run_25,2023,25,MT8Bq6,quantized,98,0.7,87.5
2023_run_25,2023,25,MT8Bq8,quantized,103,0.7357142857142858,93.75
2023_run_25,2023,25,Q1_7B,open,78,0.5571428571428572,62.5
2023_run_25,2023,25,Q4B,open,107,0.7642857142857142,98.75
2023_run_25,2023,25,Q8B,open,118,0.8428571428571429,112.5
2023_run_25,2023,25,QWEN,closed,135,0.9642857142857143,133.75
2023_run_25,2023,25,mSTRL3B,open,96,0.6857142857142857,85.0
2023_run_26,2023,26,CLA,closed,135,0.9642857142857143,133.75
2023_run_26,2023,26,DPSK,closed,131,0.9357142857142857,128.75
2023_run_26,2023,26,GPT,closed,136,0.9714285714285714,135.0
2023_run_26,2023,26,GROK,closed,134,0.9571428571428572,132.5
2023_run_26,2023,26,MG4B,open,118,0.8428571428571429,112.5
2023_run_26,2023,26,MG4Bq4,quantized,112,0.8,105.0
2023_run_26,2023,26,MG4Bq6,quantized,112,0.8,105.0
2023_run_26,2023,26,MG4Bq8,quantized,115,0.8214285714285714,108.75
2023_run_26,2023,26,MSTRL,closed,128,0.9142857142857143,125.0
2023_run_26,2023,26,MT8B,open,95,0.6785714285714286,83.75
2023_run_26,2023,26,MT8Bq4,quantized,95,0.6785714285714286,83.75
2023_run_26,2023,26,MT8Bq6,quantized,98,0.7,87.5
2023_run_26,2023,26,MT8Bq8,quantized,103,0.7357142857142858,93.75
2023_run_26,2023,26,Q1_7B,open,73,0.5214285714285715,56.25
2023_run_26,2023,26,Q4B,open,108,0.7714285714285715,100.0
2023_run_26,2023,26,Q8B,open,115,0.8214285714285714,108.75
2023_run_26,2023,26,QWEN,closed,136,0.9714285714285714,135.0
2023_run_26,2023,26,mSTRL3B,open,99,0.7071428571428572,88.75
2023_run_27,2023,27,CLA,closed,135,0.9642857142857143,133.75
2023_run_27,2023,27,DPSK,closed,133,0.95,131.25
2023_run_27,2023,27,GPT,closed,136,0.9714285714285714,135.0
2023_run_27,2023,27,GROK,closed,137,0.9785714285714285,136.25
2023_run_27,2023,27,MG4B,open,112,0.8,105.0
2023_run_27,2023,27,MG4Bq4,quantized,113,0.8071428571428572,106.25
2023_run_27,2023,27,MG4Bq6,quantized,115,0.8214285714285714,108.75
2023_run_27,2023,27,MG4Bq8,quantized,113,0.8071428571428572,106.25
2023_run_27,2023,27,MSTRL,closed,132,0.9428571428571428,130.0
2023_run_27,2023,27,MT8B,open,104,0.7428571428571429,95.0
2023_run_27,2023,27,MT8Bq4,quantized,95,0.6785714285714286,83.75
2023_run_27,2023,27,MT8Bq6,quantized,102,0.7285714285714285,92.5
2023_run_27,2023,27,MT8Bq8,quantized,99,0.7071428571428572,88.75
2023_run_27,2023,27,Q1_7B,open,67,0.4785714285714286,48.75
2023_run_27,2023,27,Q4B,open,110,0.7857142857142857,102.5
2023_run_27,2023,27,Q8B,open,114,0.8142857142857143,107.5
2023_run_27,2023,27,QWEN,closed,135,0.9642857142857143,133.75
2023_run_27,2023,27,mSTRL3B,open,101,0.7214285714285714,91.25
2023_run_28,2023,28,CLA,closed,134,0.9571428571428572,132.5
2023_run_28,2023,28,DPSK,closed,133,0.95,131.25
2023_run_28,2023,28,GPT,closed,134,0.9571428571428572,132.5
2023_run_28,2023,28,GROK,closed,137,0.9785714285714285,136.25
2023_run_28,2023,28,MG4B,open,117,0.8357142857142857,111.25
2023_run_28,2023,28,MG4Bq4,quantized,113,0.8071428571428572,106.25
2023_run_28,2023,28,MG4Bq6,quantized,109,0.7785714285714286,101.25
2023_run_28,2023,28,MG4Bq8,quantized,111,0.7928571428571428,103.75
2023_run_28,2023,28,MSTRL,closed,129,0.9214285714285714,126.25
2023_run_28,2023,28,MT8B,open,105,0.75,96.25
2023_run_28,2023,28,MT8Bq4,quantized,92,0.6571428571428571,80.0
2023_run_28,2023,28,MT8Bq6,quantized,109,0.7785714285714286,101.25
2023_run_28,2023,28,MT8Bq8,quantized,99,0.7071428571428572,88.75
2023_run_28,2023,28,Q1_7B,open,71,0.5071428571428571,53.75
2023_run_28,2023,28,Q4B,open,115,0.8214285714285714,108.75
2023_run_28,2023,28,Q8B,open,115,0.8214285714285714,108.75
2023_run_28,2023,28,QWEN,closed,135,0.9642857142857143,133.75
2023_run_28,2023,28,mSTRL3B,open,97,0.6928571428571428,86.25
2023_run_29,2023,29,CLA,closed,133,0.95,131.25
2023_run_29,2023,29,DPSK,closed,133,0.95,131.25
2023_run_29,2023,29,GPT,closed,136,0.9714285714285714,135.0
2023_run_29,2023,29,GROK,closed,138,0.9857142857142858,137.5
2023_run_29,2023,29,MG4B,open,114,0.8142857142857143,107.5
2023_run_29,2023,29,MG4Bq4,quantized,115,0.8214285714285714,108.75
2023_run_29,2023,29,MG4Bq6,quantized,117,0.8357142857142857,111.25
2023_run_29,2023,29,MG4Bq8,quantized,114,0.8142857142857143,107.5
2023_run_29,2023,29,MSTRL,closed,133,0.95,131.25
2023_run_29,2023,29,MT8B,open,98,0.7,87.5
2023_run_29,2023,29,MT8Bq4,quantized,95,0.6785714285714286,83.75
2023_run_29,2023,29,MT8Bq6,quantized,99,0.7071428571428572,88.75
2023_run_29,2023,29,MT8Bq8,quantized,108,0.7714285714285715,100.0
2023_run_29,2023,29,Q1_7B,open,71,0.5071428571428571,53.75
2023_run_29,2023,29,Q4B,open,109,0.7785714285714286,101.25
2023_run_29,2023,29,Q8B,open,110,0.7857142857142857,102.5
2023_run_29,2023,29,QWEN,closed,135,0.9642857142857143,133.75
2023_run_29,2023,29,mSTRL3B,open,103,0.7357142857142858,93.75
2023_run_30,2023,30,CLA,closed,134,0.9571428571428572,132.5
2023_run_30,2023,30,DPSK,closed,132,0.9428571428571428,130.0
2023_run_30,2023,30,GPT,closed,136,0.9714285714285714,135.0
2023_run_30,2023,30,GROK,closed,137,0.9785714285714285,136.25
2023_run_30,2023,30,MG4B,open,116,0.8285714285714286,110.0
2023_run_30,2023,30,MG4Bq4,quantized,111,0.7928571428571428,103.75
2023_run_30,2023,30,MG4Bq6,quantized,119,0.85,113.75
2023_run_30,2023,30,MG4Bq8,quantized,115,0.8214285714285714,108.75
2023_run_30,2023,30,MSTRL,closed,127,0.9071428571428571,123.75
2023_run_30,2023,30,MT8B,open,100,0.7142857142857143,90.0
2023_run_30,2023,30,MT8Bq4,quantized,93,0.6642857142857143,81.25
2023_run_30,2023,30,MT8Bq6,quantized,93,0.6642857142857143,81.25
2023_run_30,2023,30,MT8Bq8,quantized,102,0.7285714285714285,92.5
2023_run_30,2023,30,Q1_7B,open,73,0.5214285714285715,56.25
2023_run_30,2023,30,Q4B,open,111,0.7928571428571428,103.75
2023_run_30,2023,30,Q8B,open,115,0.8214285714285714,108.75
2023_run_30,2023,30,QWEN,closed,136,0.9714285714285714,135.0
2023_run_30,2023,30,mSTRL3B,open,106,0.7571428571428571,97.5
2023_run_31,2023,31,CLA,closed,131,0.9357142857142857,128.75
2023_run_31,2023,31,DPSK,closed,131,0.9357142857142857,128.75
2023_run_31,2023,31,GPT,closed,136,0.9714285714285714,135.0
2023_run_31,2023,31,GROK,closed,135,0.9642857142857143,133.75
2023_run_31,2023,31,MG4B,open,114,0.8142857142857143,107.5
2023_run_31,2023,31,MG4Bq4,quantized,111,0.7928571428571428,103.75
2023_run_31,2023,31,MG4Bq6,quantized,117,0.8357142857142857,111.25
2023_run_31,2023,31,MG4Bq8,quantized,114,0.8142857142857143,107.5
2023_run_31,2023,31,MSTRL,closed,130,0.9285714285714286,127.5
2023_run_31,2023,31,MT8B,open,98,0.7,87.5
2023_run_31,2023,31,MT8Bq4,quantized,92,0.6571428571428571,80.0
2023_run_31,2023,31,MT8Bq6,quantized,106,0.7571428571428571,97.5
2023_run_31,2023,31,MT8Bq8,quantized,105,0.75,96.25
2023_run_31,2023,31,Q1_7B,open,65,0.4642857142857143,46.25
2023_run_31,2023,31,Q4B,open,112,0.8,105.0
2023_run_31,2023,31,Q8B,open,115,0.8214285714285714,108.75
2023_run_31,2023,31,QWEN,closed,135,0.9642857142857143,133.75
2023_run_31,2023,31,mSTRL3B,open,99,0.7071428571428572,88.75
2023_run_32,2023,32,CLA,closed,130,0.9285714285714286,127.5
2023_run_32,2023,32,DPSK,closed,134,0.9571428571428572,132.5
2023_run_32,2023,32,GPT,closed,137,0.9785714285714285,136.25
2023_run_32,2023,32,GROK,closed,135,0.9642857142857143,133.75
2023_run_32,2023,32,MG4B,open,116,0.8285714285714286,110.0
2023_run_32,2023,32,MG4Bq4,quantized,109,0.7785714285714286,101.25
2023_run_32,2023,32,MG4Bq6,quantized,109,0.7785714285714286,101.25
2023_run_32,2023,32,MG4Bq8,quantized,112,0.8,105.0
2023_run_32,2023,32,MSTRL,closed,132,0.9428571428571428,130.0
2023_run_32,2023,32,MT8B,open,95,0.6785714285714286,83.75
2023_run_32,2023,32,MT8Bq4,quantized,99,0.7071428571428572,88.75
2023_run_32,2023,32,MT8Bq6,quantized,101,0.7214285714285714,91.25
2023_run_32,2023,32,MT8Bq8,quantized,101,0.7214285714285714,91.25
2023_run_32,2023,32,Q1_7B,open,71,0.5071428571428571,53.75
2023_run_32,2023,32,Q4B,open,105,0.75,96.25
2023_run_32,2023,32,Q8B,open,117,0.8357142857142857,111.25
2023_run_32,2023,32,QWEN,closed,136,0.9714285714285714,135.0
2023_run_32,2023,32,mSTRL3B,open,98,0.7,87.5
2023_run_33,2023,33,CLA,closed,134,0.9571428571428572,132.5
2023_run_33,2023,33,DPSK,closed,131,0.9357142857142857,128.75
2023_run_33,2023,33,GPT,closed,135,0.9642857142857143,133.75
2023_run_33,2023,33,GROK,closed,137,0.9785714285714285,136.25
2023_run_33,2023,33,MG4B,open,112,0.8,105.0
2023_run_33,2023,33,MG4Bq4,quantized,113,0.8071428571428572,106.25
2023_run_33,2023,33,MG4Bq6,quantized,118,0.8428571428571429,112.5
2023_run_33,2023,33,MG4Bq8,quantized,113,0.8071428571428572,106.25
2023_run_33,2023,33,MSTRL,closed,127,0.9071428571428571,123.75
2023_run_33,2023,33,MT8B,open,101,0.7214285714285714,91.25
2023_run_33,2023,33,MT8Bq4,quantized,94,0.6714285714285714,82.5
2023_run_33,2023,33,MT8Bq6,quantized,104,0.7428571428571429,95.0
2023_run_33,2023,33,MT8Bq8,quantized,106,0.7571428571428571,97.5
2023_run_33,2023,33,Q1_7B,open,69,0.4928571428571429,51.25
2023_run_33,2023,33,Q4B,open,103,0.7357142857142858,93.75
2023_run_33,2023,33,Q8B,open,107,0.7642857142857142,98.75
2023_run_33,2023,33,QWEN,closed,135,0.9642857142857143,133.75
2023_run_33,2023,33,mSTRL3B,open,105,0.75,96.25
2023_run_34,2023,34,CLA,closed,133,0.95,131.25
2023_run_34,2023,34,DPSK,closed,132,0.9428571428571428,130.0
2023_run_34,2023,34,GPT,closed,137,0.9785714285714285,136.25
2023_run_34,2023,34,GROK,closed,137,0.9785714285714285,136.25
2023_run_34,2023,34,MG4B,open,119,0.85,113.75
2023_run_34,2023,34,MG4Bq4,quantized,111,0.7928571428571428,103.75
2023_run_34,2023,34,MG4Bq6,quantized,107,0.7642857142857142,98.75
2023_run_34,2023,34,MG4Bq8,quantized,116,0.8285714285714286,110.0
2023_run_34,2023,34,MSTRL,closed,130,0.9285714285714286,127.5
2023_run_34,2023,34,MT8B,open,101,0.7214285714285714,91.25
2023_run_34,2023,34,MT8Bq4,quantized,96,0.6857142857142857,85.0
2023_run_34,2023,34,MT8Bq6,quantized,106,0.7571428571428571,97.5
2023_run_34,2023,34,MT8Bq8,quantized,102,0.7285714285714285,92.5
2023_run_34,2023,34,Q1_7B,open,76,0.5428571428571428,60.0
2023_run_34,2023,34,Q4B,open,110,0.7857142857142857,102.5
2023_run_34,2023,34,Q8B,open,113,0.8071428571428572,106.25
2023_run_34,2023,34,QWEN,closed,135,0.9642857142857143,133.75
2023_run_34,2023,34,mSTRL3B,open,102,0.7285714285714285,92.5
2023_run_35,2023,35,CLA,closed,130,0.9285714285714286,127.5
2023_run_35,2023,35,DPSK,closed,133,0.95,131.25
2023_run_35,2023,35,GPT,closed,137,0.9785714285714285,136.25
2023_run_35,2023,35,GROK,closed,138,0.9857142857142858,137.5
2023_run_35,2023,35,MG4B,open,117,0.8357142857142857,111.25
2023_run_35,2023,35,MG4Bq4,quantized,111,0.7928571428571428,103.75
2023_run_35,2023,35,MG4Bq6,quantized,111,0.7928571428571428,103.75
2023_run_35,2023,35,MG4Bq8,quantized,113,0.8071428571428572,106.25
2023_run_35,2023,35,MSTRL,closed,130,0.9285714285714286,127.5
2023_run_35,2023,35,MT8B,open,95,0.6785714285714286,83.75
2023_run_35,2023,35,MT8Bq4,quantized,96,0.6857142857142857,85.0
2023_run_35,2023,35,MT8Bq6,quantized,103,0.7357142857142858,93.75
2023_run_35,2023,35,MT8Bq8,quantized,96,0.6857142857142857,85.0
2023_run_35,2023,35,Q1_7B,open,71,0.5071428571428571,53.75
2023_run_35,2023,35,Q4B,open,107,0.7642857142857142,98.75
2023_run_35,2023,35,Q8B,open,111,0.7928571428571428,103.75
2023_run_35,2023,35,QWEN,closed,136,0.9714285714285714,135.0
2023_run_35,2023,35,mSTRL3B,open,102,0.7285714285714285,92.5
2023_run_36,2023,36,CLA,closed,134,0.9571428571428572,132.5
2023_run_36,2023,36,DPSK,closed,132,0.9428571428571428,130.0
2023_run_36,2023,36,GPT,closed,135,0.9642857142857143,133.75
2023_run_36,2023,36,GROK,closed,137,0.9785714285714285,136.25
2023_run_36,2023,36,MG4B,open,112,0.8,105.0
2023_run_36,2023,36,MG4Bq4,quantized,114,0.8142857142857143,107.5
2023_run_36,2023,36,MG4Bq6,quantized,117,0.8357142857142857,111.25
2023_run_36,2023,36,MG4Bq8,quantized,113,0.8071428571428572,106.25
2023_run_36,2023,36,MSTRL,closed,132,0.9428571428571428,130.0
2023_run_36,2023,36,MT8B,open,102,0.7285714285714285,92.5
2023_run_36,2023,36,MT8Bq4,quantized,90,0.6428571428571429,77.5
2023_run_36,2023,36,MT8Bq6,quantized,99,0.7071428571428572,88.75
2023_run_36,2023,36,MT8Bq8,quantized,103,0.7357142857142858,93.75
2023_run_36,2023,36,Q1_7B,open,68,0.4857142857142857,50.0
2023_run_36,2023,36,Q4B,open,111,0.7928571428571428,103.75
2023_run_36,2023,36,Q8B,open,116,0.8285714285714286,110.0
2023_run_36,2023,36,QWEN,closed,136,0.9714285714285714,135.0
2023_run_36,2023,36,mSTRL3B,open,103,0.7357142857142858,93.75
2023_run_37,2023,37,CLA,closed,136,0.9714285714285714,135.0
2023_run_37,2023,37,DPSK,closed,133,0.95,131.25
2023_run_37,2023,37,GPT,closed,136,0.9714285714285714,135.0
2023_run_37,2023,37,GROK,closed,138,0.9857142857142858,137.5
2023_run_37,2023,37,MG4B,open,110,0.7857142857142857,102.5
2023_run_37,2023,37,MG4Bq4,quantized,114,0.8142857142857143,107.5
2023_run_37,2023,37,MG4Bq6,quantized,114,0.8142857142857143,107.5
2023_run_37,2023,37,MG4Bq8,quantized,113,0.8071428571428572,106.25
2023_run_37,2023,37,MSTRL,closed,131,0.9357142857142857,128.75
2023_run_37,2023,37,MT8B,open,106,0.7571428571428571,97.5
2023_run_37,2023,37,MT8Bq4,quantized,94,0.6714285714285714,82.5
2023_run_37,2023,37,MT8Bq6,quantized,103,0.7357142857142858,93.75
2023_run_37,2023,37,MT8Bq8,quantized,99,0.7071428571428572,88.75
2023_run_37,2023,37,Q1_7B,open,69,0.4928571428571429,51.25
2023_run_37,2023,37,Q4B,open,109,0.7785714285714286,101.25
2023_run_37,2023,37,Q8B,open,110,0.7857142857142857,102.5
2023_run_37,2023,37,QWEN,closed,136,0.9714285714285714,135.0
2023_run_37,2023,37,mSTRL3B,open,101,0.7214285714285714,91.25
2023_run_38,2023,38,CLA,closed,130,0.9285714285714286,127.5
2023_run_38,2023,38,DPSK,closed,128,0.9142857142857143,125.0
2023_run_38,2023,38,GPT,closed,134,0.9571428571428572,132.5
2023_run_38,2023,38,GROK,closed,138,0.9857142857142858,137.5
2023_run_38,2023,38,MG4B,open,114,0.8142857142857143,107.5
2023_run_38,2023,38,MG4Bq4,quantized,105,0.75,96.25
2023_run_38,2023,38,MG4Bq6,quantized,112,0.8,105.0
2023_run_38,2023,38,MG4Bq8,quantized,111,0.7928571428571428,103.75
2023_run_38,2023,38,MSTRL,closed,125,0.8928571428571429,121.25
2023_run_38,2023,38,MT8B,open,100,0.7142857142857143,90.0
2023_run_38,2023,38,MT8Bq4,quantized,93,0.6642857142857143,81.25
2023_run_38,2023,38,MT8Bq6,quantized,95,0.6785714285714286,83.75
2023_run_38,2023,38,MT8Bq8,quantized,99,0.7071428571428572,88.75
2023_run_38,2023,38,Q1_7B,open,67,0.4785714285714286,48.75
2023_run_38,2023,38,Q4B,open,108,0.7714285714285715,100.0
2023_run_38,2023,38,Q8B,open,119,0.85,113.75
2023_run_38,2023,38,QWEN,closed,135,0.9642857142857143,133.75
2023_run_38,2023,38,mSTRL3B,open,98,0.7,87.5
2023_run_39,2023,39,CLA,closed,131,0.9357142857142857,128.75
2023_run_39,2023,39,DPSK,closed,134,0.9571428571428572,132.5
2023_run_39,2023,39,GPT,closed,136,0.9714285714285714,135.0
2023_run_39,2023,39,GROK,closed,138,0.9857142857142858,137.5
2023_run_39,2023,39,MG4B,open,112,0.8,105.0
2023_run_39,2023,39,MG4Bq4,quantized,109,0.7785714285714286,101.25
2023_run_39,2023,39,MG4Bq6,quantized,117,0.8357142857142857,111.25
2023_run_39,2023,39,MG4Bq8,quantized,111,0.7928571428571428,103.75
2023_run_39,2023,39,MSTRL,closed,132,0.9428571428571428,130.0
2023_run_39,2023,39,MT8B,open,93,0.6642857142857143,81.25
2023_run_39,2023,39,MT8Bq4,quantized,98,0.7,87.5
2023_run_39,2023,39,MT8Bq6,quantized,100,0.7142857142857143,90.0
2023_run_39,2023,39,MT8Bq8,quantized,100,0.7142857142857143,90.0
2023_run_39,2023,39,Q1_7B,open,78,0.5571428571428572,62.5
2023_run_39,2023,39,Q4B,open,112,0.8,105.0
2023_run_39,2023,39,Q8B,open,116,0.8285714285714286,110.0
2023_run_39,2023,39,QWEN,closed,134,0.9571428571428572,132.5
2023_run_39,2023,39,mSTRL3B,open,107,0.7642857142857142,98.75
2023_run_40,2023,40,CLA,closed,136,0.9714285714285714,135.0
2023_run_40,2023,40,DPSK,closed,134,0.9571428571428572,132.5
2023_run_40,2023,40,GPT,closed,135,0.9642857142857143,133.75
2023_run_40,2023,40,GROK,closed,138,0.9857142857142858,137.5
2023_run_40,2023,40,MG4B,open,119,0.85,113.75
2023_run_40,2023,40,MG4Bq4,quantized,115,0.8214285714285714,108.75
2023_run_40,2023,40,MG4Bq6,quantized,116,0.8285714285714286,110.0
2023_run_40,2023,40,MG4Bq8,quantized,116,0.8285714285714286,110.0
2023_run_40,2023,40,MSTRL,closed,130,0.9285714285714286,127.5
2023_run_40,2023,40,MT8B,open,97,0.6928571428571428,86.25
2023_run_40,2023,40,MT8Bq4,quantized,98,0.7,87.5
2023_run_40,2023,40,MT8Bq6,quantized,102,0.7285714285714285,92.5
2023_run_40,2023,40,MT8Bq8,quantized,105,0.75,96.25
2023_run_40,2023,40,Q1_7B,open,67,0.4785714285714286,48.75
2023_run_40,2023,40,Q4B,open,105,0.75,96.25
2023_run_40,2023,40,Q8B,open,110,0.7857142857142857,102.5
2023_run_40,2023,40,QWEN,closed,136,0.9714285714285714,135.0
2023_run_40,2023,40,mSTRL3B,open,96,0.6857142857142857,85.0
2023_run_41,2023,41,CLA,closed,131,0.9357142857142857,128.75
2023_run_41,2023,41,DPSK,closed,133,0.95,131.25
2023_run_41,2023,41,GPT,closed,136,0.9714285714285714,135.0
2023_run_41,2023,41,GROK,closed,137,0.9785714285714285,136.25
2023_run_41,2023,41,MG4B,open,111,0.7928571428571428,103.75
2023_run_41,2023,41,MG4Bq4,quantized,109,0.7785714285714286,101.25
2023_run_41,2023,41,MG4Bq6,quantized,112,0.8,105.0
2023_run_41,2023,41,MG4Bq8,quantized,115,0.8214285714285714,108.75
2023_run_41,2023,41,MSTRL,closed,129,0.9214285714285714,126.25
2023_run_41,2023,41,MT8B,open,91,0.65,78.75
2023_run_41,2023,41,MT8Bq4,quantized,97,0.6928571428571428,86.25
2023_run_41,2023,41,MT8Bq6,quantized,100,0.7142857142857143,90.0
2023_run_41,2023,41,MT8Bq8,quantized,96,0.6857142857142857,85.0
2023_run_41,2023,41,Q1_7B,open,65,0.4642857142857143,46.25
2023_run_41,2023,41,Q4B,open,106,0.7571428571428571,97.5
2023_run_41,2023,41,Q8B,open,115,0.8214285714285714,108.75
2023_run_41,2023,41,QWEN,closed,134,0.9571428571428572,132.5
2023_run_41,2023,41,mSTRL3B,open,99,0.7071428571428572,88.75
2023_run_42,2023,42,CLA,closed,136,0.9714285714285714,135.0
2023_run_42,2023,42,DPSK,closed,131,0.9357142857142857,128.75
2023_run_42,2023,42,GPT,closed,138,0.9857142857142858,137.5
2023_run_42,2023,42,GROK,closed,137,0.9785714285714285,136.25
2023_run_42,2023,42,MG4B,open,119,0.85,113.75
2023_run_42,2023,42,MG4Bq4,quantized,111,0.7928571428571428,103.75
2023_run_42,2023,42,MG4Bq6,quantized,113,0.8071428571428572,106.25
2023_run_42,2023,42,MG4Bq8,quantized,116,0.8285714285714286,110.0
2023_run_42,2023,42,MSTRL,closed,131,0.9357142857142857,128.75
2023_run_42,2023,42,MT8B,open,105,0.75,96.25
2023_run_42,2023,42,MT8Bq4,quantized,99,0.7071428571428572,88.75
2023_run_42,2023,42,MT8Bq6,quantized,99,0.7071428571428572,88.75
2023_run_42,2023,42,MT8Bq8,quantized,97,0.6928571428571428,86.25
2023_run_42,2023,42,Q1_7B,open,64,0.45714285714285713,45.0
2023_run_42,2023,42,Q4B,open,109,0.7785714285714286,101.25
2023_run_42,2023,42,Q8B,open,114,0.8142857142857143,107.5
2023_run_42,2023,42,QWEN,closed,136,0.9714285714285714,135.0
2023_run_42,2023,42,mSTRL3B,open,102,0.7285714285714285,92.5
2023_run_43,2023,43,CLA,closed,131,0.9357142857142857,128.75
2023_run_43,2023,43,DPSK,closed,132,0.9428571428571428,130.0
2023_run_43,2023,43,GPT,closed,135,0.9642857142857143,133.75
2023_run_43,2023,43,GROK,closed,138,0.9857142857142858,137.5
2023_run_43,2023,43,MG4B,open,117,0.8357142857142857,111.25
2023_run_43,2023,43,MG4Bq4,quantized,116,0.8285714285714286,110.0
2023_run_43,2023,43,MG4Bq6,quantized,114,0.8142857142857143,107.5
2023_run_43,2023,43,MG4Bq8,quantized,115,0.8214285714285714,108.75
2023_run_43,2023,43,MSTRL,closed,132,0.9428571428571428,130.0
2023_run_43,2023,43,MT8B,open,103,0.7357142857142858,93.75
2023_run_43,2023,43,MT8Bq4,quantized,97,0.6928571428571428,86.25
2023_run_43,2023,43,MT8Bq6,quantized,94,0.6714285714285714,82.5
2023_run_43,2023,43,MT8Bq8,quantized,104,0.7428571428571429,95.0
2023_run_43,2023,43,Q1_7B,open,71,0.5071428571428571,53.75
2023_run_43,2023,43,Q4B,open,111,0.7928571428571428,103.75
2023_run_43,2023,43,Q8B,open,110,0.7857142857142857,102.5
2023_run_43,2023,43,QWEN,closed,134,0.9571428571428572,132.5
2023_run_43,2023,43,mSTRL3B,open,112,0.8,105.0
2023_run_44,2023,44,CLA,closed,135,0.9642857142857143,133.75
2023_run_44,2023,44,DPSK,closed,130,0.9285714285714286,127.5
2023_run_44,2023,44,GPT,closed,136,0.9714285714285714,135.0
2023_run_44,2023,44,GROK,closed,138,0.9857142857142858,137.5
2023_run_44,2023,44,MG4B,open,110,0.7857142857142857,102.5
2023_run_44,2023,44,MG4Bq4,quantized,114,0.8142857142857143,107.5
2023_run_44,2023,44,MG4Bq6,quantized,112,0.8,105.0
2023_run_44,2023,44,MG4Bq8,quantized,113,0.8071428571428572,106.25
2023_run_44,2023,44,MSTRL,closed,130,0.9285714285714286,127.5
2023_run_44,2023,44,MT8B,open,99,0.7071428571428572,88.75
2023_run_44,2023,44,MT8Bq4,quantized,95,0.6785714285714286,83.75
2023_run_44,2023,44,MT8Bq6,quantized,103,0.7357142857142858,93.75
2023_run_44,2023,44,MT8Bq8,quantized,94,0.6714285714285714,82.5
2023_run_44,2023,44,Q1_7B,open,76,0.5428571428571428,60.0
2023_run_44,2023,44,Q4B,open,112,0.8,105.0
2023_run_44,2023,44,Q8B,open,116,0.8285714285714286,110.0
2023_run_44,2023,44,QWEN,closed,133,0.95,131.25
2023_run_44,2023,44,mSTRL3B,open,100,0.7142857142857143,90.0
2023_run_45,2023,45,CLA,closed,132,0.9428571428571428,130.0
2023_run_45,2023,45,DPSK,closed,132,0.9428571428571428,130.0
2023_run_45,2023,45,GPT,closed,137,0.9785714285714285,136.25
2023_run_45,2023,45,GROK,closed,136,0.9714285714285714,135.0
2023_run_45,2023,45,MG4B,open,108,0.7714285714285715,100.0
2023_run_45,2023,45,MG4Bq4,quantized,112,0.8,105.0
2023_run_45,2023,45,MG4Bq6,quantized,115,0.8214285714285714,108.75
2023_run_45,2023,45,MG4Bq8,quantized,115,0.8214285714285714,108.75
2023_run_45,2023,45,MSTRL,closed,130,0.9285714285714286,127.5
2023_run_45,2023,45,MT8B,open,99,0.7071428571428572,88.75
2023_run_45,2023,45,MT8Bq4,quantized,93,0.6642857142857143,81.25
2023_run_45,2023,45,MT8Bq6,quantized,93,0.6642857142857143,81.25
2023_run_45,2023,45,MT8Bq8,quantized,98,0.7,87.5
2023_run_45,2023,45,Q1_7B,open,70,0.5,52.5
2023_run_45,2023,45,Q4B,open,107,0.7642857142857142,98.75
2023_run_45,2023,45,Q8B,open,116,0.8285714285714286,110.0
2023_run_45,2023,45,QWEN,closed,134,0.9571428571428572,132.5
2023_run_45,2023,45,mSTRL3B,open,101,0.7214285714285714,91.25
2023_run_46,2023,46,CLA,closed,131,0.9357142857142857,128.75
2023_run_46,2023,46,DPSK,closed,133,0.95,131.25
2023_run_46,2023,46,GPT,closed,138,0.9857142857142858,137.5
2023_run_46,2023,46,GROK,closed,135,0.9642857142857143,133.75
2023_run_46,2023,46,MG4B,open,115,0.8214285714285714,108.75
2023_run_46,2023,46,MG4Bq4,quantized,115,0.8214285714285714,108.75
2023_run_46,2023,46,MG4Bq6,quantized,112,0.8,105.0
2023_run_46,2023,46,MG4Bq8,quantized,108,0.7714285714285715,100.0
2023_run_46,2023,46,MSTRL,closed,131,0.9357142857142857,128.75
2023_run_46,2023,46,MT8B,open,102,0.7285714285714285,92.5
2023_run_46,2023,46,MT8Bq4,quantized,100,0.7142857142857143,90.0
2023_run_46,2023,46,MT8Bq6,quantized,99,0.7071428571428572,88.75
2023_run_46,2023,46,MT8Bq8,quantized,96,0.6857142857142857,85.0
2023_run_46,2023,46,Q1_7B,open,67,0.4785714285714286,48.75
2023_run_46,2023,46,Q4B,open,108,0.7714285714285715,100.0
2023_run_46,2023,46,Q8B,open,110,0.7857142857142857,102.5
2023_run_46,2023,46,QWEN,closed,133,0.95,131.25
2023_run_46,2023,46,mSTRL3B,open,97,0.6928571428571428,86.25
2023_run_47,2023,47,CLA,closed,129,0.9214285714285714,126.25
2023_run_47,2023,47,DPSK,closed,135,0.9642857142857143,133.75
2023_run_47,2023,47,GPT,closed,137,0.9785714285714285,136.25
2023_run_47,2023,47,GROK,closed,137,0.9785714285714285,136.25
2023_run_47,2023,47,MG4B,open,111,0.7928571428571428,103.75
2023_run_47,2023,47,MG4Bq4,quantized,116,0.8285714285714286,110.0
2023_run_47,2023,47,MG4Bq6,quantized,111,0.7928571428571428,103.75
2023_run_47,2023,47,MG4Bq8,quantized,112,0.8,105.0
2023_run_47,2023,47,MSTRL,closed,130,0.9285714285714286,127.5
2023_run_47,2023,47,MT8B,open,104,0.7428571428571429,95.0
2023_run_47,2023,47,MT8Bq4,quantized,95,0.6785714285714286,83.75
2023_run_47,2023,47,MT8Bq6,quantized,99,0.7071428571428572,88.75
2023_run_47,2023,47,MT8Bq8,quantized,94,0.6714285714285714,82.5
2023_run_47,2023,47,Q1_7B,open,66,0.4714285714285714,47.5
2023_run_47,2023,47,Q4B,open,110,0.7857142857142857,102.5
2023_run_47,2023,47,Q8B,open,116,0.8285714285714286,110.0
2023_run_47,2023,47,QWEN,closed,135,0.9642857142857143,133.75
2023_run_47,2023,47,mSTRL3B,open,100,0.7142857142857143,90.0
2023_run_48,2023,48,CLA,closed,131,0.9357142857142857,128.75
2023_run_48,2023,48,DPSK,closed,135,0.9642857142857143,133.75
2023_run_48,2023,48,GPT,closed,135,0.9642857142857143,133.75
2023_run_48,2023,48,GROK,closed,137,0.9785714285714285,136.25
2023_run_48,2023,48,MG4B,open,110,0.7857142857142857,102.5
2023_run_48,2023,48,MG4Bq4,quantized,112,0.8,105.0
2023_run_48,2023,48,MG4Bq6,quantized,112,0.8,105.0
2023_run_48,2023,48,MG4Bq8,quantized,111,0.7928571428571428,103.75
2023_run_48,2023,48,MSTRL,closed,130,0.9285714285714286,127.5
2023_run_48,2023,48,MT8B,open,107,0.7642857142857142,98.75
2023_run_48,2023,48,MT8Bq4,quantized,93,0.6642857142857143,81.25
2023_run_48,2023,48,MT8Bq6,quantized,96,0.6857142857142857,85.0
2023_run_48,2023,48,MT8Bq8,quantized,101,0.7214285714285714,91.25
2023_run_48,2023,48,Q1_7B,open,72,0.5142857142857142,55.0
2023_run_48,2023,48,Q4B,open,108,0.7714285714285715,100.0
2023_run_48,2023,48,Q8B,open,115,0.8214285714285714,108.75
2023_run_48,2023,48,QWEN,closed,135,0.9642857142857143,133.75
2023_run_48,2023,48,mSTRL3B,open,99,0.7071428571428572,88.75
2023_run_49,2023,49,CLA,closed,131,0.9357142857142857,128.75
2023_run_49,2023,49,DPSK,closed,132,0.9428571428571428,130.0
2023_run_49,2023,49,GPT,closed,136,0.9714285714285714,135.0
2023_run_49,2023,49,GROK,closed,136,0.9714285714285714,135.0
2023_run_49,2023,49,MG4B,open,114,0.8142857142857143,107.5
2023_run_49,2023,49,MG4Bq4,quantized,113,0.8071428571428572,106.25
2023_run_49,2023,49,MG4Bq6,quantized,114,0.8142857142857143,107.5
2023_run_49,2023,49,MG4Bq8,quantized,117,0.8357142857142857,111.25
2023_run_49,2023,49,MSTRL,closed,130,0.9285714285714286,127.5
2023_run_49,2023,49,MT8B,open,102,0.7285714285714285,92.5
2023_run_49,2023,49,MT8Bq4,quantized,90,0.6428571428571429,77.5
2023_run_49,2023,49,MT8Bq6,quantized,94,0.6714285714285714,82.5
2023_run_49,2023,49,MT8Bq8,quantized,102,0.7285714285714285,92.5
2023_run_49,2023,49,Q1_7B,open,69,0.4928571428571429,51.25
2023_run_49,2023,49,Q4B,open,112,0.8,105.0
2023_run_49,2023,49,Q8B,open,111,0.7928571428571428,103.75
2023_run_49,2023,49,QWEN,closed,136,0.9714285714285714,135.0
2023_run_49,2023,49,mSTRL3B,open,99,0.7071428571428572,88.75
2023_run_50,2023,50,CLA,closed,135,0.9642857142857143,133.75
2023_run_50,2023,50,DPSK,closed,137,0.9785714285714285,136.25
2023_run_50,2023,50,GPT,closed,136,0.9714285714285714,135.0
2023_run_50,2023,50,GROK,closed,137,0.9785714285714285,136.25
2023_run_50,2023,50,MG4B,open,114,0.8142857142857143,107.5
2023_run_50,2023,50,MG4Bq4,quantized,118,0.8428571428571429,112.5
2023_run_50,2023,50,MG4Bq6,quantized,113,0.8071428571428572,106.25
2023_run_50,2023,50,MG4Bq8,quantized,115,0.8214285714285714,108.75
2023_run_50,2023,50,MSTRL,closed,127,0.9071428571428571,123.75
2023_run_50,2023,50,MT8B,open,105,0.75,96.25
2023_run_50,2023,50,MT8Bq4,quantized,98,0.7,87.5
2023_run_50,2023,50,MT8Bq6,quantized,96,0.6857142857142857,85.0
2023_run_50,2023,50,MT8Bq8,quantized,96,0.6857142857142857,85.0
2023_run_50,2023,50,Q1_7B,open,72,0.5142857142857142,55.0
2023_run_50,2023,50,Q4B,open,110,0.7857142857142857,102.5
2023_run_50,2023,50,Q8B,open,116,0.8285714285714286,110.0
2023_run_50,2023,50,QWEN,closed,136,0.9714285714285714,135.0
2023_run_50,2023,50,mSTRL3B,open,105,0.75,96.25
2024_run_1,2024,1,CLA,closed,122,0.8714285714285714,117.5
2024_run_1,2024,1,DPSK,closed,125,0.8928571428571429,121.25
2024_run_1,2024,1,GPT,closed,134,0.9571428571428572,132.5
2024_run_1,2024,1,GROK,closed,133,0.95,131.25
2024_run_1,2024,1,MG4B,open,110,0.7857142857142857,102.5
2024_run_1,2024,1,MG4Bq4,quantized,100,0.7142857142857143,90.0
2024_run_1,2024,1,MG4Bq6,quantized,97,0.6928571428571428,86.25
2024_run_1,2024,1,MG4Bq8,quantized,105,0.75,96.25
2024_run_1,2024,1,MSTRL,closed,121,0.8642857142857143,116.25
2024_run_1,2024,1,MT8B,open,92,0.6571428571428571,80.0
2024_run_1,2024,1,MT8Bq4,quantized,86,0.6142857142857143,72.5
2024_run_1,2024,1,MT8Bq6,quantized,88,0.6285714285714286,75.0
2024_run_1,2024,1,MT8Bq8,quantized,87,0.6214285714285714,73.75
2024_run_1,2024,1,Q1_7B,open,68,0.4857142857142857,50.0
2024_run_1,2024,1,Q4B,open,98,0.7,87.5
2024_run_1,2024,1,Q8B,open,111,0.7928571428571428,103.75
2024_run_1,2024,1,QWEN,closed,135,0.9642857142857143,133.75
2024_run_1,2024,1,mSTRL3B,open,98,0.7,87.5
2024_run_2,2024,2,CLA,closed,129,0.9214285714285714,126.25
2024_run_2,2024,2,DPSK,closed,124,0.8857142857142857,120.0
2024_run_2,2024,2,GPT,closed,135,0.9642857142857143,133.75
2024_run_2,2024,2,GROK,closed,129,0.9214285714285714,126.25
2024_run_2,2024,2,MG4B,open,106,0.7571428571428571,97.5
2024_run_2,2024,2,MG4Bq4,quantized,105,0.75,96.25
2024_run_2,2024,2,MG4Bq6,quantized,99,0.7071428571428572,88.75
2024_run_2,2024,2,MG4Bq8,quantized,111,0.7928571428571428,103.75
2024_run_2,2024,2,MSTRL,closed,122,0.8714285714285714,117.5
2024_run_2,2024,2,MT8B,open,85,0.6071428571428571,71.25
2024_run_2,2024,2,MT8Bq4,quantized,81,0.5785714285714286,66.25
2024_run_2,2024,2,MT8Bq6,quantized,84,0.6,70.0
2024_run_2,2024,2,MT8Bq8,quantized,88,0.6285714285714286,75.0
2024_run_2,2024,2,Q1_7B,open,72,0.5142857142857142,55.0
2024_run_2,2024,2,Q4B,open,103,0.7357142857142858,93.75
2024_run_2,2024,2,Q8B,open,108,0.7714285714285715,100.0
2024_run_2,2024,2,QWEN,closed,136,0.9714285714285714,135.0
2024_run_2,2024,2,mSTRL3B,open,96,0.6857142857142857,85.0
2024_run_3,2024,3,CLA,closed,125,0.8928571428571429,121.25
2024_run_3,2024,3,DPSK,closed,128,0.9142857142857143,125.0
2024_run_3,2024,3,GPT,closed,135,0.9642857142857143,133.75
2024_run_3,2024,3,GROK,closed,131,0.9357142857142857,128.75
2024_run_3,2024,3,MG4B,open,106,0.7571428571428571,97.5
2024_run_3,2024,3,MG4Bq4,quantized,101,0.7214285714285714,91.25
2024_run_3,2024,3,MG4Bq6,quantized,108,0.7714285714285715,100.0
2024_run_3,2024,3,MG4Bq8,quantized,111,0.7928571428571428,103.75
2024_run_3,2024,3,MSTRL,closed,119,0.85,113.75
2024_run_3,2024,3,MT8B,open,84,0.6,70.0
2024_run_3,2024,3,MT8Bq4,quantized,85,0.6071428571428571,71.25
2024_run_3,2024,3,MT8Bq6,quantized,88,0.6285714285714286,75.0
2024_run_3,2024,3,MT8Bq8,quantized,91,0.65,78.75
2024_run_3,2024,3,Q1_7B,open,69,0.4928571428571429,51.25
2024_run_3,2024,3,Q4B,open,96,0.6857142857142857,85.0
2024_run_3,2024,3,Q8B,open,107,0.7642857142857142,98.75
2024_run_3,2024,3,QWEN,closed,133,0.95,131.25
2024_run_3,2024,3,mSTRL3B,open,98,0.7,87.5
2024_run_4,2024,4,CLA,closed,126,0.9,122.5
2024_run_4,2024,4,DPSK,closed,129,0.9214285714285714,126.25
2024_run_4,2024,4,GPT,closed,132,0.9428571428571428,130.0
2024_run_4,2024,4,GROK,closed,131,0.9357142857142857,128.75
2024_run_4,2024,4,MG4B,open,107,0.7642857142857142,98.75
2024_run_4,2024,4,MG4Bq4,quantized,101,0.7214285714285714,91.25
2024_run_4,2024,4,MG4Bq6,quantized,102,0.7285714285714285,92.5
2024_run_4,2024,4,MG4Bq8,quantized,101,0.7214285714285714,91.25
2024_run_4,2024,4,MSTRL,closed,119,0.85,113.75
2024_run_4,2024,4,MT8B,open,81,0.5785714285714286,66.25
2024_run_4,2024,4,MT8Bq4,quantized,82,0.5857142857142857,67.5
2024_run_4,2024,4,MT8Bq6,quantized,87,0.6214285714285714,73.75
2024_run_4,2024,4,MT8Bq8,quantized,89,0.6357142857142857,76.25
2024_run_4,2024,4,Q1_7B,open,74,0.5285714285714286,57.5
2024_run_4,2024,4,Q4B,open,99,0.7071428571428572,88.75
2024_run_4,2024,4,Q8B,open,111,0.7928571428571428,103.75
2024_run_4,2024,4,QWEN,closed,132,0.9428571428571428,130.0
2024_run_4,2024,4,mSTRL3B,open,92,0.6571428571428571,80.0
2024_run_5,2024,5,CLA,closed,123,0.8785714285714286,118.75
2024_run_5,2024,5,DPSK,closed,126,0.9,122.5
2024_run_5,2024,5,GPT,closed,136,0.9714285714285714,135.0
2024_run_5,2024,5,GROK,closed,135,0.9642857142857143,133.75
2024_run_5,2024,5,MG4B,open,106,0.7571428571428571,97.5
2024_run_5,2024,5,MG4Bq4,quantized,101,0.7214285714285714,91.25
2024_run_5,2024,5,MG4Bq6,quantized,110,0.7857142857142857,102.5
2024_run_5,2024,5,MG4Bq8,quantized,109,0.7785714285714286,101.25
2024_run_5,2024,5,MSTRL,closed,121,0.8642857142857143,116.25
2024_run_5,2024,5,MT8B,open,84,0.6,70.0
2024_run_5,2024,5,MT8Bq4,quantized,76,0.5428571428571428,60.0
2024_run_5,2024,5,MT8Bq6,quantized,84,0.6,70.0
2024_run_5,2024,5,MT8Bq8,quantized,87,0.6214285714285714,73.75
2024_run_5,2024,5,Q1_7B,open,74,0.5285714285714286,57.5
2024_run_5,2024,5,Q4B,open,94,0.6714285714285714,82.5
2024_run_5,2024,5,Q8B,open,105,0.75,96.25
2024_run_5,2024,5,QWEN,closed,135,0.9642857142857143,133.75
2024_run_5,2024,5,mSTRL3B,open,94,0.6714285714285714,82.5
2024_run_6,2024,6,CLA,closed,122,0.8714285714285714,117.5
2024_run_6,2024,6,DPSK,closed,122,0.8714285714285714,117.5
2024_run_6,2024,6,GPT,closed,133,0.95,131.25
2024_run_6,2024,6,GROK,closed,132,0.9428571428571428,130.0
2024_run_6,2024,6,MG4B,open,101,0.7214285714285714,91.25
2024_run_6,2024,6,MG4Bq4,quantized,103,0.7357142857142858,93.75
2024_run_6,2024,6,MG4Bq6,quantized,102,0.7285714285714285,92.5
2024_run_6,2024,6,MG4Bq8,quantized,105,0.75,96.25
2024_run_6,2024,6,MSTRL,closed,123,0.8785714285714286,118.75
2024_run_6,2024,6,MT8B,open,86,0.6142857142857143,72.5
2024_run_6,2024,6,MT8Bq4,quantized,83,0.5928571428571429,68.75
2024_run_6,2024,6,MT8Bq6,quantized,85,0.6071428571428571,71.25
2024_run_6,2024,6,MT8Bq8,quantized,89,0.6357142857142857,76.25
2024_run_6,2024,6,Q1_7B,open,77,0.55,61.25
2024_run_6,2024,6,Q4B,open,95,0.6785714285714286,83.75
2024_run_6,2024,6,Q8B,open,112,0.8,105.0
2024_run_6,2024,6,QWEN,closed,135,0.9642857142857143,133.75
2024_run_6,2024,6,mSTRL3B,open,97,0.6928571428571428,86.25
2024_run_7,2024,7,CLA,closed,128,0.9142857142857143,125.0
2024_run_7,2024,7,DPSK,closed,126,0.9,122.5
2024_run_7,2024,7,GPT,closed,134,0.9571428571428572,132.5
2024_run_7,2024,7,GROK,closed,132,0.9428571428571428,130.0
2024_run_7,2024,7,MG4B,open,105,0.75,96.25
2024_run_7,2024,7,MG4Bq4,quantized,108,0.7714285714285715,100.0
2024_run_7,2024,7,MG4Bq6,quantized,110,0.7857142857142857,102.5
2024_run_7,2024,7,MG4Bq8,quantized,107,0.7642857142857142,98.75
2024_run_7,2024,7,MSTRL,closed,118,0.8428571428571429,112.5
2024_run_7,2024,7,MT8B,open,83,0.5928571428571429,68.75
2024_run_7,2024,7,MT8Bq4,quantized,86,0.6142857142857143,72.5
2024_run_7,2024,7,MT8Bq6,quantized,84,0.6,70.0
2024_run_7,2024,7,MT8Bq8,quantized,81,0.5785714285714286,66.25
2024_run_7,2024,7,Q1_7B,open,70,0.5,52.5
2024_run_7,2024,7,Q4B,open,97,0.6928571428571428,86.25
2024_run_7,2024,7,Q8B,open,113,0.8071428571428572,106.25
2024_run_7,2024,7,QWEN,closed,134,0.9571428571428572,132.5
2024_run_7,2024,7,mSTRL3B,open,92,0.6571428571428571,80.0
2024_run_8,2024,8,CLA,closed,126,0.9,122.5
2024_run_8,2024,8,DPSK,closed,129,0.9214285714285714,126.25
2024_run_8,2024,8,GPT,closed,134,0.9571428571428572,132.5
2024_run_8,2024,8,GROK,closed,131,0.9357142857142857,128.75
2024_run_8,2024,8,MG4B,open,104,0.7428571428571429,95.0
2024_run_8,2024,8,MG4Bq4,quantized,106,0.7571428571428571,97.5
2024_run_8,2024,8,MG4Bq6,quantized,108,0.7714285714285715,100.0
2024_run_8,2024,8,MG4Bq8,quantized,109,0.7785714285714286,101.25
2024_run_8,2024,8,MSTRL,closed,123,0.8785714285714286,118.75
2024_run_8,2024,8,MT8B,open,83,0.5928571428571429,68.75
2024_run_8,2024,8,MT8Bq4,quantized,81,0.5785714285714286,66.25
2024_run_8,2024,8,MT8Bq6,quantized,82,0.5857142857142857,67.5
2024_run_8,2024,8,MT8Bq8,quantized,85,0.6071428571428571,71.25
2024_run_8,2024,8,Q1_7B,open,78,0.5571428571428572,62.5
2024_run_8,2024,8,Q4B,open,98,0.7,87.5
2024_run_8,2024,8,Q8B,open,108,0.7714285714285715,100.0
2024_run_8,2024,8,QWEN,closed,132,0.9428571428571428,130.0
2024_run_8,2024,8,mSTRL3B,open,90,0.6428571428571429,77.5
2024_run_9,2024,9,CLA,closed,131,0.9357142857142857,128.75
2024_run_9,2024,9,DPSK,closed,128,0.9142857142857143,125.0
2024_run_9,2024,9,GPT,closed,133,0.95,131.25
2024_run_9,2024,9,GROK,closed,131,0.9357142857142857,128.75
2024_run_9,2024,9,MG4B,open,101,0.7214285714285714,91.25
2024_run_9,2024,9,MG4Bq4,quantized,99,0.7071428571428572,88.75
2024_run_9,2024,9,MG4Bq6,quantized,111,0.7928571428571428,103.75
2024_run_9,2024,9,MG4Bq8,quantized,107,0.7642857142857142,98.75
2024_run_9,2024,9,MSTRL,closed,116,0.8285714285714286,110.0
2024_run_9,2024,9,MT8B,open,85,0.6071428571428571,71.25
2024_run_9,2024,9,MT8Bq4,quantized,82,0.5857142857142857,67.5
2024_run_9,2024,9,MT8Bq6,quantized,92,0.6571428571428571,80.0
2024_run_9,2024,9,MT8Bq8,quantized,87,0.6214285714285714,73.75
2024_run_9,2024,9,Q1_7B,open,71,0.5071428571428571,53.75
2024_run_9,2024,9,Q4B,open,99,0.7071428571428572,88.75
2024_run_9,2024,9,Q8B,open,117,0.8357142857142857,111.25
2024_run_9,2024,9,QWEN,closed,133,0.95,131.25
2024_run_9,2024,9,mSTRL3B,open,95,0.6785714285714286,83.75
2024_run_10,2024,10,CLA,closed,128,0.9142857142857143,125.0
2024_run_10,2024,10,DPSK,closed,125,0.8928571428571429,121.25
2024_run_10,2024,10,GPT,closed,136,0.9714285714285714,135.0
2024_run_10,2024,10,GROK,closed,132,0.9428571428571428,130.0
2024_run_10,2024,10,MG4B,open,107,0.7642857142857142,98.75
2024_run_10,2024,10,MG4Bq4,quantized,102,0.7285714285714285,92.5
2024_run_10,2024,10,MG4Bq6,quantized,104,0.7428571428571429,95.0
2024_run_10,2024,10,MG4Bq8,quantized,107,0.7642857142857142,98.75
2024_run_10,2024,10,MSTRL,closed,118,0.8428571428571429,112.5
2024_run_10,2024,10,MT8B,open,87,0.6214285714285714,73.75
2024_run_10,2024,10,MT8Bq4,quantized,86,0.6142857142857143,72.5
2024_run_10,2024,10,MT8Bq6,quantized,74,0.5285714285714286,57.5
2024_run_10,2024,10,MT8Bq8,quantized,89,0.6357142857142857,76.25
2024_run_10,2024,10,Q1_7B,open,76,0.5428571428571428,60.0
2024_run_10,2024,10,Q4B,open,99,0.7071428571428572,88.75
2024_run_10,2024,10,Q8B,open,114,0.8142857142857143,107.5
2024_run_10,2024,10,QWEN,closed,134,0.9571428571428572,132.5
2024_run_10,2024,10,mSTRL3B,open,88,0.6285714285714286,75.0
2024_run_11,2024,11,CLA,closed,123,0.8785714285714286,118.75
2024_run_11,2024,11,DPSK,closed,127,0.9071428571428571,123.75
2024_run_11,2024,11,GPT,closed,135,0.9642857142857143,133.75
2024_run_11,2024,11,GROK,closed,133,0.95,131.25
2024_run_11,2024,11,MG4B,open,110,0.7857142857142857,102.5
2024_run_11,2024,11,MG4Bq4,quantized,105,0.75,96.25
2024_run_11,2024,11,MG4Bq6,quantized,104,0.7428571428571429,95.0
2024_run_11,2024,11,MG4Bq8,quantized,101,0.7214285714285714,91.25
2024_run_11,2024,11,MSTRL,closed,124,0.8857142857142857,120.0
2024_run_11,2024,11,MT8B,open,80,0.5714285714285714,65.0
2024_run_11,2024,11,MT8Bq4,quantized,83,0.5928571428571429,68.75
2024_run_11,2024,11,MT8Bq6,quantized,84,0.6,70.0
2024_run_11,2024,11,MT8Bq8,quantized,89,0.6357142857142857,76.25
2024_run_11,2024,11,Q1_7B,open,70,0.5,52.5
2024_run_11,2024,11,Q4B,open,100,0.7142857142857143,90.0
2024_run_11,2024,11,Q8B,open,108,0.7714285714285715,100.0
2024_run_11,2024,11,QWEN,closed,135,0.9642857142857143,133.75
2024_run_11,2024,11,mSTRL3B,open,86,0.6142857142857143,72.5
2024_run_12,2024,12,CLA,closed,125,0.8928571428571429,121.25
2024_run_12,2024,12,DPSK,closed,128,0.9142857142857143,125.0
2024_run_12,2024,12,GPT,closed,135,0.9642857142857143,133.75
2024_run_12,2024,12,GROK,closed,130,0.9285714285714286,127.5
2024_run_12,2024,12,MG4B,open,103,0.7357142857142858,93.75
2024_run_12,2024,12,MG4Bq4,quantized,107,0.7642857142857142,98.75
2024_run_12,2024,12,MG4Bq6,quantized,108,0.7714285714285715,100.0
2024_run_12,2024,12,MG4Bq8,quantized,108,0.7714285714285715,100.0
2024_run_12,2024,12,MSTRL,closed,117,0.8357142857142857,111.25
2024_run_12,2024,12,MT8B,open,88,0.6285714285714286,75.0
2024_run_12,2024,12,MT8Bq4,quantized,86,0.6142857142857143,72.5
2024_run_12,2024,12,MT8Bq6,quantized,84,0.6,70.0
2024_run_12,2024,12,MT8Bq8,quantized,81,0.5785714285714286,66.25
2024_run_12,2024,12,Q1_7B,open,69,0.4928571428571429,51.25
2024_run_12,2024,12,Q4B,open,95,0.6785714285714286,83.75
2024_run_12,2024,12,Q8B,open,113,0.8071428571428572,106.25
2024_run_12,2024,12,QWEN,closed,135,0.9642857142857143,133.75
2024_run_12,2024,12,mSTRL3B,open,94,0.6714285714285714,82.5
2024_run_13,2024,13,CLA,closed,127,0.9071428571428571,123.75
2024_run_13,2024,13,DPSK,closed,128,0.9142857142857143,125.0
2024_run_13,2024,13,GPT,closed,133,0.95,131.25
2024_run_13,2024,13,GROK,closed,130,0.9285714285714286,127.5
2024_run_13,2024,13,MG4B,open,106,0.7571428571428571,97.5
2024_run_13,2024,13,MG4Bq4,quantized,100,0.7142857142857143,90.0
2024_run_13,2024,13,MG4Bq6,quantized,106,0.7571428571428571,97.5
2024_run_13,2024,13,MG4Bq8,quantized,100,0.7142857142857143,90.0
2024_run_13,2024,13,MSTRL,closed,118,0.8428571428571429,112.5
2024_run_13,2024,13,MT8B,open,82,0.5857142857142857,67.5
2024_run_13,2024,13,MT8Bq4,quantized,83,0.5928571428571429,68.75
2024_run_13,2024,13,MT8Bq6,quantized,87,0.6214285714285714,73.75
2024_run_13,2024,13,MT8Bq8,quantized,87,0.6214285714285714,73.75
2024_run_13,2024,13,Q1_7B,open,73,0.5214285714285715,56.25
2024_run_13,2024,13,Q4B,open,103,0.7357142857142858,93.75
2024_run_13,2024,13,Q8B,open,108,0.7714285714285715,100.0
2024_run_13,2024,13,QWEN,closed,136,0.9714285714285714,135.0
2024_run_13,2024,13,mSTRL3B,open,96,0.6857142857142857,85.0
2024_run_14,2024,14,CLA,closed,125,0.8928571428571429,121.25
2024_run_14,2024,14,DPSK,closed,125,0.8928571428571429,121.25
2024_run_14,2024,14,GPT,closed,137,0.9785714285714285,136.25
2024_run_14,2024,14,GROK,closed,133,0.95,131.25
2024_run_14,2024,14,MG4B,open,106,0.7571428571428571,97.5
2024_run_14,2024,14,MG4Bq4,quantized,95,0.6785714285714286,83.75
2024_run_14,2024,14,MG4Bq6,quantized,106,0.7571428571428571,97.5
2024_run_14,2024,14,MG4Bq8,quantized,103,0.7357142857142858,93.75
2024_run_14,2024,14,MSTRL,closed,124,0.8857142857142857,120.0
2024_run_14,2024,14,MT8B,open,80,0.5714285714285714,65.0
2024_run_14,2024,14,MT8Bq4,quantized,85,0.6071428571428571,71.25
2024_run_14,2024,14,MT8Bq6,quantized,78,0.5571428571428572,62.5
2024_run_14,2024,14,MT8Bq8,quantized,84,0.6,70.0
2024_run_14,2024,14,Q1_7B,open,70,0.5,52.5
2024_run_14,2024,14,Q4B,open,96,0.6857142857142857,85.0
2024_run_14,2024,14,Q8B,open,115,0.8214285714285714,108.75
2024_run_14,2024,14,QWEN,closed,134,0.9571428571428572,132.5
2024_run_14,2024,14,mSTRL3B,open,89,0.6357142857142857,76.25
2024_run_15,2024,15,CLA,closed,127,0.9071428571428571,123.75
2024_run_15,2024,15,DPSK,closed,125,0.8928571428571429,121.25
2024_run_15,2024,15,GPT,closed,135,0.9642857142857143,133.75
2024_run_15,2024,15,GROK,closed,130,0.9285714285714286,127.5
2024_run_15,2024,15,MG4B,open,105,0.75,96.25
2024_run_15,2024,15,MG4Bq4,quantized,106,0.7571428571428571,97.5
2024_run_15,2024,15,MG4Bq6,quantized,106,0.7571428571428571,97.5
2024_run_15,2024,15,MG4Bq8,quantized,106,0.7571428571428571,97.5
2024_run_15,2024,15,MSTRL,closed,117,0.8357142857142857,111.25
2024_run_15,2024,15,MT8B,open,88,0.6285714285714286,75.0
2024_run_15,2024,15,MT8Bq4,quantized,85,0.6071428571428571,71.25
2024_run_15,2024,15,MT8Bq6,quantized,85,0.6071428571428571,71.25
2024_run_15,2024,15,MT8Bq8,quantized,81,0.5785714285714286,66.25
2024_run_15,2024,15,Q1_7B,open,73,0.5214285714285715,56.25
2024_run_15,2024,15,Q4B,open,101,0.7214285714285714,91.25
2024_run_15,2024,15,Q8B,open,109,0.7785714285714286,101.25
2024_run_15,2024,15,QWEN,closed,134,0.9571428571428572,132.5
2024_run_15,2024,15,mSTRL3B,open,95,0.6785714285714286,83.75
2024_run_16,2024,16,CLA,closed,123,0.8785714285714286,118.75
2024_run_16,2024,16,DPSK,closed,125,0.8928571428571429,121.25
2024_run_16,2024,16,GPT,closed,137,0.9785714285714285,136.25
2024_run_16,2024,16,GROK,closed,133,0.95,131.25
2024_run_16,2024,16,MG4B,open,111,0.7928571428571428,103.75
2024_run_16,2024,16,MG4Bq4,quantized,102,0.7285714285714285,92.5
2024_run_16,2024,16,MG4Bq6,quantized,106,0.7571428571428571,97.5
2024_run_16,2024,16,MG4Bq8,quantized,112,0.8,105.0
2024_run_16,2024,16,MSTRL,closed,116,0.8285714285714286,110.0
2024_run_16,2024,16,MT8B,open,78,0.5571428571428572,62.5
2024_run_16,2024,16,MT8Bq4,quantized,80,0.5714285714285714,65.0
2024_run_16,2024,16,MT8Bq6,quantized,87,0.6214285714285714,73.75
2024_run_16,2024,16,MT8Bq8,quantized,88,0.6285714285714286,75.0
2024_run_16,2024,16,Q1_7B,open,76,0.5428571428571428,60.0
2024_run_16,2024,16,Q4B,open,92,0.6571428571428571,80.0
2024_run_16,2024,16,Q8B,open,109,0.7785714285714286,101.25
2024_run_16,2024,16,QWEN,closed,132,0.9428571428571428,130.0
2024_run_16,2024,16,mSTRL3B,open,94,0.6714285714285714,82.5
2024_run_17,2024,17,CLA,closed,125,0.8928571428571429,121.25
2024_run_17,2024,17,DPSK,closed,122,0.8714285714285714,117.5
2024_run_17,2024,17,GPT,closed,134,0.9571428571428572,132.5
2024_run_17,2024,17,GROK,closed,133,0.95,131.25
2024_run_17,2024,17,MG4B,open,108,0.7714285714285715,100.0
2024_run_17,2024,17,MG4Bq4,quantized,102,0.7285714285714285,92.5
2024_run_17,2024,17,MG4Bq6,quantized,106,0.7571428571428571,97.5
2024_run_17,2024,17,MG4Bq8,quantized,102,0.7285714285714285,92.5
2024_run_17,2024,17,MSTRL,closed,115,0.8214285714285714,108.75
2024_run_17,2024,17,MT8B,open,82,0.5857142857142857,67.5
2024_run_17,2024,17,MT8Bq4,quantized,89,0.6357142857142857,76.25
2024_run_17,2024,17,MT8Bq6,quantized,78,0.5571428571428572,62.5
2024_run_17,2024,17,MT8Bq8,quantized,83,0.5928571428571429,68.75
2024_run_17,2024,17,Q1_7B,open,64,0.45714285714285713,45.0
2024_run_17,2024,17,Q4B,open,99,0.7071428571428572,88.75
2024_run_17,2024,17,Q8B,open,115,0.8214285714285714,108.75
2024_run_17,2024,17,QWEN,closed,132,0.9428571428571428,130.0
2024_run_17,2024,17,mSTRL3B,open,98,0.7,87.5
2024_run_18,2024,18,CLA,closed,126,0.9,122.5
2024_run_18,2024,18,DPSK,closed,126,0.9,122.5
2024_run_18,2024,18,GPT,closed,135,0.9642857142857143,133.75
2024_run_18,2024,18,GROK,closed,132,0.9428571428571428,130.0
2024_run_18,2024,18,MG4B,open,101,0.7214285714285714,91.25
2024_run_18,2024,18,MG4Bq4,quantized,101,0.7214285714285714,91.25
2024_run_18,2024,18,MG4Bq6,quantized,103,0.7357142857142858,93.75
2024_run_18,2024,18,MG4Bq8,quantized,105,0.75,96.25
2024_run_18,2024,18,MSTRL,closed,119,0.85,113.75
2024_run_18,2024,18,MT8B,open,86,0.6142857142857143,72.5
2024_run_18,2024,18,MT8Bq4,quantized,84,0.6,70.0
2024_run_18,2024,18,MT8Bq6,quantized,89,0.6357142857142857,76.25
2024_run_18,2024,18,MT8Bq8,quantized,83,0.5928571428571429,68.75
2024_run_18,2024,18,Q1_7B,open,69,0.4928571428571429,51.25
2024_run_18,2024,18,Q4B,open,98,0.7,87.5
2024_run_18,2024,18,Q8B,open,115,0.8214285714285714,108.75
2024_run_18,2024,18,QWEN,closed,135,0.9642857142857143,133.75
2024_run_18,2024,18,mSTRL3B,open,94,0.6714285714285714,82.5
2024_run_19,2024,19,CLA,closed,126,0.9,122.5
2024_run_19,2024,19,DPSK,closed,130,0.9285714285714286,127.5
2024_run_19,2024,19,GPT,closed,134,0.9571428571428572,132.5
2024_run_19,2024,19,GROK,closed,133,0.95,131.25
2024_run_19,2024,19,MG4B,open,110,0.7857142857142857,102.5
2024_run_19,2024,19,MG4Bq4,quantized,103,0.7357142857142858,93.75
2024_run_19,2024,19,MG4Bq6,quantized,108,0.7714285714285715,100.0
2024_run_19,2024,19,MG4Bq8,quantized,102,0.7285714285714285,92.5
2024_run_19,2024,19,MSTRL,closed,120,0.8571428571428571,115.0
2024_run_19,2024,19,MT8B,open,80,0.5714285714285714,65.0
2024_run_19,2024,19,MT8Bq4,quantized,87,0.6214285714285714,73.75
2024_run_19,2024,19,MT8Bq6,quantized,87,0.6214285714285714,73.75
2024_run_19,2024,19,MT8Bq8,quantized,84,0.6,70.0
2024_run_19,2024,19,Q1_7B,open,76,0.5428571428571428,60.0
2024_run_19,2024,19,Q4B,open,94,0.6714285714285714,82.5
2024_run_19,2024,19,Q8B,open,112,0.8,105.0
2024_run_19,2024,19,QWEN,closed,135,0.9642857142857143,133.75
2024_run_19,2024,19,mSTRL3B,open,96,0.6857142857142857,85.0
2024_run_20,2024,20,CLA,closed,128,0.9142857142857143,125.0
2024_run_20,2024,20,DPSK,closed,129,0.9214285714285714,126.25
2024_run_20,2024,20,GPT,closed,134,0.9571428571428572,132.5
2024_run_20,2024,20,GROK,closed,132,0.9428571428571428,130.0
2024_run_20,2024,20,MG4B,open,102,0.7285714285714285,92.5
2024_run_20,2024,20,MG4Bq4,quantized,100,0.7142857142857143,90.0
2024_run_20,2024,20,MG4Bq6,quantized,107,0.7642857142857142,98.75
2024_run_20,2024,20,MG4Bq8,quantized,105,0.75,96.25
2024_run_20,2024,20,MSTRL,closed,122,0.8714285714285714,117.5
2024_run_20,2024,20,MT8B,open,78,0.5571428571428572,62.5
2024_run_20,2024,20,MT8Bq4,quantized,83,0.5928571428571429,68.75
2024_run_20,2024,20,MT8Bq6,quantized,90,0.6428571428571429,77.5
2024_run_20,2024,20,MT8Bq8,quantized,82,0.5857142857142857,67.5
2024_run_20,2024,20,Q1_7B,open,76,0.5428571428571428,60.0
2024_run_20,2024,20,Q4B,open,95,0.6785714285714286,83.75
2024_run_20,2024,20,Q8B,open,114,0.8142857142857143,107.5
2024_run_20,2024,20,QWEN,closed,135,0.9642857142857143,133.75
2024_run_20,2024,20,mSTRL3B,open,95,0.6785714285714286,83.75
2024_run_21,2024,21,CLA,closed,129,0.9214285714285714,126.25
2024_run_21,2024,21,DPSK,closed,126,0.9,122.5
2024_run_21,2024,21,GPT,closed,133,0.95,131.25
2024_run_21,2024,21,GROK,closed,134,0.9571428571428572,132.5
2024_run_21,2024,21,MG4B,open,103,0.7357142857142858,93.75
2024_run_21,2024,21,MG4Bq4,quantized,92,0.6571428571428571,80.0
2024_run_21,2024,21,MG4Bq6,quantized,107,0.7642857142857142,98.75
2024_run_21,2024,21,MG4Bq8,quantized,110,0.7857142857142857,102.5
2024_run_21,2024,21,MSTRL,closed,119,0.85,113.75
2024_run_21,2024,21,MT8B,open,85,0.6071428571428571,71.25
2024_run_21,2024,21,MT8Bq4,quantized,87,0.6214285714285714,73.75
2024_run_21,2024,21,MT8Bq6,quantized,86,0.6142857142857143,72.5
2024_run_21,2024,21,MT8Bq8,quantized,84,0.6,70.0
2024_run_21,2024,21,Q1_7B,open,75,0.5357142857142857,58.75
2024_run_21,2024,21,Q4B,open,102,0.7285714285714285,92.5
2024_run_21,2024,21,Q8B,open,115,0.8214285714285714,108.75
2024_run_21,2024,21,QWEN,closed,132,0.9428571428571428,130.0
2024_run_21,2024,21,mSTRL3B,open,97,0.6928571428571428,86.25
2024_run_22,2024,22,CLA,closed,129,0.9214285714285714,126.25
2024_run_22,2024,22,DPSK,closed,124,0.8857142857142857,120.0
2024_run_22,2024,22,GPT,closed,136,0.9714285714285714,135.0
2024_run_22,2024,22,GROK,closed,131,0.9357142857142857,128.75
2024_run_22,2024,22,MG4B,open,109,0.7785714285714286,101.25
2024_run_22,2024,22,MG4Bq4,quantized,95,0.6785714285714286,83.75
2024_run_22,2024,22,MG4Bq6,quantized,104,0.7428571428571429,95.0
2024_run_22,2024,22,MG4Bq8,quantized,105,0.75,96.25
2024_run_22,2024,22,MSTRL,closed,121,0.8642857142857143,116.25
2024_run_22,2024,22,MT8B,open,81,0.5785714285714286,66.25
2024_run_22,2024,22,MT8Bq4,quantized,81,0.5785714285714286,66.25
2024_run_22,2024,22,MT8Bq6,quantized,87,0.6214285714285714,73.75
2024_run_22,2024,22,MT8Bq8,quantized,84,0.6,70.0
2024_run_22,2024,22,Q1_7B,open,75,0.5357142857142857,58.75
2024_run_22,2024,22,Q4B,open,97,0.6928571428571428,86.25
2024_run_22,2024,22,Q8B,open,113,0.8071428571428572,106.25
2024_run_22,2024,22,QWEN,closed,134,0.9571428571428572,132.5
2024_run_22,2024,22,mSTRL3B,open,94,0.6714285714285714,82.5
2024_run_23,2024,23,CLA,closed,117,0.8357142857142857,111.25
2024_run_23,2024,23,DPSK,closed,127,0.9071428571428571,123.75
2024_run_23,2024,23,GPT,closed,135,0.9642857142857143,133.75
2024_run_23,2024,23,GROK,closed,131,0.9357142857142857,128.75
2024_run_23,2024,23,MG4B,open,111,0.7928571428571428,103.75
2024_run_23,2024,23,MG4Bq4,quantized,107,0.7642857142857142,98.75
2024_run_23,2024,23,MG4Bq6,quantized,108,0.7714285714285715,100.0
2024_run_23,2024,23,MG4Bq8,quantized,109,0.7785714285714286,101.25
2024_run_23,2024,23,MSTRL,closed,114,0.8142857142857143,107.5
2024_run_23,2024,23,MT8B,open,86,0.6142857142857143,72.5
2024_run_23,2024,23,MT8Bq4,quantized,79,0.5642857142857143,63.75
2024_run_23,2024,23,MT8Bq6,quantized,87,0.6214285714285714,73.75
2024_run_23,2024,23,MT8Bq8,quantized,89,0.6357142857142857,76.25
2024_run_23,2024,23,Q1_7B,open,78,0.5571428571428572,62.5
2024_run_23,2024,23,Q4B,open,102,0.7285714285714285,92.5
2024_run_23,2024,23,Q8B,open,111,0.7928571428571428,103.75
2024_run_23,2024,23,QWEN,closed,133,0.95,131.25
2024_run_23,2024,23,mSTRL3B,open,90,0.6428571428571429,77.5
2024_run_24,2024,24,CLA,closed,123,0.8785714285714286,118.75
2024_run_24,2024,24,DPSK,closed,127,0.9071428571428571,123.75
2024_run_24,2024,24,GPT,closed,138,0.9857142857142858,137.5
2024_run_24,2024,24,GROK,closed,129,0.9214285714285714,126.25
2024_run_24,2024,24,MG4B,open,107,0.7642857142857142,98.75
2024_run_24,2024,24,MG4Bq4,quantized,106,0.7571428571428571,97.5
2024_run_24,2024,24,MG4Bq6,quantized,107,0.7642857142857142,98.75
2024_run_24,2024,24,MG4Bq8,quantized,111,0.7928571428571428,103.75
2024_run_24,2024,24,MSTRL,closed,118,0.8428571428571429,112.5
2024_run_24,2024,24,MT8B,open,89,0.6357142857142857,76.25
2024_run_24,2024,24,MT8Bq4,quantized,77,0.55,61.25
2024_run_24,2024,24,MT8Bq6,quantized,93,0.6642857142857143,81.25
2024_run_24,2024,24,MT8Bq8,quantized,85,0.6071428571428571,71.25
2024_run_24,2024,24,Q1_7B,open,74,0.5285714285714286,57.5
2024_run_24,2024,24,Q4B,open,98,0.7,87.5
2024_run_24,2024,24,Q8B,open,117,0.8357142857142857,111.25
2024_run_24,2024,24,QWEN,closed,135,0.9642857142857143,133.75
2024_run_24,2024,24,mSTRL3B,open,86,0.6142857142857143,72.5
2024_run_25,2024,25,CLA,closed,122,0.8714285714285714,117.5
2024_run_25,2024,25,DPSK,closed,125,0.8928571428571429,121.25
2024_run_25,2024,25,GPT,closed,135,0.9642857142857143,133.75
2024_run_25,2024,25,GROK,closed,133,0.95,131.25
2024_run_25,2024,25,MG4B,open,105,0.75,96.25
2024_run_25,2024,25,MG4Bq4,quantized,97,0.6928571428571428,86.25
2024_run_25,2024,25,MG4Bq6,quantized,102,0.7285714285714285,92.5
2024_run_25,2024,25,MG4Bq8,quantized,106,0.7571428571428571,97.5
2024_run_25,2024,25,MSTRL,closed,114,0.8142857142857143,107.5
2024_run_25,2024,25,MT8B,open,83,0.5928571428571429,68.75
2024_run_25,2024,25,MT8Bq4,quantized,76,0.5428571428571428,60.0
2024_run_25,2024,25,MT8Bq6,quantized,87,0.6214285714285714,73.75
2024_run_25,2024,25,MT8Bq8,quantized,91,0.65,78.75
2024_run_25,2024,25,Q1_7B,open,66,0.4714285714285714,47.5
2024_run_25,2024,25,Q4B,open,99,0.7071428571428572,88.75
2024_run_25,2024,25,Q8B,open,113,0.8071428571428572,106.25
2024_run_25,2024,25,QWEN,closed,134,0.9571428571428572,132.5
2024_run_25,2024,25,mSTRL3B,open,97,0.6928571428571428,86.25
2024_run_26,2024,26,CLA,closed,127,0.9071428571428571,123.75
2024_run_26,2024,26,DPSK,closed,125,0.8928571428571429,121.25
2024_run_26,2024,26,GPT,closed,135,0.9642857142857143,133.75
2024_run_26,2024,26,GROK,closed,132,0.9428571428571428,130.0
2024_run_26,2024,26,MG4B,open,111,0.7928571428571428,103.75
2024_run_26,2024,26,MG4Bq4,quantized,102,0.7285714285714285,92.5
2024_run_26,2024,26,MG4Bq6,quantized,111,0.7928571428571428,103.75
2024_run_26,2024,26,MG4Bq8,quantized,100,0.7142857142857143,90.0
2024_run_26,2024,26,MSTRL,closed,117,0.8357142857142857,111.25
2024_run_26,2024,26,MT8B,open,83,0.5928571428571429,68.75
2024_run_26,2024,26,MT8Bq4,quantized,85,0.6071428571428571,71.25
2024_run_26,2024,26,MT8Bq6,quantized,81,0.5785714285714286,66.25
2024_run_26,2024,26,MT8Bq8,quantized,78,0.5571428571428572,62.5
2024_run_26,2024,26,Q1_7B,open,77,0.55,61.25
2024_run_26,2024,26,Q4B,open,97,0.6928571428571428,86.25
2024_run_26,2024,26,Q8B,open,115,0.8214285714285714,108.75
2024_run_26,2024,26,QWEN,closed,137,0.9785714285714285,136.25
2024_run_26,2024,26,mSTRL3B,open,100,0.7142857142857143,90.0
2024_run_27,2024,27,CLA,closed,127,0.9071428571428571,123.75
2024_run_27,2024,27,DPSK,closed,126,0.9,122.5
2024_run_27,2024,27,GPT,closed,133,0.95,131.25
2024_run_27,2024,27,GROK,closed,129,0.9214285714285714,126.25
2024_run_27,2024,27,MG4B,open,98,0.7,87.5
2024_run_27,2024,27,MG4Bq4,quantized,105,0.75,96.25
2024_run_27,2024,27,MG4Bq6,quantized,105,0.75,96.25
2024_run_27,2024,27,MG4Bq8,quantized,111,0.7928571428571428,103.75
2024_run_27,2024,27,MSTRL,closed,114,0.8142857142857143,107.5
2024_run_27,2024,27,MT8B,open,83,0.5928571428571429,68.75
2024_run_27,2024,27,MT8Bq4,quantized,90,0.6428571428571429,77.5
2024_run_27,2024,27,MT8Bq6,quantized,89,0.6357142857142857,76.25
2024_run_27,2024,27,MT8Bq8,quantized,80,0.5714285714285714,65.0
2024_run_27,2024,27,Q1_7B,open,67,0.4785714285714286,48.75
2024_run_27,2024,27,Q4B,open,95,0.6785714285714286,83.75
2024_run_27,2024,27,Q8B,open,110,0.7857142857142857,102.5
2024_run_27,2024,27,QWEN,closed,133,0.95,131.25
2024_run_27,2024,27,mSTRL3B,open,90,0.6428571428571429,77.5
2024_run_28,2024,28,CLA,closed,124,0.8857142857142857,120.0
2024_run_28,2024,28,DPSK,closed,125,0.8928571428571429,121.25
2024_run_28,2024,28,GPT,closed,137,0.9785714285714285,136.25
2024_run_28,2024,28,GROK,closed,131,0.9357142857142857,128.75
2024_run_28,2024,28,MG4B,open,109,0.7785714285714286,101.25
2024_run_28,2024,28,MG4Bq4,quantized,100,0.7142857142857143,90.0
2024_run_28,2024,28,MG4Bq6,quantized,101,0.7214285714285714,91.25
2024_run_28,2024,28,MG4Bq8,quantized,102,0.7285714285714285,92.5
2024_run_28,2024,28,MSTRL,closed,122,0.8714285714285714,117.5
2024_run_28,2024,28,MT8B,open,88,0.6285714285714286,75.0
2024_run_28,2024,28,MT8Bq4,quantized,89,0.6357142857142857,76.25
2024_run_28,2024,28,MT8Bq6,quantized,86,0.6142857142857143,72.5
2024_run_28,2024,28,MT8Bq8,quantized,84,0.6,70.0
2024_run_28,2024,28,Q1_7B,open,76,0.5428571428571428,60.0
2024_run_28,2024,28,Q4B,open,101,0.7214285714285714,91.25
2024_run_28,2024,28,Q8B,open,110,0.7857142857142857,102.5
2024_run_28,2024,28,QWEN,closed,132,0.9428571428571428,130.0
2024_run_28,2024,28,mSTRL3B,open,100,0.7142857142857143,90.0
2024_run_29,2024,29,CLA,closed,131,0.9357142857142857,128.75
2024_run_29,2024,29,DPSK,closed,126,0.9,122.5
2024_run_29,2024,29,GPT,closed,137,0.9785714285714285,136.25
2024_run_29,2024,29,GROK,closed,133,0.95,131.25
2024_run_29,2024,29,MG4B,open,104,0.7428571428571429,95.0
2024_run_29,2024,29,MG4Bq4,quantized,104,0.7428571428571429,95.0
2024_run_29,2024,29,MG4Bq6,quantized,105,0.75,96.25
2024_run_29,2024,29,MG4Bq8,quantized,106,0.7571428571428571,97.5
2024_run_29,2024,29,MSTRL,closed,122,0.8714285714285714,117.5
2024_run_29,2024,29,MT8B,open,82,0.5857142857142857,67.5
2024_run_29,2024,29,MT8Bq4,quantized,81,0.5785714285714286,66.25
2024_run_29,2024,29,MT8Bq6,quantized,82,0.5857142857142857,67.5
2024_run_29,2024,29,MT8Bq8,quantized,91,0.65,78.75
2024_run_29,2024,29,Q1_7B,open,76,0.5428571428571428,60.0
2024_run_29,2024,29,Q4B,open,92,0.6571428571428571,80.0
2024_run_29,2024,29,Q8B,open,111,0.7928571428571428,103.75
2024_run_29,2024,29,QWEN,closed,136,0.9714285714285714,135.0
2024_run_29,2024,29,mSTRL3B,open,88,0.6285714285714286,75.0
2024_run_30,2024,30,CLA,closed,126,0.9,122.5
2024_run_30,2024,30,DPSK,closed,124,0.8857142857142857,120.0
2024_run_30,2024,30,GPT,closed,135,0.9642857142857143,133.75
2024_run_30,2024,30,GROK,closed,132,0.9428571428571428,130.0
2024_run_30,2024,30,MG4B,open,114,0.8142857142857143,107.5
2024_run_30,2024,30,MG4Bq4,quantized,99,0.7071428571428572,88.75
2024_run_30,2024,30,MG4Bq6,quantized,105,0.75,96.25
2024_run_30,2024,30,MG4Bq8,quantized,106,0.7571428571428571,97.5
2024_run_30,2024,30,MSTRL,closed,115,0.8214285714285714,108.75
2024_run_30,2024,30,MT8B,open,87,0.6214285714285714,73.75
2024_run_30,2024,30,MT8Bq4,quantized,84,0.6,70.0
2024_run_30,2024,30,MT8Bq6,quantized,85,0.6071428571428571,71.25
2024_run_30,2024,30,MT8Bq8,quantized,88,0.6285714285714286,75.0
2024_run_30,2024,30,Q1_7B,open,80,0.5714285714285714,65.0
2024_run_30,2024,30,Q4B,open,99,0.7071428571428572,88.75
2024_run_30,2024,30,Q8B,open,108,0.7714285714285715,100.0
2024_run_30,2024,30,QWEN,closed,135,0.9642857142857143,133.75
2024_run_30,2024,30,mSTRL3B,open,96,0.6857142857142857,85.0
2024_run_31,2024,31,CLA,closed,126,0.9,122.5
2024_run_31,2024,31,DPSK,closed,129,0.9214285714285714,126.25
2024_run_31,2024,31,GPT,closed,135,0.9642857142857143,133.75
2024_run_31,2024,31,GROK,closed,131,0.9357142857142857,128.75
2024_run_31,2024,31,MG4B,open,107,0.7642857142857142,98.75
2024_run_31,2024,31,MG4Bq4,quantized,101,0.7214285714285714,91.25
2024_run_31,2024,31,MG4Bq6,quantized,105,0.75,96.25
2024_run_31,2024,31,MG4Bq8,quantized,107,0.7642857142857142,98.75
2024_run_31,2024,31,MSTRL,closed,120,0.8571428571428571,115.0
2024_run_31,2024,31,MT8B,open,88,0.6285714285714286,75.0
2024_run_31,2024,31,MT8Bq4,quantized,87,0.6214285714285714,73.75
2024_run_31,2024,31,MT8Bq6,quantized,83,0.5928571428571429,68.75
2024_run_31,2024,31,MT8Bq8,quantized,84,0.6,70.0
2024_run_31,2024,31,Q1_7B,open,66,0.4714285714285714,47.5
2024_run_31,2024,31,Q4B,open,103,0.7357142857142858,93.75
2024_run_31,2024,31,Q8B,open,112,0.8,105.0
2024_run_31,2024,31,QWEN,closed,136,0.9714285714285714,135.0
2024_run_31,2024,31,mSTRL3B,open,95,0.6785714285714286,83.75
2024_run_32,2024,32,CLA,closed,125,0.8928571428571429,121.25
2024_run_32,2024,32,DPSK,closed,125,0.8928571428571429,121.25
2024_run_32,2024,32,GPT,closed,137,0.9785714285714285,136.25
2024_run_32,2024,32,GROK,closed,130,0.9285714285714286,127.5
2024_run_32,2024,32,MG4B,open,111,0.7928571428571428,103.75
2024_run_32,2024,32,MG4Bq4,quantized,107,0.7642857142857142,98.75
2024_run_32,2024,32,MG4Bq6,quantized,108,0.7714285714285715,100.0
2024_run_32,2024,32,MG4Bq8,quantized,106,0.7571428571428571,97.5
2024_run_32,2024,32,MSTRL,closed,117,0.8357142857142857,111.25
2024_run_32,2024,32,MT8B,open,77,0.55,61.25
2024_run_32,2024,32,MT8Bq4,quantized,81,0.5785714285714286,66.25
2024_run_32,2024,32,MT8Bq6,quantized,79,0.5642857142857143,63.75
2024_run_32,2024,32,MT8Bq8,quantized,85,0.6071428571428571,71.25
2024_run_32,2024,32,Q1_7B,open,72,0.5142857142857142,55.0
2024_run_32,2024,32,Q4B,open,100,0.7142857142857143,90.0
2024_run_32,2024,32,Q8B,open,113,0.8071428571428572,106.25
2024_run_32,2024,32,QWEN,closed,133,0.95,131.25
2024_run_32,2024,32,mSTRL3B,open,95,0.6785714285714286,83.75
2024_run_33,2024,33,CLA,closed,128,0.9142857142857143,125.0
2024_run_33,2024,33,DPSK,closed,125,0.8928571428571429,121.25
2024_run_33,2024,33,GPT,closed,135,0.9642857142857143,133.75
2024_run_33,2024,33,GROK,closed,131,0.9357142857142857,128.75
2024_run_33,2024,33,MG4B,open,110,0.7857142857142857,102.5
2024_run_33,2024,33,MG4Bq4,quantized,101,0.7214285714285714,91.25
2024_run_33,2024,33,MG4Bq6,quantized,103,0.7357142857142858,93.75
2024_run_33,2024,33,MG4Bq8,quantized,115,0.8214285714285714,108.75
2024_run_33,2024,33,MSTRL,closed,116,0.8285714285714286,110.0
2024_run_33,2024,33,MT8B,open,85,0.6071428571428571,71.25
2024_run_33,2024,33,MT8Bq4,quantized,85,0.6071428571428571,71.25
2024_run_33,2024,33,MT8Bq6,quantized,87,0.6214285714285714,73.75
2024_run_33,2024,33,MT8Bq8,quantized,81,0.5785714285714286,66.25
2024_run_33,2024,33,Q1_7B,open,70,0.5,52.5
2024_run_33,2024,33,Q4B,open,102,0.7285714285714285,92.5
2024_run_33,2024,33,Q8B,open,110,0.7857142857142857,102.5
2024_run_33,2024,33,QWEN,closed,134,0.9571428571428572,132.5
2024_run_33,2024,33,mSTRL3B,open,90,0.6428571428571429,77.5
2024_run_34,2024,34,CLA,closed,127,0.9071428571428571,123.75
2024_run_34,2024,34,DPSK,closed,127,0.9071428571428571,123.75
2024_run_34,2024,34,GPT,closed,136,0.9714285714285714,135.0
2024_run_34,2024,34,GROK,closed,132,0.9428571428571428,130.0
2024_run_34,2024,34,MG4B,open,104,0.7428571428571429,95.0
2024_run_34,2024,34,MG4Bq4,quantized,110,0.7857142857142857,102.5
2024_run_34,2024,34,MG4Bq6,quantized,100,0.7142857142857143,90.0
2024_run_34,2024,34,MG4Bq8,quantized,107,0.7642857142857142,98.75
2024_run_34,2024,34,MSTRL,closed,121,0.8642857142857143,116.25
2024_run_34,2024,34,MT8B,open,90,0.6428571428571429,77.5
2024_run_34,2024,34,MT8Bq4,quantized,82,0.5857142857142857,67.5
2024_run_34,2024,34,MT8Bq6,quantized,82,0.5857142857142857,67.5
2024_run_34,2024,34,MT8Bq8,quantized,86,0.6142857142857143,72.5
2024_run_34,2024,34,Q1_7B,open,76,0.5428571428571428,60.0
2024_run_34,2024,34,Q4B,open,97,0.6928571428571428,86.25
2024_run_34,2024,34,Q8B,open,116,0.8285714285714286,110.0
2024_run_34,2024,34,QWEN,closed,134,0.9571428571428572,132.5
2024_run_34,2024,34,mSTRL3B,open,89,0.6357142857142857,76.25
2024_run_35,2024,35,CLA,closed,123,0.8785714285714286,118.75
2024_run_35,2024,35,DPSK,closed,128,0.9142857142857143,125.0
2024_run_35,2024,35,GPT,closed,137,0.9785714285714285,136.25
2024_run_35,2024,35,GROK,closed,133,0.95,131.25
2024_run_35,2024,35,MG4B,open,111,0.7928571428571428,103.75
2024_run_35,2024,35,MG4Bq4,quantized,104,0.7428571428571429,95.0
2024_run_35,2024,35,MG4Bq6,quantized,105,0.75,96.25
2024_run_35,2024,35,MG4Bq8,quantized,103,0.7357142857142858,93.75
2024_run_35,2024,35,MSTRL,closed,114,0.8142857142857143,107.5
2024_run_35,2024,35,MT8B,open,87,0.6214285714285714,73.75
2024_run_35,2024,35,MT8Bq4,quantized,82,0.5857142857142857,67.5
2024_run_35,2024,35,MT8Bq6,quantized,85,0.6071428571428571,71.25
2024_run_35,2024,35,MT8Bq8,quantized,86,0.6142857142857143,72.5
2024_run_35,2024,35,Q1_7B,open,73,0.5214285714285715,56.25
2024_run_35,2024,35,Q4B,open,101,0.7214285714285714,91.25
2024_run_35,2024,35,Q8B,open,112,0.8,105.0
2024_run_35,2024,35,QWEN,closed,136,0.9714285714285714,135.0
2024_run_35,2024,35,mSTRL3B,open,92,0.6571428571428571,80.0
2024_run_36,2024,36,CLA,closed,124,0.8857142857142857,120.0
2024_run_36,2024,36,DPSK,closed,126,0.9,122.5
2024_run_36,2024,36,GPT,closed,133,0.95,131.25
2024_run_36,2024,36,GROK,closed,133,0.95,131.25
2024_run_36,2024,36,MG4B,open,106,0.7571428571428571,97.5
2024_run_36,2024,36,MG4Bq4,quantized,100,0.7142857142857143,90.0
2024_run_36,2024,36,MG4Bq6,quantized,104,0.7428571428571429,95.0
2024_run_36,2024,36,MG4Bq8,quantized,103,0.7357142857142858,93.75
2024_run_36,2024,36,MSTRL,closed,118,0.8428571428571429,112.5
2024_run_36,2024,36,MT8B,open,86,0.6142857142857143,72.5
2024_run_36,2024,36,MT8Bq4,quantized,82,0.5857142857142857,67.5
2024_run_36,2024,36,MT8Bq6,quantized,85,0.6071428571428571,71.25
2024_run_36,2024,36,MT8Bq8,quantized,83,0.5928571428571429,68.75
2024_run_36,2024,36,Q1_7B,open,71,0.5071428571428571,53.75
2024_run_36,2024,36,Q4B,open,102,0.7285714285714285,92.5
2024_run_36,2024,36,Q8B,open,110,0.7857142857142857,102.5
2024_run_36,2024,36,QWEN,closed,134,0.9571428571428572,132.5
2024_run_36,2024,36,mSTRL3B,open,92,0.6571428571428571,80.0
2024_run_37,2024,37,CLA,closed,123,0.8785714285714286,118.75
2024_run_37,2024,37,DPSK,closed,124,0.8857142857142857,120.0
2024_run_37,2024,37,GPT,closed,134,0.9571428571428572,132.5
2024_run_37,2024,37,GROK,closed,131,0.9357142857142857,128.75
2024_run_37,2024,37,MG4B,open,110,0.7857142857142857,102.5
2024_run_37,2024,37,MG4Bq4,quantized,108,0.7714285714285715,100.0
2024_run_37,2024,37,MG4Bq6,quantized,105,0.75,96.25
2024_run_37,2024,37,MG4Bq8,quantized,113,0.8071428571428572,106.25
2024_run_37,2024,37,MSTRL,closed,116,0.8285714285714286,110.0
2024_run_37,2024,37,MT8B,open,83,0.5928571428571429,68.75
2024_run_37,2024,37,MT8Bq4,quantized,78,0.5571428571428572,62.5
2024_run_37,2024,37,MT8Bq6,quantized,85,0.6071428571428571,71.25
2024_run_37,2024,37,MT8Bq8,quantized,88,0.6285714285714286,75.0
2024_run_37,2024,37,Q1_7B,open,71,0.5071428571428571,53.75
2024_run_37,2024,37,Q4B,open,98,0.7,87.5
2024_run_37,2024,37,Q8B,open,115,0.8214285714285714,108.75
2024_run_37,2024,37,QWEN,closed,135,0.9642857142857143,133.75
2024_run_37,2024,37,mSTRL3B,open,90,0.6428571428571429,77.5
2024_run_38,2024,38,CLA,closed,123,0.8785714285714286,118.75
2024_run_38,2024,38,DPSK,closed,122,0.8714285714285714,117.5
2024_run_38,2024,38,GPT,closed,135,0.9642857142857143,133.75
2024_run_38,2024,38,GROK,closed,133,0.95,131.25
2024_run_38,2024,38,MG4B,open,105,0.75,96.25
2024_run_38,2024,38,MG4Bq4,quantized,104,0.7428571428571429,95.0
2024_run_38,2024,38,MG4Bq6,quantized,108,0.7714285714285715,100.0
2024_run_38,2024,38,MG4Bq8,quantized,106,0.7571428571428571,97.5
2024_run_38,2024,38,MSTRL,closed,114,0.8142857142857143,107.5
2024_run_38,2024,38,MT8B,open,77,0.55,61.25
2024_run_38,2024,38,MT8Bq4,quantized,81,0.5785714285714286,66.25
2024_run_38,2024,38,MT8Bq6,quantized,84,0.6,70.0
2024_run_38,2024,38,MT8Bq8,quantized,82,0.5857142857142857,67.5
2024_run_38,2024,38,Q1_7B,open,70,0.5,52.5
2024_run_38,2024,38,Q4B,open,99,0.7071428571428572,88.75
2024_run_38,2024,38,Q8B,open,115,0.8214285714285714,108.75
2024_run_38,2024,38,QWEN,closed,134,0.9571428571428572,132.5
2024_run_38,2024,38,mSTRL3B,open,97,0.6928571428571428,86.25
2024_run_39,2024,39,CLA,closed,126,0.9,122.5
2024_run_39,2024,39,DPSK,closed,128,0.9142857142857143,125.0
2024_run_39,2024,39,GPT,closed,135,0.9642857142857143,133.75
2024_run_39,2024,39,GROK,closed,130,0.9285714285714286,127.5
2024_run_39,2024,39,MG4B,open,106,0.7571428571428571,97.5
2024_run_39,2024,39,MG4Bq4,quantized,103,0.7357142857142858,93.75
2024_run_39,2024,39,MG4Bq6,quantized,105,0.75,96.25
2024_run_39,2024,39,MG4Bq8,quantized,104,0.7428571428571429,95.0
2024_run_39,2024,39,MSTRL,closed,119,0.85,113.75
2024_run_39,2024,39,MT8B,open,79,0.5642857142857143,63.75
2024_run_39,2024,39,MT8Bq4,quantized,83,0.5928571428571429,68.75
2024_run_39,2024,39,MT8Bq6,quantized,86,0.6142857142857143,72.5
2024_run_39,2024,39,MT8Bq8,quantized,86,0.6142857142857143,72.5
2024_run_39,2024,39,Q1_7B,open,75,0.5357142857142857,58.75
2024_run_39,2024,39,Q4B,open,93,0.6642857142857143,81.25
2024_run_39,2024,39,Q8B,open,116,0.8285714285714286,110.0
2024_run_39,2024,39,QWEN,closed,136,0.9714285714285714,135.0
2024_run_39,2024,39,mSTRL3B,open,99,0.7071428571428572,88.75
2024_run_40,2024,40,CLA,closed,124,0.8857142857142857,120.0
2024_run_40,2024,40,DPSK,closed,127,0.9071428571428571,123.75
2024_run_40,2024,40,GPT,closed,136,0.9714285714285714,135.0
2024_run_40,2024,40,GROK,closed,133,0.95,131.25
2024_run_40,2024,40,MG4B,open,109,0.7785714285714286,101.25
2024_run_40,2024,40,MG4Bq4,quantized,102,0.7285714285714285,92.5
2024_run_40,2024,40,MG4Bq6,quantized,106,0.7571428571428571,97.5
2024_run_40,2024,40,MG4Bq8,quantized,107,0.7642857142857142,98.75
2024_run_40,2024,40,MSTRL,closed,121,0.8642857142857143,116.25
2024_run_40,2024,40,MT8B,open,84,0.6,70.0
2024_run_40,2024,40,MT8Bq4,quantized,82,0.5857142857142857,67.5
2024_run_40,2024,40,MT8Bq6,quantized,87,0.6214285714285714,73.75
2024_run_40,2024,40,MT8Bq8,quantized,81,0.5785714285714286,66.25
2024_run_40,2024,40,Q1_7B,open,74,0.5285714285714286,57.5
2024_run_40,2024,40,Q4B,open,95,0.6785714285714286,83.75
2024_run_40,2024,40,Q8B,open,114,0.8142857142857143,107.5
2024_run_40,2024,40,QWEN,closed,134,0.9571428571428572,132.5
2024_run_40,2024,40,mSTRL3B,open,93,0.6642857142857143,81.25
2024_run_41,2024,41,CLA,closed,126,0.9,122.5
2024_run_41,2024,41,DPSK,closed,126,0.9,122.5
2024_run_41,2024,41,GPT,closed,138,0.9857142857142858,137.5
2024_run_41,2024,41,GROK,closed,134,0.9571428571428572,132.5
2024_run_41,2024,41,MG4B,open,108,0.7714285714285715,100.0
2024_run_41,2024,41,MG4Bq4,quantized,106,0.7571428571428571,97.5
2024_run_41,2024,41,MG4Bq6,quantized,103,0.7357142857142858,93.75
2024_run_41,2024,41,MG4Bq8,quantized,108,0.7714285714285715,100.0
2024_run_41,2024,41,MSTRL,closed,120,0.8571428571428571,115.0
2024_run_41,2024,41,MT8B,open,85,0.6071428571428571,71.25
2024_run_41,2024,41,MT8Bq4,quantized,78,0.5571428571428572,62.5
2024_run_41,2024,41,MT8Bq6,quantized,84,0.6,70.0
2024_run_41,2024,41,MT8Bq8,quantized,91,0.65,78.75
2024_run_41,2024,41,Q1_7B,open,64,0.45714285714285713,45.0
2024_run_41,2024,41,Q4B,open,100,0.7142857142857143,90.0
2024_run_41,2024,41,Q8B,open,111,0.7928571428571428,103.75
2024_run_41,2024,41,QWEN,closed,133,0.95,131.25
2024_run_41,2024,41,mSTRL3B,open,89,0.6357142857142857,76.25
2024_run_42,2024,42,CLA,closed,129,0.9214285714285714,126.25
2024_run_42,2024,42,DPSK,closed,121,0.8642857142857143,116.25
2024_run_42,2024,42,GPT,closed,136,0.9714285714285714,135.0
2024_run_42,2024,42,GROK,closed,131,0.9357142857142857,128.75
2024_run_42,2024,42,MG4B,open,105,0.75,96.25
2024_run_42,2024,42,MG4Bq4,quantized,105,0.75,96.25
2024_run_42,2024,42,MG4Bq6,quantized,100,0.7142857142857143,90.0
2024_run_42,2024,42,MG4Bq8,quantized,111,0.7928571428571428,103.75
2024_run_42,2024,42,MSTRL,closed,116,0.8285714285714286,110.0
2024_run_42,2024,42,MT8B,open,87,0.6214285714285714,73.75
2024_run_42,2024,42,MT8Bq4,quantized,83,0.5928571428571429,68.75
2024_run_42,2024,42,MT8Bq6,quantized,86,0.6142857142857143,72.5
2024_run_42,2024,42,MT8Bq8,quantized,83,0.5928571428571429,68.75
2024_run_42,2024,42,Q1_7B,open,69,0.4928571428571429,51.25
2024_run_42,2024,42,Q4B,open,98,0.7,87.5
2024_run_42,2024,42,Q8B,open,111,0.7928571428571428,103.75
2024_run_42,2024,42,QWEN,closed,132,0.9428571428571428,130.0
2024_run_42,2024,42,mSTRL3B,open,98,0.7,87.5
2024_run_43,2024,43,CLA,closed,126,0.9,122.5
2024_run_43,2024,43,DPSK,closed,125,0.8928571428571429,121.25
2024_run_43,2024,43,GPT,closed,135,0.9642857142857143,133.75
2024_run_43,2024,43,GROK,closed,132,0.9428571428571428,130.0
2024_run_43,2024,43,MG4B,open,110,0.7857142857142857,102.5
2024_run_43,2024,43,MG4Bq4,quantized,103,0.7357142857142858,93.75
2024_run_43,2024,43,MG4Bq6,quantized,111,0.7928571428571428,103.75
2024_run_43,2024,43,MG4Bq8,quantized,110,0.7857142857142857,102.5
2024_run_43,2024,43,MSTRL,closed,115,0.8214285714285714,108.75
2024_run_43,2024,43,MT8B,open,84,0.6,70.0
2024_run_43,2024,43,MT8Bq4,quantized,87,0.6214285714285714,73.75
2024_run_43,2024,43,MT8Bq6,quantized,80,0.5714285714285714,65.0
2024_run_43,2024,43,MT8Bq8,quantized,90,0.6428571428571429,77.5
2024_run_43,2024,43,Q1_7B,open,73,0.5214285714285715,56.25
2024_run_43,2024,43,Q4B,open,96,0.6857142857142857,85.0
2024_run_43,2024,43,Q8B,open,105,0.75,96.25
2024_run_43,2024,43,QWEN,closed,136,0.9714285714285714,135.0
2024_run_43,2024,43,mSTRL3B,open,96,0.6857142857142857,85.0
2024_run_44,2024,44,CLA,closed,125,0.8928571428571429,121.25
2024_run_44,2024,44,DPSK,closed,125,0.8928571428571429,121.25
2024_run_44,2024,44,GPT,closed,136,0.9714285714285714,135.0
2024_run_44,2024,44,GROK,closed,132,0.9428571428571428,130.0
2024_run_44,2024,44,MG4B,open,106,0.7571428571428571,97.5
2024_run_44,2024,44,MG4Bq4,quantized,105,0.75,96.25
2024_run_44,2024,44,MG4Bq6,quantized,111,0.7928571428571428,103.75
2024_run_44,2024,44,MG4Bq8,quantized,109,0.7785714285714286,101.25
2024_run_44,2024,44,MSTRL,closed,113,0.8071428571428572,106.25
2024_run_44,2024,44,MT8B,open,82,0.5857142857142857,67.5
2024_run_44,2024,44,MT8Bq4,quantized,86,0.6142857142857143,72.5
2024_run_44,2024,44,MT8Bq6,quantized,87,0.6214285714285714,73.75
2024_run_44,2024,44,MT8Bq8,quantized,76,0.5428571428571428,60.0
2024_run_44,2024,44,Q1_7B,open,74,0.5285714285714286,57.5
2024_run_44,2024,44,Q4B,open,99,0.7071428571428572,88.75
2024_run_44,2024,44,Q8B,open,110,0.7857142857142857,102.5
2024_run_44,2024,44,QWEN,closed,135,0.9642857142857143,133.75
2024_run_44,2024,44,mSTRL3B,open,101,0.7214285714285714,91.25
2024_run_45,2024,45,CLA,closed,124,0.8857142857142857,120.0
2024_run_45,2024,45,DPSK,closed,125,0.8928571428571429,121.25
2024_run_45,2024,45,GPT,closed,135,0.9642857142857143,133.75
2024_run_45,2024,45,GROK,closed,132,0.9428571428571428,130.0
2024_run_45,2024,45,MG4B,open,103,0.7357142857142858,93.75
2024_run_45,2024,45,MG4Bq4,quantized,102,0.7285714285714285,92.5
2024_run_45,2024,45,MG4Bq6,quantized,101,0.7214285714285714,91.25
2024_run_45,2024,45,MG4Bq8,quantized,110,0.7857142857142857,102.5
2024_run_45,2024,45,MSTRL,closed,120,0.8571428571428571,115.0
2024_run_45,2024,45,MT8B,open,84,0.6,70.0
2024_run_45,2024,45,MT8Bq4,quantized,87,0.6214285714285714,73.75
2024_run_45,2024,45,MT8Bq6,quantized,88,0.6285714285714286,75.0
2024_run_45,2024,45,MT8Bq8,quantized,86,0.6142857142857143,72.5
2024_run_45,2024,45,Q1_7B,open,73,0.5214285714285715,56.25
2024_run_45,2024,45,Q4B,open,97,0.6928571428571428,86.25
2024_run_45,2024,45,Q8B,open,109,0.7785714285714286,101.25
2024_run_45,2024,45,QWEN,closed,136,0.9714285714285714,135.0
2024_run_45,2024,45,mSTRL3B,open,91,0.65,78.75
2024_run_46,2024,46,CLA,closed,124,0.8857142857142857,120.0
2024_run_46,2024,46,DPSK,closed,127,0.9071428571428571,123.75
2024_run_46,2024,46,GPT,closed,136,0.9714285714285714,135.0
2024_run_46,2024,46,GROK,closed,131,0.9357142857142857,128.75
2024_run_46,2024,46,MG4B,open,111,0.7928571428571428,103.75
2024_run_46,2024,46,MG4Bq4,quantized,108,0.7714285714285715,100.0
2024_run_46,2024,46,MG4Bq6,quantized,107,0.7642857142857142,98.75
2024_run_46,2024,46,MG4Bq8,quantized,109,0.7785714285714286,101.25
2024_run_46,2024,46,MSTRL,closed,118,0.8428571428571429,112.5
2024_run_46,2024,46,MT8B,open,86,0.6142857142857143,72.5
2024_run_46,2024,46,MT8Bq4,quantized,83,0.5928571428571429,68.75
2024_run_46,2024,46,MT8Bq6,quantized,89,0.6357142857142857,76.25
2024_run_46,2024,46,MT8Bq8,quantized,84,0.6,70.0
2024_run_46,2024,46,Q1_7B,open,82,0.5857142857142857,67.5
2024_run_46,2024,46,Q4B,open,102,0.7285714285714285,92.5
2024_run_46,2024,46,Q8B,open,114,0.8142857142857143,107.5
2024_run_46,2024,46,QWEN,closed,135,0.9642857142857143,133.75
2024_run_46,2024,46,mSTRL3B,open,92,0.6571428571428571,80.0
2024_run_47,2024,47,CLA,closed,122,0.8714285714285714,117.5
2024_run_47,2024,47,DPSK,closed,122,0.8714285714285714,117.5
2024_run_47,2024,47,GPT,closed,136,0.9714285714285714,135.0
2024_run_47,2024,47,GROK,closed,131,0.9357142857142857,128.75
2024_run_47,2024,47,MG4B,open,103,0.7357142857142858,93.75
2024_run_47,2024,47,MG4Bq4,quantized,104,0.7428571428571429,95.0
2024_run_47,2024,47,MG4Bq6,quantized,106,0.7571428571428571,97.5
2024_run_47,2024,47,MG4Bq8,quantized,109,0.7785714285714286,101.25
2024_run_47,2024,47,MSTRL,closed,115,0.8214285714285714,108.75
2024_run_47,2024,47,MT8B,open,83,0.5928571428571429,68.75
2024_run_47,2024,47,MT8Bq4,quantized,82,0.5857142857142857,67.5
2024_run_47,2024,47,MT8Bq6,quantized,86,0.6142857142857143,72.5
2024_run_47,2024,47,MT8Bq8,quantized,87,0.6214285714285714,73.75
2024_run_47,2024,47,Q1_7B,open,75,0.5357142857142857,58.75
2024_run_47,2024,47,Q4B,open,98,0.7,87.5
2024_run_47,2024,47,Q8B,open,114,0.8142857142857143,107.5
2024_run_47,2024,47,QWEN,closed,134,0.9571428571428572,132.5
2024_run_47,2024,47,mSTRL3B,open,89,0.6357142857142857,76.25
2024_run_48,2024,48,CLA,closed,124,0.8857142857142857,120.0
2024_run_48,2024,48,DPSK,closed,130,0.9285714285714286,127.5
2024_run_48,2024,48,GPT,closed,136,0.9714285714285714,135.0
2024_run_48,2024,48,GROK,closed,132,0.9428571428571428,130.0
2024_run_48,2024,48,MG4B,open,108,0.7714285714285715,100.0
2024_run_48,2024,48,MG4Bq4,quantized,103,0.7357142857142858,93.75
2024_run_48,2024,48,MG4Bq6,quantized,112,0.8,105.0
2024_run_48,2024,48,MG4Bq8,quantized,104,0.7428571428571429,95.0
2024_run_48,2024,48,MSTRL,closed,113,0.8071428571428572,106.25
2024_run_48,2024,48,MT8B,open,86,0.6142857142857143,72.5
2024_run_48,2024,48,MT8Bq4,quantized,84,0.6,70.0
2024_run_48,2024,48,MT8Bq6,quantized,84,0.6,70.0
2024_run_48,2024,48,MT8Bq8,quantized,80,0.5714285714285714,65.0
2024_run_48,2024,48,Q1_7B,open,73,0.5214285714285715,56.25
2024_run_48,2024,48,Q4B,open,106,0.7571428571428571,97.5
2024_run_48,2024,48,Q8B,open,112,0.8,105.0
2024_run_48,2024,48,QWEN,closed,134,0.9571428571428572,132.5
2024_run_48,2024,48,mSTRL3B,open,96,0.6857142857142857,85.0
2024_run_49,2024,49,CLA,closed,127,0.9071428571428571,123.75
2024_run_49,2024,49,DPSK,closed,128,0.9142857142857143,125.0
2024_run_49,2024,49,GPT,closed,137,0.9785714285714285,136.25
2024_run_49,2024,49,GROK,closed,130,0.9285714285714286,127.5
2024_run_49,2024,49,MG4B,open,105,0.75,96.25
2024_run_49,2024,49,MG4Bq4,quantized,100,0.7142857142857143,90.0
2024_run_49,2024,49,MG4Bq6,quantized,108,0.7714285714285715,100.0
2024_run_49,2024,49,MG4Bq8,quantized,102,0.7285714285714285,92.5
2024_run_49,2024,49,MSTRL,closed,113,0.8071428571428572,106.25
2024_run_49,2024,49,MT8B,open,77,0.55,61.25
2024_run_49,2024,49,MT8Bq4,quantized,87,0.6214285714285714,73.75
2024_run_49,2024,49,MT8Bq6,quantized,89,0.6357142857142857,76.25
2024_run_49,2024,49,MT8Bq8,quantized,85,0.6071428571428571,71.25
2024_run_49,2024,49,Q1_7B,open,69,0.4928571428571429,51.25
2024_run_49,2024,49,Q4B,open,92,0.6571428571428571,80.0
2024_run_49,2024,49,Q8B,open,114,0.8142857142857143,107.5
2024_run_49,2024,49,QWEN,closed,135,0.9642857142857143,133.75
2024_run_49,2024,49,mSTRL3B,open,90,0.6428571428571429,77.5
2024_run_50,2024,50,CLA,closed,125,0.8928571428571429,121.25
2024_run_50,2024,50,DPSK,closed,128,0.9142857142857143,125.0
2024_run_50,2024,50,GPT,closed,135,0.9642857142857143,133.75
2024_run_50,2024,50,GROK,closed,131,0.9357142857142857,128.75
2024_run_50,2024,50,MG4B,open,105,0.75,96.25
2024_run_50,2024,50,MG4Bq4,quantized,103,0.7357142857142858,93.75
2024_run_50,2024,50,MG4Bq6,quantized,100,0.7142857142857143,90.0
2024_run_50,2024,50,MG4Bq8,quantized,105,0.75,96.25
2024_run_50,2024,50,MSTRL,closed,117,0.8357142857142857,111.25
2024_run_50,2024,50,MT8B,open,81,0.5785714285714286,66.25
2024_run_50,2024,50,MT8Bq4,quantized,75,0.5357142857142857,58.75
2024_run_50,2024,50,MT8Bq6,quantized,88,0.6285714285714286,75.0
2024_run_50,2024,50,MT8Bq8,quantized,87,0.6214285714285714,73.75
2024_run_50,2024,50,Q1_7B,open,79,0.5642857142857143,63.75
2024_run_50,2024,50,Q4B,open,96,0.6857142857142857,85.0
2024_run_50,2024,50,Q8B,open,112,0.8,105.0
2024_run_50,2024,50,QWEN,closed,134,0.9571428571428572,132.5
2024_run_50,2024,50,mSTRL3B,open,95,0.6785714285714286,83.75
