year,question,field,type,note,text_administered,text_dataset
2020,5,distractor,footer residue,,Ossigenoterapia del 2,Ossigenoterapia
2020,9,distractor,footer residue,,Colestiramina del 3,Colestiramina
2020,13,distractor,footer residue,,Infusione fattore VIII del 4,Infusione fattore VIII
2020,17,distractor,footer residue,,Esofagogastroduodenoscopia del 5,Esofagogastroduodenoscopia
2020,22,distractor,footer residue,,Candidosi del 6,Candidosi
2020,27,distractor,footer residue,,Ipotiroidismo primitivo del 7,Ipotiroidismo primitivo
2020,32,distractor,footer residue,,Infliximab del 8,Infliximab
2020,33,question,typographic,,"Un uomo di 58 anni sottoposto ad elevati livelli di stress sul luogo di lavoro, non in trattamento farmacologico per ipertensione arteriosa e con anamnesi negativa per patologie di rilievo, si presenta dal proprio medico di Medicina Generale per controllo pressorio, lamentando il riscontro di elevati valori pressori (intorno a 155/95 mmHg) nel corso di misurazioni occasionali eseguite sul luogo il lavoro. Il medico riscontra livelli pari a 138/88 mmHg (media di più misurazioni). In soggetti non in trattamento anti-ipertensivo, come nel paziente descritto, l'ipertensione arteriosa mascherata (maskedhypertension) è definita da:","Un uomo di 58 anni sottoposto ad elevati livelli di stress sul luogo di lavoro, non in trattamento farmacologico per ipertensione arteriosa e con anamnesi negativa per patologie di rilievo, si presenta dal proprio medico di Medicina Generale per controllo pressorio, lamentando il riscontro di elevati valori pressori (intorno a 155/95 mmHg) nel corso di misurazioni occasionali eseguite sul luogo il lavoro. Il medico riscontra livelli pari a 138/88 mmHg (media di più misurazioni). In soggetti non in trattamento anti-ipertensivo, come nel paziente descritto, l'ipertensione arteriosa mascherata (maskedhypertension) è definita da"
2020,35,question,typographic,,"Un paziente pauci-sintomatico di 78 anni, in corso di autovalutazione della pressione arteriosa riscontra una certa irregolarità del battito. L'ECG mostrato in figura evidenzia:","Un paziente pauci-sintomatico di 78 anni, in corso di autovalutazione della pressione arteriosa riscontra una certa irregolarità del battito. L'ECG mostrato in figura evidenzia"
2020,35,distractor,footer residue,,Ritmo sinusale con emiblocco fascicolare del 9,Ritmo sinusale con emiblocco fascicolare
2020,38,distractor,footer residue,,L'ipertensione arteriosa rappresenta un fattore di rischio per lo scompenso cardiaco del 10,L'ipertensione arteriosa rappresenta un fattore di rischio per lo scompenso cardiaco
2020,43,distractor,footer residue,,Cefalea del 11,Cefalea
2020,46,question,typographic,,La causa più frequente di insufficienza renale cronica nei Paesi Occidentali è:,La causa più frequente di insufficienza renale cronica nei Paesi Occidentali è
2020,48,distractor,footer residue,,Salazopirina del 12,Salazopirina
2020,52,distractor,footer residue,,RM cerebrale del 13,RM cerebrale
2020,55,question,typographic,,Una ragazzina di 12 anni è portatrice di una mutazione F508 del in omozigosi a carico del gene CFTR ed è dunque affetta da fibrosi cistica. Il gene responsabile della malattia è localizzato nel:,Una ragazzina di 12 anni è portatrice di una mutazione F508 del in omozigosi a carico del gene CFTR ed è dunque affetta da fibrosi cistica. Il gene responsabile della malattia è localizzato nel
2020,57,distractor,footer residue,,Dosaggio calprotectina fecale del 14,Dosaggio calprotectina fecale
2020,62,distractor,footer residue,,Malaria del 15,Malaria
2020,63,question,typographic,,Quale di queste affermazioni riguardanti il carcinoma del surrene è ERRATA:,Quale di queste affermazioni riguardanti il carcinoma del surrene è ERRATA
2020,64,question,typographic,,Una frequente complicanza della sindrome da carcinoide è:,Una frequente complicanza della sindrome da carcinoide è
2020,67,distractor,footer residue,,>1 e <= 5 mm del 16,>1 e <= 5 mm
2020,68,question,typographic,,I vasi linfatici del terzo superiore della vagina drenano direttamente verso:,I vasi linfatici del terzo superiore della vagina drenano direttamente verso
2020,72,distractor,footer residue,,Colectomia totale con ileostomia del 17,Colectomia totale con ileostomia
2020,74,question,typographic,,"La formula di Parkland, nota anche come formula di Baxter, è utilizzata per stimare:","La formula di Parkland, nota anche come formula di Baxter, è utilizzata per stimare"
2020,75,question,typographic,,La sindrome di Rokitansky è caratterizzata da:,La sindrome di Rokitansky è caratterizzata da
2020,76,question,typographic,,La Gonadotropina Corionica è un ormone:,La Gonadotropina Corionica è un ormone
2020,77,distractor,footer residue,,"Una vena, un'arteria e chorion del 18","Una vena, un'arteria e chorion"
2020,79,question,typographic,,"Tutti i seguenti farmaci attraversano la placenta, tranne:","Tutti i seguenti farmaci attraversano la placenta, tranne"
2020,82,distractor,footer residue,,Zygote Intra Fallopian Transfer del 19,Zygote Intra Fallopian Transfer
2020,83,question,typographic,,"La capsulite adesiva della spalla, nota anche come ""spalla congelata"", si può frequentemente associare a tutte le sottoindicate condizioni tranne UNA:","La capsulite adesiva della spalla, nota anche come ""spalla congelata"", si può frequentemente associare a tutte le sottoindicate condizioni tranne UNA"
2020,85,question,typographic,,Un paziente deve sottoporsi ad intervento chirurgico di artroprotesi d'anca. Dopo l'intervento la profilassi con eparina a basso peso molecolare deve essere effettuata:,Un paziente deve sottoporsi ad intervento chirurgico di artroprotesi d'anca. Dopo l'intervento la profilassi con eparina a basso peso molecolare deve essere effettuata
2020,86,question,typographic,,"Ad un ragazzo di 16 anni viene prescritta una radiografia a seguito della comparsa nelle ultime settimane di forte dolore e tumefazione del ginocchio destro. La radiografia mostra a livello del femore distale destro un'alternanza di aree radiotrasparenti e aree radiopache ed un'immagine ""a sole radiante"" con presenza di reazione periostale nota come triangolo di Codman. La diagnosi più probabile è:","Ad un ragazzo di 16 anni viene prescritta una radiografia a seguito della comparsa nelle ultime settimane di forte dolore e tumefazione del ginocchio destro. La radiografia mostra a livello del femore distale destro un'alternanza di aree radiotrasparenti e aree radiopache ed un'immagine ""a sole radiante"" con presenza di reazione periostale nota come triangolo di Codman. La diagnosi più probabile è"
2020,86,distractor,footer residue,,Cisti ossea del 20,Cisti ossea
2020,89,distractor,footer residue,,Tutte le altre risposte sono corrette del 21,Tutte le altre risposte sono corrette
2020,90,question,typographic,,L'ematuria può essere causata da:,L'ematuria può essere causata da
2020,92,distractor,footer residue,,Emorragia subaracnoidea del 22,Emorragia subaracnoidea
2020,94,question,typographic,,"Un uomo di 45 anni si reca al Pronto Soccorso lamentando forte dolore e visione offuscata nell'occhio destro, ipermetrope di 6 diottrie, che appare anche molto iperemico. All'esame alla lampada a fessura, oltre all'iperemia congiuntivale e pericheratica, si evidenzia edema corneale, pupilla in media midriasi non reagente agli stimoli luminosi, camera anteriore bassissima; occhio duro alla palpazione. Si può pertanto ritenere che il paziente abbia:","Un uomo di 45 anni si reca al Pronto Soccorso lamentando forte dolore e visione offuscata nell'occhio destro, ipermetrope di 6 diottrie, che appare anche molto iperemico. All'esame alla lampada a fessura, oltre all'iperemia congiuntivale e pericheratica, si evidenzia edema corneale, pupilla in media midriasi non reagente agli stimoli luminosi, camera anteriore bassissima; occhio duro alla palpazione. Si può pertanto ritenere che il paziente abbia"
2020,95,question,typographic,,"Un uomo di 40 anni si sottopone a visita oculistica perché vuole cambiare gli occhiali. Nel corso della visita viene evidenziata in entrambi gli occhi una accentuata escavazione del nervo ottico e uno spostamento nasale dell'emergenza dell'albero vascolare retinico dalla papilla ottica. La pressione endooculare è 15mmHg. Si richiede allora l'esame del Campo Visivo che evidenzia un difetto localizzato tipo ""scotoma arciforme"" bilateralmente. Il paziente riferisce di non essere affetto da alcuna patologia di rilievo e di essere anzi tendenzialmente ipoteso, avendo generalmente una pressione arteriosa pari a 105/65 mmHg. La diagnosi più probabile è:","Un uomo di 40 anni si sottopone a visita oculistica perché vuole cambiare gli occhiali. Nel corso della visita viene evidenziata in entrambi gli occhi una accentuata escavazione del nervo ottico e uno spostamento nasale dell'emergenza dell'albero vascolare retinico dalla papilla ottica. La pressione endooculare è 15mmHg. Si richiede allora l'esame del Campo Visivo che evidenzia un difetto localizzato tipo ""scotoma arciforme"" bilateralmente. Il paziente riferisce di non essere affetto da alcuna patologia di rilievo e di essere anzi tendenzialmente ipoteso, avendo generalmente una pressione arteriosa pari a 105/65 mmHg. La diagnosi più probabile è"
2020,96,distractor,footer residue,,Cure termali del 23,Cure termali
2020,101,distractor,footer residue,,Abolizione del fumo del 24,Abolizione del fumo
2020,106,question,typographic,,Il tumore di Wilms è una neoplasia:,Il tumore di Wilms è una neoplasia
2020,106,distractor,footer residue,,Epatica del 25,Epatica
2020,109,question,typographic,,"Un paziente di 25 anni al quale viene diagnosticata la Sindrome di Gilbert, agli esami ematici periodici presenta:","Un paziente di 25 anni al quale viene diagnosticata la Sindrome di Gilbert, agli esami ematici periodici presenta"
2020,111,distractor,footer residue,,Ecografia con mezzo di contrasto del 26,Ecografia con mezzo di contrasto
2020,112,correct option,substantive,image-dependent item; options garbled in the administered version (text split across options),sequenza T2; Immagine,Immagine A: sequenza T1; Immagine B: sequenza T2
2020,112,distractor,substantive,image-dependent item; options garbled in the administered version (text split across options),sequenza T2 con mezzo di contrasto del 27,Immagine A: sequenza T2: Immagine B: sequenza T1
2020,112,distractor,substantive,image-dependent item; options garbled in the administered version (text split across options),Immagine,Immagine A: sequenza T1; Immagine B: sequenza T1 con mezzo di contrasto
2020,112,distractor,substantive,image-dependent item; options garbled in the administered version (text split across options),Immagine,Immagine A: sequenza T2; Immagine B: sequenza T1 con mezzo di contrasto
2020,112,distractor,substantive,image-dependent item; options garbled in the administered version (text split across options),Immagine,Immagine A: sequenza T2; Immagine B: sequenza T2 con mezzo di contrasto
2020,115,distractor,footer residue,,Sovraslivellamento dell'emidiaframma sinistro del 28,Sovraslivellamento dell'emidiaframma sinistro
2020,118,question,typographic,,"Una donna di 55 anni con anamnesi muta e vita attiva giunge in terapia intensiva per un'infezione delle vie urinarie. La paziente rimane ipotesa nonostante infusione di liquidi 2.000 ml (pressione arteriosa 75/50 mmHg). All'emogasanalisi lattati 4,7 mmol/l. Questa condizione può essere definita:","Una donna di 55 anni con anamnesi muta e vita attiva giunge in terapia intensiva per un'infezione delle vie urinarie. La paziente rimane ipotesa nonostante infusione di liquidi 2.000 ml (pressione arteriosa 75/50 mmHg). All'emogasanalisi lattati 4,7 mmol/l. Questa condizione può essere definita"
2020,119,distractor,footer residue,,Esecuzione TC addome con mezzo di contrasto per valutare eziologia dell'insufficienza renale del 29,Esecuzione TC addome con mezzo di contrasto per valutare eziologia dell'insufficienza renale
2020,123,distractor,footer residue,,Isoprenalina del 30,Isoprenalina
2020,125,question,typographic,,L'oggetto della legge 38 del marzo 2010 sono le:,L'oggetto della legge 38 del marzo 2010 sono le
2020,128,question,typographic,,"Una donna sana di 40 anni presenta una mutazione del gene BRCA1, presente anche nella sorella, ammalata di carcinoma mammario. La madre è deceduta all'età di 72 anni per ictus cerebrale. Questa situazione sta a indicare che:","Una donna sana di 40 anni presenta una mutazione del gene BRCA1, presente anche nella sorella, ammalata di carcinoma mammario. La madre è deceduta all'età di 72 anni per ictus cerebrale. Questa situazione sta a indicare che"
2020,128,distractor,footer residue,,Nessuna delle altre risposte è corretta del 31,Nessuna delle altre risposte è corretta
2020,129,question,typographic,,Quale tra questi farmaci causa più frequentemente alterazione della funzione tiroidea:,Quale tra questi farmaci causa più frequentemente alterazione della funzione tiroidea
2020,132,question,typographic,,Indicare quale delle seguenti affermazioni sui programmi di screening di massa è FALSA:,Indicare quale delle seguenti affermazioni sui programmi di screening di massa è FALSA
2020,133,question,typographic,,"La mamma di Gaia, allarmata dalla disinformazione mediatica sulla questione vaccini e dalle reazioni avverse occorse al nipotino di due anni, si rivolge al pediatra di famiglia per chiedere informazioni e consiglio. Il pediatra la rassicura sulla sicurezza ed efficacia di tutti i vaccini e le precisa che:","La mamma di Gaia, allarmata dalla disinformazione mediatica sulla questione vaccini e dalle reazioni avverse occorse al nipotino di due anni, si rivolge al pediatra di famiglia per chiedere informazioni e consiglio. Il pediatra la rassicura sulla sicurezza ed efficacia di tutti i vaccini e le precisa che"
2020,133,distractor,footer residue,,La vaccinazione anti difterite-tetano-pertosse non è più obbligatoria del 32,La vaccinazione anti difterite-tetano-pertosse non è più obbligatoria
2020,138,question,typographic,,In Italia il medico nell'esercizio della sua professione può esercitare l'obiezione di coscienza nei seguenti casi. Le risposte sono tutte corrette TRANNE UNA:,In Italia il medico nell'esercizio della sua professione può esercitare l'obiezione di coscienza nei seguenti casi. Le risposte sono tutte corrette TRANNE UNA
2020,138,distractor,footer residue,,In merito all'interruzione volontaria di gravidanza nei primi 90 giorni dal concepimento (legge 194/1978) del 33,In merito all'interruzione volontaria di gravidanza nei primi 90 giorni dal concepimento (legge 194/1978)
2020,139,question,typographic,,"Accede al Pronto Soccorso una nonna con la nipotina di 10 mesi. La nonna riferisce una caduta dal seggiolone non testimoniata, in quanto lei al momento si trovava in un'altra stanza. La bambina presenta ecchimosi multiple agli arti superiori ed inferiori in diverso stadio cromatico e lievi escoriazioni a livello del braccio sinistro e della gamba sinistra. Durante la visita il pediatra riscontra marcata reazione dolorosa alla mobilizzazione degli arti inferiori e pertanto si conviene per RX mirato che diagnostica frattura metafisaria del femore destro in paziente pediatrico non deambulante, che fa supporre che il trauma non sia accidentale. Il medico dovrà procedere a segnalare o meno il fatto all'autorità giudiziaria, in quanto:","Accede al Pronto Soccorso una nonna con la nipotina di 10 mesi. La nonna riferisce una caduta dal seggiolone non testimoniata, in quanto lei al momento si trovava in un'altra stanza. La bambina presenta ecchimosi multiple agli arti superiori ed inferiori in diverso stadio cromatico e lievi escoriazioni a livello del braccio sinistro e della gamba sinistra. Durante la visita il pediatra riscontra marcata reazione dolorosa alla mobilizzazione degli arti inferiori e pertanto si conviene per RX mirato che diagnostica frattura metafisaria del femore destro in paziente pediatrico non deambulante, che fa supporre che il trauma non sia accidentale. Il medico dovrà procedere a segnalare o meno il fatto all'autorità giudiziaria, in quanto"
2021,1,correct option,typographic,,CHADS-V ASC2,CHADS-VASC2
2021,2,question,typographic,,"Un anziano viene ricoverato in pneumologia per il trattamento di una polmonite con piperacillina/tazobactam endovena. Dopo alcuni giorni compare diarrea non associata a febbre né a dolore addominale. Nel sospetto di una diarrea da Clostridium difficile , quale dei seguenti interventi è prioritario?","Un anziano viene ricoverato in pneumologia per il trattamento di una polmonite con piperacillina/tazobactam endovena. Dopo alcuni giorni compare diarrea non associata a febbre né a dolore addominale. Nel sospetto di una diarrea da Clostridium difficile, quale dei seguenti interventi è prioritario?"
2021,11,question,typographic,,"In caso di fibrillazione ventricolare, la defibrillazione elettrica deve essere eseguita:","In caso di fibrillazione ventricolare, la defibrillazione elettrica deve essere eseguita"
2021,12,question,typographic,,"La valutazione TC di un assistito evidenzia una dissecazione dell'aorta ascendente, senza coinvolgimento dell'arco aortico. Questo tipo di dissecazione, secondo la classificazione di DeBakey, è definita:","La valutazione TC di un assistito evidenzia una dissecazione dell'aorta ascendente, senza coinvolgimento dell'arco aortico. Questo tipo di dissecazione, secondo la classificazione di DeBakey, è definita"
2021,14,question,typographic,,"Un uomo di 78 anni, costretto a letto da due settimane in seguito ad intervento di endoprotesi per frattura del collo femorale, presenta una lesione cutanea in regione sacrale, ovalare, a margini irregolari, di colorito rosso-violaceo, che non cambia colore alla digitopressione, senza segni di perdita di sostanza. Si tratta di:","Un uomo di 78 anni, costretto a letto da due settimane in seguito ad intervento di endoprotesi per frattura del collo femorale, presenta una lesione cutanea in regione sacrale, ovalare, a margini irregolari, di colorito rosso-violaceo, che non cambia colore alla digitopressione, senza segni di perdita di sostanza. Si tratta di"
2021,15,question,typographic,,Il trattamento della frattura di femore prossimale in età molto avanzata:,Il trattamento della frattura di femore prossimale in età molto avanzata
2021,17,question,typographic,,Per chemioterapia adiuvante si intende:,Per chemioterapia adiuvante si intende
2021,21,question,typographic,,"Un uomo di 82 anni si reca nell'ambulatorio ""urgenze dermatologiche"" per la comparsa da circa 2 settimane di bolle a tetto teso su cute eritemato-edematosa alla radice di entrambi gli arti inferiori e al tronco, accompagnata da prurito e bruciore, in assenza di evidenti fattori scatenanti quali traumatismi, ustioni o assunzione di farmaci. La diagnosi più probabile è:","Un uomo di 82 anni si reca nell'ambulatorio ""urgenze dermatologiche"" per la comparsa da circa 2 settimane di bolle a tetto teso su cute eritemato-edematosa alla radice di entrambi gli arti inferiori e al tronco, accompagnata da prurito e bruciore, in assenza di evidenti fattori scatenanti quali traumatismi, ustioni o assunzione di farmaci. La diagnosi più probabile è"
2021,23,question,typographic,,"Per astenia moderata un uomo di 44 anni si sottopone ad esami ematochimici che documentano i seguenti valori di emocromo: Leucociti 11.400/mm3 (di cui granulociti neutrofili 8900/mm3), emoglobina 11,7 g/dL, MCV 87fL; piastrine 690.000/mm3. I valori sono confermati in due esami successivi. Quale dei seguenti esami è opportuno effettuare:","Per astenia moderata un uomo di 44 anni si sottopone ad esami ematochimici che documentano i seguenti valori di emocromo: Leucociti 11.400/mm3 (di cui granulociti neutrofili 8900/mm3), emoglobina 11,7 g/dL, MCV 87fL; piastrine 690.000/mm3. I valori sono confermati in due esami successivi. Quale dei seguenti esami è opportuno effettuare"
2021,24,question,typographic,,L'acido all-trans retinoico e il triossido d'arsenico sono utilizzati per il trattamento di:,L'acido all-trans retinoico e il triossido d'arsenico sono utilizzati per il trattamento di
2021,34,question,typographic,,Quale di questi NON è un effetto collaterale frequente dei diuretici tiazidici:,Quale di questi NON è un effetto collaterale frequente dei diuretici tiazidici
2021,38,question,typographic,,Quale di questi NON è un comune effetto collaterale degli ACE-inibitori:,Quale di questi NON è un comune effetto collaterale degli ACE-inibitori
2021,41,question,typographic,,"Viene eseguita a scopo diagnostico una toracentesi su un versamento pleurico monolaterale. L'analisi di laboratorio del liquido pleurico identifica un essudato, con > 80% di linfociti tra tutte le cellule, con una normale concentrazione di NT-proBNP ed assenza di eosinofili. Tra le seguenti qual è la causa più probabile di questo versamento pleurico:","Viene eseguita a scopo diagnostico una toracentesi su un versamento pleurico monolaterale. L'analisi di laboratorio del liquido pleurico identifica un essudato, con > 80% di linfociti tra tutte le cellule, con una normale concentrazione di NT-proBNP ed assenza di eosinofili. Tra le seguenti qual è la causa più probabile di questo versamento pleurico"
2021,42,question,typographic,,"A un uomo di 74 anni viene fatta diagnosi di polmonite acquisita in comunità. Sulla base del punteggio prognostico CURB-65 il medico di Pronto Soccorso decide, dopo aver impostato un'adeguata terapia antibiotica empirica, di dimetterlo e trattarlo a domicilio. L'acronimo inglese CURB-65 indica:","A un uomo di 74 anni viene fatta diagnosi di polmonite acquisita in comunità. Sulla base del punteggio prognostico CURB-65 il medico di Pronto Soccorso decide, dopo aver impostato un'adeguata terapia antibiotica empirica, di dimetterlo e trattarlo a domicilio. L'acronimo inglese CURB-65 indica"
2021,44,question,typographic,,"Si decide di somministrare a un paziente ""a rischio"" una profilassi pre-esposizione (PrEP) per prevenire l'infezione da HIV . Quale tra i seguenti farmaci (o combinazione di farmaci) è raccomandato?","Si decide di somministrare a un paziente ""a rischio"" una profilassi pre-esposizione (PrEP) per prevenire l'infezione da HIV. Quale tra i seguenti farmaci (o combinazione di farmaci) è raccomandato?"
2021,55,question,typographic,,L'iperplasia surrenalica congenita classica da deficit di 21-idrossilasi si caratterizza per l'accumulo di quale dei seguenti ormoni:,L'iperplasia surrenalica congenita classica da deficit di 21-idrossilasi si caratterizza per l'accumulo di quale dei seguenti ormoni
2021,56,question,typographic,,Quale dei seguenti dati clinici NON è un criterio per formulare la diagnosi di linfoistiocitosi emofagocitica:,Quale dei seguenti dati clinici NON è un criterio per formulare la diagnosi di linfoistiocitosi emofagocitica
2021,57,question,typographic,,"Il sierogruppo di Neisseria meningitidis più frequentemente responsabile di malattia meningococcica invasiva nel primo anno di vita in Italia, negli ultimi anni (secondo il report epidemiologico sulle malattie batteriche invasive 2019 dell'Istituto Superiore di Sanità) è il:","Il sierogruppo di Neisseria meningitidis più frequentemente responsabile di malattia meningococcica invasiva nel primo anno di vita in Italia, negli ultimi anni (secondo il report epidemiologico sulle malattie batteriche invasive 2019 dell'Istituto Superiore di Sanità) è il"
2021,59,question,typographic,,Quale delle seguenti affermazioni riguardanti l'epiglottite acuta nel bambino è errata:,Quale delle seguenti affermazioni riguardanti l'epiglottite acuta nel bambino è errata
2021,66,question,typographic,,Quale tra le seguenti affermazioni sul tumore del colon destro è corretta:,Quale tra le seguenti affermazioni sul tumore del colon destro è corretta
2021,68,question,typographic,,La disfagia paradossa in fase iniziale è:,La disfagia paradossa in fase iniziale è
2021,75,question,typographic,,La causa più probabile di sanguinamento uterino anomalo in età adolescenziale è:,La causa più probabile di sanguinamento uterino anomalo in età adolescenziale è
2021,76,question,typographic,,La sintomatologia più tipica e frequente dell'endometriosi pelvica è composta da:,La sintomatologia più tipica e frequente dell'endometriosi pelvica è composta da
2021,77,question,typographic,,"Una donna di 27 anni, con storia di poliabortività, con pregressa appendicectomia in età adolescenziale, si presenta al Pronto Soccorso con temperatura corporea 38,3°C, dolore pelvico, leucocitosi (GB 18.000/mm3) e test di gravidanza negativo. L'ipotesi diagnostica più probabile è:","Una donna di 27 anni, con storia di poliabortività, con pregressa appendicectomia in età adolescenziale, si presenta al Pronto Soccorso con temperatura corporea 38,3°C, dolore pelvico, leucocitosi (GB 18.000/mm3) e test di gravidanza negativo. L'ipotesi diagnostica più probabile è"
2021,78,question,typographic,,"Una donna di 27 anni esegue pap-test di screening e riceve un risultato di H-SIL (Lesione Squamosa Intraepiteliale di Alto Grado) secondo ""Bethesda System"". L'approfondimento corretto da eseguire per dimostrare l'eventuale presenza di una lesione neoplastica della cervice uterina è:","Una donna di 27 anni esegue pap-test di screening e riceve un risultato di H-SIL (Lesione Squamosa Intraepiteliale di Alto Grado) secondo ""Bethesda System"". L'approfondimento corretto da eseguire per dimostrare l'eventuale presenza di una lesione neoplastica della cervice uterina è"
2021,84,question,typographic,,Quale segmento scheletrico interessa la frattura di Hoffa:,Quale segmento scheletrico interessa la frattura di Hoffa
2021,85,question,typographic,,Un ragazzo di 13 anni giunge all'attenzione medica lamentando da alcune settimane dolore al ginocchio destro. All'esame obiettivo sono presenti tumefazione e dolorabilità in corrispondenza dell'apofisi tibiale anteriore a livello dell'inserzione del tendine rotuleo. Il quadro clinico anamnestico del ragazzo orienta la diagnosi verso:,Un ragazzo di 13 anni giunge all'attenzione medica lamentando da alcune settimane dolore al ginocchio destro. All'esame obiettivo sono presenti tumefazione e dolorabilità in corrispondenza dell'apofisi tibiale anteriore a livello dell'inserzione del tendine rotuleo. Il quadro clinico anamnestico del ragazzo orienta la diagnosi verso
2021,86,question,typographic,,"Una donna di 64 anni riferisce dolore e riduzione dei movimenti della metatarso-falangea del 1° raggio. All'ispezione non si evidenziano alterazioni locali, mentre l'esame radiografico mostra segni di artrosi della prima articolazione metatarso-falangea. L'angolo tra il 1° ed il 2° metatarso misura 7 gradi e l'angolo di valgismo dell'alluce misura 12 gradi. Tale quadro clinico è compatibile con:","Una donna di 64 anni riferisce dolore e riduzione dei movimenti della metatarso-falangea del 1° raggio. All'ispezione non si evidenziano alterazioni locali, mentre l'esame radiografico mostra segni di artrosi della prima articolazione metatarso-falangea. L'angolo tra il 1° ed il 2° metatarso misura 7 gradi e l'angolo di valgismo dell'alluce misura 12 gradi. Tale quadro clinico è compatibile con"
2021,88,question,typographic,,"Una donna di 36 anni affetta da sclerosi multipla, riferisce recente comparsa di minzione impellente e incontinenza urinaria da urgenza. Quale tra le seguenti classi di farmaci potrebbe essere utile per il trattamento di tale problematica:","Una donna di 36 anni affetta da sclerosi multipla, riferisce recente comparsa di minzione impellente e incontinenza urinaria da urgenza. Quale tra le seguenti classi di farmaci potrebbe essere utile per il trattamento di tale problematica"
2021,93,question,typographic,,"Un uomo di 75 anni, cardiopatico, iperteso, lamenta improvviso calo del visus in OD. Con riferimento al quadro clinico ed alla fotografia del fondo oculare sovrastante, la diagnosi più probabile è:","Un uomo di 75 anni, cardiopatico, iperteso, lamenta improvviso calo del visus in OD. Con riferimento al quadro clinico ed alla fotografia del fondo oculare sovrastante, la diagnosi più probabile è"
2021,95,question,typographic,,"Un uomo di 37 anni si reca dall'oculista perché ha notato riduzione dell'acuità visiva nella guida notturna e specie nel leggere il giornale, che deve necessariamente allontanare. Riferisce di essere preoccupato perché fino a qualche anno prima era sempre stato il suo vanto riuscire a vedere a distanza molto meglio dei suoi amici. E' più probabile che l'uomo:","Un uomo di 37 anni si reca dall'oculista perché ha notato riduzione dell'acuità visiva nella guida notturna e specie nel leggere il giornale, che deve necessariamente allontanare. Riferisce di essere preoccupato perché fino a qualche anno prima era sempre stato il suo vanto riuscire a vedere a distanza molto meglio dei suoi amici. E' più probabile che l'uomo"
2021,96,question,typographic,,"Un uomo di 59 anni in buone condizioni di salute, presenta un carcinoma squamoso del solco gengivo-buccale di sinistra, cT4aN2cM0. E' presente massiva infiltrazione della mandibola alla RM con contrasto. Una corretta proposta terapeutica prevede:","Un uomo di 59 anni in buone condizioni di salute, presenta un carcinoma squamoso del solco gengivo-buccale di sinistra, cT4aN2cM0. E' presente massiva infiltrazione della mandibola alla RM con contrasto. Una corretta proposta terapeutica prevede"
2021,97,question,typographic,,L'adenoma pleomorfo:,L'adenoma pleomorfo
2021,100,question,typographic,,"A causa di un trauma contusivo, un giovane in buone condizioni, riporta la frattura della X costa destra e uno pneumotorace apicale di circa il 15%. Non è presente dispnea e la SpO2 in aria ambiente è nei limiti della norma. Si dovrà procedere a:","A causa di un trauma contusivo, un giovane in buone condizioni, riporta la frattura della X costa destra e uno pneumotorace apicale di circa il 15%. Non è presente dispnea e la SpO2 in aria ambiente è nei limiti della norma. Si dovrà procedere a"
2021,101,question,typographic,,"Ad un uomo di 75 anni è stato riscontrato mediante ecografia un aneurisma dell'aorta addominale di 6,0 centimetri di diametro trasverso. Scegliere l'opzione corretta tra le seguenti:","Ad un uomo di 75 anni è stato riscontrato mediante ecografia un aneurisma dell'aorta addominale di 6,0 centimetri di diametro trasverso. Scegliere l'opzione corretta tra le seguenti"
2021,103,question,typographic,,"Un giovane di 26 anni, senza alcuna precedente storia clinica di rilievo, giunge in Pronto Soccorso in fibrillazione ventricolare, e nonostante le manovre rianimatorie muore. Si esegue riscontro diagnostico necroscopico durante il quale si osserva ipertrofia del ventricolo sinistro e in particolare del setto interventricolare. All'esame istologico è presente disordine delle fibre miocardiche. Il quadro osservato è compatibile con:","Un giovane di 26 anni, senza alcuna precedente storia clinica di rilievo, giunge in Pronto Soccorso in fibrillazione ventricolare, e nonostante le manovre rianimatorie muore. Si esegue riscontro diagnostico necroscopico durante il quale si osserva ipertrofia del ventricolo sinistro e in particolare del setto interventricolare. All'esame istologico è presente disordine delle fibre miocardiche. Il quadro osservato è compatibile con"
2021,104,question,typographic,,"In un soggetto di sesso femminile di 40 anni è presente una lesione bilaterale simmetrica biancastra reticolare del cavo orale; si effettua prelievo bioptico della lesione e all'esame istologico si osserva acantosi, paracheratosi e intenso infiltrato linfocitario sottoepiteliale ""a banda"", con colliquazione della membrana basale; il quadro è compatibile con:","In un soggetto di sesso femminile di 40 anni è presente una lesione bilaterale simmetrica biancastra reticolare del cavo orale; si effettua prelievo bioptico della lesione e all'esame istologico si osserva acantosi, paracheratosi e intenso infiltrato linfocitario sottoepiteliale ""a banda"", con colliquazione della membrana basale; il quadro è compatibile con"
2021,107,question,typographic,,"Un uomo di 63 anni è ricoverato da un mese per una leucemia. Durante la degenza sviluppa una grave infezione delle vie urinarie, con rapida evoluzione in sepsi e morte. L'emocoltura risulta positiva per Pseudomonas aeruginosa. Quale tra i seguenti NON è un fattore di virulenza di Pseudomonas ?","Un uomo di 63 anni è ricoverato da un mese per una leucemia. Durante la degenza sviluppa una grave infezione delle vie urinarie, con rapida evoluzione in sepsi e morte. L'emocoltura risulta positiva per Pseudomonas aeruginosa. Quale tra i seguenti NON è un fattore di virulenza di Pseudomonas?"
2021,116,question,typographic,,"Un uomo di 67 anni viene portato in Pronto Soccorso dai familiari in stato confusionale e presenta Glasgow Coma Scale pari a 11. Viene eseguita una indagine TC in urgenza che mette in evidenza il quadro riportato nell'immagine, che corrisponde a:","Un uomo di 67 anni viene portato in Pronto Soccorso dai familiari in stato confusionale e presenta Glasgow Coma Scale pari a 11. Viene eseguita una indagine TC in urgenza che mette in evidenza il quadro riportato nell'immagine, che corrisponde a"
2021,118,question,typographic,,"Una donna di 45 anni con storia di abuso di stupefacenti giunge al Pronto Soccorso in coma e depressione respiratoria; viene somministrato naloxone cloridrato 0,4 mg per via endovenosa in quanto:","Una donna di 45 anni con storia di abuso di stupefacenti giunge al Pronto Soccorso in coma e depressione respiratoria; viene somministrato naloxone cloridrato 0,4 mg per via endovenosa in quanto"
2021,119,question,typographic,,Un giovane di 23 anni viene condotto in Pronto Soccorso in stato di coma e insufficienza respiratoria acuta grave; il quadro evolve in arresto respiratorio. Vengono effettuati alcuni tentativi infruttuosi di intubazione tracheale per cui si rende necessario procedere a cricotiroidotomia di emergenza. La cricotiroidotomia è indicata quando:,Un giovane di 23 anni viene condotto in Pronto Soccorso in stato di coma e insufficienza respiratoria acuta grave; il quadro evolve in arresto respiratorio. Vengono effettuati alcuni tentativi infruttuosi di intubazione tracheale per cui si rende necessario procedere a cricotiroidotomia di emergenza. La cricotiroidotomia è indicata quando
2021,119,correct option,typographic,,"E' impossibile intubare ed ossigenare (""Can't intubate, can't oxygenate"" )","E' impossibile intubare ed ossigenare (""Can't intubate, can't oxygenate"")"
2021,120,question,typographic,,Una donna di 67 anni viene ricoverata per embolia polmonare acuta e viene avviata la terapia anticoagulante con eparina sodica endovena. Durante la terza giornata di ricovero perde coscienza e presenta ipertonia diffusa ai quattro arti ed instabilità emodinamica. La causa più probabile e verosimile dell'attuale condizione clinica della donna è:,Una donna di 67 anni viene ricoverata per embolia polmonare acuta e viene avviata la terapia anticoagulante con eparina sodica endovena. Durante la terza giornata di ricovero perde coscienza e presenta ipertonia diffusa ai quattro arti ed instabilità emodinamica. La causa più probabile e verosimile dell'attuale condizione clinica della donna è
2021,121,question,typographic,,"Una donna è allettata per una frattura di femore destro. Durante il ricovero, in attesa di intervento, lamenta improvvisamente sensazione di mancanza d'aria e dolore toracico. Viene contattato l'ortopedico di guardia, che chiama il rianimatore, il quale la trova agitata, dispnoica e ipotesa. Il medico rianimatore prescrive immediatamente:","Una donna è allettata per una frattura di femore destro. Durante il ricovero, in attesa di intervento, lamenta improvvisamente sensazione di mancanza d'aria e dolore toracico. Viene contattato l'ortopedico di guardia, che chiama il rianimatore, il quale la trova agitata, dispnoica e ipotesa. Il medico rianimatore prescrive immediatamente"
2021,124,question,typographic,,"Si viene chiamati a valutare un uomo di 77 anni (in anamnesi cardiopatia ischemica, stabile dopo rivascolarizzazione 3 anni prima) che dovrà sottoporsi ad artroscopia di ginocchio in anestesia locoregionale. La valutazione dell'anestesista deve necessariamente prevedere, tra le altre cose:","Si viene chiamati a valutare un uomo di 77 anni (in anamnesi cardiopatia ischemica, stabile dopo rivascolarizzazione 3 anni prima) che dovrà sottoporsi ad artroscopia di ginocchio in anestesia locoregionale. La valutazione dell'anestesista deve necessariamente prevedere, tra le altre cose"
2021,128,question,typographic,,"Un ragazzo di 27 anni è inviato a consulenza genetica dal centro di procreazione medicalmente assistita. Egli ha effettuato uno spermiogramma, che ha evidenziato azoospermia, e un'ecografia testicolare che ha individuato un'agenesia bilaterale dei dotti deferenti. Tale riscontro è fortemente indicativo per:","Un ragazzo di 27 anni è inviato a consulenza genetica dal centro di procreazione medicalmente assistita. Egli ha effettuato uno spermiogramma, che ha evidenziato azoospermia, e un'ecografia testicolare che ha individuato un'agenesia bilaterale dei dotti deferenti. Tale riscontro è fortemente indicativo per"
2021,128,distractor,typographic,,Malattia di V on Hippel-Lindau,Malattia di Von Hippel-Lindau
2021,133,question,typographic,,Quale delle seguenti affermazioni è corretta:,Quale delle seguenti affermazioni è corretta
2021,134,question,typographic,,In relazione alla legge 833/78 istitutiva del SSN indicare quale delle seguenti affermazioni è FALSA:,In relazione alla legge 833/78 istitutiva del SSN indicare quale delle seguenti affermazioni è FALSA
2021,135,question,typographic,,Indicare quale delle seguenti affermazioni sulla composizione dei vaccini è vera:,Indicare quale delle seguenti affermazioni sulla composizione dei vaccini è vera
2021,136,question,typographic,,Quale di queste affermazioni è corretta riguardo al benzene:,Quale di queste affermazioni è corretta riguardo al benzene
2022,1,question,typographic,,Quali dei seguenti Score è utilizzato per valutare la gravità di un paziente aﬀetto da cirrosi epatica?,Quali dei seguenti Score è utilizzato per valutare la gravità di un paziente affetto da cirrosi epatica?
2022,4,question,typographic,,"Donna di 70 anni con eteroplasia polmonare in trattamento chemioterapico, si presenta in Pronto Soccorso per dispnea ingravescente; pressione arteriosa sistolica 90 mmHg; all’esame obiettivo cute marezzata; all’ECG ﬁbrillazione atriale a fvm 110/min; all’ecocardiogramma versamento pericardico circonferenziale con separazione diastolica massima di 3 cm e collasso diastolico delle sezioni destre. Quale di queste opzioni terapeutiche è corretta in prima istanza?","Donna di 70 anni con eteroplasia polmonare in trattamento chemioterapico, si presenta in Pronto Soccorso per dispnea ingravescente; pressione arteriosa sistolica 90 mmHg; all’esame obiettivo cute marezzata; all’ECG fibrillazione atriale a fvm 110/min; all’ecocardiogramma versamento pericardico circonferenziale con separazione diastolica massima di 3 cm e collasso diastolico delle sezioni destre. Quale di queste opzioni terapeutiche è corretta in prima istanza?"
2022,5,question,typographic,,In un paziente con ﬁbrillazione atriale parossistica e CHA2DS2-Vasc score >3 è indicata terapia anticoagulante che può essere eﬀettuata con NAO:,In un paziente con fibrillazione atriale parossistica e CHA2DS2-Vasc score >3 è indicata terapia anticoagulante che può essere effettuata con NAO
2022,5,correct option,typographic,,Se il ﬁltrato glomerulare (GFR) è superiore a 30 ml/min,Se il filtrato glomerulare (GFR) è superiore a 30 ml/min
2022,6,question,typographic,,Nella pericardite ricorrente quale di queste aﬀermazioni è ERRATA?,Nella pericardite ricorrente quale di queste affermazioni è ERRATA?
2022,6,distractor,typographic,,Il trattamento di prima linea può comprendere ASA o FANS + colchicina + riduzione dell’attività ﬁsica,Il trattamento di prima linea può comprendere ASA o FANS + colchicina + riduzione dell’attività fisica
2022,7,distractor,typographic,,"Aritmie, modiﬁcazioni ST-T all’ECG o Holter","Aritmie, modificazioni ST-T all’ECG o Holter"
2022,8,question,typographic,,In assenza di controindicazione sull’uso di mezzi di contrasto iodati tutte le aﬀermazioni sulla diagnosi di embolia polmonare sono corrette TRANNE una:,In assenza di controindicazione sull’uso di mezzi di contrasto iodati tutte le affermazioni sulla diagnosi di embolia polmonare sono corrette TRANNE una
2022,8,correct option,typographic,,La scintigraﬁa polmonare di ventilazione/perfusione è il test diagnostico di prima scelta nei pazienti con sospetta embolia polmonare,La scintigrafia polmonare di ventilazione/perfusione è il test diagnostico di prima scelta nei pazienti con sospetta embolia polmonare
2022,8,distractor,typographic,,Un valore del D-dimero nei limiti di norma ha un elevato valore predittivo nell’escludere un’embolia polmonare acuta clinicamente signiﬁcativa,Un valore del D-dimero nei limiti di norma ha un elevato valore predittivo nell’escludere un’embolia polmonare acuta clinicamente significativa
2022,9,distractor,substantive,one distractor replaced by explanatory text from the source,"Airways, Breathing, Circulation: eseguire un assessment,nel caso in cui un paziente sia incosciente, delle funzionalità vitali. Certamente eseguire un ECG non è un’azione prioritaria per assicurare la corretta ossigenazione del paziente, tantomeno una cardioversione (opzione valida nel caso in cui mediante un’analisi del ritmo cardiaco si riscontrasse un’aritmia sopraventricolare quale la ﬁbrillazione atriale) o un ecocardiogramma, esame di seconda linea nella stratiﬁcazione del rischio cardiologico di un paziente. Il reintegro volemico è da prendere in considerazione qualora la funzionalità della pompa cardiaca sia assicurata, ma in questo paziente la priorità è sostenere l’ossigenazione dei tessuti, venuta a mancare per l’arresto respiratorio. Risposta corretta A. Diﬃcoltà : Bassa",Avviare un reintegro volemico
2022,10,question,typographic,,Un paziente di 65 anni con storia di ipertensione da oltre 20 anni presenta edemi declivi e dispnea da sforzo. Viene eseguito un ecocardiogramma che dimostra frazione di eiezione ventricolare ridotta (35%). Quale delle seguenti aﬀermazioni sui trattamenti farmacologici dello scompenso cardiaco a funzione sistolica ridotta (HFrEF) è ERRATA?,Un paziente di 65 anni con storia di ipertensione da oltre 20 anni presenta edemi declivi e dispnea da sforzo. Viene eseguito un ecocardiogramma che dimostra frazione di eiezione ventricolare ridotta (35%). Quale delle seguenti affermazioni sui trattamenti farmacologici dello scompenso cardiaco a funzione sistolica ridotta (HFrEF) è ERRATA?
2022,10,correct option,typographic,,Dapagliﬂozin ed empagliﬂozin riducono la mortalità e il rischio di ospedalizzazione solo nei pazienti con diabete tipo 2 associato ad HFrEF,Dapagliflozin ed empagliflozin riducono la mortalità e il rischio di ospedalizzazione solo nei pazienti con diabete tipo 2 associato ad HFrEF
2022,11,question,typographic,,"Una bambina di 2 anni viene portata al Pronto Soccorso dai suoi genitori. Sua madre aﬀerma che la bambina negli ultimi giorni presentava febbre e raﬀreddore, ma oggi si comporta in modo inusuale. Appare inerte e letargica. I suoi segni vitali sono: - SpO2: < 80% in aria ambiente - Frequenza respiratoria: 8/min - Frequenza cardiaca: 170/min - Tempo di riempimento capillare (CRT): 3 sec - Temperatura: 39,5°C. Qual è il primo intervento da eseguire?","Una bambina di 2 anni viene portata al Pronto Soccorso dai suoi genitori. Sua madre afferma che la bambina negli ultimi giorni presentava febbre e raffreddore, ma oggi si comporta in modo inusuale. Appare inerte e letargica. I suoi segni vitali sono: - SpO2: < 80% in aria ambiente - Frequenza respiratoria: 8/min - Frequenza cardiaca: 170/min - Tempo di riempimento capillare (CRT): 3 sec - Temperatura: 39,5°C Qual è il primo intervento da eseguire?"
2022,11,distractor,typographic,,Bolo di soluzione ﬁsiologica,Bolo di soluzione fisiologica
2022,12,question,typographic,,"Una donna di 60 anni a cui è stato recentemente prescritto un diuretico tiazidico, si presenta al Pronto Soccorso con aﬀaticamento e palpitazioni. I suoi esami del sangue mostrano un potassio di 2,8 mEq/L. Nei pazienti con ipokaliemia signiﬁcativa, quale altro elettrolita è generalmente basso?","Una donna di 60 anni a cui è stato recentemente prescritto un diuretico tiazidico, si presenta al Pronto Soccorso con affaticamento e palpitazioni. I suoi esami del sangue mostrano un potassio di 2,8 mEq/L. Nei pazienti con ipokaliemia significativa, quale altro elettrolita è generalmente basso?"
2022,13,question,typographic,,"Un paziente di 50 anni con anamnesi di diabete mellito si presenta con una storia di ""fastidio"" retrosternale e nausea insorti da circa 1 ora. Il suo ECG è riportato in ﬁgura. Qual è l’intervento più appropriato da mettere in atto per questo paziente?","Un paziente di 50 anni con anamnesi di diabete mellito si presenta con una storia di ""fastidio"" retrosternale e nausea insorti da circa 1 ora. Il suo ECG è riportato in figura. Qual è l’intervento più appropriato da mettere in atto per questo paziente?"
2022,13,correct option,typographic,,Coronarograﬁa ed eventuale angioplastica coronarica,Coronarografia ed eventuale angioplastica coronarica
2022,14,question,typographic,,"Tutte le seguenti classi di farmaci sono associate ad aumentato rischio di cadute, TRANNE:","Tutte le seguenti classi di farmaci sono associate ad aumentato rischio di cadute, TRANNE"
2022,15,question,typographic,,Quale dei seguenti accertamenti NON è consigliato nella valutazione di primo livello di un paziente con cadute ricorrenti:,Quale dei seguenti accertamenti NON è consigliato nella valutazione di primo livello di un paziente con cadute ricorrenti
2022,16,question,typographic,,Il paziente anziano che presenta una condizione di sarcopenia:,Il paziente anziano che presenta una condizione di sarcopenia
2022,17,question,typographic,,"In un paziente di 60 anni aﬀetto da carcinoma gastrico metastatico a livello epatico, HER-2 positivo (stadio IV), quale dei seguenti trattamenti è più indicato:","In un paziente di 60 anni affetto da carcinoma gastrico metastatico a livello epatico, HER-2 positivo (stadio IV), quale dei seguenti trattamenti è più indicato"
2022,17,correct option,typographic,,"Chemioterapia con regimi contenenti platino, ﬂuoropirimidine e trastuzumab","Chemioterapia con regimi contenenti platino, fluoropirimidine e trastuzumab"
2022,17,distractor,typographic,,Chemioterapia con regimi contenenti platino e ﬂuoropirimidine,Chemioterapia con regimi contenenti platino e fluoropirimidine
2022,17,distractor,typographic,,"Chemioterapia con regimi contenenti platino, ﬂuoropirimidine e taxani","Chemioterapia con regimi contenenti platino, fluoropirimidine e taxani"
2022,17,distractor,typographic,,Chemioterapia con regimi contenenti ﬂuoropirimidine e bevacizumab,Chemioterapia con regimi contenenti fluoropirimidine e bevacizumab
2022,19,question,typographic,,Una paziente di 43 anni presenta un nodulo mammario di 3.5 cm; l’esame istologico eﬀettuato sulla biopsia mostra un carcinoma della mammella con recettori ormonali negativi ed HER 2 negativo. La stadiazione sistemica non rileva metastasi a distanza. Si opta per una chemioterapia neoadiuvante. Che cosa si intende con tale accezione?,Una paziente di 43 anni presenta un nodulo mammario di 3.5 cm; l’esame istologico effettuato sulla biopsia mostra un carcinoma della mammella con recettori ormonali negativi ed HER 2 negativo. La stadiazione sistemica non rileva metastasi a distanza. Si opta per una chemioterapia neoadiuvante. Che cosa si intende con tale accezione?
2022,20,question,typographic,,"Un uomo di 45 anni, mentre sta eseguendo alcuni lavori di sterro, viene punto da una vespa e inizia a presentare malessere generale, senso di calore diﬀuso, diﬃcoltà respiratoria, tirage. Quale dei seguenti farmaci deve essere somministrato per primo?","Un uomo di 45 anni, mentre sta eseguendo alcuni lavori di sterro, viene punto da una vespa e inizia a presentare malessere generale, senso di calore diffuso, difficoltà respiratoria, tirage. Quale dei seguenti farmaci deve essere somministrato per primo?"
2022,22,question,typographic,,"Una giovane donna di 32 anni, che ha avuto nelle settimane precedenti un aborto spontaneo, si presenta con una chiazza glabra non cicatriziale in regione parietale destra. Il sospetto diagnostico è:","Una giovane donna di 32 anni, che ha avuto nelle settimane precedenti un aborto spontaneo, si presenta con una chiazza glabra non cicatriziale in regione parietale destra. Il sospetto diagnostico è"
2022,23,question,typographic,,"Secondo la stadiazione di Ann Arbor, il coinvolgimento del midollo osseo in un paziente con Linfoma di Hodgkin deﬁnisce lo stadio clinico:","Secondo la stadiazione di Ann Arbor, il coinvolgimento del midollo osseo in un paziente con Linfoma di Hodgkin definisce lo stadio clinico"
2022,24,question,typographic,,"Si presenta in ambulatorio un soggetto del peso attuale di 75 Kg che lamenta astenia moderata, perdita di peso di 3 kg negli ultimi sei mesi, sintomi da ingombro addominale con polo inferiore splenico palpabile a circa 5 cm dall’arco costale. L’emocromo dimostra anemia (Hb 10,5 g/dl), piastrinosi (530.000/mm3) e leucocitosi (19.000/mm3) con la seguente formula leucocitaria: neutroﬁli 74%, basoﬁli 4%, eosinoﬁli 1%, linfociti 15%, mielociti 3%, metamielociti 2%, blasti 1%. Si evidenziano anche eritroblasti ortocromatici. Quale dei seguenti test NON è appropriato eseguire nel primo approfondimento diagnostico?","Si presenta in ambulatorio un soggetto del peso attuale di 75 Kg che lamenta astenia moderata, perdita di peso di 3 kg negli ultimi sei mesi, sintomi da ingombro addominale con polo inferiore splenico palpabile a circa 5 cm dall’arco costale. L’emocromo dimostra anemia (Hb 10,5 g/dl), piastrinosi (530.000/mm3) e leucocitosi (19.000/mm3) con la seguente formula leucocitaria: neutrofili 74%, basofili 4%, eosinofili 1%, linfociti 15%, mielociti 3%, metamielociti 2%, blasti 1%. Si evidenziano anche eritroblasti ortocromatici. Quale dei seguenti test NON è appropriato eseguire nel primo approfondimento diagnostico?"
2022,25,question,typographic,,"Una donna di 78 anni si presenta presso l’ambulatorio di ematologia inviata dal medico curante per riscontro all’emocromo di Hb 7,8g/dl, leucociti 3.200/mm3 con neutroﬁli 1.000/mm3, piastrine 89.000/mm3. MCV 112 fL, vitamina B12 e folati nel range di normalità. Nel sospetto di una sindrome mielodisplastica quale tra i seguenti esami NON trova indicazione nel percorso diagnostico?","Una donna di 78 anni si presenta presso l’ambulatorio di ematologia inviata dal medico curante per riscontro all’emocromo di Hb 7,8 g/dl, leucociti 3.200/mm3 con neutrofili 1.000/mm3, piastrine 89.000/mm3. MCV 112 fL, vitamina B12 e folati nel range di normalità. Nel sospetto di una sindrome mielodisplastica quale tra i seguenti esami NON trova indicazione nel percorso diagnostico?"
2022,26,question,typographic,,Una donna di 38 anni in buone condizioni generali presenta una tumefazione paramediana del collo che all’ecograﬁa risulta essere un nodulo tiroideo. Quando è indicata l’eﬀettuazione di un agoaspirato su un nodulo tiroideo per l’esame citologico?,Una donna di 38 anni in buone condizioni generali presenta una tumefazione paramediana del collo che all’ecografia risulta essere un nodulo tiroideo. Quando è indicata l’effettuazione di un agoaspirato su un nodulo tiroideo per l’esame citologico?
2022,26,correct option,typographic,,Caratteristiche ecograﬁche sospette e/o dimensioni oltre 20 mm in incremento,Caratteristiche ecografiche sospette e/o dimensioni oltre 20 mm in incremento
2022,27,question,typographic,,"Una donna di 49 anni si presenta al medico curante con un valore di glicemia a digiuno di 146 mg/dl e di emoglobina glicata 54mmol/mol. Ha un’anamnesi familiare positiva per diabete e ipertensione ed è a sua volta ipertesa, in trattamento con un ACE-inibitore. Ha un indice di massa corporea di 28 kg/m2 e presenta anche una ipertrigliceridemia. Un’ecograﬁa addome mostra steatosi epatica, pancreas e ghiandole surrenali nella norma. Quale è la diagnosi più probabile?","Una donna di 49 anni si presenta al medico curante con un valore di glicemia a digiuno di 146 mg/dl e di emoglobina glicata 54 mmol/mol. Ha un’anamnesi familiare positiva per diabete e ipertensione ed è a sua volta ipertesa, in trattamento con un ACE-inibitore. Ha un indice di massa corporea di 28 kg/m2 e presenta anche una ipertrigliceridemia. Un’ecografia addome mostra steatosi epatica, pancreas e ghiandole surrenali nella norma. Quale è la diagnosi più probabile?"
2022,28,question,wording,,Una donna di 24 anni con galattorrea si presenta in ambulatorio endocrinologico. Gli accertamenti eseguiti mostrano la presenza di un microadenoma ipoﬁsario prolattino secernente. Non sono presenti disturbi visivi ma coesistono alterazione del ciclo mestruale e tensione mammaria. Qual è il trattamento indicato tra i seguenti?,Una donna di 24 anni con galattorea si presenta in ambulatorio endocrinologico. Gli accertamenti eseguiti mostrano la presenza di un microadenoma ipofisario prolattino secernente. Non sono presenti disturbi visivi ma coesistono alterazione del ciclo mestruale e tensione mammaria. Qual è il trattamento indicato tra i seguenti?
2022,29,question,typographic,,Qual è in qualsiasi paziente la condizione primaria dirimente per la scelta di una nutrizione artiﬁciale enterale piuttosto che parenterale?,Qual è in qualsiasi paziente la condizione primaria dirimente per la scelta di una nutrizione artificiale enterale piuttosto che parenterale?
2022,32,distractor,typographic,,"""Walled-oﬀ necrosis""","""Walled-off necrosis"""
2022,34,question,typographic,,"Una paziente di 78 anni ipertesa, con diabete mellito e stenosi mitralica severa, funzione epatica e renale nei limiti, sviluppa una ﬁbrillazione atriale persistente. Nella scelta della terapia anticoagulante da somministrare a scopo preventivo dell’ictus ischemico, quale delle seguenti opzioni è la più corretta?","Una paziente di 78 anni ipertesa, con diabete mellito e stenosi mitralica severa, funzione epatica e renale nei limiti, sviluppa una fibrillazione atriale persistente. Nella scelta della terapia anticoagulante da somministrare a scopo preventivo dell’ictus ischemico, quale delle seguenti opzioni è la più corretta?"
2022,36,question,typographic,,"Un paziente di 71 anni, iperteso, diabetico, aﬀetto da scompenso cardiaco a frazione di eiezione ridotta su base ischemica, si reca in visita ambulatoriale riferendo peggioramento della dispnea nell’ultimo mese, con riduzione della capacità funzionale (classe NYHA = III, rispetto all’ultima visita in cui NYHA = II). Il paziente è in terapia con ACE-inibitori, beta-bloccanti, inibitori del recettore dell’aldosterone, inibitori di SGLT2, diuretici dell’ansa, cardioaspirina. In che modo si potrebbe ottimizzare la terapia domiciliare del paziente?","Un paziente di 71 anni, iperteso, diabetico, affetto da scompenso cardiaco a frazione di eiezione ridotta su base ischemica, si reca in visita ambulatoriale riferendo peggioramento della dispnea nell’ultimo mese, con riduzione della capacità funzionale (classe NYHA = III, rispetto all’ultima visita in cui NYHA = II). Il paziente è in terapia con ACE-inibitori, beta-bloccanti, inibitori del recettore dell’aldosterone, inibitori di SGLT2, diuretici dell’ansa, cardioaspirina. In che modo si potrebbe ottimizzare la terapia domiciliare del paziente?"
2022,39,question,typographic,,Un paziente di 64 anni con ﬁbrillazione atriale parossistica viene valutato per trattamento ablativo del focus di aritmia. Quale dei seguenti elementi rappresenta un fattore di maggior rischio di recidiva dell’aritmia dopo l’ablazione?,Un paziente di 64 anni con fibrillazione atriale parossistica viene valutato per trattamento ablativo del focus di aritmia. Quale dei seguenti elementi rappresenta un fattore di maggior rischio di recidiva dell’aritmia dopo l’ablazione?
2022,39,distractor,typographic,,Ipertroﬁa ventricolare sinistra,Ipertrofia ventricolare sinistra
2022,40,distractor,typographic,,Radiograﬁa del torace in due proiezioni,Radiografia del torace in due proiezioni
2022,41,question,substantive,one distractor replaced by explanatory text from the source,Quale tra le seguenti è la causa più probabile di versamento pleurico bilaterale alla radiograﬁa del torace in un paziente di sesso maschile di 70 anni che si presenta al Pronto Soccorso con dispnea cronica riacutizzata?,Quale tra le seguenti è la causa più probabile di versamento pleurico bilaterale alla radiografia del torace in un paziente di sesso maschile di 70 anni che si presenta al Pronto Soccorso con dispnea cronica riacutizzata?
2022,41,distractor,substantive,one distractor replaced by explanatory text from the source,"nella polmonite da COVID-19, non sempre, il quadro radiologico presenta addensamenti, e non versamenti; nel danno polmonare da amiodarone si conﬁgura un quadro ﬁbrotico. L’opzione relativa alla BPCO può essere eﬀettivamente caratterizzata da versamento a livello polmonare, associata però a bolle enﬁsematose, non menzionate nel quesito. Il quadro quindi riguarda più probabilmente uno scompenso cardiaco. Diﬃcoltà",Riacutizzazione di BPCO
2022,42,question,typographic,,In quale delle seguenti categorie di malattie è più correttamente classiﬁcabile l’asma bronchiale?,In quale delle seguenti categorie di malattie è più correttamente classificabile l’asma bronchiale?
2022,42,correct option,typographic,,Inﬁammatorie croniche,Infiammatorie croniche
2022,43,question,typographic,,"Un uomo di 34 anni, italiano, residente in Maremma (Toscana), si presenta al Pronto Soccorso con febbre, cefalea e dolori diﬀusi sostenendo di avere la malaria. Aveva infatti avuto un episodio del tutto simile tre mesi prima, al rientro da un soggiorno in Messico. Il paziente riferisce che in quell’occasione era stato trattato con clorochina, che il quadro si era risolto rapidamente e che, dopo di allora, non aveva più eﬀettuato viaggi all'estero. L'esame emoscopico confermerà l'ipotesi del giovane evidenziando la presenza di plasmodi nello striscio sottile. Il nuovo episodio è verosimilmente dovuto a:","Un uomo di 34 anni, italiano, residente in Maremma (Toscana), si presenta al Pronto Soccorso con febbre, cefalea e dolori diffusi sostenendo di avere la malaria. Aveva infatti avuto un episodio del tutto simile tre mesi prima, al rientro da un soggiorno in Messico. Il paziente riferisce che in quell’occasione era stato trattato con clorochina, che il quadro si era risolto rapidamente e che, dopo di allora, non aveva più effettuato viaggi all'estero. L'esame emoscopico confermerà l'ipotesi del giovane evidenziando la presenza di plasmodi nello striscio sottile. Il nuovo episodio è verosimilmente dovuto a"
2022,44,question,typographic,,"Un uomo di 43 anni, italiano, residente in Sicilia, si presenta al Pronto Soccorso per febbre che perdura da 2 settimane e non responsiva al trattamento con amoxicillina/acido clavulanico eﬀettuato per 7 giorni. All'ingresso in Pronto Soccorso si registra febbre (TC 38,7°C), l'esame obiettivo risulta negativo per reperti patologici a carico di cuore e torace mentre sono evidenti epatomegalia e splenomegalia. L’emocromo mostra anemia normocromica normocitica, leucopenia e piastrinopenia. Tra le ipotesi infettivologiche quale risulta più probabile:","Un uomo di 43 anni, italiano, residente in Sicilia, si presenta al Pronto Soccorso per febbre che perdura da 2 settimane e non responsiva al trattamento con amoxicillina/acido clavulanico effettuato per 7 giorni. All'ingresso in Pronto Soccorso si registra febbre (TC 38,7°C), l'esame obiettivo risulta negativo per reperti patologici a carico di cuore e torace mentre sono evidenti epatomegalia e splenomegalia. L’emocromo mostra anemia normocromica normocitica, leucopenia e piastrinopenia. Tra le ipotesi infettivologiche quale risulta più probabile"
2022,45,question,typographic,,"Paziente di 65 anni, nella storia clinica tabagismo, ipertensione arteriosa in trattamento con ACE-inibitori, diabete mellito in trattamento con metformina. Normofunzione renale, esame urine negativo. Accesso in Pronto Soccorso per sindrome coronarica acuta, si esegue coronarograﬁa. Riscontro di stenosi critica delle arterie interventricolare anteriore e circonﬂessa. Si posizionano stent, inizia trattamento anti-aggregante. Al controllo dopo 10 giorni, riscontro di creatininemia di 3,5 mg/dl, eosinoﬁlia, e lesioni violacee a carico degli arti inferiori. Qual è la diagnosi più probabile tra le seguenti?","Paziente di 65 anni, nella storia clinica tabagismo, ipertensione arteriosa in trattamento con ACE-inibitori, diabete mellito in trattamento con metformina. Normofunzione renale, esame urine negativo. Accesso in Pronto Soccorso per sindrome coronarica acuta, si esegue coronarografia. Riscontro di stenosi critica delle arterie interventricolare anteriore e circonflessa. Si posizionano stent, inizia trattamento anti-aggregante. Al controllo dopo 10 giorni, riscontro di creatininemia di 3,5 mg/dl, eosinofilia, e lesioni violacee a carico degli arti inferiori. Qual è la diagnosi più probabile tra le seguenti?"
2022,46,question,typographic,,"Bracciante agricolo di 35 anni. Sostanziale benessere negli anni precedenti. Non fuma, saltuaria assunzione di superalcolici. Si presenta in Pronto Soccorso per comparsa da alcuni giorni di febbre, cefalea, ematuria, mialgie diﬀuse e dal giorno precedente riscontro di sclere itteriche. Da 48 ore oliguria. Nei giorni precedenti ha gestito irrigazione dei campi entrando in alcuni fossati per aprire le paratie senza indossare dispositivi di protezione individuali (gambali). Inizia terapia antibiotica e trattamento dialitico per 7 giorni, poi ripresa della funzione renale. Qual è la diagnosi più probabile tra le seguenti?","Bracciante agricolo di 35 anni. Sostanziale benessere negli anni precedenti. Non fuma, saltuaria assunzione di superalcolici. Si presenta in Pronto Soccorso per comparsa da alcuni giorni di febbre, cefalea, ematuria, mialgie diffuse e dal giorno precedente riscontro di sclere itteriche. Da 48 ore oliguria. Nei giorni precedenti ha gestito irrigazione dei campi entrando in alcuni fossati per aprire le paratie senza indossare dispositivi di protezione individuali (gambali). Inizia terapia antibiotica e trattamento dialitico per 7 giorni, poi ripresa della funzione renale. Qual è la diagnosi più probabile tra le seguenti?"
2022,46,distractor,typographic,,Sindrome inﬂuenzale,Sindrome influenzale
2022,47,correct option,typographic,,Edematoso-sclerotico-atroﬁco,Edematoso-sclerotico-atrofico
2022,47,distractor,typographic,,Atroﬁco-sclerotico-edematoso,Atrofico-sclerotico-edematoso
2022,47,distractor,typographic,,Adiposo-cicatriziale-atroﬁco,Adiposo-cicatriziale-atrofico
2022,50,question,typographic,,"Una giovane donna accede presso il locale Pronto Soccorso lamentando da alcuni giorni una visione sdoppiata, che si aggrava nel corso della giornata. Attualmente è in maternità per un recente parto a termine privo di complicanze. L’obiettività evidenzia diplopia e una ptosi palpebrale bilaterale, più marcata dopo prove di aﬀaticamento. Quale ipotesi diagnostica risulta più verosimile in questo contesto?","Una giovane donna accede presso il locale Pronto Soccorso lamentando da alcuni giorni una visione sdoppiata, che si aggrava nel corso della giornata. Attualmente è in maternità per un recente parto a termine privo di complicanze. L’obiettività evidenzia diplopia e una ptosi palpebrale bilaterale, più marcata dopo prove di affaticamento. Quale ipotesi diagnostica risulta più verosimile in questo contesto?"
2022,51,question,typographic,,"Un uomo di 40 anni eﬀettua una valutazione neurologica su indicazione del Medico curante dal momento che, da alcuni mesi, ha iniziato a lamentare incertezza nella deambulazione (tende a sbattere spesso contro mobili o contro gli stipiti delle porte) associata a calo della libido e disfunzione erettile. All’esame obiettivo viene riscontrata ginecomastia, oltre ad un deﬁcit campimetrico compatibile con emianopsia bitemporale. Quale tra le seguenti ipotesi appare più verosimile?","Un uomo di 40 anni effettua una valutazione neurologica su indicazione del Medico curante dal momento che, da alcuni mesi, ha iniziato a lamentare incertezza nella deambulazione (tende a sbattere spesso contro mobili o contro gli stipiti delle porte) associata a calo della libido e disfunzione erettile. All’esame obiettivo viene riscontrata ginecomastia, oltre ad un deficit campimetrico compatibile con emianopsia bitemporale. Quale tra le seguenti ipotesi appare più verosimile?"
2022,51,correct option,typographic,,Prolattinoma ipoﬁsario,Prolattinoma ipofisario
2022,51,distractor,typographic,,Sclerosi Laterale Amiotroﬁca,Sclerosi Laterale Amiotrofica
2022,52,question,typographic,,"Una bambina di 12 anni viene accompagnata a visita neuropsichiatrica dai genitori che sottolineano come la stessa abbia diﬃcoltà a ﬁschiare, sorridere, a sollevare e mantenere rivolte verso l’alto le braccia. Quale dei seguenti esami può confermare il sospetto diagnostico di una distroﬁa facio-scapolo-omerale (FSHD)?","Una bambina di 12 anni viene accompagnata a visita neuropsichiatrica dai genitori che sottolineano come la stessa abbia difficoltà a fischiare, sorridere, a sollevare e mantenere rivolte verso l’alto le braccia. Quale dei seguenti esami può confermare il sospetto diagnostico di una distrofia facio-scapolo-omerale (FSHD)?"
2022,53,question,typographic,,Un paziente aﬀetto da depressione maggiore resistente nonostante una polifarmacoterapia ottimizzata manifesta ricorrenti ideazioni e tentativi suicidari. Quale dei seguenti farmaci risulta indicato?,Un paziente affetto da depressione maggiore resistente nonostante una polifarmacoterapia ottimizzata manifesta ricorrenti ideazioni e tentativi suicidari. Quale dei seguenti farmaci risulta indicato?
2022,55,question,typographic,,Quale delle seguenti aﬀermazioni relative all’atresia esofagea con ﬁstola esofago-tracheale è ERRATA?,Quale delle seguenti affermazioni relative all’atresia esofagea con fistola esofago-tracheale è ERRATA?
2022,55,correct option,typographic,,Nella maggior parte dei casi la ﬁstola esofago-tracheale è prossimale all’atresia esofagea,Nella maggior parte dei casi la fistola esofago-tracheale è prossimale all’atresia esofagea
2022,55,distractor,typographic,,La diagnosi può essere sospettata ecograﬁcamente in epoca prenatale,La diagnosi può essere sospettata ecograficamente in epoca prenatale
2022,56,question,typographic,,Quale delle seguenti aﬀermazioni riferite alla sindrome di Alport è ERRATA?,Quale delle seguenti affermazioni riferite alla sindrome di Alport è ERRATA?
2022,56,distractor,typographic,,L’anamnesi familiare è usualmente positiva per microematuria e/o insuﬃcienza renale cronica,L’anamnesi familiare è usualmente positiva per microematuria e/o insufficienza renale cronica
2022,58,question,typographic,,Cosa si intende per eritema tossico del neonato:,Cosa si intende per eritema tossico del neonato
2022,59,question,typographic,,Un bambino di 2 anni in pieno benessere giunge al Pronto Soccorso per il reperto di massa addominale destra palpabile non dolente. Dopo iniziali accertamenti viene ipotizzata la diagnosi di tumore di Wilms. Quale delle seguenti aﬀermazioni riguardante questa neoplasia infantile è ERRATA?,Un bambino di 2 anni in pieno benessere giunge al Pronto Soccorso per il reperto di massa addominale destra palpabile non dolente. Dopo iniziali accertamenti viene ipotizzata la diagnosi di tumore di Wilms. Quale delle seguenti affermazioni riguardante questa neoplasia infantile è ERRATA?
2022,59,correct option,typographic,,E’ un tumore tipicamente a crescita inﬁltrativa,E’ un tumore tipicamente a crescita infiltrativa
2022,60,question,typographic,,Quale delle seguenti aﬀermazioni riguardante la chetoacidosi diabetica in età pediatrica è ERRATA?,Quale delle seguenti affermazioni riguardante la chetoacidosi diabetica in età pediatrica è ERRATA?
2022,63,question,typographic,,Quale tra questi è un sintomo atipico caratteristico della malattia del reﬂusso gastro-esofageo?,Quale tra questi è un sintomo atipico caratteristico della malattia del reflusso gastro-esofageo?
2022,64,question,typographic,,"Un uomo di 69 anni arriva in Pronto Soccorso dopo un episodio di ematemesi. È vigile, collaborante, FC 77/minuto PA 120/65 mmHg. Qual è l’esame diagnostico di prima scelta per individuare la causa dell’ematemesi in questo paziente?","Un uomo di 69 anni arriva in Pronto Soccorso dopo un episodio di ematemesi. E’ vigile, collaborante, FC 77/minuto PA 120/65 mmHg. Qual è l’esame diagnostico di prima scelta per individuare la causa dell’ematemesi in questo paziente?"
2022,64,distractor,typographic,,Scintigraﬁa con emazie marcate,Scintigrafia con emazie marcate
2022,64,distractor,typographic,,Arteriograﬁa,Arteriografia
2022,65,question,typographic,,"Una donna di 57 anni da alcuni mesi presenta alterazioni dell’alvo associate a dolori addominali diﬀusi, di modesta entità, ad insorgenza saltuaria e casuale. Riferisce che la madre è deceduta per un carcinoma colorettale all’età di 60 anni. Il test per la ricerca del sangue occulto nelle feci eseguito una settimana prima è risultato positivo. E’ indicata una pancolonscopia?","Una donna di 57 anni da alcuni mesi presenta alterazioni dell’alvo associate a dolori addominali diffusi, di modesta entità, ad insorgenza saltuaria e casuale. Riferisce che la madre è deceduta per un carcinoma colorettale all’età di 60 anni. Il test per la ricerca del sangue occulto nelle feci eseguito una settimana prima è risultato positivo. E’ indicata una pancolonscopia?"
2022,65,distractor,typographic,,"No, esame troppo invasivo e doloroso, prima di eﬀettuarlo sono necessari altri due test per la ricerca del sangue occulto positivi","No, esame troppo invasivo e doloroso, prima di effettuarlo sono necessari altri due test per la ricerca del sangue occulto positivi"
2022,66,question,typographic,,Un uomo di 38 anni sa di avere una calcolosi multipla della colecisti da circa tre anni. Negli ultimi 6 mesi ha presentato 3 episodi di colica biliare. Una Colangio-RM conferma la calcolosi multipla (calcolo maggiore di 3 cm) con colecisti a pareti ispessite. Via biliare principale nella norma senza evidenza di calcoli all’interno. Qual è il trattamento ideale e deﬁnitivo?,Un uomo di 38 anni sa di avere una calcolosi multipla della colecisti da circa tre anni. Negli ultimi 6 mesi ha presentato 3 episodi di colica biliare. Una Colangio-RM conferma la calcolosi multipla (calcolo maggiore di 3 cm) con colecisti a pareti ispessite. Via biliare principale nella norma senza evidenza di calcoli all’interno. Qual è il trattamento ideale e definitivo?
2022,66,distractor,typographic,,Colecistectomia e sﬁnterotomia endoscopica con stent,Colecistectomia e sfinterotomia endoscopica con stent
2022,67,question,typographic,,"In caso di ittero, il sospetto che possa essere di tipo ostruttivo sorge quando:","In caso di ittero, il sospetto che possa essere di tipo ostruttivo sorge quando"
2022,68,question,typographic,,"La triade di Whipple, insieme di tre elementi suggestivi della presenza di un insulinoma, si manifesta tipicamente:","La triade di Whipple, insieme di tre elementi suggestivi della presenza di un insulinoma, si manifesta tipicamente"
2022,68,distractor,typographic,,Durante lo sforzo ﬁsico,Durante lo sforzo fisico
2022,69,question,typographic,,L’ileo biliare è una forma di:,L’ileo biliare è una forma di
2022,70,question,typographic,,Una donna di 38 anni è stata sottoposta a colecistectomia laparoscopica per calcolosi sintomatica della colecisti. Il referto istologico deﬁnitivo descrive un carcinoma della colecisti che invade la lamina propria (pT1a). Qual è la scelta terapeutica migliore per questa paziente?,Una donna di 38 anni è stata sottoposta a colecistectomia laparoscopica per calcolosi sintomatica della colecisti. Il referto istologico definitivo descrive un carcinoma della colecisti che invade la lamina propria (pT1a). Qual è la scelta terapeutica migliore per questa paziente?
2022,70,correct option,typographic,,E’ suﬃciente la colecistectomia laparoscopica,E’ sufficiente la colecistectomia laparoscopica
2022,73,question,typographic,,Un neonato di tre settimane di vita giunge in Pronto Soccorso per vomito alimentare ingravescente. A seguito di accertamenti viene posta diagnosi di stenosi ipertroﬁca del piloro. Quale delle seguenti aﬀermazioni NON è corretta?,Un neonato di tre settimane di vita giunge in Pronto Soccorso per vomito alimentare ingravescente. A seguito di accertamenti viene posta diagnosi di stenosi ipertrofica del piloro. Quale delle seguenti affermazioni NON è corretta?
2022,74,question,typographic,,"Ad una paziente di 50 anni è stato diagnosticato un carcinoma mammario ed è stata posta indicazione a mastectomia skin-sparing. La paziente ha un BMI di 28, non è fumatrice, non assume farmaci e non presenta comorbidità. Quale delle seguenti aﬀermazioni circa le possibilità di ricostruzione della mammella in questa assistita è corretta?","Ad una paziente di 50 anni è stato diagnosticato un carcinoma mammario ed è stata posta indicazione a mastectomia skin-sparing. La paziente ha un BMI di 28, non è fumatrice, non assume farmaci e non presenta comorbidità. Quale delle seguenti affermazioni circa le possibilità di ricostruzione della mammella in questa assistita è corretta?"
2022,74,distractor,typographic,,La ricostruzione eterologa necessita sempre di un secondo intervento chirurgico per la sostituzione dell’espansore con la protesi deﬁnitiva,La ricostruzione eterologa necessita sempre di un secondo intervento chirurgico per la sostituzione dell’espansore con la protesi definitiva
2022,75,question,typographic,,"Secondigravida nullipara, appendicectomizzata, di 26 anni, con dismenorrea insorta da circa 2 anni, non utilizzatrice di contraccettivi, giunge al Pronto Soccorso per dolore pelvico ingravescente non rispondente ai FANS insorto durante il terzo giorno di ﬂusso mestruale. Si presenta con stabilità emodinamica, reazione peritoneale, esami ematochimici di base nella norma con Hb 10,3 g/dl, test di gravidanza negativo. Qual è l’indagine diagnostica ginecologica di primo livello a cui sottoporla?","Secondigravida nullipara, appendicectomizzata, di 26 anni, con dismenorrea insorta da circa 2 anni, non utilizzatrice di contraccettivi, giunge al Pronto Soccorso per dolore pelvico ingravescente non rispondente ai FANS insorto durante il terzo giorno di flusso mestruale. Si presenta con stabilità emodinamica, reazione peritoneale, esami ematochimici di base nella norma con Hb 10,3 g/dl, test di gravidanza negativo. Qual è l’indagine diagnostica ginecologica di primo livello a cui sottoporla?"
2022,75,correct option,typographic,,Ecograﬁa transvaginale,Ecografia transvaginale
2022,75,distractor,typographic,,Sonoisterograﬁa,Sonoisterografia
2022,77,distractor,substantive,one distractor replaced by explanatory text from the source,"dopo un travaglio prolungato è più diﬃcile che l'utero si contragga in risposta alla somministrazione di uterotonici). L'ipotiroidismo materno, invece, non aumenta il rischio di emorragia post partum. (Risposta A corretta) Diﬃcoltà : Media",Travaglio prolungato
2022,78,question,typographic,,"Primigravida alla 34 settimana, sino a quel momento in evoluzione ﬁsiologica, accusa prurito diﬀuso non associato a lesioni cutanee o all’assunzione di farmaci. Quale è la causa più probabile?","Primigravida alla 34 settimana, sino a quel momento in evoluzione fisiologica, accusa prurito diffuso non associato a lesioni cutanee o all’assunzione di farmaci. Quale è la causa più probabile?"
2022,79,question,typographic,,"Donna di 32 anni, in puerperio, manifesta una persistenza di lochiazioni a tre mesi dal parto che si fanno progressivamente più abbondanti, maleodoranti e associate a febbre serotina. Esegue ecograﬁa pelvica che dimostra un ispessimento focale endometriale di 25 mm. L’ipotesi diagnostica più probabile è:","Donna di 32 anni, in puerperio, manifesta una persistenza di lochiazioni a tre mesi dal parto che si fanno progressivamente più abbondanti, maleodoranti e associate a febbre serotina. Esegue ecografia pelvica che dimostra un ispessimento focale endometriale di 25 mm. L’ipotesi diagnostica più probabile è"
2022,80,question,typographic,,Quale delle seguenti aﬀermazioni relative ai cambiamenti del sistema cardiovascolare in gravidanza è corretta?,Quale delle seguenti affermazioni relative ai cambiamenti del sistema cardiovascolare in gravidanza è corretta?
2022,81,question,typographic,,"Una donna di 25 anni con cicli regolari, che sta cercando di avere un ﬁglio da un anno, ha iniziato a misurare la temperatura basale rilevando un aumento della temperatura nella seconda metà del ciclo. Qual è la ragione di tale aumento di temperatura?","Una donna di 25 anni con cicli regolari, che sta cercando di avere un figlio da un anno, ha iniziato a misurare la temperatura basale rilevando un aumento della temperatura nella seconda metà del ciclo. Qual è la ragione di tale aumento di temperatura?"
2022,82,correct option,typographic,,Ecograﬁa transvaginale,Ecografia transvaginale
2022,83,question,typographic,,"Un uomo di 38 anni riferisce tumefazione e dolore ingravescenti in corrispondenza del polso sinistro da circa 8 mesi. E’ stato sottoposto a esame radiograﬁco (vedi immagine) ed esame bioptico, che consentono di porre diagnosi di tumore a cellule giganti dell’osso. Qual è il trattamento iniziale più appropriato per questo paziente?","Un uomo di 38 anni riferisce tumefazione e dolore ingravescenti in corrispondenza del polso sinistro da circa 8 mesi. E’ stato sottoposto a esame radiografico (vedi immagine) ed esame bioptico, che consentono di porre diagnosi di tumore a cellule giganti dell’osso Qual è il trattamento iniziale più appropriato per questo paziente?"
2022,84,question,typographic,,Un bambino di 10 anni riferisce l’insorgenza di dolore dopo un trauma alla spalla destra riportato durante una partita di calcio. I genitori negano precedenti dolori o traumi alla stessa spalla. La radiograﬁa è mostrata nella ﬁgura. Qual è la diagnosi più probabile fra le seguenti?,Un bambino di 10 anni riferisce l’insorgenza di dolore dopo un trauma alla spalla destra riportato durante una partita di calcio. I genitori negano precedenti dolori o traumi alla stessa spalla. La radiografia è mostrata nella figura. Qual è la diagnosi più probabile fra le seguenti?
2022,84,distractor,typographic,,Distacco epiﬁsario prossimale dell’omero,Distacco epifisario prossimale dell’omero
2022,85,question,typographic,,Un pallavolista di 22 anni si presenta con dolore acuto al ginocchio sinistro e modica tumefazione articolare in seguito a un trauma distorsivo riportato dopo un salto. Riferisce sensazione di blocco del ginocchio e l’esame dell’articolarità mostra un arco di movimento compreso tra i 20 e i 90 gradi. La ﬁgura A mostra un’immagine artroscopica del compartimento antero-mediale del ginocchio e la Figura B un’immagine della RM. Quale delle seguenti diagnosi è la più probabile?,Un pallavolista di 22 anni si presenta con dolore acuto al ginocchio sinistro e modica tumefazione articolare in seguito a un trauma distorsivo riportato dopo un salto. Riferisce sensazione di blocco del ginocchio e l’esame dell’articolarità mostra un arco di movimento compreso tra i 20 e i 90 gradi. La figura A mostra un’immagine artroscopica del compartimento antero-mediale del ginocchio e la Figura B un’immagine della RM. Quale delle seguenti diagnosi è la più probabile?
2022,86,question,typographic,,Quali lesioni scheletriche vengono classiﬁcate secondo Salter e Harris?,Quali lesioni scheletriche vengono classificate secondo Salter e Harris?
2022,86,correct option,typographic,,Distacchi epiﬁsari,Distacchi epifisari
2022,88,question,typographic,,"Un paziente di 66 anni con diagnosi di ipertroﬁa prostatica benigna, riferisce progressivo peggioramento del quadro minzionale con pollachiuria diurna e notturna e ﬂusso urinario ridotto. Nega macroematuria e stranguria. Quale tra le seguenti classi di farmaci potrebbe essere impiegata per il trattamento di tale sintomatologia?","Un paziente di 66 anni con diagnosi di ipertrofia prostatica benigna, riferisce progressivo peggioramento del quadro minzionale con pollachiuria diurna e notturna e flusso urinario ridotto. Nega macroematuria e stranguria. Quale tra le seguenti classi di farmaci potrebbe essere impiegata per il trattamento di tale sintomatologia?"
2022,89,question,typographic,,"Una donna di 18 anni con anamnesi caratterizzata da infezioni urinarie ricorrenti, episodi febbrili e dolori al ﬁanco destro, si presenta al Pronto Soccorso. Nel sospetto di pielonefrite da reﬂusso vescico-ureterale a quale dei seguenti esami sottoporreste la paziente?","Una donna di 18 anni con anamnesi caratterizzata da infezioni urinarie ricorrenti, episodi febbrili e dolori al fianco destro, si presenta al Pronto Soccorso. Nel sospetto di pielonefrite da reflusso vescico-ureterale a quale dei seguenti esami sottoporreste la paziente?"
2022,89,correct option,typographic,,Cisto-uretrograﬁa retrograda e minzionale,Cisto-uretrografia retrograda e minzionale
2022,89,distractor,typographic,,Pielograﬁa anterograda,Pielografia anterograda
2022,89,distractor,typographic,,Ecograﬁa pelvica,Ecografia pelvica
2022,90,distractor,typographic,,Ecograﬁa,Ecografia
2022,90,distractor,typographic,,Scintigraﬁa renale sequenziale,Scintigrafia renale sequenziale
2022,91,question,typographic,,"Una donna di 54 anni giunge al Pronto Soccorso per violenta cefalea nucale a esordio improvviso, durante uno sforzo ﬁsico. La paziente si presenta sveglia, collaborante e apiretica, con lieve emiparesi destra e con rigidità nucale. Il sospetto clinico è di emorragia subaracnoidea. Quale tra questi è l’accertamento strumentale indicato in prima istanza per questa situazione?","Una donna di 54 anni giunge al Pronto Soccorso per violenta cefalea nucale a esordio improvviso, durante uno sforzo fisico. La paziente si presenta sveglia, collaborante e apiretica, con lieve emiparesi destra e con rigidità nucale. Il sospetto clinico è di emorragia sub- aracnoidea. Quale tra questi è l’accertamento strumentale indicato in prima istanza per questa situazione?"
2022,92,correct option,typographic,,Intervento chirurgico con monitoraggio neuroﬁsiologico intraoperatorio,Intervento chirurgico con monitoraggio neurofisiologico intraoperatorio
2022,93,correct option,typographic,,Fluoroangiograﬁa retinica,Fluoroangiografia retinica
2022,93,distractor,typographic,,Tomograﬁa a coerenza ottica (OCT) delle ﬁbre del nervo ottico,Tomografia a coerenza ottica (OCT) delle fibre del nervo ottico
2022,94,distractor,typographic,,Ecograﬁa orbitaria,Ecografia orbitaria
2022,94,distractor,typographic,,Ecograﬁa addominale,Ecografia addominale
2022,94,distractor,typographic,,Ecocardiograﬁa,Ecocardiografia
2022,96,question,typographic,,"Un carcinoma squamoso del cavo orale, bordo linguale, misura 15 mm nella dimensione massima e presenta un DOI (profondità di invasione, ""depth of invasion"") di 8 mm. Come si classiﬁca secondo il TNM ottava edizione?","Un carcinoma squamoso del cavo orale, bordo linguale, misura 15 mm nella dimensione massima e presenta un DOI (profondità di invasione, ""depth of invasion"") di 8 mm. Come si classifica secondo il TNM ottava edizione?"
2022,97,question,typographic,,La lamina papiracea è una sottile lamina ossea che forma:,La lamina papiracea è una sottile lamina ossea che forma
2022,98,question,typographic,,La vertigine parossistica posizionale benigna si caratterizza per:,La vertigine parossistica posizionale benigna si caratterizza per
2022,98,distractor,typographic,,"Una crisi vertiginosa lentamente progressiva, persistente, con diﬃcoltà a mantenere la stazione eretta","Una crisi vertiginosa lentamente progressiva, persistente, con difficoltà a mantenere la stazione eretta"
2022,99,question,typographic,,"Riguardo la chiusura percutanea del forame ovale pervio (PFO) in un paziente di 60 anni, quale delle seguenti aﬀermazioni è corretta?","Riguardo la chiusura percutanea del forame ovale pervio (PFO) in un paziente di 60 anni, quale delle seguenti affermazioni è corretta?"
2022,100,correct option,substantive,correct option replaced by explanatory text from the source,il test di Wright è un test speciﬁco per diagnosticare la sd dello stretto toracico e la costa cervicale sovrannumeraria è un fattore di rischio patognomonico per tale sindrome. Diﬃcoltà : Facile,Sindrome dello stretto toracico superiore
2022,101,question,typographic,,Come viene deﬁnita una dissezione aortica ad origine dalla aorta toracica discendente e coinvolgente l’aorta addominale secondo la classiﬁcazione di Stanford?,Come viene definita una dissezione aortica ad origine dalla aorta toracica discendente e coinvolgente l’aorta addominale secondo la classificazione di Stanford?
2022,102,distractor,typographic,,Tromboﬂebite superﬁciale,Tromboflebite superficiale
2022,103,question,typographic,,"Un giovane si presenta con multipli polipi amartomatosi dell’intestino, iperpigmentazione muco-cutanea, specialmente della mucosa orale. La diagnosi più probabile è:","Un giovane si presenta con multipli polipi amartomatosi dell’intestino, iperpigmentazione muco-cutanea, specialmente della mucosa orale. La diagnosi più probabile è"
2022,104,question,typographic,,"Un bambino di 7 anni manifesta diﬃcoltà a mantenere l'equilibrio e a coordinare i movimenti; presenta inoltre forti cefalee, nausea e vomito. Alla risonanza magnetica si osserva una massa cerebellare. L’esame istologico della biopsia mostra piccole cellule con nuclei rotondi o ovoidali e frequenti pseudo-rosette di Homer Wright. La diagnosi istologica più probabile è:","Un bambino di 7 anni manifesta difficoltà a mantenere l'equilibrio e a coordinare i movimenti; presenta inoltre forti cefalee, nausea e vomito. Alla risonanza magnetica si osserva una massa cerebellare. L’esame istologico della biopsia mostra piccole cellule con nuclei rotondi o ovoidali e frequenti pseudo-rosette di Homer Wright. La diagnosi istologica più probabile è"
2022,106,question,typographic,,"Un uomo di 72 anni, cacciatore, riporta una frattura della clavicola da contraccolpo. Il paziente ha un’anamnesi positiva per pregresso carcinoma della prostata. All’esame radiologico, nella sede della frattura, si osserva evidente osteolisi. La TC total body mostra lesioni multiple osteolitiche in diﬀerenti segmenti scheletrici. All’esame istologico, eﬀettuato su materiale prelevato nella sede della frattura, si osservano numerose cellule CD138 e CD56 positive raccolte in nidi. La diagnosi più probabile è:","Un uomo di 72 anni, cacciatore, riporta una frattura della clavicola da contraccolpo. Il paziente ha un’anamnesi positiva per pregresso carcinoma della prostata. All’esame radiologico, nella sede della frattura, si osserva evidente osteolisi. La TC total body mostra lesioni multiple osteolitiche in differenti segmenti scheletrici. All’esame istologico, effettuato su materiale prelevato nella sede della frattura, si osservano numerose cellule CD138 e CD56 positive raccolte in nidi. La diagnosi più probabile è"
2022,107,distractor,typographic,,Eﬀettuare quanto prima una vaccinazione anti-Toxoplasma,Effettuare quanto prima una vaccinazione anti-Toxoplasma
2022,107,distractor,typographic,,Iniziare una proﬁlassi con trimetoprim-sulfametossazolo,Iniziare una profilassi con trimetoprim-sulfametossazolo
2022,107,distractor,typographic,,Iniziare una proﬁlassi con azitromicina,Iniziare una profilassi con azitromicina
2022,108,question,typographic,,"Un uomo di 52 anni, con negatività anamnestica per COVID-19 e vaccinato con tre dosi di vaccino mRNA anti-COVID, esegue un test sierologico per anticorpi anti SARS-CoV-2 a distanza di un mese dalla terza dose. Quale proﬁlo sierologico ci aspettiamo di trovare?","Un uomo di 52 anni, con negatività anamnestica per COVID-19 e vaccinato con tre dosi di vaccino mRNA anti-COVID, esegue un test sierologico per anticorpi anti SARS-CoV-2 a distanza di un mese dalla terza dose. Quale profilo sierologico ci aspettiamo di trovare?"
2022,109,question,typographic,,Un uomo di 85 anni viene indirizzato all'ematologo per il riscontro all'elettroforesi sieroproteica di una banda omogenea in zona Beta. L'immunoﬁssazione sierica conferma la presenza di una componente monoclonale. Quale tra le seguenti ipotesi diagnostiche NON è congrua con questo referto?,Un uomo di 85 anni viene indirizzato all'ematologo per il riscontro all'elettroforesi sieroproteica di una banda omogenea in zona Beta. L'immunofissazione sierica conferma la presenza di una componente monoclonale. Quale tra le seguenti ipotesi diagnostiche NON è congrua con questo referto?
2022,109,distractor,typographic,,MGUS (Gammopatia Monoclonale di Incerto Signiﬁcato),MGUS (Gammopatia Monoclonale di Incerto Significato)
2022,111,question,typographic,,"Paziente di 50 anni accede al Pronto Soccorso in regime di massima urgenza per trauma maggiore in seguito ad incidente stradale. Il paziente presenta stabilità emodinamica. La valutazione ""ecograﬁca fast"" dimostra esile falda di versamento endoperitoneale maggiormente evidente in sede perisplenica. Il medico pone il sospetto di lesione traumatica della milza. In quale fase contrastograﬁca TC può essere meglio visualizzata una lacerazione splenica?","Paziente di 50 anni accede al Pronto Soccorso in regime di massima urgenza per trauma maggiore in seguito ad incidente stradale. Il paziente presenta stabilità emodinamica. La valutazione ""ecografica fast"" dimostra esile falda di versamento endoperitoneale maggiormente evidente in sede perisplenica. Il medico pone il sospetto di lesione traumatica della milza. In quale fase contrastografica TC può essere meglio visualizzata una lacerazione splenica"
2022,112,question,typographic,,"Paziente di 50 anni accede al Pronto Soccorso in regime di massima urgenza per trauma maggiore in seguito ad incidente stradale. Il paziente presenta stabilità emodinamica. La valutazione ""ecograﬁca fast"" dimostra esile falda di versamento endoperitoneale maggiormente evidente in sede perisplenica. Il medico pone il sospetto di lesione traumatica della milza. La radiologia interventistica vascolare può giocare attualmente un ruolo nel management delle lesioni traumatiche spleniche?","Paziente di 50 anni accede al Pronto Soccorso in regime di massima urgenza per trauma maggiore in seguito ad incidente stradale. Il paziente presenta stabilità emodinamica. La valutazione ""ecografica fast"" dimostra esile falda di versamento endoperitoneale maggiormente evidente in sede perisplenica. Il medico pone il sospetto di lesione traumatica della milza. La radiologia interventistica vascolare può giocare attualmente un ruolo nel management delle lesioni traumatiche spleniche?"
2022,113,distractor,typographic,,Scintigraﬁa di perfusione,Scintigrafia di perfusione
2022,113,distractor,typographic,,Scintigraﬁa di ventilazione,Scintigrafia di ventilazione
2022,113,distractor,typographic,,Radiograﬁa del torace,Radiografia del torace
2022,114,question,typographic,,"Paziente di 74 anni allettato dopo intervento per frattura di femore, accede in Pronto Soccorso per sincope, dolore toracico e dispnea ad esordio improvviso. Il paziente presenta inoltre febbre e tosse stizzosa.Nel sospetto di associazione di processo broncopneumonico ad embolia polmonare, quale delle seguenti aﬀermazioni è corretta?","Paziente di 74 anni allettato dopo intervento per frattura di femore, accede in Pronto Soccorso per sincope, dolore toracico e dispnea ad esordio improvviso. Il paziente presenta inoltre febbre e tosse stizzosa. Nel sospetto di associazione di processo broncopneumonico ad embolia polmonare, quale delle seguenti affermazioni è corretta?"
2022,114,distractor,typographic,,Deve essere eseguita una radiograﬁa del torace perché ha migliore accuratezza diagnostica nei quadri infettivi,Deve essere eseguita una radiografia del torace perché ha migliore accuratezza diagnostica nei quadri infettivi
2022,115,question,typographic,,"Paziente di 50 anni si presenta in Pronto Soccorso per dolore al ﬁanco destro irradiato inferiormente al testicolo omolaterale, ematuria e vomito. Viene posto il sospetto di colica renale causata da formazione litiasica. Quale delle seguenti aﬀermazioni è vera?","Paziente di 50 anni si presenta in Pronto Soccorso per dolore al fianco destro irradiato inferiormente al testicolo omolaterale, ematuria e vomito. Viene posto il sospetto di colica renale causata da formazione litiasica. Quale delle seguenti affermazioni è vera?"
2022,115,distractor,typographic,,L’ecograﬁa dell’addome visualizza sempre la formazione urolitiasica,L’ecografia dell’addome visualizza sempre la formazione urolitiasica
2022,115,distractor,typographic,,L’urograﬁa deve essere eseguita entro 24 ore,L’urografia deve essere eseguita entro 24 ore
2022,116,question,typographic,,"Un soggetto di sesso maschile, con precedenti penali per traﬃco di droga, giunge in coma al Pronto Soccorso con sospetto di ingestione di ""ovuli"" con sostanze stupefacenti. Quale metodica rappresenta il gold standard per la visualizzazione di detti ""ovuli"" nel tratto gastroenterico?","Un soggetto di sesso maschile, con precedenti penali per traffico di droga, giunge in coma al Pronto Soccorso con sospetto di ingestione di ""ovuli"" con sostanze stupefacenti. Quale metodica rappresenta il gold standard per la visualizzazione di detti ""ovuli"" nel tratto gastroenterico?"
2022,116,distractor,typographic,,Ecograﬁa,Ecografia
2022,118,question,typographic,,"Paziente di 28 anni, con anamnesi negativa per patologie sistemiche e riferita reazione allergica alle cefalosporine, candidato ad intervento di colecistectomia per calcolosi. Dopo l’induzione dell’anestesia generale con propofol, fentanyl e midazolam, curarizzazione con rocuronio ed intubazione oro-tracheale, comparsa di una reazione anaﬁlattica con eritema colore rosso gambero, dapprima sulla parte alta del torace e la faccia, edema della lingua e delle palpebre e labbra, ipotensione con tachicardia, crisi convulsive. Quale delle seguenti classi di farmaci può più facilmente indurre complicanze anaﬁlattiche?","Paziente di 28 anni, con anamnesi negativa per patologie sistemiche e riferita reazione allergica alle cefalosporine, candidato ad intervento di colecistectomia per calcolosi. Dopo l’induzione dell’anestesia generale con propofol, fentanyl e midazolam, curarizzazione con rocuronio ed intubazione oro-tracheale, comparsa di una reazione anafilattica con eritema colore rosso gambero, dapprima sulla parte alta del torace e la faccia, edema della lingua e delle palpebre e labbra, ipotensione con tachicardia, crisi convulsive. Quale delle seguenti classi di farmaci può più facilmente indurre complicanze anafilattiche?"
2022,119,correct option,substantive,explanatory text appended to one distractor,Anamnesi accurata ed esame obiettivo per deﬁnirne l'autonomia e la gravità delle comorbidità cardiache e respiratorie,Anamnesi accurata ed esame obiettivo per definirne l'autonomia e la gravità delle comorbidità cardiache e respiratorie
2022,119,distractor,substantive,explanatory text appended to one distractor,"Prove funzionali respiratorie, emogasanalisi, radiograﬁa toracica","Prove funzionali respiratorie, emogasanalisi, radiografia toracica"
2022,119,distractor,substantive,explanatory text appended to one distractor,"Test di provocazione bronchiale, per la misura dell’ossido nitrico presente nell’aria espirata. Bisogna sempre considerare il rapporto costo-beneﬁcio e l’eﬀettiva utilità di condurre un esame diagnostico,utile per la stratiﬁcazione del rischio di un paziente","Test di provocazione bronchiale, per la misura dell’ossido nitrico presente nell’aria espirata"
2022,120,question,typographic,,"Un paziente di 70 anni in corso di Anestesia Generale con intubazione oro-tracheale presenta una grave desaturazione con fuoriuscita dal tubo endotracheale di un liquido rosato e all’auscultazione rantoli diﬀusi ad entrambi gli emitoraci, per cui si ipotizza un edema polmonare. Tra gli altri provvedimenti su setting ventilatorio impostato è opportuno:","Un paziente di 70 anni in corso di Anestesia Generale con intubazione oro-tracheale presenta una grave desaturazione con fuoriuscita dal tubo endotracheale di un liquido rosato e all’auscultazione rantoli diffusi ad entrambi gli emitoraci, per cui si ipotizza un edema polmonare. Tra gli altri provvedimenti su setting ventilatorio impostato è opportuno"
2022,120,correct option,typographic,,Aumentare la PEEP ﬁno a 8 cm H2O,Aumentare la PEEP fino a 8 cm H2O
2022,120,distractor,typographic,,Non modiﬁcare la PEEP impostata dall’inizio a 5 cm H2O,Non modificare la PEEP impostata dall’inizio a 5 cm H2O
2022,121,question,typographic,,"In un paziente politraumatizzato in cui è stato diagnosticato ematoma intracerebrale, pneumotorace e rottura di milza, la sequenza degli interventi è:","In un paziente politraumatizzato in cui è stato diagnosticato ematoma intracerebrale, pneumotorace e rottura di milza, la sequenza degli interventi è"
2022,123,question,typographic,,Quale delle seguenti aﬀermazioni relative alla condizione di iponatriemia è corretta?,Quale delle seguenti affermazioni relative alla condizione di iponatriemia è corretta?
2022,123,correct option,typographic,,Viene deﬁnita quando la concentrazione plasmatica del sodio è <135 mmol/L,Viene definita quando la concentrazione plasmatica del sodio è <135 mmol/L
2022,124,question,typographic,,Quale tra i seguenti è un criterio diagnostico di RISCHIO nella classiﬁcazione RIFLE di Acute Kidney Injury?,Quale tra i seguenti è un criterio diagnostico di RISCHIO nella classificazione RIFLE di Acute Kidney Injury?
2022,125,question,typographic,,Indicare l’aﬀermazione corretta riferibile alla manovra di tracheostomia:,Indicare l’affermazione corretta riferibile alla manovra di tracheostomia
2022,126,question,typographic,,Un soggetto aﬀetto da Morbo di Parkinson si presenta per camptocormia a visita specialistica ﬁsiatrica. Per cosa si caratterizza tale alterazione della postura?,Un soggetto affetto da Morbo di Parkinson si presenta per camptocormia a visita specialistica fisiatrica. Per cosa si caratterizza tale alterazione della postura?
2022,126,correct option,typographic,,"Accentuazione del normale angolo di ﬂessione anteriore della colonna toraco-lombare sul piano sagittale, che si riduce durante il clinostatismo","Accentuazione del normale angolo di flessione anteriore della colonna toraco-lombare sul piano sagittale, che si riduce durante il clinostatismo"
2022,126,distractor,typographic,,"Accentuazione del normale angolo di ﬂessione anteriore della colonna toraco-lombare sul piano sagittale, che si riduce durante la deambulazione","Accentuazione del normale angolo di flessione anteriore della colonna toraco-lombare sul piano sagittale, che si riduce durante la deambulazione"
2022,126,distractor,typographic,,Pronunciata ﬂessione laterale del tronco,Pronunciata flessione laterale del tronco
2022,126,distractor,typographic,,"Accentuazione del normale angolo di ﬂessione anteriore della colonna toraco-lombare sul piano sagittale, che si accentua marcatamente durante il clinostatismo","Accentuazione del normale angolo di flessione anteriore della colonna toraco-lombare sul piano sagittale, che si accentua marcatamente durante il clinostatismo"
2022,129,question,typographic,,Gli studi clinici di fase II:,Gli studi clinici di fase II
2022,129,correct option,typographic,,Hanno tra gli obiettivi la valutazione della dose più eﬃcace del farmaco,Hanno tra gli obiettivi la valutazione della dose più efficace del farmaco
2022,129,distractor,typographic,,Hanno come obiettivo la deﬁnizione della massima dose tollerabile,Hanno come obiettivo la definizione della massima dose tollerabile
2022,129,distractor,typographic,,Veriﬁcano le interazioni farmacologiche prevedibili,Verificano le interazioni farmacologiche prevedibili
2022,130,distractor,typographic,,Morﬁna,Morfina
2022,130,distractor,typographic,,Buprenorﬁna,Buprenorfina
2022,132,question,typographic,,"A proposito di indicatori oggi utilizzati a livello internazionale per misurare il burden delle malattie, indicare quale tra le seguenti aﬀermazioni è FALSA:","A proposito di indicatori oggi utilizzati a livello internazionale per misurare il burden delle malattie, indicare quale tra le seguenti affermazioni è FALSA"
2022,133,question,typographic,,Nel caso di malattie prevenibili con la vaccinazione l’obiettivo eradicazione si ottiene quando:,Nel caso di malattie prevenibili con la vaccinazione l’obiettivo eradicazione si ottiene quando
2022,133,distractor,typographic,,A livello di una o più regioni è documentata la deﬁnitiva boniﬁca dei serbatoi animali a prescindere dal numero di casi ancora presenti,A livello di una o più regioni è documentata la definitiva bonifica dei serbatoi animali a prescindere dal numero di casi ancora presenti
2022,134,question,typographic,,"In occasione di emergenze dovute a eventi naturali (alluvioni, terremoti, ecc.) o anche artiﬁciali (guerra) è più probabile l’insorgenza di epidemie di:","In occasione di emergenze dovute a eventi naturali (alluvioni, terremoti, ecc.) o anche artificiali (guerra) è più probabile l’insorgenza di epidemie di"
2022,135,question,typographic,,"I vaccini anti SARS-CoV-2, a mRNA e a vettore virale, utilizzati per la campagna di vaccinazione in Italia:","I vaccini anti SARS-CoV-2, a mRNA e a vettore virale, utilizzati per la campagna di vaccinazione in Italia"
2022,135,distractor,typographic,,Conferiscono protezione più eﬃcace nei confronti dell’infezione che della malattia,Conferiscono protezione più efficace nei confronti dell’infezione che della malattia
2022,136,question,typographic,,La bissinosi è:,La bissinosi è
2022,137,question,typographic,,Secondo la IARC la formaldeide:,Secondo la IARC la formaldeide
2022,138,question,typographic,,"A seguito di caduta da un’impalcatura posta nel cantiere in cui stava lavorando, giunge in Pronto Soccorso un uomo di 40 anni, con politraumi e prognosi superiore ai 40 giorni. Il medico, trattandosi di lesioni verosimilmente colpose, deve:","A seguito di caduta da un’impalcatura posta nel cantiere in cui stava lavorando, giunge in Pronto Soccorso un uomo di 40 anni, con politraumi e prognosi superiore ai 40 giorni. Il medico, trattandosi di lesioni verosimilmente colpose, deve"
2022,138,distractor,typographic,,Notiﬁcare l’evento al Tribunale del Lavoro,Notificare l’evento al Tribunale del Lavoro
2022,138,distractor,typographic,,Notiﬁcare l’evento all’INPS,Notificare l’evento all’INPS
2022,138,distractor,typographic,,Notiﬁcare l’evento al Giudice Tutelare,Notificare l’evento al Giudice Tutelare
2022,139,question,typographic,,"Un uomo di 80 anni, aﬀetto da malattia tumorale metastatica da diversi anni, decede presso il proprio domicilio. I familiari contattano il medico curante richiedendo, se possibile, di poter programmare il funerale per il pomeriggio stesso. Il medico curante:","Un uomo di 80 anni, affetto da malattia tumorale metastatica da diversi anni, decede presso il proprio domicilio. I familiari contattano il medico curante richiedendo, se possibile, di poter programmare il funerale per il pomeriggio stesso. Il medico curante"
2022,139,correct option,typographic,,Avverte che il funerale non potrà essere eﬀettuato prima della visita del medico necroscopo del territorio,Avverte che il funerale non potrà essere effettuato prima della visita del medico necroscopo del territorio
2022,139,distractor,typographic,,"Si reca immediatamente al domicilio del paziente, compila la scheda ISTAT e redige il certiﬁcato necroscopico","Si reca immediatamente al domicilio del paziente, compila la scheda ISTAT e redige il certificato necroscopico"
2022,139,distractor,typographic,,Non deve redigere alcun certiﬁcato,Non deve redigere alcun certificato
2022,139,distractor,typographic,,Compila il solo certiﬁcato necroscopico,Compila il solo certificato necroscopico
2022,140,question,typographic,,La deviazione standard si ottiene come:,La deviazione standard si ottiene come
2023,1,question,typographic,,Un ragazzo di 28 anni con stenosi valvolare aortica severa viene avviato alla sostituzione valvolare aortica in ministernotomia. L’intervento viene eseguito con un’incisione:,Un ragazzo di 28 anni con stenosi valvolare aortica severa viene avviato alla sostituzione valvolare aortica in ministernotomia. L’intervento viene eseguito con un’incisione
2023,2,question,typographic,,Lo pneumotorace NON è in genere associato a:,Lo pneumotorace NON è in genere associato a
2023,8,question,typographic,,Il glaucoma è:,Il glaucoma è
2023,9,question,typographic,,Un uomo di 57 anni accusa diplopia orizzontale binoculare. La visione doppia peggiora nello sguardo verso destra. Quale tra le seguenti è la diagnosi più probabile:,Un uomo di 57 anni accusa diplopia orizzontale binoculare. La visione doppia peggiora nello sguardo verso destra. Quale tra le seguenti è la diagnosi più probabile
2023,11,question,wording,,"Un paziente di otto anni viene accompagnato al Pronto Soccorso per comparsa di tumefazione cervicale mediana anteriore, dolente ed iperemica. Agli atti deglutitori si apprezza rapporto con l’osso ioide. Quale tra le seguenti è la diagnosi più probabile?","Un paziente di otto anni viene accompagnato al Pronto Soccorso per comparsa di tumefazione cervicale mediana anteriore, dolorabile ed iperemica. Agli atti deglutitori si apprezza rapporto con l’osso ioide. Quale tra le seguenti è la diagnosi più probabile?"
2023,12,question,typographic,,"Un paziente di 55 anni, sottoposto due anni prima a chirurgia implantare a livello dell’arcata alveolare superiore destra, lamenta dolore da giorni a livello facciale infraorbitario destro. L’esame endoscopico mostra edema e secrezioni purulente a carico del complesso ostio-meatale destro. Quale tra le seguenti è la diagnosi più probabile?","Un paziente di 55 anni, sottoposto due anni prima a chirurgia implantare a livello dell’arcata alveolare superiore destra, lamenta dolore da giorni a livello facciale infraorbitario destro. L’esame endoscopico mostra edema e secrezioni purulente a carico del complesso ostio- meatale destro. Quale tra le seguenti è la diagnosi più probabile?"
2023,14,question,typographic,,"Ad un giovane di 30 anni vengono diagnosticati un feocromocitoma, aumento del paratormone ed un nodulo tiroideo positivo per carcinoma midollare. Quale tra le seguenti è la diagnosi più probabile?","Ad un giovane di 30 anni vengono diagnosticati un feocromocitoma, aumento del paratormone ed un nodulo tiroideo positivo per carcinoma midollare. Quale tra le seguenti è la diagnosi più probabile"
2023,16,question,typographic,,Un uomo di 62 anni ha di recente sviluppato un diabete mellito con costante perdita di peso e dolore puntorio localizzato ai quadranti superiori dell’addome ed irradiato al dorso. Qual è il sospetto diagnostico più probabile tra i seguenti?,Un uomo di 62 anni ha di recente sviluppato un diabete mellito con costante perdita di peso e dolore puntorio localizzato ai quadranti superiori dell'addome ed irradiato al dorso. Qual è il sospetto diagnostico più probabile tra i seguenti?
2023,17,question,typographic,,"Un uomo di 45 anni è affetto da calcolosi della colecisti, diverticoli del colon, reflusso gastroesofageo. Quale nome si associa a quest’insieme di patologie?","Un uomo di 45 anni è affetto da calcolosi della colecisti, diverticoli del colon, reflusso gastroesofageo. Quale nome si associa a quest'insieme di patologie?"
2023,18,question,wording,,"In un uomo di 75 anni affetto da molto tempo da dispepsia cronica resistente alla terapia, quale tra le seguenti indagine diagnostica iniziale più appropriata?","In un uomo di 75 anni affetto da molto tempo da dispepsia cronica resistente alla terapia, quale è tra le seguenti l'indagine diagnostica iniziale più appropriata?"
2023,19,correct option,wording,,"Chemiadioterapia neoadiuvante, ristadiazione, chirurgia","Chemioradioterapia neoadiuvante, ristadiazione, chirurgia"
2023,21,question,typographic,,"Paziente di 39 anni giunge in Pronto Soccorso per dolore toracico anteriore sinistro intensificato dagli atti respiratori. Alla valutazione clinica viene riscontrata tachipnea con 34 atti respiratori/minuto. All’esame obiettivo riduzione del murmure vescicolare sinistro. EGA (in area ambiente): pH 7.50, PaO2 62 mmHg, PaCO2 28 mmHg. Esegue RX del torace di cui si allega il radiogramma. Il quadro clinico, radiologico e emogasanalitico orienta per:","Paziente di 39 anni giunge in Pronto Soccorso per dolore toracico anteriore sinistro intensificato dagli atti respiratori. Alla valutazione clinica viene riscontrata tachipnea con 34 atti respiratori/minuto. All’esame obiettivo riduzione del murmure vescicolare sinistro. EGA (in area ambiente): pH7.50, PaO2 62 mmHg, PaCO2 28 mmHg. Esegue RX del torace di cui si allega il radiogramma. Il quadro clinico, radiologico e emogasanalitico orienta per"
2023,21,distractor,typographic,,Esteso focolaio broncopneumonico sinistro meritevole di terapia antibiotica,Esteso focolaio bronco pneumonico sinistro meritevole di terapia antibiotica
2023,23,question,typographic,,"In un neonato, l’atresia esofagea di III tipo è:","In un neonato, l’atresia esofagea di III tipo è"
2023,25,question,typographic,"correct option: synonym ('precoce' administered, 'prematura' in Dataset/)","Una donna di 35 anni giunge presso l’ambulatorio di ginecologia riferendo amenorrea da circa 6 mesi, disturbi del sonno e dispareunia. I cicli negli anni precedenti sono sempre stati regolari per ritmo, durata e quantità. Porta in visione esami ormonali che evidenziano elevati valori di FSH e LH, bassi livelli di Estradiolo e Progesterone e null'altro di rilevante. La causa più probabile di amenorrea è:","Una donna di 35 anni giunge presso l’ambulatorio di ginecologia riferendo amenorrea da circa 6 mesi, disturbi del sonno e dispareunia. I cicli negli anni precedenti sono sempre stati regolari per ritmo, durata e quantità. Porta in visione esami ormonali che evidenziano elevati valori di FSH e LH, bassi livelli di Estradiolo e Progesterone e null'altro di rilevante. La causa più probabile di amenorrea è"
2023,25,correct option,wording,"correct option: synonym ('precoce' administered, 'prematura' in Dataset/)",Menopausa precoce,Menopausa prematura
2023,26,question,typographic,,"Una gestante di 45 anni alla diciassettesima settimana di gravidanza, con bitest risultato ad alto rischio per un’elevata translucenza nucale, si sottopone ad amniocentesi. Il risultato del cariotipo fetale evidenzia una trisomia del cromosoma 13 che determina la seguente sindrome:","Una gestante di 45 anni alla diciassettesima settimana di gravidanza, con bitest risultato ad alto rischio per un’elevata translucenza nucale, si sottopone ad amniocentesi. Il risultato del cariotipo fetale evidenzia una trisomia del cromosoma 13 che determina la seguente sindrome"
2023,27,question,typographic,,"Giunge in ambulatorio di ginecologia una donna di 60 anni, in menopausa da 5 anni, che riferisce perdite ematiche vaginali da qualche giorno. La donna riferisce al medico di avere recentemente eseguito un Pap test con esito regolare e di non aver avuto traumi genitali o rapporti sessuali negli ultimi giorni. La strategia diagnostica iniziale più adeguata tra le seguenti è:","Giunge in ambulatorio di ginecologia una donna di 60 anni, in menopausa da 5 anni, che riferisce perdite ematiche vaginali da qualche giorno. La donna riferisce al medico di avere recentemente eseguito un Pap test con esito regolare e di non aver avuto traumi genitali o rapporti sessuali negli ultimi giorni. La strategia diagnostica iniziale più adeguata tra le seguenti è"
2023,28,question,typographic,,"Una gestante alla trentaquattresima settimana di gravidanza si reca in Pronto Soccorso per forti algie pelviche, intensa cefalea e dolore a barra. Il quadro clinico evidenzia PA = 150/100, contrazioni uterine tetaniche, perdite ematiche genitali, dilatazione della cervice 2 cm, alterazioni del tracciato cardiotocografico con bradicardia e decelerazioni tardive. La diagnosi più probabile è:","Una gestante alla trentaquattresima settimana di gravidanza si reca in Pronto Soccorso per forti algie pelviche, intensa cefalea e dolore a barra. Il quadro clinico evidenzia PA = 150/100, contrazioni uterine tetaniche, perdite ematiche genitali, dilatazione della cervice 2 cm, alterazioni del tracciato cardiotocografico con bradicardia e decelerazioni tardive. La diagnosi più probabile è"
2023,32,distractor,typographic,,Assenza di embrione e/o feto all’ecografia,Assenza di embrione e/o feto all'ecografia
2023,32,distractor,wording,,Metorragia,Metrorragia
2023,33,question,typographic,,Quale tra le seguenti è una frequente complicazione delle fratture della parete posteriore dell’acetabolo con lussazione della testa femorale?,Quale tra le seguenti è una frequente complicazione delle fratture della parete posteriore dell'acetabolo con lussazione della testa femorale?
2023,33,distractor,typographic,,Rottura dell’arteria femorale profonda,Rottura dell'arteria femorale profonda
2023,34,question,wording,,"Una donna di 53 anni, che svolge il lavoro di segretaria, riferisce al proprio medico disturbi alla mano destra iniziati da alcuni mesi. Nello specifico lamenta dolore e parestesie in corrispondenza delle prime tre dita della mano che peggiorano durante la notte. Il dolore e le parestesie peggiorano nella iperflessione del polso ed il segno di Tinel è positivo. Ispettivamente si apprezza ipotrofia dell’eminenza tenar dal lato interessato. Qual è la diagnosi più probabile tra le seguenti?","Una donna di 53 anni, che espleta il lavoro di segretaria, riferisce al proprio medico curante disturbi alla mano destra iniziati da alcuni mesi. Nello specifico lamenta dolore e parestesie in corrispondenza delle prime tre dita della mano che peggiorano durante la notte. Il dolore e le parestesie peggiorano nella iperflessione del polso ed il segno di Tinel è positivo. Ispettivamente si apprezza ipotrofia dell’eminenza tenar dal lato interessato. Qual è la diagnosi più probabile tra le seguenti?"
2023,37,question,typographic,,"Un paziente di 65 anni viene sottoposto ad intervento di artroprotesi del ginocchio destro per presenza di una grave artrosi sintomatica. A distanza di due anni dall’intervento, durante i quali la sintomatologia dolorosa è completamente regredita, il paziente inizia a lamentare rigidità, dolore e tumefazione del ginocchio operato. Esegue un’artrocentesi del ginocchio che dà esito ad un liquido torbido di colorito giallastro, concentrazione proteica di 3,7 g/dL, glucosio 10 mg/dL, LDH 4.800 U/L. L’ipotesi diagnostica più verosimile tra le seguenti è:","Un paziente di 65 anni viene sottoposto ad intervento di artroprotesi del ginocchio destro per presenza di una grave artrosi sintomatica. A distanza di due anni dall’intervento, durante i quali la sintomatologia dolorosa è completamente regredita, il paziente inizia a lamentare rigidità, dolore e tumefazione del ginocchio operato. Esegue un’artrocentesi del ginocchio che da esito ad un liquido torbido di colorito giallastro, concentrazione proteica di 3,7 g/dL, glucosio 10 mg/dL, LDH 4.800 U/L. L’ipotesi diagnostica più verosimile tra le seguenti è"
2023,39,question,typographic,,"Un uomo di 70 anni giunge all’osservazione dell’Urologo per un valore di PSA totale di 20,6 ng/mL. All’esame obiettivo l’esplorazione rettale è dubbia per neoplasia prostatica. L’iter diagnostico considerato attualmente più appropriato tra i seguenti è:","Un uomo di 70 anni giunge all’osservazione dell’Urologo per un valore di PSA totale di 20,6 ng/mL. All’esame obiettivo l’esplorazione rettale è dubbia per neoplasia prostatica. L’iter diagnostico considerato attualmente più appropriato tra i seguenti è"
2023,40,question,typographic,,"Un paziente di 65 anni, operato da 3 mesi di prostatectomia radicale per una neoplasia con un Gleason 3+3, riferisce incontinenza diurna e notturna. La diagnosi più probabile tra le seguenti è:","Un paziente di 65 anni, operato da 3 mesi di prostatectomia radicale per una neoplasia con un Gleason 3+3, riferisce incontinenza diurna e notturna. La diagnosi più probabile tra le seguenti è"
2023,41,distractor,wording,distractor shortened in the administered version (text in parentheses missing),"Valutare la stabilità del respiro e del circolo, posizionare accesso venoso, eseguire esami ematici","Valutare la stabilità del respiro e del circolo, posizionare accesso venoso, eseguire esami ematici (valutazione della salicilatemia, emogasanalisi, glicemia, elettrolitemia, creatininemia, esame urine)"
2023,51,question,typographic,,"Giunge al reparto di dermatologia una paziente di 60 anni con eruzione maculo-papulosa morbilliforme diffusa, edema del volto, intenso prurito e febbre elevata. Tre settimane prima aveva iniziato un trattamento con allopurinolo. Si eseguono esami ematici con riscontro di ipereosinofilia (2000/mm3), linfociti atipici (più del 5%), aumento di transaminasi, lipasi e amilasi. Il quadro clinico è compatibile con:","Giunge al reparto di dermatologia una paziente di 60 anni con eruzione maculo-papulosa morbilliforme diffusa, edema del volto, intenso prurito e febbre elevata. Tre settimane prima aveva iniziato un trattamento con allopurinolo. Si eseguono esami ematici con riscontro di ipereosinofilia (2000/mm3), linfociti atipici (più del 5%), aumento di transaminasi, lipasi e amilasi. Il quadro clinico è compatibile con"
2023,52,question,typographic,,Allo striscio di sangue periferico si osserva questa morfologia eritrocitaria con schistociti. Il quadro è indicativo di:,Allo striscio di sangue periferico si osserva questa morfologia eritrocitaria con schistociti. Il quadro è indicativo di
2023,53,question,typographic,,"Un uomo di 78 anni con nota diverticolosi del colon e anamnesi ematologica negativa si presenta alla visita medica con anemia (Hb 6,8 g/dL; MCV 72 fL). Il numero delle piastrine, dei globuli bianchi e la formula leucocitaria sono normali. Questo quadro fa pensare, in prima istanza, a:","Un uomo di 78 anni con nota diverticolosi del colon e anamnesi ematologica negativa si presenta alla visita medica con anemia (Hb 6,8 g/dL, MCV 72 fL). Il numero delle piastrine, dei globuli bianchi e la formula leucocitaria sono normali. Questo quadro fa pensare, in prima istanza, a"
2023,54,question,typographic,,"La tipizzazione linfocitaria di un paziente di 82 anni, che presenta una conta leucocitaria di 65.350 cellule/mm3, con linfociti rappresentanti l’82% dei leucociti, ha le seguenti caratteristiche: CD5+, CD23+, CD200+, CD20+dim, CD19+, sIgK+dim, CD10-. Il quadro è diagnostico per:","La tipizzazione linfocitaria di un paziente di 82 anni, che presenta una conta leucocitaria di 65.350 cellule/mm3, con linfociti rappresentanti l’82% dei leucociti, ha le seguenti caratteristiche: CD5+, CD23+, CD200+, CD20+dim, CD19+, sIgk+dim, CD10-. Il quadro è diagnostico per"
2023,55,question,typographic,,Una paziente di 40 anni affetta da ipertensione arteriosa e con recente diagnosi di carcinoma papillare della tiroide è stata sottoposta ad intervento chirurgico di tiroidectomia totale e successiva terapia radiometabolica. Alla luce di tali informazioni l’andamento di quale fra i seguenti parametri è indicato seguire nel follow-up di questa paziente:,Una paziente di 40 anni affetta da ipertensione arteriosa e con recente diagnosi di carcinoma papillare della tiroide è stata sottoposta ad intervento chirurgico di tiroidectomia totale e successiva terapia radiometabolica. Alla luce di tali informazioni l’andamento di quale fra i seguenti parametri è indicato seguire nel follow-up di questa paziente
2023,56,distractor,wording,,Craniolaringioma,Craniofaringioma
2023,58,question,typographic,,"Un uomo di 77 anni, con progressivo decadimento delle condizioni generali, all’obiettività neurologica presenta tremore a riposo, ipertonia, rigidità muscolare e micrografia. L’ipotesi diagnostica più probabile tra le seguenti è:","Un uomo di 77 anni, con progressivo decadimento delle condizioni generali, all’obiettività neurologica presenta tremore a riposo, ipertonia, rigidità muscolare e micrografia. L’ipotesi diagnostica più probabile tra le seguenti è"
2023,61,question,wording,,"Un uomo di 45 anni, fumatore, con un’anamnesi positiva per ipercolesterolemia e diabete, si reca presso il Pronto Soccorso, lamentando da circa 48 ore episodi di intenso dolore retrosternale, a riposo, con irradiazione alla spalla sinistra della durata di cinque-dieci minuti. All’ECG, eseguito durante uno degli attacchi, si osserva un sotto-slivellamento del tratto ST di 1,5 mm in V2-V5. Le analisi di laboratorio non mostrano alterazioni degli enzimi cardiaci. Quale tra le seguenti è la diagnosi più probabile?","Un uomo di 45 anni, fumatore, con un’anamnesi positiva per ipercolesterolemia e diabete, si reca presso il Pronto Soccorso, lamentando da circa 48 ore episodi di intenso dolore retrosternale, a riposo, con irradiazione alla spalla sinistra della durata di cinque-dieci minuti. All'ECG, eseguito durante uno degli attacchi, si osserva un sotto-slivellamento del tratto ST di 1,5 mm in V2-V5. Le analisi di laboratorio non mostrano alterazioni degli enzimi cardiaci. Quali tra le seguenti è la diagnosi più probabile?"
2023,62,question,typographic,,"Il farmaco di prima linea, in assenza di controindicazioni, in una paziente di 54 anni con diagnosi di angina stabile riscontrata durante una visita presso l’ambulatorio di cardiologia è:","Il farmaco di prima linea, in assenza di controindicazioni, in una paziente di 54 anni con diagnosi di angina stabile riscontrata durante una visita presso l’ambulatorio di cardiologia è"
2023,64,question,typographic,,Ad un uomo di 50 anni è stata diagnosticata cardiomiopatia dilatativa idiopatica. È stata prescritta una terapia a base di ACE-inibitori e betabloccanti. In questo caso sarebbe necessario prescrivere anche una terapia a base di:,Ad un uomo di 50 anni è stata diagnosticata cardiomiopatia dilatativa idiopatica. È stata prescritta una terapia a base di ACE-inibitori e betabloccanti. In questo caso sarebbe necessario prescrivere anche una terapia a base di
2023,65,question,typographic,,Una donna di 77 anni viene valutata per un possibile impianto di pacemaker. Indicazione certa all'impianto di pacemaker in caso di blocco Atrio-Ventricolare (A-V) viene data:,Una donna di 77 anni viene valutata per un possibile impianto di pacemaker. Indicazione certa all'impianto di pacemaker in caso di blocco Atrio-Ventricolare (A-V) viene data
2023,69,question,wording,,Un paziente di 63 anni affetto da cirrosi epatica dismetabolica ed alcol relata è stato recentemente dimesso dal reparto di gastroenterologia dove era stato ricoverato per stato confusionale secondario ad encefalopatia epatica. Quale fra le terapie sottoelencate è più appropriata per la prevenzione della recidiva di encefalopatia epatica?,Un paziente di 63 anni affetto da cirrosi epatica dismetabolica ed alcool relata è stato recentemente dimesso dal reparto di gastroenterologia dove era stato ricoverato per stato confusionale secondario ad encefalopatia epatica. Quale fra le terapie sottoelencate è più appropriata per la prevenzione della recidiva di encefalopatia epatica?
2023,72,distractor,wording,,Nitoderivati per via endovenosa,Nitroderivati per via endovenosa
2023,73,question,typographic,,"Una donna di 65 anni, ex fumatrice di 40 pack-years, affetta da BPCO con VEMS pari al 28% del teorico (ultima spirometria eseguita circa sei mesi fa) giunge all’osservazione con la seguente emogasanalisi arteriosa eseguita mentre la paziente respirava aria ambiente: pH=7,35, PaO2=40 mmHg, PaCO2=55 mmHg, HCO3-=27 mmol/L. Questa emogasanalisi è più indicativa di una paziente con:","Una donna di 65 anni, ex fumatrice di 40 pack-years, affetta da BPCO con VEMS pari al 28% del teorico (ultima spirometria eseguita circa sei mesi fa) giunge all’osservazione con la seguente emogasanalisi arteriosa eseguita mentre la paziente respirava aria ambiente: pH=7,35, PaO2=40 mmHg, PaCO2=55 mmHg, HCO3-=27 mmol/L. Questa emogasanalisi è più indicativa di una paziente con"
2023,73,distractor,wording,,Alcalosi respiratoria pura,Alcalosi respiratoria
2023,74,question,typographic,,I “criteri di Duke modificati” per la diagnosi di endocardite infettiva sono distinti in criteri maggiori e criteri minori. Tra i seguenti NON è un criterio maggiore:,I “criteri di Duke modificati” per la diagnosi di endocardite infettiva sono distinti in criteri maggiori e criteri minori. Tra i seguenti NON è un criterio maggiore
2023,76,question,wording,,"Un uomo di 75 anni con cardiopatia ischemica nota viene accompagnato in Pronto Soccorso per la comparsa nella notte di dispnea ingravescente. All’arrivo il paziente è vigile e tachidispnoico. All’auscultazione del torace si riscontrano bilateralmente rumori umidi “a marea montante”. La pressione arteriosa è 185/90 mmHg, la frequenza cardiaca è 130 bpm con PaO2 45 mmHg in aria ambiente e pH 7,33. Quale tra i seguenti è il primo provvedimento da intraprendere?","Un uomo di 75 anni con cardiopatia ischemica nota viene accompagnato in Pronto Soccorso per la comparsa nella notte di dispnea ingravescente. All’arrivo il paziente è vigile e tachi-dispnoico. All’auscultazione del torace si riscontano bilateramente rumori umidi “a marea montante”. La pressione arteriosa è 185/90 mmHg, la frequenza cardiaca è 130 bpm con PaO2 45 mmHg in area ambiente e pH 7,33. Quale tra i seguenti è il primo provvedimento da intraprendere?"
2023,76,distractor,wording,,Posizionamento di lacci emostatici a rotazione su quattro arti,Posizionamento di lacci emostatici a rotazione sui quattro arti
2023,77,question,typographic,,"Un uomo di 30 anni viene rinvenuto in un giardino pubblico dal personale del 118 privo di coscienza, bradipnoico e con polso conservato. Sono evidenti segni di recente venopuntura ed è presente un laccio emostatico. Le pupille sono miotiche, la pressione è 90/60 mmHg. Il farmaco da somministrare tra i seguenti è:","Un uomo di 30 anni viene rinvenuto in un giardino pubblico dal personale del 118 privo di coscienza, bradipnoico e con polso conservato. Sono evidenti segni di recente venopuntura ed è presente un laccio emostatico. Le pupille sono miotiche, la pressione è 90/60 mmHg. Il farmaco da somministrare tra i seguenti è"
2023,78,question,typographic,,Un uomo di 80 anni presenta da alcuni giorni febbre e otalgia per cui ha utilizzato antibiotico topico. Per la persistenza della sintomatologia il paziente si reca in Pronto Soccorso. Gli accertamenti laboratoristici rilevano una leucocitosi neutrofila e aumento della proteina C reattiva. Durante l’osservazione al PS il paziente sviluppa un picco febbrile con rigidità nucale e successiva riduzione dello stato di coscienza fino al coma. Tra le seguenti l’ipotesi più probabile è che il paziente abbia sviluppato:,Un uomo di 80 anni presenta da alcuni giorni febbre e otalgia per cui ha utilizzato antibiotico topico. Per la persistenza della sintomatologia il paziente si reca in Pronto Soccorso. Gli accertamenti laboratoristici rilevano una leucocitosi neutrofila e aumento della proteina C reattiva. Durante l’osservazione al PS il paziente sviluppa un picco febbrile con rigidità nucale e successiva riduzione dello stato di coscienza fino al coma. Tra le seguenti l’ipotesi più probabile è che il paziente abbia sviluppato
2023,83,question,typographic,,"Un paziente di 68 anni lamenta astenia e dispnea. All’esame obiettivo presenta toni cardiaci parafonici, pressione arteriosa 90/70 mmHg che cala ulteriormente in fase espiratoria, turgore delle vene giugulari. All’ECG si rilevano alterazioni aspecifiche della ripolarizzazione. Quale tra le seguenti è la diagnosi più probabile?","Un paziente di 68 anni lamenta astenia e dispnea. All'esame obiettivo presenta toni cardiaci parafonici, pressione arteriosa 90/70 mmHg che cala ulteriormente in fase espiratoria, turgore delle vene giugulari. All’ECG si rilevano alterazioni aspecifiche della ripolarizzazione. Quale tra le seguenti è la diagnosi più probabile?"
2023,85,correct option,wording,,CHA2DS2-VASc,CHA DS -VASc 2 2
2023,86,question,typographic,,Nella malattia del rene policistico autosomica dominante (ADPKD) quale tra le seguenti è una lesione extrarenale tipica?,Nella malattia del rene policistico autosomica dominante (ADPKD) quale tra le seguenti è una lesione extrarenale tipica
2023,88,question,wording,,"Nella sindrome da lisi tumorale le seguenti manifestazioni sono tutte tipiche TRANNE una, quale?","Nella sindrome da lisi tumorali le seguenti manifestazioni sono tutte tipiche TRANNE una, quale?"
2023,89,distractor,wording,,"Emocromo con reticolociti, volume di filtrazione glomerulare, uricemia, elettroliti completi, assetto marziale, PTH","Emocromo con reticolociti, volume di fitrazione glomerulare, uricemia, elettroliti completi, assetto marziale, PTH"
2023,90,question,typographic,,L’attuale stadiazione della malattia renale cronica secondo le linee guida internazionali e nazionali:,L’attuale stadiazione della malattia renale cronica secondo le linee guida internazionali e nazionali
2023,91,question,typographic,,"In una paziente di 63 anni con recente diagnosi di adenocarcinoma gastrico di tipo intestinale, metastatico a livello epatico e polmonare, la valutazione immunoistochimica sul tessuto neoplastico ha documentato l’iperespressione di HER-2. È stata posta l’indicazione ad eseguire un trattamento chemioterapico di prima linea. Quale terapia a bersaglio molecolare è indicato associare al trattamento chemioterapico?","In una paziente di 63 anni con recente diagnosi di adenocarcinoma gastrico di tipo intestinale, metastatico a livello epatico e polmonare, la valutazione immunoistochimica sul tessuto neoplastico ha documentato l’iperespressione di HER-2. E’ stata posta l’indicazione ad eseguire un trattamento chemioterapico di prima linea. Quale terapia a bersaglio molecolare è indicato associare al trattamento chemioterapico?"
2023,92,correct option,typographic,,È un anticorpo monoclonale anti-PD1,E’ un anticorpo monoclonale anti-PD1
2023,92,distractor,typographic,,È un anticorpo monoclonale anti-VEGF,E’ un anticorpo monoclonale anti-VEGF
2023,92,distractor,typographic,,È un anticorpo monoclonale anti-TIGIT,E’ un anticorpo monoclonale anti-TIGIT
2023,92,distractor,typographic,,È un anticorpo monoclonale anti-CTLA4,E’ un anticorpo monoclonale anti-CTLA4
2023,92,distractor,wording,,È un anticorpo monoclonale anti-HER-2,E’ un anticorpo monoclonare anti-HER-2
2023,93,correct option,wording,,Chemioterapia adiuvante secondo lo schema FOLFIRINOX,Chemioterapico adiuvante secondo lo schema FOLFIRINOX
2023,93,distractor,wording,,Chemioterapia adiuvante secondo lo schema CHOP,Chemioterapico adiuvante secondo lo schema CHOP
2023,93,distractor,wording,,Chemioterapia adiuvante secondo lo schema Ciclofosfamide-Adriamicina,Chemioterapico adiuvante secondo lo schema Ciclofosfamide-Adriamicina
2023,93,distractor,wording,,Immunoterapia adiuvante con Atezolizumab,Immunoterapico adiuvante con Atezolizumab
2023,93,distractor,wording,,Chemioterapia adiuvante con Topotecan,Chemioterapico adiuvante con Topotecan
2023,96,question,typographic,,"Una donna di 60 anni affetta da diabete mellito di tipo 1 dall’età di 28 anni, complicato da retinopatia e nefropatia diabetica, ha un colesterolo LDL=130 mg/dL, in assenza di terapia ipolipemizzante. Secondo le linee guida ESC del 2019, il suo target dovrebbe essere:","Una donna di 60 anni affetta da diabete mellito di tipo 1 dall’età di 28 anni, complicato da retinopatia e nefropatia diabetica, ha un colesterolo LDL=130 mg/dL, in assenza di terapia ipolipemizzante. Secondo le linee guida ESC del 2019, il suo target dovrebbe essere"
2023,97,question,typographic,,"Un paziente di anni 80, si presenta al Pronto Soccorso per la comparsa acuta, circa due ore prima, di ipostenia dell’emisoma di destra. Obiettività neurologica: paziente vigile, collaborante; deficit di forza agli arti di destra con caduta precoce alla manovra di Mingazzini, lieve deficit del linguaggio con anomie. L’indagine diagnostica da effettuare immediatamente è:","Un paziente di anni 80, si presenta al Pronto Soccorso per la comparsa acuta, circa due ore prima, di ipostenia dell’emisoma di destra. Obiettività neurologica: paziente vigile, collaborante; deficit di forza agli arti di destra con caduta precoce alla manovra di Mingazzini, lieve deficit del linguaggio con anomie. L’indagine diagnostica da effettuare immediatamente è"
2023,99,question,typographic,,"Una ragazza di 20 anni si presenta all’osservazione dei sanitari in merito ad un disturbo caratterizzato da parestesie localizzate simmetricamente a livello distale nei 4 arti. Interrogata, riferisce che i sintomi sono comparsi il giorno precedente ma stanno progredendo per intensità. Due settimane prima dell’esordio dei sintomi, viene segnalata una gastroenterite regredita dopo circa cinque giorni. All’esame obiettivo neurologico, gli unici elementi di rilievo riguardano una ipoestesia distale agli arti inferiori e superiori e assenza dei riflessi achillei bilateralmente, con ipoevocabilità di tutti gli altri riflessi osteotendinei. L’ipotesi diagnostica più probabile tra le seguenti è:","Una ragazza di 20 anni si presenta all'osservazione dei sanitari in merito ad un disturbo caratterizzato da parestesie localizzate simmetricamente a livello distale nei 4 arti. Interrogata, riferisce che i sintomi sono comparsi il giorno precedente ma stanno progredendo per intensità. Due settimane prima dell’esordio dei sintomi, viene segnalata una gastroenterite regredita dopo circa cinque giorni. All’esame obiettivo neurologico, gli unici elementi di rilievo riguardano una ipoestesia distale agli arti inferiori e superiori e assenza dei riflessi achillei bilateralmente, con ipoevocabilità di tutti gli altri riflessi osteotendinei. L’ipotesi diagnostica più probabile tra le seguenti è"
2023,99,correct option,typographic,,Poliradicolonevrite acuta (S. di Guillain-Barré),Poliradicolonevrite acuta (S. di Guillain-Barrè)
2023,100,question,typographic,,La Disforia di genere può essere definita come:,La Disforia di genere può essere definita come
2023,100,distractor,wording,,Un timore o un pensiero dell’adolescente che pensa di essere attratto da persone dello stesso sesso,Un timore o un pensiero dell'adolescente che pensa di essere attirato da persone dello stesso sesso
2023,101,question,wording,,"Un paziente di 48 anni giunge in Pronto Soccorso trasportato dal 118 che è stato allertato da un familiare del paziente in seguito ad episodio delirante acuto (il paziente sospettava che la compagna lo tradisse) associato ad uno stato di agitazione psico-motoria. La compagna del paziente è molto preoccupata perché nell’ultima settimana aveva notato cambiamenti comportamentali con insorgenza di insonnia, ansia libera, manie di persecuzione e deficit attentivi. In anamnesi nulla di rilevante, nega familiarità per patologie neurologiche e/o psichiatriche. Viene riferita una febbricola con astenia e mialgie insorte da circa due settimane e durata di tre giorni. All’esame obiettivo si evidenzia disorientamento spazio-temporale, difficoltà nella comprensione delle consegne e nel reperimento dei vocaboli in un contesto di obiettività internistica nella norma. Qual è il percorso diagnostico più appropriato?","Un paziente di 48 anni giunge in Pronto Soccorso trasportato dal 118 che è stato allertato da un familiare del paziente in seguito ad episodio delirante acuto (il paziente sospettava che la compagna lo tradisse) associato ad uno stato di agitazione psico-motoria. La compagna del paziente è molto preoccupata perché nell’ultima settimana aveva notato cambiamenti comportamentali con insorgenza di insonnia, ansia libera, manie di persecuzione e deficit attentivi. In anamnesi nulla di rilevante, nega familiarità per patologie neurologiche e/o psichiatriche. Viene riferita una febbricola con astenie e mialgie insorte da circa due settimane e durata di tre giorni. All’esame obiettivo si evidenzia disorientamento spazio-temporale, difficoltà nella comprensione delle consegne e nel reperimento dei vocaboli in un contesto di obiettività internistica nella norma. Qual è il percorso diagnostico più appropriato?"
2023,103,question,typographic,,La scintigrafia miocardica è indicata per studiare:,La scintigrafia miocardica è indicata per studiare
2023,105,question,typographic,,"I 68Ga-DOTA-peptidi (DOTATATE, DOTATOC, DOTANOC) sono radiofarmaci PET impiegati routinariamente per lo studio:","I 68Ga-DOTA-peptidi (DOTATATE, DOTATOC, DOTANOC) sono radiofarmaci PET impiegati routinariamente per lo studio"
2023,105,correct option,typographic,,dei tumori neuroendocrini ben differenziati,Dei tumori neuroendocrini ben differenziati
2023,105,distractor,typographic,,dei disturbi del movimento,Dei disturbi del movimento
2023,105,distractor,typographic,,dei carcinomi squamo-cellulari,Dei carcinomi squamo-cellulari
2023,105,distractor,typographic,,dei carcinomi della prostata,Dei carcinomi della prostata
2023,105,distractor,typographic,,dell’amiloidosi cardiaca,Dell’amiloidosi cardiaca
2023,109,question,typographic,,"Una paziente di 56 anni è affetta da carcinoma squamocellulare della cervice uterina, inoperabile per estesa infiltrazione dei parametri. Il trattamento programmato consiste in una chemioradioterapia. La radioterapia è effettuata con irradiazione della regione pelvica seguita dal posizionamento nella vagina e nell’utero di un applicatore caricato con sorgenti di iridio-192, come riportato in figura. Come si definisce quest’ultima tecnica di trattamento?","Una paziente di 56 anni è affetta da carcinoma squamocellulare della cervice uterina, inoperabile per estesa infiltrazione dei paramétri. Il trattamento programmato consiste in una chemioradioterapia. La radioterapia è effettuata con irradiazione della regione pelvica seguita dal posizionamento nella vagina e nell’utero di un applicatore caricato con sorgenti di iridio-192, come riportato in figura. Come si definisce quest’ultima tecnica di trattamento?"
2023,110,question,typographic,,"Uomo, 63 anni, ex calciatore professionista, oggi allenatore, effettua una visita per idoneità sportiva. Nessuna malattia in anamnesi. All’ECG si riscontra presenza di bassi voltaggi periferici, emiblocco di branca anteriore sinistro e pseudo-necrosi anteriore. Esami ematochimici ed elettroforesi sierica ed urinaria nella norma. Viene prescritto ecocardiogramma che mostra ipertrofia simmetrica del ventricolo sinistro, del ventricolo destro e del setto. Viene effettuata una biopsia endomiocardica che riscontra: “Miocellule di dimensioni aumentate, talora frammentate ed atrofiche; nell’interstizio miocardico è presente una sostanza eosinofila, amorfa, omogenea”. Alla luce del quadro clinico e di quello istologico, quale è la diagnosi più probabile tra le seguenti?","Uomo, 63 anni, ex calciatore professionista, oggi allenatore, effettua una visita per idoneità sportiva. Nessuna malattia in anamnesi. All’ECG si riscontra presenza di bassi voltaggi periferici, emiblocco di branca anteriore sinistro e pseudo-necrosi anteriore. Esami ematochimici ed elettroforesi sierica ed urinaria nella norma. Viene prescritto ecocardiogramma che mostra ipertrofia simmetrica del ventricolo sinistro, del ventricolo destro e del setto. Viene effettuata una biopsia endomiocardica che riscontra: “Miocellule di dimensioni aumentate, talora frammentate ed atrofiche; nell'interstizio miocardico è presente una sostanza eosinofila, amorfa, omogenea”. Alla luce del quadro clinico e di quello istologico, quale è la diagnosi più probabile tra le seguenti?"
2023,111,question,typographic,,"Donna, 23 anni, da circa due mesi presenta nodulo del quadrante superiore interno della mammella sinistra che, riferisce, è in accrescimento. Quando l’assistita si presenta al curante il nodulo è di 2,2 cm, clinicamente a margini netti, mobile, di consistenza teso-elastica. Viene eseguita biopsia eco-guidata il cui esame istologico mostra: “Lesione fibroepiteliale a cellularità stromale diffusamente aumentata in assenza di atipie; proliferazione ghiandolare con note di iperplasia duttale senza atipie. È presente 1 mitosi/10 HPF”. In base al quadro clinico e a quello istologico, quale è la diagnosi più probabile tra le seguenti?","Donna, 23 anni, da circa due mesi presenta nodulo del quadrante superiore interno della mammella sinistra che, riferisce, è in accrescimento. Quando l’assistita si presenta al curante il nodulo è di 2,2 cm, clinicamente a margini netti, mobile, di consistenza teso- elastica. Viene eseguita biopsia eco-guidata il cui esame istologico mostra: “Lesione fibroepiteliale a cellularità stromale diffusamente aumentata in assenza di atipie; proliferazione ghiandolare con note di iperplasia duttale senza atipie. È presente 1 mitosi/10 HPF”. In base al quadro clinico e a quello istologico, quale è la diagnosi più probabile tra le seguenti?"
2023,112,question,wording,,"Una donna di 54 anni, durante esami ematochimici di routine, presenta un incremento del TSH con valori normali di fT3 e fT4. Viene effettuata ecografia tiroidea che mostra la presenza di noduli multipli, tra i quali un nodulo del lobo sinistro, del diametro massimo di 18 mm, con aspetto ipoecogeno, a bordi irregolari, con presenza di microcalcificazioni. Viene effettuato agoaspirato di tale nodulo che mostra all’esame citologico: “Numerose emazie associate a gruppi di cellule con nuclei ingranditi, ovali, talora sovrapposti, che mostrano incisur e pseudoinclusioni nucleari”. In base al quadro clinico e citologico, quale è la diagnosi più probabile tra le seguenti?","Una donna di 54 anni, durante esami ematochimici di routine, presenta un incremento del TSH con valori normali di fT3 e fT4. Viene effettuata ecografia tiroidea che mostra la presenza di noduli multipli, tra i quali un nodulo del lobo sinistro, del diametro massimo di 18 mm, con aspetto ipoecogeno, a bordi irregolari, con presenza di microcalcificazioni. Viene effettuato agoaspirato di tale nodulo che mostra all’esame citologico: “Numerose emazie associate a gruppi di cellule con nuclei ingranditi, ovali, talora sovrapposti, che mostrano incisure e pseudoinclusioni nucleari”. In base al quadro clinico e citologico, quale è la diagnosi più probabile tra le seguenti?"
2023,115,question,typographic,,"Una donna di 30 anni, alle prime settimane di gravidanza, ha eseguito varie indagini di laboratorio ed è risultata negativa alla ricerca di anticorpi anti-Toxoplasma gondii. Quale raccomandazione del proprio ginecologo non può mancare, per la prevenzione dell’infezione materno-fetale?","Una donna di 30 anni, alle prime settimane di gravidanza, ha eseguito varie indagini di laboratorio ed è risultata negativa alla ricerca di anticorpi anti-Toxoplasma gondii. Quale raccomandazione del proprio ginecologo non può mancare, per la prevenzione dell'infezione materno-fetale?"
2023,115,distractor,wording,,Usare repellenti per punture di zanzara,Usare repellenti per evitare punture di zanzara
2023,116,question,typographic,,"Una giovane donna di 20 anni, agli esami di controllo eseguiti per astenia profonda, presenta un emocromo con emoglobina 8,5 g/dL, MCV 64 fL e piastrine 500 x 10⁹/L. All’anamnesi riferisce probabile beta Talassemia Minor e flussi mestruali molto abbondanti. Quale tra le seguenti procedure è la più adeguata?","Una giovane donna di 20 anni, agli esami di controllo eseguiti per astenia profonda, presenta un emocromo con emoglobina 8,5 g/dL, MCV 64 fL e piastrine 500 x 109/L. All’anamnesi riferisce probabile beta Talassemia Minor e flussi mestruali molto abbondanti. Quale tra le seguenti procedure è la più adeguata?"
2023,116,distractor,wording,,Nei portatori di beta Talassemia Minor non è opportuno alcun trattamento marziale per cui si prescrive il dosaggio della vitamina B12 e dell’acido folico per l’eventuale supporto con vitamine ematotive,Nei portatori di beta Talassemia Minor non è opportuno alcun trattamento marziale per cui si prescrive il dosaggio della vitamina B12 e dell’acido folico per l’eventuale supporto con vitamine emoattive
2023,116,distractor,wording,,Si prescrive una gastroscopia e una rettocolonscopia nell’ipotesi di una emorragia interna da perdita cronica di sangue,Si prescrive una gastroscopia e una rettocolonscopia nell’ipotesi di una anemizzazione da perdita cronica di sangue
2023,117,question,typographic,,La diagnosi di fenilchetonuria avviene solitamente nell’ambito di:,La diagnosi di fenilchetonuria avviene solitamente nell’ambito di
2023,117,distractor,wording,,Approcci diagnostici neonatali effettuati selettivamente su figli di pazienti affetti da questa o da altre malattie del metabolismo degli amminoacidi,Approcci diagnostici neonatali effettuati selettivamente su figli di pazienti affetti da questa o da altre malattie del metabolismo degli aminoacidi
2023,118,question,typographic,,Il vaccino antimorbillo è:,Il vaccino antimorbillo è
2023,119,question,typographic,,La tossina tetanica:,La tossina tetanica
2023,120,question,wording,,"Indicare, quale delle seguenti affermazioni concernenti Il Servizio Sanitario Nazionale è corretta:","Indicare, quale delle seguenti affermazioni concernenti ll Servizio Sanitario Nazionale è corretta"
2023,121,question,typographic,,Tra gli studi epidemiologici:,Tra gli studi epidemiologici
2023,123,question,wording,,Quale tra le seguenti definizioni riguardo l’ipoacusia da rumore è corretta?,Quali tra le seguenti definizioni riguardo l’ipoacusia da rumore è corretta?
2023,124,question,typographic,,Arriva all’osservazione medica un bambino di 3 anni accompagnato dai genitori che riferiscono caduta accidentale dalle scale. Il bambino appare spaventato e all’ispezione i sanitari notano la presenza di multiple ecchimosi in fasi cromatiche differenti sulla regione dorsale di entrambi gli avambracci. Gli esami radiologici mostrano esiti di fratture anche “a legno verde” agli arti. I sanitari si consultano in merito alla necessità di informare l’autorità giudiziaria. Tale obbligo grava:,Arriva all’osservazione medica un bambino di 3 anni accompagnato dai genitori che riferiscono caduta accidentale dalle scale. Il bambino appare spaventato e all’ispezione i sanitari notano la presenza di multiple ecchimosi in fasi cromatiche differenti sulla regione dorsale di entrambi gli avambracci. Gli esami radiologici mostrano esiti di fratture anche “a legno verde” agli arti. I sanitari si consultano in merito alla necessità di informare l’autorità giudiziaria. Tale obbligo grava
2023,125,distractor,typographic,,Il medico e i componenti dell'equipe sanitaria devono astenersi da qualsiasi cura finché la persona non sia in grado di esprimere un valido consenso,Il medico e i componenti dell'equipe sanitaria devono astenersi da qualsiasi cura finchè la persona non sia in grado di esprimere un valido consenso
2023,126,question,typographic,,"Per un gruppo di 500 pazienti è stato calcolato un rischio relativo (RR) di 5,65 rispetto all’esposizione ad uno specifico fattore di rischio. Ciò significa che la probabilità di sviluppare una certa malattia è:","Per un gruppo di 500 pazienti è stato calcolato un rischio relativo (RR) di 5,65 rispetto all’esposizione ad uno specifico fattore di rischio. Ciò significa che la probabilità di sviluppare una certa malattia è"
2023,129,question,typographic,,"Un uomo di 30 anni, per altro sano, deve essere sottoposto ad intervento chirurgico di colecistectomia laparoscopica. Quale tra le seguenti procedure deve essere effettuata preliminarmente per la riduzione del rischio perioperatorio:","Un uomo di 30 anni, per altro sano, deve essere sottoposto ad intervento chirurgico di colecistectomia laparoscopica. Quale tra le seguenti procedure deve essere effettuata preliminarmente per la riduzione del rischio perioperatorio"
2023,130,question,typographic,,"Uomo di 30 anni, cade dalla scala mentre sta potando un albero. Viene chiamato il 118 che lo trasporta al Pronto Soccorso. All’arrivo in Pronto Soccorso è vigile e cosciente, GCS 15/15. Non presenta deficit di lato. Lamenta un forte dolore all’emitorace destro dove all’esame obiettivo sono evidenti ematomi multipli. All’auscultazione del torace il murmure vescicolare è ridotto a destra. I suoi parametri vitali sono: SpO2 92% in aria ambiente, FR 30 atti/min, PA 120/70 mmHg, FC 100 bpm, ritmo sinusale, emoglobina 13,5 g/dL. Quale tra le seguenti è la diagnosi più probabile?","Uomo di 30 anni, cade dalla scala mentre sta potando un albero. Viene chiamato il 118 che lo trasporta al Pronto Soccorso. All’arrivo in Pronto Soccorso è vigile e cosciente, GCS 15/15. Non presenta deficit di lato. Lamenta un forte dolore all’emitorace destro dove all’esame obiettivo sono evidenti ematomi multipli. All’auscultazione del torace il murmure vescicolare è ridotto a destra. I suoi parametri vitali sono: SpO2 92% in aria ambiente, FR 30 atti/min, PA 120/70 mmHg, FC 100 bpm, ritmo sinusale, emoglobina 13,5 g/dL. Quale tra le seguenti è la diagnosi più probabile"
2023,131,question,typographic,,"Una paziente di 62 anni viene sottoposta in anestesia generale al posizionamento di uno stent ureterale per calcolosi renale. Non si registrano complicanze intraoperatorie. Al risveglio presenta brivido scuotente, tachipnea, tachicardia. I parametri vitali sono: GCS 14/15, SpO2 99% in aria ambiente, PA 140/100 mmHg, temperatura di 39,5 gradi centigradi. Quale tra le seguenti è la diagnosi più probabile?","Una paziente di 62 anni viene sottoposta in anestesia generale al posizionamento di uno stent ureterale per calcolosi renale. Non si registrano complicanze intraoperatorie. Al risveglio presenta brivido scuotente, tachipnea, tachicardia. I parametri vitali sono: GCS 14/15 SpO2 99% in aria ambiente, PA 140/100 mmHg, temperatura di 39,5 gradi centigradi. Quale tra le seguenti è la diagnosi più probabile?"
2023,132,question,wording,,"Una donna di 32 anni, si reca in Pronto Soccorso per cardiopalmo. APR negativa. All’esame obiettivo: GCS 15/15, SpO2 99% in aria ambiente, FR 29/minuto, PA 110/65 mmHg, FC 180 bpm. L’ECG mostra il seguente tracciato: tachicardia parossistica sopraventricolare da rientro nodale. Alla luce del quadro ECG e dei parametri vitali qual è tra i seguenti l’intervento terapeutico più appropriato?","Una donna di 32 anni, si reca in Pronto Soccorso per cardiopalmo. APR negativa. All’esame obiettivo: GCS 15/15, SpO2 99% in aria ambiente, FR 29 minuto, PA 110/65 mmHg, FC 180 bpm. L’ECG mostra il seguente tracciato: tachicardia parossistica sopraventricolare da rientro nodale. Alla luce del quadro ECG e dei parametri vitali quale tra i seguenti è l’intervento terapeutico più appropriato?"
2023,133,distractor,wording,,Traqueostomia,Tracheostomia
2023,134,question,substantive,"options missing ('nan') for Meditron3-8B (all variants), Qwen3-1.7B, Qwen3-4B, Qwen3-8B and Ministral-3B; option texts present, unlettered, at the end of the stem for all models","Una donna di 78 anni deve essere sottoposta a chirurgia ortopedica per riduzione di una frattura distale della tibia. L’anestesista decide di eseguire un blocco del nervo sciatico popliteo con 15 mL di bupivacaina 0,5% e un blocco del nervo femorale con 12 mL di bupivacaina 0,5%. In assenza momentanea di ecografo i blocchi vengono eseguiti con elettoneurostimolatore. Alla comparsa di agitazione psicomotoria della paziente viene somministrato Midazolam 1 mg. A seguire la paziente riferisce sapore metallico, quindi sviluppa una crisi convulsiva. In base al sospetto clinico, oltre ad assicurare una adeguata gestione delle vie aeree è indicato procedere a: Somministrazione di emulsione lipidica 20% per via endovenosa Somministrazione di 100 mL di ipertonica al 3% nel sospetto di ipertensione endocranica Infusione continua di dexmedetomidina Somministrazione di levetiracetam Somministrazione di fenobarbital","Una donna di 78 anni deve essere sottoposta a chirurgia ortopedica per riduzione di una frattura distale della tibia. L’anestesista decide di eseguire un blocco del nervo sciatico popliteo con 15 mL di bupivacaina 0,5% e un blocco del nervo femorale con 12 mL di bupivacaina 0,5%. In assenza momentanea di ecografo i blocchi vengono eseguiti con elettroneurostimolatore. Alla comparsa di agitazione psicomotoria della paziente viene somministrato Midazolam 1 mg. A seguire la paziente riferisce sapore metallico, quindi sviluppa una crisi convulsiva. In base al sospetto clinico, oltre ad assicurare una adeguata gestione delle vie aeree è indicato procedere a"
2023,134,distractor,substantive,"options missing ('nan') for Meditron3-8B (all variants), Qwen3-1.7B, Qwen3-4B, Qwen3-8B and Ministral-3B; option texts present, unlettered, at the end of the stem for all models",Somministrazione di fenobarbital,Somministrazione di fenobarbitale
2023,135,question,typographic,,La riabilitazione propriocettiva si prefigge:,La riabilitazione propriocettiva si prefigge
2023,135,distractor,typographic,,Di rieducare il paziente al recupero dell’emilato plegico dopo un ictus,Di rieducare il paziente al recupero dell'emilato plegico dopo un ictus
2023,135,distractor,typographic,,Il recupero della sensibilità esterocettiva nell’emilato plegico del paziente dopo un ictus,Il recupero della sensibilità esterocettiva nell'emilato plegico del paziente dopo un ictus
2023,137,question,typographic,,Un uomo di 36 anni asmatico si presenta in Pronto Soccorso per una esacerbazione grave dell’asma. La sintomatologia migliora dopo somministrazione di salbutamolo per via inalatoria. Quale dei seguenti meccanismi prioritariamente può spiegare l'effetto farmacologico dei farmaci beta-2-agonisti?,Un uomo di 36 anni asmatico si presenta in Pronto Soccorso per una esacerbazione grave dell’asma. La sintomatologia migliora dopo somministrazione di salbutamolo per via inalatoria. Quale dei seguenti meccanismi prioritariamente può spiegare l’effetto farmacologico dei farmaci beta-2-agonisti?
2024,1,question,typographic,,L’intervento chirurgico secondo tecnica di Bentall prevede:,L’intervento chirurgico secondo tecnica di Bentall prevede
2024,4,question,typographic,,"Un uomo di 35 anni, forte fumatore, lamenta da qualche mese la comparsa di dolore all'arto inferiore destro durante la deambulazione. L’arto appare freddo e la cute mostra zone eritematose e dolenti. Si tratta probabilmente di:","Un uomo di 35 anni, forte fumatore, lamenta da qualche mese la comparsa di dolore all'arto inferiore destro durante la deambulazione. L’arto appare freddo e la cute mostra zone eritematose e dolenti. Si tratta probabilmente di"
2024,6,question,typographic,,"Una donna di 60 anni dopo numerosi episodi di colica biliare viene alla osservazione per addome disteso, subittero, nausea associata a vomito, febbre con brivido. La diagnosi più probabile tra le seguenti è:","Una donna di 60 anni dopo numerosi episodi di colica biliare viene alla osservazione per addome disteso, subittero, nausea associata a vomito, febbre con brivido. La diagnosi più probabile tra le seguenti è"
2024,9,question,typographic,,La sleeve gastrectomy:,La sleeve gastrectomy
2024,12,question,typographic,,L’enterocolite necrotizzante del neonato:,L’enterocolite necrotizzante del neonato
2024,13,question,typographic,,Le ulcere sono:,Le ulcere sono
2024,15,question,typographic,,L’arteria mammaria interna di sinistra normalmente nasce da:,L’arteria mammaria interna di sinistra normalmente nasce da
2024,18,question,typographic,,"Nel corso di una visita ginecologica di una donna di 35 anni, in assenza di sintomi, viene riscontrato all’esame ecografico un fibroma uterino intramurale del diametro di 10 cm. La paziente chiede al medico quali potrebbero essere le conseguenze future. Il ginecologo riferirà tutte le seguenti condizioni ECCETTO:","Nel corso di una visita ginecologica di una donna di 35 anni, in assenza di sintomi, viene riscontrato all’esame ecografico un fibroma uterino intramurale del diametro di 10 cm. La paziente chiede al medico quali potrebbero essere le conseguenze future. Il ginecologo riferirà tutte le seguenti condizioni ECCETTO"
2024,19,question,typographic,,Una paziente giunge in ambulatorio per approfondire alcune anomalie del ciclo mestruale. Durante la raccolta dell’anamnesi il medico annota in cartella clinica la presenza riferita di dismenorrea che significa:,Una paziente giunge in ambulatorio per approfondire alcune anomalie del ciclo mestruale. Durante la raccolta dell’anamnesi il medico annota in cartella clinica la presenza riferita di dismenorrea che significa
2024,28,question,typographic,,Il test di Amsler è:,Il test di Amsler è
2024,29,question,typographic,,"Un uomo di 72 anni presenta lacrimazione, iperemia e dolore all’occhio sinistro e alla regione periorbitaria e frontale omolaterale. L’esame alla lampada a fessura, previa colorazione con fluoresceina, rivela la presenza di una lesione corneale arboriforme. Questo reperto è indicativo di:","Un uomo di 72 anni presenta lacrimazione, iperemia e dolore all’occhio sinistro e alla regione periorbitaria e frontale omolaterale. L’esame alla lampada a fessura, previa colorazione con fluoresceina, rivela la presenza di una lesione corneale arboriforme. Questo reperto è indicativo di"
2024,39,question,typographic,,"Una donna di 50 anni esegue una TC con mdc che evidenzia la presenza di una formazione a contenuto liquido del polo inferiore del rene destro, con spessi setti e zone solide al suo interno che assumono contrasto. Il quadro radiologico è compatibile con:","Una donna di 50 anni esegue una TC con mdc che evidenzia la presenza di una formazione a contenuto liquido del polo inferiore del rene destro, con spessi setti e zone solide al suo interno che assumono contrasto. Il quadro radiologico è compatibile con"
2024,45,question,typographic,,"In una donna di 75 anni, pervenuta all’osservazione per poliglobulia persistente, dopo aver escluso cause secondarie di eritrocitosi è stata riscontrata la mutazione V617F del gene JAK2, in omozigosi. Alla luce del quadro clinico-laboratoristico, la strategia terapeutica si baserà su:","In una donna di 75 anni, pervenuta all’osservazione per poliglobulia persistente, dopo aver escluso cause secondarie di eritrocitosi è stata riscontrata la mutazione V617F del gene JAK2, in omozigosi. Alla luce del quadro clinico-laboratoristico, la strategia terapeutica si baserà su"
2024,50,question,typographic,,"Un uomo di 78 anni, in discrete condizioni generali, affetto da ipertensione arteriosa e dislipidemia si reca in Pronto Soccorso per ritenzione urinaria acuta. All’obiettività si apprezza un globo vescicale. La causa più probabile tra le seguenti è:","Un uomo di 78 anni, in discrete condizioni generali, affetto da ipertensione arteriosa e dislipidemia si reca in Pronto Soccorso per ritenzione urinaria acuta. All’obiettività si apprezza un globo vescicale. La causa più probabile tra le seguenti è"
2024,52,question,typographic,,Un paziente di 82 anni giunge nella UOC di Geriatria presentando versamento pleurico monolaterale. Dall’anamnesi emerge che per diversi anni ha lavorato in una fabbrica dove veniva utilizzato l’amianto. Visto il quadro clinico si sospetta un mesotelioma pleurico. La conferma del sospetto clinico richiede:,Un paziente di 82 anni giunge nella UOC di Geriatria presentando versamento pleurico monolaterale. Dall’anamnesi emerge che per diversi anni ha lavorato in una fabbrica dove veniva utilizzato l’amianto. Visto il quadro clinico si sospetta un mesotelioma pleurico. La conferma del sospetto clinico richiede
2024,65,question,typographic,,"Raccogliendo l’anamnesi di un paziente fumatore, si evidenzia che ha fumato 15 sigarette/die per 40 anni consecutivi. Il calcolo dei pack-years (p-y) del paziente, usato per quantificare la sua abitudine tabagica, è:","Raccogliendo l’anamnesi di un paziente fumatore, si evidenzia che ha fumato 15 sigarette/die per 40 anni consecutivi. Il calcolo dei pack-years (p-y) del paziente, usato per quantificare la sua abitudine tabagica, è"
2024,68,question,typographic,,"Una giovane paziente con noti disturbi psichici presenta ripetuti episodi di vomito misti a sudorazione e accompagnati da malessere generale. I soccorritori trovano due blister da 10 compresse da 1 g di paracetamolo completamente vuoti vicino alla paziente, che confessa di averle assunte tutte circa un’ora prima. Una volta trasferita presso il più vicino Pronto Soccorso, dopo aver eseguito il monitoraggio elettrocardiografico e multiparametrico ed una lavanda gastrica, il trattamento di scelta da somministrare è:","Una giovane paziente con noti disturbi psichici presenta ripetuti episodi di vomito misti a sudorazione e accompagnati da malessere generale. I soccorritori trovano due blister da 10 compresse da 1 g di paracetamolo completamente vuoti vicino alla paziente, che confessa di averle assunte tutte circa un’ora prima. Una volta trasferita presso il più vicino Pronto Soccorso, dopo aver eseguito il monitoraggio elettrocardiografico e multiparametrico ed una lavanda gastrica, il trattamento di scelta da somministrare è"
2024,83,question,typographic,,"Un uomo di 70 anni si presenta dal Medico di Medicina Generale lamentando da alcuni mesi incertezza nella marcia. Riferisce anche insorgenza di recenti episodi di incontinenza urinaria. Nelle ultime settimane sono comparsi inoltre deficit mnesici e dell’attenzione. Alla luce dei disturbi riferiti, la diagnosi più probabile è:","Un uomo di 70 anni si presenta dal Medico di Medicina Generale lamentando da alcuni mesi incertezza nella marcia. Riferisce anche insorgenza di recenti episodi di incontinenza urinaria. Nelle ultime settimane sono comparsi inoltre deficit mnesici e dell’attenzione. Alla luce dei disturbi riferiti, la diagnosi più probabile è"
2024,89,question,typographic,,Il trattamento antineoplastico con Palbociclib è indicato nelle pazienti affette da carcinoma:,Il trattamento antineoplastico con Palbociclib è indicato nelle pazienti affette da carcinoma
2024,92,question,typographic,,"Una neonata nata da parto spontaneo a 36 settimane di gestazione, presenta macrocrania (circonferenza cranica > 97° percentile). Vengono eseguiti, nell’attesa degli esiti di altri esami, una ecografia cerebrale transfontanellare e un esame del fundus oculi, che evidenziano idrocefalo con calcificazioni intracraniche e corioretinite. Il quadro clinico è fortemente suggestivo della diagnosi di:","Una neonata nata da parto spontaneo a 36 settimane di gestazione, presenta macrocrania (circonferenza cranica > 97° percentile). Vengono eseguiti, nell’attesa degli esiti di altri esami, una ecografia cerebrale transfontanellare e un esame del fundus oculi, che evidenziano idrocefalo con calcificazioni intracraniche e corioretinite. Il quadro clinico è fortemente suggestivo della diagnosi di"
2024,109,question,typographic,,"L’ASA (Classificazione del rischio anestesiologico) di un paziente di 45 anni con anamnesi patologica remota negativa, da sottoporre ad intervento chirurgico in emergenza per rottura di aneurisma dell'aorta addominale è:","L’ASA (Classificazione del rischio anestesiologico) di un paziente di 45 anni con anamnesi patologica remota negativa, da sottoporre ad intervento chirurgico in emergenza per rottura di aneurisma dell'aorta addominale è"
2024,110,question,typographic,,"Un paziente di 70 anni, operato di colecistectomia in Anestesia Generale, viene trasferito in Recovery Room. Il trasferimento in Degenza Ordinaria è indicato quando in due valutazioni successive il punteggio minimo dell’Aldrete Score (in assenza di 0 per le singole voci) è:","Un paziente di 70 anni, operato di colecistectomia in Anestesia Generale, viene trasferito in Recovery Room. Il trasferimento in Degenza Ordinaria è indicato quando in due valutazioni successive il punteggio minimo dell’Aldrete Score (in assenza di 0 per le singole voci) è"
2024,119,question,typographic,,"Il tasso grezzo di mortalità in Italia è di circa 100/100.000, mentre in Algeria è inferiore a 50/100.000. La spiegazione di tale differenza è:","Il tasso grezzo di mortalità in Italia è di circa 100/100.000, mentre in Algeria è inferiore a 50/100.000. La spiegazione di tale differenza è"
2024,124,question,typographic,,Le attività preventive in relazione all’esposizione lavorativa a sostanze chimiche si basano su:,Le attività preventive in relazione all’esposizione lavorativa a sostanze chimiche si basano su
2024,128,question,typographic,,"Un cadavere è rinvenuto in un parco e il medico legale rileva, all’esame esterno, una ferita al capo di forma allungata caratterizzata da margini irregolari, contusi ed escoriati con ponti di tessuto tra un margine e l’altro, teca cranica indenne. Queste caratteristiche della ferita sono tipicamente prodotte da:","Un cadavere è rinvenuto in un parco e il medico legale rileva, all’esame esterno, una ferita al capo di forma allungata caratterizzata da margini irregolari, contusi ed escoriati con ponti di tessuto tra un margine e l’altro, teca cranica indenne. Queste caratteristiche della ferita sono tipicamente prodotte da"
2024,136,question,typographic,,La scintigrafia scheletrica per lo studio del metabolismo osseo utilizza radiofarmaci marcati con 99mTc che contengono:,La scintigrafia scheletrica per lo studio del metabolismo osseo utilizza radiofarmaci marcati con 99mTc che contengono
2024,140,question,typographic,,L’intercetta in una retta di regressione è:,L’intercetta in una retta di regressione è
